{"config_id": "c05_replay_150_0103__c05_chain_phi100_eta080_m060_etahet20260833", "rows": [{"instance_id": "c05_replay_150_0103", "campus": 5, "size": 150, "track": "replay", "structure": "chain", "phi": 1.0, "eta": 0.8, "m": 0.6, "u_target": null, "u_realized": null, "method": "edd", "seed": 301, "twt": 119.0496, "makespan": 137.4931, "mean_flow": 5.2685933333333335, "breach_share": 0.013333333333333334, "breach_p1": null, "breach_p2": null, "breach_p3": 0.013333333333333334, "breach_p4": null, "decisions": 150, "latency_ms_per_decision": 0.023141993830601375, "replans": null, "validator_ok": 1, "runtime_s": 0.003471299074590206, "draw_seed": 20260833, "mean_eta": 0.8279064192953322}, {"instance_id": "c05_replay_150_0103", "campus": 5, "size": 150, "track": "replay", "structure": "chain", "phi": 1.0, "eta": 0.8, "m": 0.6, "u_target": null, "u_realized": null, "method": "wspt", "seed": 301, "twt": 119.0496, "makespan": 137.4931, "mean_flow": 5.361393333333334, "breach_share": 0.013333333333333334, "breach_p1": null, "breach_p2": null, "breach_p3": 0.013333333333333334, "breach_p4": null, "decisions": 150, "latency_ms_per_decision": 0.009013395756483078, "replans": null, "validator_ok": 1, "runtime_s": 0.0013520093634724617, "draw_seed": 20260833, "mean_eta": 0.8279064192953322}, {"instance_id": "c05_replay_150_0103", "campus": 5, "size": 150, "track": "replay", "structure": "chain", "phi": 1.0, "eta": 0.8, "m": 0.6, "u_target": null, "u_realized": null, "method": "atc", "seed": 301, "twt": 119.0496, "makespan": 137.4931, "mean_flow": 5.361393333333334, "breach_share": 0.013333333333333334, "breach_p1": null, "breach_p2": null, "breach_p3": 0.013333333333333334, "breach_p4": null, "decisions": 150, "latency_ms_per_decision": 0.024351949493090313, "replans": null, "validator_ok": 1, "runtime_s": 0.0036527924239635468, "draw_seed": 20260833, "mean_eta": 0.8279064192953322}, {"instance_id": "c05_replay_150_0103", "campus": 5, "size": 150, "track": "replay", "structure": "chain", "phi": 1.0, "eta": 0.8, "m": 0.6, "u_target": null, "u_realized": null, "method": "pfifo", "seed": 301, "twt": 119.0496, "makespan": 137.4931, "mean_flow": 5.2685933333333335, "breach_share": 0.013333333333333334, "breach_p1": null, "breach_p2": null, "breach_p3": 0.013333333333333334, "breach_p4": null, "decisions": 150, "latency_ms_per_decision": 0.009059707323710123, "replans": null, "validator_ok": 1, "runtime_s": 0.0013589560985565186, "draw_seed": 20260833, "mean_eta": 0.8279064192953322}, {"instance_id": "c05_replay_150_0103", "campus": 5, "size": 150, "track": "replay", "structure": "chain", "phi": 1.0, "eta": 0.8, "m": 0.6, "u_target": null, "u_realized": null, "method": "mor", "seed": 301, "twt": 119.0496, "makespan": 137.4931, "mean_flow": 5.24366, "breach_share": 0.013333333333333334, "breach_p1": null, "breach_p2": null, "breach_p3": 0.013333333333333334, "breach_p4": null, "decisions": 150, "latency_ms_per_decision": 0.009015308072169622, "replans": null, "validator_ok": 1, "runtime_s": 0.0013522962108254433, "draw_seed": 20260833, "mean_eta": 0.8279064192953322}, {"instance_id": "c05_replay_150_0103", "campus": 5, "size": 150, "track": "replay", "structure": "chain", "phi": 1.0, "eta": 0.8, "m": 0.6, "u_target": null, "u_realized": null, "method": "lfj_atc", "seed": 301, "twt": 119.0496, "makespan": 137.4931, "mean_flow": 5.361393333333334, "breach_share": 0.013333333333333334, "breach_p1": null, "breach_p2": null, "breach_p3": 0.013333333333333334, "breach_p4": null, "decisions": 150, "latency_ms_per_decision": 0.032012928277254105, "replans": null, "validator_ok": 1, "runtime_s": 0.004801939241588116, "draw_seed": 20260833, "mean_eta": 0.8279064192953322}, {"instance_id": "c05_replay_150_0103", "campus": 5, "size": 150, "track": "replay", "structure": "chain", "phi": 1.0, "eta": 0.8, "m": 0.6, "u_target": null, "u_realized": null, "method": "atc_eta", "seed": 301, "twt": 119.0496, "makespan": 137.4931, "mean_flow": 5.361393333333334, "breach_share": 0.013333333333333334, "breach_p1": null, "breach_p2": null, "breach_p3": 0.013333333333333334, "breach_p4": null, "decisions": 150, "latency_ms_per_decision": 0.03937307745218277, "replans": null, "validator_ok": 1, "runtime_s": 0.0059059616178274155, "draw_seed": 20260833, "mean_eta": 0.8279064192953322}, {"instance_id": "c05_replay_150_0103", "campus": 5, "size": 150, "track": "replay", "structure": "chain", "phi": 1.0, "eta": 0.8, "m": 0.6, "u_target": null, "u_realized": null, "method": "random", "seed": 301, "twt": 119.0496, "makespan": 137.4931, "mean_flow": 5.29906, "breach_share": 0.013333333333333334, "breach_p1": null, "breach_p2": null, "breach_p3": 0.013333333333333334, "breach_p4": null, "decisions": 150, "latency_ms_per_decision": 0.008746727059284845, "replans": null, "validator_ok": 1, "runtime_s": 0.001312009058892727, "draw_seed": 20260833, "mean_eta": 0.8279064192953322}]}