{"config_id": "c05_replay_150_0186__c05_chain_phi100_eta080_m060_etahet20260831", "rows": [{"instance_id": "c05_replay_150_0186", "campus": 5, "size": 150, "track": "replay", "structure": "chain", "phi": 1.0, "eta": 0.8, "m": 0.6, "u_target": null, "u_realized": null, "method": "edd", "seed": 301, "twt": 21.729600000000005, "makespan": 98.8617, "mean_flow": 4.069365333333334, "breach_share": 0.006666666666666667, "breach_p1": null, "breach_p2": null, "breach_p3": 0.006756756756756757, "breach_p4": 0.0, "decisions": 150, "latency_ms_per_decision": 0.010505672544240952, "replans": null, "validator_ok": 1, "runtime_s": 0.0015758508816361427, "draw_seed": 20260831, "mean_eta": 0.8259377708256874}, {"instance_id": "c05_replay_150_0186", "campus": 5, "size": 150, "track": "replay", "structure": "chain", "phi": 1.0, "eta": 0.8, "m": 0.6, "u_target": null, "u_realized": null, "method": "wspt", "seed": 301, "twt": 21.729600000000005, "makespan": 98.8617, "mean_flow": 4.068698666666666, "breach_share": 0.006666666666666667, "breach_p1": null, "breach_p2": null, "breach_p3": 0.006756756756756757, "breach_p4": 0.0, "decisions": 150, "latency_ms_per_decision": 0.010175524900356928, "replans": null, "validator_ok": 1, "runtime_s": 0.0015263287350535393, "draw_seed": 20260831, "mean_eta": 0.8259377708256874}, {"instance_id": "c05_replay_150_0186", "campus": 5, "size": 150, "track": "replay", "structure": "chain", "phi": 1.0, "eta": 0.8, "m": 0.6, "u_target": null, "u_realized": null, "method": "atc", "seed": 301, "twt": 21.729600000000005, "makespan": 98.8617, "mean_flow": 4.068698666666666, "breach_share": 0.006666666666666667, "breach_p1": null, "breach_p2": null, "breach_p3": 0.006756756756756757, "breach_p4": 0.0, "decisions": 150, "latency_ms_per_decision": 0.010268030067284903, "replans": null, "validator_ok": 1, "runtime_s": 0.0015402045100927353, "draw_seed": 20260831, "mean_eta": 0.8259377708256874}, {"instance_id": "c05_replay_150_0186", "campus": 5, "size": 150, "track": "replay", "structure": "chain", "phi": 1.0, "eta": 0.8, "m": 0.6, "u_target": null, "u_realized": null, "method": "pfifo", "seed": 301, "twt": 21.729600000000005, "makespan": 98.8617, "mean_flow": 4.069365333333334, "breach_share": 0.006666666666666667, "breach_p1": null, "breach_p2": null, "breach_p3": 0.006756756756756757, "breach_p4": 0.0, "decisions": 150, "latency_ms_per_decision": 0.008882346252600351, "replans": null, "validator_ok": 1, "runtime_s": 0.0013323519378900528, "draw_seed": 20260831, "mean_eta": 0.8259377708256874}, {"instance_id": "c05_replay_150_0186", "campus": 5, "size": 150, "track": "replay", "structure": "chain", "phi": 1.0, "eta": 0.8, "m": 0.6, "u_target": null, "u_realized": null, "method": "mor", "seed": 301, "twt": 21.729600000000005, "makespan": 98.8617, "mean_flow": 4.065098666666667, "breach_share": 0.006666666666666667, "breach_p1": null, "breach_p2": null, "breach_p3": 0.006756756756756757, "breach_p4": 0.0, "decisions": 150, "latency_ms_per_decision": 0.00860836977759997, "replans": null, "validator_ok": 1, "runtime_s": 0.0012912554666399956, "draw_seed": 20260831, "mean_eta": 0.8259377708256874}, {"instance_id": "c05_replay_150_0186", "campus": 5, "size": 150, "track": "replay", "structure": "chain", "phi": 1.0, "eta": 0.8, "m": 0.6, "u_target": null, "u_realized": null, "method": "lfj_atc", "seed": 301, "twt": 21.729600000000005, "makespan": 98.8617, "mean_flow": 4.068698666666666, "breach_share": 0.006666666666666667, "breach_p1": null, "breach_p2": null, "breach_p3": 0.006756756756756757, "breach_p4": 0.0, "decisions": 150, "latency_ms_per_decision": 0.011262161036332449, "replans": null, "validator_ok": 1, "runtime_s": 0.0016893241554498672, "draw_seed": 20260831, "mean_eta": 0.8259377708256874}, {"instance_id": "c05_replay_150_0186", "campus": 5, "size": 150, "track": "replay", "structure": "chain", "phi": 1.0, "eta": 0.8, "m": 0.6, "u_target": null, "u_realized": null, "method": "atc_eta", "seed": 301, "twt": 21.729600000000005, "makespan": 98.8617, "mean_flow": 4.068698666666666, "breach_share": 0.006666666666666667, "breach_p1": null, "breach_p2": null, "breach_p3": 0.006756756756756757, "breach_p4": 0.0, "decisions": 150, "latency_ms_per_decision": 0.02040741965174675, "replans": null, "validator_ok": 1, "runtime_s": 0.0030611129477620125, "draw_seed": 20260831, "mean_eta": 0.8259377708256874}, {"instance_id": "c05_replay_150_0186", "campus": 5, "size": 150, "track": "replay", "structure": "chain", "phi": 1.0, "eta": 0.8, "m": 0.6, "u_target": null, "u_realized": null, "method": "random", "seed": 301, "twt": 21.729600000000005, "makespan": 98.8617, "mean_flow": 4.059832, "breach_share": 0.006666666666666667, "breach_p1": null, "breach_p2": null, "breach_p3": 0.006756756756756757, "breach_p4": 0.0, "decisions": 150, "latency_ms_per_decision": 0.008483839531739553, "replans": null, "validator_ok": 1, "runtime_s": 0.001272575929760933, "draw_seed": 20260831, "mean_eta": 0.8259377708256874}]}