{"config_id": "c09_replay_150_0168__c09_full_eta080_m060_etahet20260832", "rows": [{"instance_id": "c09_replay_150_0168", "campus": 9, "size": 150, "track": "replay", "structure": "full", "phi": null, "eta": 0.8, "m": 0.6, "u_target": null, "u_realized": null, "method": "edd", "seed": 301, "twt": 319.0, "makespan": 83.5167, "mean_flow": 4.306733333333333, "breach_share": 0.02666666666666667, "breach_p1": 0.2222222222222222, "breach_p2": 0.05405405405405406, "breach_p3": 0.0, "breach_p4": 0.0, "decisions": 150, "latency_ms_per_decision": 0.013386048376560211, "replans": null, "validator_ok": 1, "runtime_s": 0.0020079072564840317, "draw_seed": 20260832, "mean_eta": 0.8186194703336495}, {"instance_id": "c09_replay_150_0168", "campus": 9, "size": 150, "track": "replay", "structure": "full", "phi": null, "eta": 0.8, "m": 0.6, "u_target": null, "u_realized": null, "method": "wspt", "seed": 301, "twt": 360.67999999999995, "makespan": 83.5167, "mean_flow": 4.383866666666667, "breach_share": 0.03333333333333333, "breach_p1": 0.3333333333333333, "breach_p2": 0.05405405405405406, "breach_p3": 0.0, "breach_p4": 0.0, "decisions": 150, "latency_ms_per_decision": 0.013293965409199396, "replans": null, "validator_ok": 1, "runtime_s": 0.0019940948113799095, "draw_seed": 20260832, "mean_eta": 0.8186194703336495}, {"instance_id": "c09_replay_150_0168", "campus": 9, "size": 150, "track": "replay", "structure": "full", "phi": null, "eta": 0.8, "m": 0.6, "u_target": null, "u_realized": null, "method": "atc", "seed": 301, "twt": 319.0, "makespan": 83.5167, "mean_flow": 4.2516, "breach_share": 0.02666666666666667, "breach_p1": 0.2222222222222222, "breach_p2": 0.05405405405405406, "breach_p3": 0.0, "breach_p4": 0.0, "decisions": 150, "latency_ms_per_decision": 0.01739218831062317, "replans": null, "validator_ok": 1, "runtime_s": 0.0026088282465934753, "draw_seed": 20260832, "mean_eta": 0.8186194703336495}, {"instance_id": "c09_replay_150_0168", "campus": 9, "size": 150, "track": "replay", "structure": "full", "phi": null, "eta": 0.8, "m": 0.6, "u_target": null, "u_realized": null, "method": "pfifo", "seed": 301, "twt": 319.0, "makespan": 83.5167, "mean_flow": 4.306733333333333, "breach_share": 0.02666666666666667, "breach_p1": 0.2222222222222222, "breach_p2": 0.05405405405405406, "breach_p3": 0.0, "breach_p4": 0.0, "decisions": 150, "latency_ms_per_decision": 0.013714612772067388, "replans": null, "validator_ok": 1, "runtime_s": 0.002057191915810108, "draw_seed": 20260832, "mean_eta": 0.8186194703336495}, {"instance_id": "c09_replay_150_0168", "campus": 9, "size": 150, "track": "replay", "structure": "full", "phi": null, "eta": 0.8, "m": 0.6, "u_target": null, "u_realized": null, "method": "mor", "seed": 301, "twt": 319.0, "makespan": 83.5167, "mean_flow": 4.1306666666666665, "breach_share": 0.02666666666666667, "breach_p1": 0.2222222222222222, "breach_p2": 0.05405405405405406, "breach_p3": 0.0, "breach_p4": 0.0, "decisions": 150, "latency_ms_per_decision": 0.01331291471918424, "replans": null, "validator_ok": 1, "runtime_s": 0.001996937207877636, "draw_seed": 20260832, "mean_eta": 0.8186194703336495}, {"instance_id": "c09_replay_150_0168", "campus": 9, "size": 150, "track": "replay", "structure": "full", "phi": null, "eta": 0.8, "m": 0.6, "u_target": null, "u_realized": null, "method": "lfj_atc", "seed": 301, "twt": 319.0, "makespan": 83.5167, "mean_flow": 4.2516, "breach_share": 0.02666666666666667, "breach_p1": 0.2222222222222222, "breach_p2": 0.05405405405405406, "breach_p3": 0.0, "breach_p4": 0.0, "decisions": 150, "latency_ms_per_decision": 0.01838187376658122, "replans": null, "validator_ok": 1, "runtime_s": 0.0027572810649871826, "draw_seed": 20260832, "mean_eta": 0.8186194703336495}, {"instance_id": "c09_replay_150_0168", "campus": 9, "size": 150, "track": "replay", "structure": "full", "phi": null, "eta": 0.8, "m": 0.6, "u_target": null, "u_realized": null, "method": "atc_eta", "seed": 301, "twt": 319.0, "makespan": 83.5167, "mean_flow": 4.2516, "breach_share": 0.02666666666666667, "breach_p1": 0.2222222222222222, "breach_p2": 0.05405405405405406, "breach_p3": 0.0, "breach_p4": 0.0, "decisions": 150, "latency_ms_per_decision": 0.04810806984702746, "replans": null, "validator_ok": 1, "runtime_s": 0.007216210477054119, "draw_seed": 20260832, "mean_eta": 0.8186194703336495}, {"instance_id": "c09_replay_150_0168", "campus": 9, "size": 150, "track": "replay", "structure": "full", "phi": null, "eta": 0.8, "m": 0.6, "u_target": null, "u_realized": null, "method": "random", "seed": 301, "twt": 319.0, "makespan": 83.5167, "mean_flow": 4.2148, "breach_share": 0.02666666666666667, "breach_p1": 0.2222222222222222, "breach_p2": 0.05405405405405406, "breach_p3": 0.0, "breach_p4": 0.0, "decisions": 150, "latency_ms_per_decision": 0.012241142491499582, "replans": null, "validator_ok": 1, "runtime_s": 0.0018361713737249374, "draw_seed": 20260832, "mean_eta": 0.8186194703336495}]}