{"config_id": "c10_replay_150_0143__c10_full_eta080_m060_etahet20260832", "rows": [{"instance_id": "c10_replay_150_0143", "campus": 10, "size": 150, "track": "replay", "structure": "full", "phi": null, "eta": 0.8, "m": 0.6, "u_target": null, "u_realized": null, "method": "edd", "seed": 301, "twt": 1741.8976, "makespan": 178.38, "mean_flow": 7.289130666666667, "breach_share": 0.05333333333333334, "breach_p1": 0.23076923076923078, "breach_p2": 0.034482758620689655, "breach_p3": 0.0, "breach_p4": 0.0, "decisions": 150, "latency_ms_per_decision": 0.01426385094722112, "replans": null, "validator_ok": 1, "runtime_s": 0.002139577642083168, "draw_seed": 20260832, "mean_eta": 0.8304045771878685}, {"instance_id": "c10_replay_150_0143", "campus": 10, "size": 150, "track": "replay", "structure": "full", "phi": null, "eta": 0.8, "m": 0.6, "u_target": null, "u_realized": null, "method": "wspt", "seed": 301, "twt": 1741.8976, "makespan": 178.38, "mean_flow": 7.429863999999999, "breach_share": 0.05333333333333334, "breach_p1": 0.23076923076923078, "breach_p2": 0.034482758620689655, "breach_p3": 0.0, "breach_p4": 0.0, "decisions": 150, "latency_ms_per_decision": 0.014348669598499933, "replans": null, "validator_ok": 1, "runtime_s": 0.00215230043977499, "draw_seed": 20260832, "mean_eta": 0.8304045771878685}, {"instance_id": "c10_replay_150_0143", "campus": 10, "size": 150, "track": "replay", "structure": "full", "phi": null, "eta": 0.8, "m": 0.6, "u_target": null, "u_realized": null, "method": "atc", "seed": 301, "twt": 1741.8976, "makespan": 178.38, "mean_flow": 7.385597333333333, "breach_share": 0.05333333333333334, "breach_p1": 0.23076923076923078, "breach_p2": 0.034482758620689655, "breach_p3": 0.0, "breach_p4": 0.0, "decisions": 150, "latency_ms_per_decision": 0.016332734376192093, "replans": null, "validator_ok": 1, "runtime_s": 0.002449910156428814, "draw_seed": 20260832, "mean_eta": 0.8304045771878685}, {"instance_id": "c10_replay_150_0143", "campus": 10, "size": 150, "track": "replay", "structure": "full", "phi": null, "eta": 0.8, "m": 0.6, "u_target": null, "u_realized": null, "method": "pfifo", "seed": 301, "twt": 1741.8976, "makespan": 178.38, "mean_flow": 7.289130666666667, "breach_share": 0.05333333333333334, "breach_p1": 0.23076923076923078, "breach_p2": 0.034482758620689655, "breach_p3": 0.0, "breach_p4": 0.0, "decisions": 150, "latency_ms_per_decision": 0.014421890179316202, "replans": null, "validator_ok": 1, "runtime_s": 0.0021632835268974304, "draw_seed": 20260832, "mean_eta": 0.8304045771878685}, {"instance_id": "c10_replay_150_0143", "campus": 10, "size": 150, "track": "replay", "structure": "full", "phi": null, "eta": 0.8, "m": 0.6, "u_target": null, "u_realized": null, "method": "mor", "seed": 301, "twt": 1741.8976, "makespan": 155.8084, "mean_flow": 7.004296000000001, "breach_share": 0.05333333333333334, "breach_p1": 0.23076923076923078, "breach_p2": 0.034482758620689655, "breach_p3": 0.0, "breach_p4": 0.0, "decisions": 150, "latency_ms_per_decision": 0.014275070279836655, "replans": null, "validator_ok": 1, "runtime_s": 0.002141260541975498, "draw_seed": 20260832, "mean_eta": 0.8304045771878685}, {"instance_id": "c10_replay_150_0143", "campus": 10, "size": 150, "track": "replay", "structure": "full", "phi": null, "eta": 0.8, "m": 0.6, "u_target": null, "u_realized": null, "method": "lfj_atc", "seed": 301, "twt": 1741.8976, "makespan": 178.38, "mean_flow": 7.385597333333333, "breach_share": 0.05333333333333334, "breach_p1": 0.23076923076923078, "breach_p2": 0.034482758620689655, "breach_p3": 0.0, "breach_p4": 0.0, "decisions": 150, "latency_ms_per_decision": 0.01741377015908559, "replans": null, "validator_ok": 1, "runtime_s": 0.0026120655238628387, "draw_seed": 20260832, "mean_eta": 0.8304045771878685}, {"instance_id": "c10_replay_150_0143", "campus": 10, "size": 150, "track": "replay", "structure": "full", "phi": null, "eta": 0.8, "m": 0.6, "u_target": null, "u_realized": null, "method": "atc_eta", "seed": 301, "twt": 1741.8976, "makespan": 178.38, "mean_flow": 7.385597333333333, "breach_share": 0.05333333333333334, "breach_p1": 0.23076923076923078, "breach_p2": 0.034482758620689655, "breach_p3": 0.0, "breach_p4": 0.0, "decisions": 150, "latency_ms_per_decision": 0.04286745563149452, "replans": null, "validator_ok": 1, "runtime_s": 0.006430118344724178, "draw_seed": 20260832, "mean_eta": 0.8304045771878685}, {"instance_id": "c10_replay_150_0143", "campus": 10, "size": 150, "track": "replay", "structure": "full", "phi": null, "eta": 0.8, "m": 0.6, "u_target": null, "u_realized": null, "method": "random", "seed": 301, "twt": 1741.8976, "makespan": 178.38, "mean_flow": 7.253397333333332, "breach_share": 0.05333333333333334, "breach_p1": 0.23076923076923078, "breach_p2": 0.034482758620689655, "breach_p3": 0.0, "breach_p4": 0.0, "decisions": 150, "latency_ms_per_decision": 0.014275467644135157, "replans": null, "validator_ok": 1, "runtime_s": 0.0021413201466202736, "draw_seed": 20260832, "mean_eta": 0.8304045771878685}]}