{"config_id": "c12_replay_400_0130__c12_chain_phi100_eta080_m060_etahet20260831", "rows": [{"instance_id": "c12_replay_400_0130", "campus": 12, "size": 400, "track": "replay", "structure": "chain", "phi": 1.0, "eta": 0.8, "m": 0.6, "u_target": null, "u_realized": null, "method": "edd", "seed": 301, "twt": 2594.7999999999997, "makespan": 102.66040000000001, "mean_flow": 6.36081, "breach_share": 0.0525, "breach_p1": 0.25, "breach_p2": 0.07352941176470588, "breach_p3": 0.0, "breach_p4": 0.0, "decisions": 400, "latency_ms_per_decision": 0.006726738065481186, "replans": null, "validator_ok": 1, "runtime_s": 0.0026906952261924744, "draw_seed": 20260831, "mean_eta": 0.8216890962817902}, {"instance_id": "c12_replay_400_0130", "campus": 12, "size": 400, "track": "replay", "structure": "chain", "phi": 1.0, "eta": 0.8, "m": 0.6, "u_target": null, "u_realized": null, "method": "wspt", "seed": 301, "twt": 2594.7999999999997, "makespan": 102.66040000000001, "mean_flow": 6.356810499999999, "breach_share": 0.0525, "breach_p1": 0.25, "breach_p2": 0.07352941176470588, "breach_p3": 0.0, "breach_p4": 0.0, "decisions": 400, "latency_ms_per_decision": 0.006867591291666031, "replans": null, "validator_ok": 1, "runtime_s": 0.0027470365166664124, "draw_seed": 20260831, "mean_eta": 0.8216890962817902}, {"instance_id": "c12_replay_400_0130", "campus": 12, "size": 400, "track": "replay", "structure": "chain", "phi": 1.0, "eta": 0.8, "m": 0.6, "u_target": null, "u_realized": null, "method": "atc", "seed": 301, "twt": 2594.7999999999997, "makespan": 102.66040000000001, "mean_flow": 6.3530507499999995, "breach_share": 0.0525, "breach_p1": 0.25, "breach_p2": 0.07352941176470588, "breach_p3": 0.0, "breach_p4": 0.0, "decisions": 400, "latency_ms_per_decision": 0.008858621586114168, "replans": null, "validator_ok": 1, "runtime_s": 0.0035434486344456673, "draw_seed": 20260831, "mean_eta": 0.8216890962817902}, {"instance_id": "c12_replay_400_0130", "campus": 12, "size": 400, "track": "replay", "structure": "chain", "phi": 1.0, "eta": 0.8, "m": 0.6, "u_target": null, "u_realized": null, "method": "pfifo", "seed": 301, "twt": 2594.7999999999997, "makespan": 102.66040000000001, "mean_flow": 6.36081, "breach_share": 0.0525, "breach_p1": 0.25, "breach_p2": 0.07352941176470588, "breach_p3": 0.0, "breach_p4": 0.0, "decisions": 400, "latency_ms_per_decision": 0.006883339956402779, "replans": null, "validator_ok": 1, "runtime_s": 0.0027533359825611115, "draw_seed": 20260831, "mean_eta": 0.8216890962817902}, {"instance_id": "c12_replay_400_0130", "campus": 12, "size": 400, "track": "replay", "structure": "chain", "phi": 1.0, "eta": 0.8, "m": 0.6, "u_target": null, "u_realized": null, "method": "mor", "seed": 301, "twt": 2594.7999999999997, "makespan": 102.66040000000001, "mean_flow": 6.340679, "breach_share": 0.0525, "breach_p1": 0.25, "breach_p2": 0.07352941176470588, "breach_p3": 0.0, "breach_p4": 0.0, "decisions": 400, "latency_ms_per_decision": 0.0067593250423669815, "replans": null, "validator_ok": 1, "runtime_s": 0.0027037300169467926, "draw_seed": 20260831, "mean_eta": 0.8216890962817902}, {"instance_id": "c12_replay_400_0130", "campus": 12, "size": 400, "track": "replay", "structure": "chain", "phi": 1.0, "eta": 0.8, "m": 0.6, "u_target": null, "u_realized": null, "method": "lfj_atc", "seed": 301, "twt": 2594.7999999999997, "makespan": 102.66040000000001, "mean_flow": 6.3530507499999995, "breach_share": 0.0525, "breach_p1": 0.25, "breach_p2": 0.07352941176470588, "breach_p3": 0.0, "breach_p4": 0.0, "decisions": 400, "latency_ms_per_decision": 0.009631819557398558, "replans": null, "validator_ok": 1, "runtime_s": 0.003852727822959423, "draw_seed": 20260831, "mean_eta": 0.8216890962817902}, {"instance_id": "c12_replay_400_0130", "campus": 12, "size": 400, "track": "replay", "structure": "chain", "phi": 1.0, "eta": 0.8, "m": 0.6, "u_target": null, "u_realized": null, "method": "atc_eta", "seed": 301, "twt": 2594.7999999999997, "makespan": 102.66040000000001, "mean_flow": 6.3530507499999995, "breach_share": 0.0525, "breach_p1": 0.25, "breach_p2": 0.07352941176470588, "breach_p3": 0.0, "breach_p4": 0.0, "decisions": 400, "latency_ms_per_decision": 0.018524283077567816, "replans": null, "validator_ok": 1, "runtime_s": 0.007409713231027126, "draw_seed": 20260831, "mean_eta": 0.8216890962817902}, {"instance_id": "c12_replay_400_0130", "campus": 12, "size": 400, "track": "replay", "structure": "chain", "phi": 1.0, "eta": 0.8, "m": 0.6, "u_target": null, "u_realized": null, "method": "random", "seed": 301, "twt": 2625.68, "makespan": 102.66040000000001, "mean_flow": 6.35026675, "breach_share": 0.0525, "breach_p1": 0.25, "breach_p2": 0.07352941176470588, "breach_p3": 0.0, "breach_p4": 0.0, "decisions": 400, "latency_ms_per_decision": 0.006236585322767496, "replans": null, "validator_ok": 1, "runtime_s": 0.0024946341291069984, "draw_seed": 20260831, "mean_eta": 0.8216890962817902}]}