{"config_id": "c12_replay_150_0186__c12_chain_phi100_eta080_m060_etahet20260833", "rows": [{"instance_id": "c12_replay_150_0186", "campus": 12, "size": 150, "track": "replay", "structure": "chain", "phi": 1.0, "eta": 0.8, "m": 0.6, "u_target": null, "u_realized": null, "method": "edd", "seed": 301, "twt": 211.99999999999997, "makespan": 85.5, "mean_flow": 6.460933333333333, "breach_share": 0.04, "breach_p1": 0.18518518518518517, "breach_p2": 0.037037037037037035, "breach_p3": 0.0, "breach_p4": 0.0, "decisions": 150, "latency_ms_per_decision": 0.00813052679101626, "replans": null, "validator_ok": 1, "runtime_s": 0.0012195790186524391, "draw_seed": 20260833, "mean_eta": 0.8254162960496196}, {"instance_id": "c12_replay_150_0186", "campus": 12, "size": 150, "track": "replay", "structure": "chain", "phi": 1.0, "eta": 0.8, "m": 0.6, "u_target": null, "u_realized": null, "method": "wspt", "seed": 301, "twt": 211.99999999999997, "makespan": 85.5, "mean_flow": 6.460933333333333, "breach_share": 0.04, "breach_p1": 0.18518518518518517, "breach_p2": 0.037037037037037035, "breach_p3": 0.0, "breach_p4": 0.0, "decisions": 150, "latency_ms_per_decision": 0.008005922039349874, "replans": null, "validator_ok": 1, "runtime_s": 0.001200888305902481, "draw_seed": 20260833, "mean_eta": 0.8254162960496196}, {"instance_id": "c12_replay_150_0186", "campus": 12, "size": 150, "track": "replay", "structure": "chain", "phi": 1.0, "eta": 0.8, "m": 0.6, "u_target": null, "u_realized": null, "method": "atc", "seed": 301, "twt": 211.99999999999997, "makespan": 85.5, "mean_flow": 6.460933333333333, "breach_share": 0.04, "breach_p1": 0.18518518518518517, "breach_p2": 0.037037037037037035, "breach_p3": 0.0, "breach_p4": 0.0, "decisions": 150, "latency_ms_per_decision": 0.010075308382511139, "replans": null, "validator_ok": 1, "runtime_s": 0.0015112962573766708, "draw_seed": 20260833, "mean_eta": 0.8254162960496196}, {"instance_id": "c12_replay_150_0186", "campus": 12, "size": 150, "track": "replay", "structure": "chain", "phi": 1.0, "eta": 0.8, "m": 0.6, "u_target": null, "u_realized": null, "method": "pfifo", "seed": 301, "twt": 211.99999999999997, "makespan": 85.5, "mean_flow": 6.460933333333333, "breach_share": 0.04, "breach_p1": 0.18518518518518517, "breach_p2": 0.037037037037037035, "breach_p3": 0.0, "breach_p4": 0.0, "decisions": 150, "latency_ms_per_decision": 0.008323701719443003, "replans": null, "validator_ok": 1, "runtime_s": 0.0012485552579164505, "draw_seed": 20260833, "mean_eta": 0.8254162960496196}, {"instance_id": "c12_replay_150_0186", "campus": 12, "size": 150, "track": "replay", "structure": "chain", "phi": 1.0, "eta": 0.8, "m": 0.6, "u_target": null, "u_realized": null, "method": "mor", "seed": 301, "twt": 211.99999999999997, "makespan": 85.5, "mean_flow": 6.460933333333333, "breach_share": 0.04, "breach_p1": 0.18518518518518517, "breach_p2": 0.037037037037037035, "breach_p3": 0.0, "breach_p4": 0.0, "decisions": 150, "latency_ms_per_decision": 0.007934415092070898, "replans": null, "validator_ok": 1, "runtime_s": 0.0011901622638106346, "draw_seed": 20260833, "mean_eta": 0.8254162960496196}, {"instance_id": "c12_replay_150_0186", "campus": 12, "size": 150, "track": "replay", "structure": "chain", "phi": 1.0, "eta": 0.8, "m": 0.6, "u_target": null, "u_realized": null, "method": "lfj_atc", "seed": 301, "twt": 211.99999999999997, "makespan": 85.5, "mean_flow": 6.460933333333333, "breach_share": 0.04, "breach_p1": 0.18518518518518517, "breach_p2": 0.037037037037037035, "breach_p3": 0.0, "breach_p4": 0.0, "decisions": 150, "latency_ms_per_decision": 0.010632773240407309, "replans": null, "validator_ok": 1, "runtime_s": 0.0015949159860610962, "draw_seed": 20260833, "mean_eta": 0.8254162960496196}, {"instance_id": "c12_replay_150_0186", "campus": 12, "size": 150, "track": "replay", "structure": "chain", "phi": 1.0, "eta": 0.8, "m": 0.6, "u_target": null, "u_realized": null, "method": "atc_eta", "seed": 301, "twt": 211.99999999999997, "makespan": 85.5, "mean_flow": 6.460933333333333, "breach_share": 0.04, "breach_p1": 0.18518518518518517, "breach_p2": 0.037037037037037035, "breach_p3": 0.0, "breach_p4": 0.0, "decisions": 150, "latency_ms_per_decision": 0.02120625227689743, "replans": null, "validator_ok": 1, "runtime_s": 0.0031809378415346146, "draw_seed": 20260833, "mean_eta": 0.8254162960496196}, {"instance_id": "c12_replay_150_0186", "campus": 12, "size": 150, "track": "replay", "structure": "chain", "phi": 1.0, "eta": 0.8, "m": 0.6, "u_target": null, "u_realized": null, "method": "random", "seed": 301, "twt": 211.99999999999997, "makespan": 85.5, "mean_flow": 6.460933333333333, "breach_share": 0.04, "breach_p1": 0.18518518518518517, "breach_p2": 0.037037037037037035, "breach_p3": 0.0, "breach_p4": 0.0, "decisions": 150, "latency_ms_per_decision": 0.007759816944599152, "replans": null, "validator_ok": 1, "runtime_s": 0.0011639725416898727, "draw_seed": 20260833, "mean_eta": 0.8254162960496196}]}