{"config_id": "c12_replay_400_0134__c12_chain_phi100_eta080_m060_etahet20260831", "rows": [{"instance_id": "c12_replay_400_0134", "campus": 12, "size": 400, "track": "replay", "structure": "chain", "phi": 1.0, "eta": 0.8, "m": 0.6, "u_target": null, "u_realized": null, "method": "edd", "seed": 301, "twt": 662.9599999999999, "makespan": 66.7139, "mean_flow": 3.9502257499999995, "breach_share": 0.0225, "breach_p1": 0.08974358974358974, "breach_p2": 0.02040816326530612, "breach_p3": 0.0, "breach_p4": 0.0, "decisions": 400, "latency_ms_per_decision": 0.0075181410647928715, "replans": null, "validator_ok": 1, "runtime_s": 0.0030072564259171486, "draw_seed": 20260831, "mean_eta": 0.8216890962817902}, {"instance_id": "c12_replay_400_0134", "campus": 12, "size": 400, "track": "replay", "structure": "chain", "phi": 1.0, "eta": 0.8, "m": 0.6, "u_target": null, "u_realized": null, "method": "wspt", "seed": 301, "twt": 662.9599999999999, "makespan": 66.7139, "mean_flow": 3.9513507500000005, "breach_share": 0.0225, "breach_p1": 0.08974358974358974, "breach_p2": 0.02040816326530612, "breach_p3": 0.0, "breach_p4": 0.0, "decisions": 400, "latency_ms_per_decision": 0.0075494637712836266, "replans": null, "validator_ok": 1, "runtime_s": 0.0030197855085134506, "draw_seed": 20260831, "mean_eta": 0.8216890962817902}, {"instance_id": "c12_replay_400_0134", "campus": 12, "size": 400, "track": "replay", "structure": "chain", "phi": 1.0, "eta": 0.8, "m": 0.6, "u_target": null, "u_realized": null, "method": "atc", "seed": 301, "twt": 662.9599999999999, "makespan": 66.7139, "mean_flow": 3.9503257499999993, "breach_share": 0.0225, "breach_p1": 0.08974358974358974, "breach_p2": 0.02040816326530612, "breach_p3": 0.0, "breach_p4": 0.0, "decisions": 400, "latency_ms_per_decision": 0.009156339801847935, "replans": null, "validator_ok": 1, "runtime_s": 0.003662535920739174, "draw_seed": 20260831, "mean_eta": 0.8216890962817902}, {"instance_id": "c12_replay_400_0134", "campus": 12, "size": 400, "track": "replay", "structure": "chain", "phi": 1.0, "eta": 0.8, "m": 0.6, "u_target": null, "u_realized": null, "method": "pfifo", "seed": 301, "twt": 662.9599999999999, "makespan": 66.7139, "mean_flow": 3.9502257499999995, "breach_share": 0.0225, "breach_p1": 0.08974358974358974, "breach_p2": 0.02040816326530612, "breach_p3": 0.0, "breach_p4": 0.0, "decisions": 400, "latency_ms_per_decision": 0.007656975649297237, "replans": null, "validator_ok": 1, "runtime_s": 0.003062790259718895, "draw_seed": 20260831, "mean_eta": 0.8216890962817902}, {"instance_id": "c12_replay_400_0134", "campus": 12, "size": 400, "track": "replay", "structure": "chain", "phi": 1.0, "eta": 0.8, "m": 0.6, "u_target": null, "u_realized": null, "method": "mor", "seed": 301, "twt": 662.9599999999999, "makespan": 66.7139, "mean_flow": 3.94880225, "breach_share": 0.0225, "breach_p1": 0.08974358974358974, "breach_p2": 0.02040816326530612, "breach_p3": 0.0, "breach_p4": 0.0, "decisions": 400, "latency_ms_per_decision": 0.007503714878112078, "replans": null, "validator_ok": 1, "runtime_s": 0.003001485951244831, "draw_seed": 20260831, "mean_eta": 0.8216890962817902}, {"instance_id": "c12_replay_400_0134", "campus": 12, "size": 400, "track": "replay", "structure": "chain", "phi": 1.0, "eta": 0.8, "m": 0.6, "u_target": null, "u_realized": null, "method": "lfj_atc", "seed": 301, "twt": 662.9599999999999, "makespan": 66.7139, "mean_flow": 3.9503257499999993, "breach_share": 0.0225, "breach_p1": 0.08974358974358974, "breach_p2": 0.02040816326530612, "breach_p3": 0.0, "breach_p4": 0.0, "decisions": 400, "latency_ms_per_decision": 0.009876280091702938, "replans": null, "validator_ok": 1, "runtime_s": 0.003950512036681175, "draw_seed": 20260831, "mean_eta": 0.8216890962817902}, {"instance_id": "c12_replay_400_0134", "campus": 12, "size": 400, "track": "replay", "structure": "chain", "phi": 1.0, "eta": 0.8, "m": 0.6, "u_target": null, "u_realized": null, "method": "atc_eta", "seed": 301, "twt": 662.9599999999999, "makespan": 66.7139, "mean_flow": 3.9503257499999993, "breach_share": 0.0225, "breach_p1": 0.08974358974358974, "breach_p2": 0.02040816326530612, "breach_p3": 0.0, "breach_p4": 0.0, "decisions": 400, "latency_ms_per_decision": 0.018830490298569202, "replans": null, "validator_ok": 1, "runtime_s": 0.007532196119427681, "draw_seed": 20260831, "mean_eta": 0.8216890962817902}, {"instance_id": "c12_replay_400_0134", "campus": 12, "size": 400, "track": "replay", "structure": "chain", "phi": 1.0, "eta": 0.8, "m": 0.6, "u_target": null, "u_realized": null, "method": "random", "seed": 301, "twt": 662.9599999999999, "makespan": 66.7139, "mean_flow": 3.95240075, "breach_share": 0.0225, "breach_p1": 0.08974358974358974, "breach_p2": 0.02040816326530612, "breach_p3": 0.0, "breach_p4": 0.0, "decisions": 400, "latency_ms_per_decision": 0.007358079310506582, "replans": null, "validator_ok": 1, "runtime_s": 0.002943231724202633, "draw_seed": 20260831, "mean_eta": 0.8216890962817902}]}