{"config_id": "c12_replay_150_0186__c12_full_eta080_m060_etahet20260833", "rows": [{"instance_id": "c12_replay_150_0186", "campus": 12, "size": 150, "track": "replay", "structure": "full", "phi": null, "eta": 0.8, "m": 0.6, "u_target": null, "u_realized": null, "method": "edd", "seed": 301, "twt": 211.99999999999997, "makespan": 85.5, "mean_flow": 6.482333333333333, "breach_share": 0.04, "breach_p1": 0.18518518518518517, "breach_p2": 0.037037037037037035, "breach_p3": 0.0, "breach_p4": 0.0, "decisions": 150, "latency_ms_per_decision": 0.01572239523132642, "replans": null, "validator_ok": 1, "runtime_s": 0.002358359284698963, "draw_seed": 20260833, "mean_eta": 0.8254162960496196}, {"instance_id": "c12_replay_150_0186", "campus": 12, "size": 150, "track": "replay", "structure": "full", "phi": null, "eta": 0.8, "m": 0.6, "u_target": null, "u_realized": null, "method": "wspt", "seed": 301, "twt": 211.99999999999997, "makespan": 85.5, "mean_flow": 6.482333333333333, "breach_share": 0.04, "breach_p1": 0.18518518518518517, "breach_p2": 0.037037037037037035, "breach_p3": 0.0, "breach_p4": 0.0, "decisions": 150, "latency_ms_per_decision": 0.01598222181200981, "replans": null, "validator_ok": 1, "runtime_s": 0.0023973332718014717, "draw_seed": 20260833, "mean_eta": 0.8254162960496196}, {"instance_id": "c12_replay_150_0186", "campus": 12, "size": 150, "track": "replay", "structure": "full", "phi": null, "eta": 0.8, "m": 0.6, "u_target": null, "u_realized": null, "method": "atc", "seed": 301, "twt": 211.99999999999997, "makespan": 85.5, "mean_flow": 6.482333333333333, "breach_share": 0.04, "breach_p1": 0.18518518518518517, "breach_p2": 0.037037037037037035, "breach_p3": 0.0, "breach_p4": 0.0, "decisions": 150, "latency_ms_per_decision": 0.01802784080306689, "replans": null, "validator_ok": 1, "runtime_s": 0.0027041761204600334, "draw_seed": 20260833, "mean_eta": 0.8254162960496196}, {"instance_id": "c12_replay_150_0186", "campus": 12, "size": 150, "track": "replay", "structure": "full", "phi": null, "eta": 0.8, "m": 0.6, "u_target": null, "u_realized": null, "method": "pfifo", "seed": 301, "twt": 211.99999999999997, "makespan": 85.5, "mean_flow": 6.482333333333333, "breach_share": 0.04, "breach_p1": 0.18518518518518517, "breach_p2": 0.037037037037037035, "breach_p3": 0.0, "breach_p4": 0.0, "decisions": 150, "latency_ms_per_decision": 0.015936729808648426, "replans": null, "validator_ok": 1, "runtime_s": 0.002390509471297264, "draw_seed": 20260833, "mean_eta": 0.8254162960496196}, {"instance_id": "c12_replay_150_0186", "campus": 12, "size": 150, "track": "replay", "structure": "full", "phi": null, "eta": 0.8, "m": 0.6, "u_target": null, "u_realized": null, "method": "mor", "seed": 301, "twt": 211.99999999999997, "makespan": 85.5, "mean_flow": 6.482333333333333, "breach_share": 0.04, "breach_p1": 0.18518518518518517, "breach_p2": 0.037037037037037035, "breach_p3": 0.0, "breach_p4": 0.0, "decisions": 150, "latency_ms_per_decision": 0.015738246341546375, "replans": null, "validator_ok": 1, "runtime_s": 0.0023607369512319565, "draw_seed": 20260833, "mean_eta": 0.8254162960496196}, {"instance_id": "c12_replay_150_0186", "campus": 12, "size": 150, "track": "replay", "structure": "full", "phi": null, "eta": 0.8, "m": 0.6, "u_target": null, "u_realized": null, "method": "lfj_atc", "seed": 301, "twt": 211.99999999999997, "makespan": 85.5, "mean_flow": 6.482333333333333, "breach_share": 0.04, "breach_p1": 0.18518518518518517, "breach_p2": 0.037037037037037035, "breach_p3": 0.0, "breach_p4": 0.0, "decisions": 150, "latency_ms_per_decision": 0.018415935337543488, "replans": null, "validator_ok": 1, "runtime_s": 0.002762390300631523, "draw_seed": 20260833, "mean_eta": 0.8254162960496196}, {"instance_id": "c12_replay_150_0186", "campus": 12, "size": 150, "track": "replay", "structure": "full", "phi": null, "eta": 0.8, "m": 0.6, "u_target": null, "u_realized": null, "method": "atc_eta", "seed": 301, "twt": 211.99999999999997, "makespan": 85.5, "mean_flow": 6.482333333333333, "breach_share": 0.04, "breach_p1": 0.18518518518518517, "breach_p2": 0.037037037037037035, "breach_p3": 0.0, "breach_p4": 0.0, "decisions": 150, "latency_ms_per_decision": 0.04728057111303011, "replans": null, "validator_ok": 1, "runtime_s": 0.007092085666954517, "draw_seed": 20260833, "mean_eta": 0.8254162960496196}, {"instance_id": "c12_replay_150_0186", "campus": 12, "size": 150, "track": "replay", "structure": "full", "phi": null, "eta": 0.8, "m": 0.6, "u_target": null, "u_realized": null, "method": "random", "seed": 301, "twt": 211.99999999999997, "makespan": 85.5, "mean_flow": 6.482333333333333, "breach_share": 0.04, "breach_p1": 0.18518518518518517, "breach_p2": 0.037037037037037035, "breach_p3": 0.0, "breach_p4": 0.0, "decisions": 150, "latency_ms_per_decision": 0.015463028103113174, "replans": null, "validator_ok": 1, "runtime_s": 0.002319454215466976, "draw_seed": 20260833, "mean_eta": 0.8254162960496196}]}