{"config_id": "c12_replay_150_0167__c12_chain_phi100_eta080_m060_etahet20260831", "rows": [{"instance_id": "c12_replay_150_0167", "campus": 12, "size": 150, "track": "replay", "structure": "chain", "phi": 1.0, "eta": 0.8, "m": 0.6, "u_target": null, "u_realized": null, "method": "edd", "seed": 301, "twt": 308.0, "makespan": 96.0051, "mean_flow": 3.900698666666667, "breach_share": 0.03333333333333333, "breach_p1": 0.09302325581395349, "breach_p2": 0.047619047619047616, "breach_p3": 0.0, "breach_p4": 0.0, "decisions": 150, "latency_ms_per_decision": 0.008133041361967722, "replans": null, "validator_ok": 1, "runtime_s": 0.0012199562042951584, "draw_seed": 20260831, "mean_eta": 0.8216890962817902}, {"instance_id": "c12_replay_150_0167", "campus": 12, "size": 150, "track": "replay", "structure": "chain", "phi": 1.0, "eta": 0.8, "m": 0.6, "u_target": null, "u_realized": null, "method": "wspt", "seed": 301, "twt": 308.0, "makespan": 96.0051, "mean_flow": 3.903165333333333, "breach_share": 0.03333333333333333, "breach_p1": 0.09302325581395349, "breach_p2": 0.047619047619047616, "breach_p3": 0.0, "breach_p4": 0.0, "decisions": 150, "latency_ms_per_decision": 0.008463189005851746, "replans": null, "validator_ok": 1, "runtime_s": 0.0012694783508777618, "draw_seed": 20260831, "mean_eta": 0.8216890962817902}, {"instance_id": "c12_replay_150_0167", "campus": 12, "size": 150, "track": "replay", "structure": "chain", "phi": 1.0, "eta": 0.8, "m": 0.6, "u_target": null, "u_realized": null, "method": "atc", "seed": 301, "twt": 308.0, "makespan": 96.0051, "mean_flow": 3.9009653333333336, "breach_share": 0.03333333333333333, "breach_p1": 0.09302325581395349, "breach_p2": 0.047619047619047616, "breach_p3": 0.0, "breach_p4": 0.0, "decisions": 150, "latency_ms_per_decision": 0.011146714289983114, "replans": null, "validator_ok": 1, "runtime_s": 0.001672007143497467, "draw_seed": 20260831, "mean_eta": 0.8216890962817902}, {"instance_id": "c12_replay_150_0167", "campus": 12, "size": 150, "track": "replay", "structure": "chain", "phi": 1.0, "eta": 0.8, "m": 0.6, "u_target": null, "u_realized": null, "method": "pfifo", "seed": 301, "twt": 308.0, "makespan": 96.0051, "mean_flow": 3.900698666666667, "breach_share": 0.03333333333333333, "breach_p1": 0.09302325581395349, "breach_p2": 0.047619047619047616, "breach_p3": 0.0, "breach_p4": 0.0, "decisions": 150, "latency_ms_per_decision": 0.00864250585436821, "replans": null, "validator_ok": 1, "runtime_s": 0.0012963758781552315, "draw_seed": 20260831, "mean_eta": 0.8216890962817902}, {"instance_id": "c12_replay_150_0167", "campus": 12, "size": 150, "track": "replay", "structure": "chain", "phi": 1.0, "eta": 0.8, "m": 0.6, "u_target": null, "u_realized": null, "method": "mor", "seed": 301, "twt": 308.0, "makespan": 96.0051, "mean_flow": 3.900698666666667, "breach_share": 0.03333333333333333, "breach_p1": 0.09302325581395349, "breach_p2": 0.047619047619047616, "breach_p3": 0.0, "breach_p4": 0.0, "decisions": 150, "latency_ms_per_decision": 0.008206603427728018, "replans": null, "validator_ok": 1, "runtime_s": 0.0012309905141592026, "draw_seed": 20260831, "mean_eta": 0.8216890962817902}, {"instance_id": "c12_replay_150_0167", "campus": 12, "size": 150, "track": "replay", "structure": "chain", "phi": 1.0, "eta": 0.8, "m": 0.6, "u_target": null, "u_realized": null, "method": "lfj_atc", "seed": 301, "twt": 308.0, "makespan": 96.0051, "mean_flow": 3.9009653333333336, "breach_share": 0.03333333333333333, "breach_p1": 0.09302325581395349, "breach_p2": 0.047619047619047616, "breach_p3": 0.0, "breach_p4": 0.0, "decisions": 150, "latency_ms_per_decision": 0.012186691164970398, "replans": null, "validator_ok": 1, "runtime_s": 0.0018280036747455597, "draw_seed": 20260831, "mean_eta": 0.8216890962817902}, {"instance_id": "c12_replay_150_0167", "campus": 12, "size": 150, "track": "replay", "structure": "chain", "phi": 1.0, "eta": 0.8, "m": 0.6, "u_target": null, "u_realized": null, "method": "atc_eta", "seed": 301, "twt": 308.0, "makespan": 96.0051, "mean_flow": 3.9009653333333336, "breach_share": 0.03333333333333333, "breach_p1": 0.09302325581395349, "breach_p2": 0.047619047619047616, "breach_p3": 0.0, "breach_p4": 0.0, "decisions": 150, "latency_ms_per_decision": 0.02654033402601878, "replans": null, "validator_ok": 1, "runtime_s": 0.003981050103902817, "draw_seed": 20260831, "mean_eta": 0.8216890962817902}, {"instance_id": "c12_replay_150_0167", "campus": 12, "size": 150, "track": "replay", "structure": "chain", "phi": 1.0, "eta": 0.8, "m": 0.6, "u_target": null, "u_realized": null, "method": "random", "seed": 301, "twt": 308.0, "makespan": 96.0051, "mean_flow": 3.900698666666667, "breach_share": 0.03333333333333333, "breach_p1": 0.09302325581395349, "breach_p2": 0.047619047619047616, "breach_p3": 0.0, "breach_p4": 0.0, "decisions": 150, "latency_ms_per_decision": 0.007377993315458298, "replans": null, "validator_ok": 1, "runtime_s": 0.0011066989973187447, "draw_seed": 20260831, "mean_eta": 0.8216890962817902}]}