{"config_id": "c01_replay_150_0140__feas_eta080_m080", "rows": {"edd": {"variant": "feas", "instance_id": "c01_replay_150_0140", "campus": 1, "size": 150, "track": "replay", "structure": "feas", "phi": 1.0, "eta": 0.8, "m": 0.8, "u_target": null, "u_realized": null, "method": "edd", "seed": 301, "twt": 10.0, "makespan": 26.5, "mean_flow": 4.105191999999999, "breach_share": 0.006666666666666667, "breach_p1": null, "breach_p2": 0.058823529411764705, "breach_p3": 0.0, "breach_p4": 0.0, "decisions": 150, "latency_ms_per_decision": 0.008878689259290695, "replans": null, "validator_ok": 1, "runtime_s": 0.0013318033888936043}, "wspt": {"variant": "feas", "instance_id": "c01_replay_150_0140", "campus": 1, "size": 150, "track": "replay", "structure": "feas", "phi": 1.0, "eta": 0.8, "m": 0.8, "u_target": null, "u_realized": null, "method": "wspt", "seed": 301, "twt": 10.0, "makespan": 26.5, "mean_flow": 3.8926046666666676, "breach_share": 0.006666666666666667, "breach_p1": null, "breach_p2": 0.058823529411764705, "breach_p3": 0.0, "breach_p4": 0.0, "decisions": 150, "latency_ms_per_decision": 0.009512864053249359, "replans": null, "validator_ok": 1, "runtime_s": 0.0014269296079874039}, "atc": {"variant": "feas", "instance_id": "c01_replay_150_0140", "campus": 1, "size": 150, "track": "replay", "structure": "feas", "phi": 1.0, "eta": 0.8, "m": 0.8, "u_target": null, "u_realized": null, "method": "atc", "seed": 301, "twt": 10.0, "makespan": 26.5, "mean_flow": 3.922008666666667, "breach_share": 0.006666666666666667, "breach_p1": null, "breach_p2": 0.058823529411764705, "breach_p3": 0.0, "breach_p4": 0.0, "decisions": 150, "latency_ms_per_decision": 0.012685215721527735, "replans": null, "validator_ok": 1, "runtime_s": 0.0019027823582291603}, "pfifo": {"variant": "feas", "instance_id": "c01_replay_150_0140", "campus": 1, "size": 150, "track": "replay", "structure": "feas", "phi": 1.0, "eta": 0.8, "m": 0.8, "u_target": null, "u_realized": null, "method": "pfifo", "seed": 301, "twt": 10.0, "makespan": 26.5, "mean_flow": 4.105191999999999, "breach_share": 0.006666666666666667, "breach_p1": null, "breach_p2": 0.058823529411764705, "breach_p3": 0.0, "breach_p4": 0.0, "decisions": 150, "latency_ms_per_decision": 0.009360567977031073, "replans": null, "validator_ok": 1, "runtime_s": 0.0014040851965546608}, "mor": {"variant": "feas", "instance_id": "c01_replay_150_0140", "campus": 1, "size": 150, "track": "replay", "structure": "feas", "phi": 1.0, "eta": 0.8, "m": 0.8, "u_target": null, "u_realized": null, "method": "mor", "seed": 301, "twt": 10.0, "makespan": 26.5, "mean_flow": 4.48519, "breach_share": 0.006666666666666667, "breach_p1": null, "breach_p2": 0.058823529411764705, "breach_p3": 0.0, "breach_p4": 0.0, "decisions": 150, "latency_ms_per_decision": 0.009119821091492971, "replans": null, "validator_ok": 1, "runtime_s": 0.0013679731637239456}, "lfj_atc": {"variant": "feas", "instance_id": "c01_replay_150_0140", "campus": 1, "size": 150, "track": "replay", "structure": "feas", "phi": 1.0, "eta": 0.8, "m": 0.8, "u_target": null, "u_realized": null, "method": "lfj_atc", "seed": 301, "twt": 10.0, "makespan": 26.5, "mean_flow": 3.922008666666667, "breach_share": 0.006666666666666667, "breach_p1": null, "breach_p2": 0.058823529411764705, "breach_p3": 0.0, "breach_p4": 0.0, "decisions": 150, "latency_ms_per_decision": 0.015232842415571213, "replans": null, "validator_ok": 1, "runtime_s": 0.002284926362335682}, "atc_eta": {"variant": "feas", "instance_id": "c01_replay_150_0140", "campus": 1, "size": 150, "track": "replay", "structure": "feas", "phi": 1.0, "eta": 0.8, "m": 0.8, "u_target": null, "u_realized": null, "method": "atc_eta", "seed": 301, "twt": 10.0, "makespan": 26.5, "mean_flow": 3.922008666666667, "breach_share": 0.006666666666666667, "breach_p1": null, "breach_p2": 0.058823529411764705, "breach_p3": 0.0, "breach_p4": 0.0, "decisions": 150, "latency_ms_per_decision": 0.01745336378614108, "replans": null, "validator_ok": 1, "runtime_s": 0.0026180045679211617}, "random": {"variant": "feas", "instance_id": "c01_replay_150_0140", "campus": 1, "size": 150, "track": "replay", "structure": "feas", "phi": 1.0, "eta": 0.8, "m": 0.8, "u_target": null, "u_realized": null, "method": "random", "seed": 301, "twt": 10.0, "makespan": 26.5, "mean_flow": 4.199423333333333, "breach_share": 0.006666666666666667, "breach_p1": null, "breach_p2": 0.058823529411764705, "breach_p3": 0.0, "breach_p4": 0.0, "decisions": 150, "latency_ms_per_decision": 0.007921395202477774, "replans": null, "validator_ok": 1, "runtime_s": 0.001188209280371666}}, "budget_B": 75, "headcount": 75, "chain_order": ["D30", "D20", "D40", "D90", "D50", "C30", "C10", "MISC", "E10", "E20", "B20"]}