{"config_id": "c01_replay_400_0122__pairs_eta080_m080", "rows": {"edd": {"variant": "pairs", "instance_id": "c01_replay_400_0122", "campus": 1, "size": 400, "track": "replay", "structure": "pairs", "phi": 1.0, "eta": 0.8, "m": 0.8, "u_target": null, "u_realized": null, "method": "edd", "seed": 301, "twt": 181.99999999999997, "makespan": 112.1026, "mean_flow": 3.6580714999999997, "breach_share": 0.01, "breach_p1": 1.0, "breach_p2": 0.012195121951219513, "breach_p3": 0.0, "breach_p4": 0.0, "decisions": 400, "latency_ms_per_decision": 0.007131251040846109, "replans": null, "validator_ok": 1, "runtime_s": 0.0028525004163384438}, "wspt": {"variant": "pairs", "instance_id": "c01_replay_400_0122", "campus": 1, "size": 400, "track": "replay", "structure": "pairs", "phi": 1.0, "eta": 0.8, "m": 0.8, "u_target": null, "u_realized": null, "method": "wspt", "seed": 301, "twt": 181.99999999999997, "makespan": 112.1026, "mean_flow": 3.5515980000000003, "breach_share": 0.01, "breach_p1": 1.0, "breach_p2": 0.012195121951219513, "breach_p3": 0.0, "breach_p4": 0.0, "decisions": 400, "latency_ms_per_decision": 0.007274963427335024, "replans": null, "validator_ok": 1, "runtime_s": 0.0029099853709340096}, "atc": {"variant": "pairs", "instance_id": "c01_replay_400_0122", "campus": 1, "size": 400, "track": "replay", "structure": "pairs", "phi": 1.0, "eta": 0.8, "m": 0.8, "u_target": null, "u_realized": null, "method": "atc", "seed": 301, "twt": 181.99999999999997, "makespan": 112.1026, "mean_flow": 3.6751777500000005, "breach_share": 0.01, "breach_p1": 1.0, "breach_p2": 0.012195121951219513, "breach_p3": 0.0, "breach_p4": 0.0, "decisions": 400, "latency_ms_per_decision": 0.008810979779809713, "replans": null, "validator_ok": 1, "runtime_s": 0.0035243919119238853}, "pfifo": {"variant": "pairs", "instance_id": "c01_replay_400_0122", "campus": 1, "size": 400, "track": "replay", "structure": "pairs", "phi": 1.0, "eta": 0.8, "m": 0.8, "u_target": null, "u_realized": null, "method": "pfifo", "seed": 301, "twt": 181.99999999999997, "makespan": 112.1026, "mean_flow": 3.6580714999999997, "breach_share": 0.01, "breach_p1": 1.0, "breach_p2": 0.012195121951219513, "breach_p3": 0.0, "breach_p4": 0.0, "decisions": 400, "latency_ms_per_decision": 0.008199166040867567, "replans": null, "validator_ok": 1, "runtime_s": 0.003279666416347027}, "mor": {"variant": "pairs", "instance_id": "c01_replay_400_0122", "campus": 1, "size": 400, "track": "replay", "structure": "pairs", "phi": 1.0, "eta": 0.8, "m": 0.8, "u_target": null, "u_realized": null, "method": "mor", "seed": 301, "twt": 181.99999999999997, "makespan": 112.1026, "mean_flow": 3.8330237499999997, "breach_share": 0.01, "breach_p1": 1.0, "breach_p2": 0.012195121951219513, "breach_p3": 0.0, "breach_p4": 0.0, "decisions": 400, "latency_ms_per_decision": 0.007664251606911421, "replans": null, "validator_ok": 1, "runtime_s": 0.0030657006427645683}, "lfj_atc": {"variant": "pairs", "instance_id": "c01_replay_400_0122", "campus": 1, "size": 400, "track": "replay", "structure": "pairs", "phi": 1.0, "eta": 0.8, "m": 0.8, "u_target": null, "u_realized": null, "method": "lfj_atc", "seed": 301, "twt": 181.99999999999997, "makespan": 112.1026, "mean_flow": 3.6751777500000005, "breach_share": 0.01, "breach_p1": 1.0, "breach_p2": 0.012195121951219513, "breach_p3": 0.0, "breach_p4": 0.0, "decisions": 400, "latency_ms_per_decision": 0.010856385342776775, "replans": null, "validator_ok": 1, "runtime_s": 0.00434255413711071}, "atc_eta": {"variant": "pairs", "instance_id": "c01_replay_400_0122", "campus": 1, "size": 400, "track": "replay", "structure": "pairs", "phi": 1.0, "eta": 0.8, "m": 0.8, "u_target": null, "u_realized": null, "method": "atc_eta", "seed": 301, "twt": 181.99999999999997, "makespan": 112.1026, "mean_flow": 3.6751777500000005, "breach_share": 0.01, "breach_p1": 1.0, "breach_p2": 0.012195121951219513, "breach_p3": 0.0, "breach_p4": 0.0, "decisions": 400, "latency_ms_per_decision": 0.014657026622444391, "replans": null, "validator_ok": 1, "runtime_s": 0.0058628106489777565}, "random": {"variant": "pairs", "instance_id": "c01_replay_400_0122", "campus": 1, "size": 400, "track": "replay", "structure": "pairs", "phi": 1.0, "eta": 0.8, "m": 0.8, "u_target": null, "u_realized": null, "method": "random", "seed": 301, "twt": 181.99999999999997, "makespan": 112.1026, "mean_flow": 3.6402965, "breach_share": 0.01, "breach_p1": 1.0, "breach_p2": 0.012195121951219513, "breach_p3": 0.0, "breach_p4": 0.0, "decisions": 400, "latency_ms_per_decision": 0.0069269840605556965, "replans": null, "validator_ok": 1, "runtime_s": 0.0027707936242222786}}, "budget_B": 75, "headcount": 75, "chain_order": ["D30", "D20", "D50", "D40", "D90", "C30", "MISC", "C10", "E10", "E20", "B20"]}