{"config_id": "c01_replay_400_0139__pairs_eta100_m080", "rows": {"edd": {"variant": "pairs", "instance_id": "c01_replay_400_0139", "campus": 1, "size": 400, "track": "replay", "structure": "pairs", "phi": 1.0, "eta": 1.0, "m": 0.8, "u_target": null, "u_realized": null, "method": "edd", "seed": 301, "twt": 160.00000000000003, "makespan": 119.7617, "mean_flow": 5.742139999999999, "breach_share": 0.005, "breach_p1": 0.0, "breach_p2": 0.010309278350515464, "breach_p3": 0.0, "breach_p4": 0.0, "decisions": 400, "latency_ms_per_decision": 0.007069241255521774, "replans": null, "validator_ok": 1, "runtime_s": 0.0028276965022087097}, "wspt": {"variant": "pairs", "instance_id": "c01_replay_400_0139", "campus": 1, "size": 400, "track": "replay", "structure": "pairs", "phi": 1.0, "eta": 1.0, "m": 0.8, "u_target": null, "u_realized": null, "method": "wspt", "seed": 301, "twt": 160.00000000000003, "makespan": 119.7617, "mean_flow": 5.466984249999999, "breach_share": 0.005, "breach_p1": 0.0, "breach_p2": 0.010309278350515464, "breach_p3": 0.0, "breach_p4": 0.0, "decisions": 400, "latency_ms_per_decision": 0.0072868517599999905, "replans": null, "validator_ok": 1, "runtime_s": 0.002914740703999996}, "atc": {"variant": "pairs", "instance_id": "c01_replay_400_0139", "campus": 1, "size": 400, "track": "replay", "structure": "pairs", "phi": 1.0, "eta": 1.0, "m": 0.8, "u_target": null, "u_realized": null, "method": "atc", "seed": 301, "twt": 160.00000000000003, "makespan": 119.7617, "mean_flow": 5.707409, "breach_share": 0.005, "breach_p1": 0.0, "breach_p2": 0.010309278350515464, "breach_p3": 0.0, "breach_p4": 0.0, "decisions": 400, "latency_ms_per_decision": 0.009445913601666689, "replans": null, "validator_ok": 1, "runtime_s": 0.0037783654406666756}, "pfifo": {"variant": "pairs", "instance_id": "c01_replay_400_0139", "campus": 1, "size": 400, "track": "replay", "structure": "pairs", "phi": 1.0, "eta": 1.0, "m": 0.8, "u_target": null, "u_realized": null, "method": "pfifo", "seed": 301, "twt": 160.00000000000003, "makespan": 119.7617, "mean_flow": 5.742139999999999, "breach_share": 0.005, "breach_p1": 0.0, "breach_p2": 0.010309278350515464, "breach_p3": 0.0, "breach_p4": 0.0, "decisions": 400, "latency_ms_per_decision": 0.007425046060234308, "replans": null, "validator_ok": 1, "runtime_s": 0.0029700184240937233}, "mor": {"variant": "pairs", "instance_id": "c01_replay_400_0139", "campus": 1, "size": 400, "track": "replay", "structure": "pairs", "phi": 1.0, "eta": 1.0, "m": 0.8, "u_target": null, "u_realized": null, "method": "mor", "seed": 301, "twt": 175.10160000000002, "makespan": 119.7617, "mean_flow": 7.036727, "breach_share": 0.01, "breach_p1": 0.0, "breach_p2": 0.020618556701030927, "breach_p3": 0.0, "breach_p4": 0.0, "decisions": 400, "latency_ms_per_decision": 0.007653671782463789, "replans": null, "validator_ok": 1, "runtime_s": 0.0030614687129855156}, "lfj_atc": {"variant": "pairs", "instance_id": "c01_replay_400_0139", "campus": 1, "size": 400, "track": "replay", "structure": "pairs", "phi": 1.0, "eta": 1.0, "m": 0.8, "u_target": null, "u_realized": null, "method": "lfj_atc", "seed": 301, "twt": 160.00000000000003, "makespan": 119.7617, "mean_flow": 5.707409, "breach_share": 0.005, "breach_p1": 0.0, "breach_p2": 0.010309278350515464, "breach_p3": 0.0, "breach_p4": 0.0, "decisions": 400, "latency_ms_per_decision": 0.010774731636047363, "replans": null, "validator_ok": 1, "runtime_s": 0.004309892654418945}, "atc_eta": {"variant": "pairs", "instance_id": "c01_replay_400_0139", "campus": 1, "size": 400, "track": "replay", "structure": "pairs", "phi": 1.0, "eta": 1.0, "m": 0.8, "u_target": null, "u_realized": null, "method": "atc_eta", "seed": 301, "twt": 160.00000000000003, "makespan": 119.7617, "mean_flow": 5.707409, "breach_share": 0.005, "breach_p1": 0.0, "breach_p2": 0.010309278350515464, "breach_p3": 0.0, "breach_p4": 0.0, "decisions": 400, "latency_ms_per_decision": 0.014574327506124973, "replans": null, "validator_ok": 1, "runtime_s": 0.005829731002449989}, "random": {"variant": "pairs", "instance_id": "c01_replay_400_0139", "campus": 1, "size": 400, "track": "replay", "structure": "pairs", "phi": 1.0, "eta": 1.0, "m": 0.8, "u_target": null, "u_realized": null, "method": "random", "seed": 301, "twt": 160.00000000000003, "makespan": 119.7617, "mean_flow": 5.973114999999999, "breach_share": 0.005, "breach_p1": 0.0, "breach_p2": 0.010309278350515464, "breach_p3": 0.0, "breach_p4": 0.0, "decisions": 400, "latency_ms_per_decision": 0.0067186541855335236, "replans": null, "validator_ok": 1, "runtime_s": 0.0026874616742134094}}, "budget_B": 75, "headcount": 75, "chain_order": ["D30", "D20", "D50", "D40", "D90", "C30", "MISC", "C10", "E10", "E20", "B20"]}