{"config_id": "c01_replay_400_0136__pairs_eta100_m080", "rows": {"edd": {"variant": "pairs", "instance_id": "c01_replay_400_0136", "campus": 1, "size": 400, "track": "replay", "structure": "pairs", "phi": 1.0, "eta": 1.0, "m": 0.8, "u_target": null, "u_realized": null, "method": "edd", "seed": 301, "twt": 77.72960000000003, "makespan": 107.8648, "mean_flow": 4.758081499999999, "breach_share": 0.01, "breach_p1": 0.0, "breach_p2": 0.016304347826086956, "breach_p3": 0.020833333333333332, "breach_p4": 0.0, "decisions": 400, "latency_ms_per_decision": 0.025306011084467173, "replans": null, "validator_ok": 1, "runtime_s": 0.010122404433786869}, "wspt": {"variant": "pairs", "instance_id": "c01_replay_400_0136", "campus": 1, "size": 400, "track": "replay", "structure": "pairs", "phi": 1.0, "eta": 1.0, "m": 0.8, "u_target": null, "u_realized": null, "method": "wspt", "seed": 301, "twt": 77.72960000000003, "makespan": 107.8648, "mean_flow": 4.633269, "breach_share": 0.01, "breach_p1": 0.0, "breach_p2": 0.016304347826086956, "breach_p3": 0.020833333333333332, "breach_p4": 0.0, "decisions": 400, "latency_ms_per_decision": 0.018234155140817165, "replans": null, "validator_ok": 1, "runtime_s": 0.007293662056326866}, "atc": {"variant": "pairs", "instance_id": "c01_replay_400_0136", "campus": 1, "size": 400, "track": "replay", "structure": "pairs", "phi": 1.0, "eta": 1.0, "m": 0.8, "u_target": null, "u_realized": null, "method": "atc", "seed": 301, "twt": 77.72960000000003, "makespan": 107.8648, "mean_flow": 4.76200225, "breach_share": 0.01, "breach_p1": 0.0, "breach_p2": 0.016304347826086956, "breach_p3": 0.020833333333333332, "breach_p4": 0.0, "decisions": 400, "latency_ms_per_decision": 0.013488179538398981, "replans": null, "validator_ok": 1, "runtime_s": 0.0053952718153595924}, "pfifo": {"variant": "pairs", "instance_id": "c01_replay_400_0136", "campus": 1, "size": 400, "track": "replay", "structure": "pairs", "phi": 1.0, "eta": 1.0, "m": 0.8, "u_target": null, "u_realized": null, "method": "pfifo", "seed": 301, "twt": 77.72960000000003, "makespan": 107.8648, "mean_flow": 4.758081499999999, "breach_share": 0.01, "breach_p1": 0.0, "breach_p2": 0.016304347826086956, "breach_p3": 0.020833333333333332, "breach_p4": 0.0, "decisions": 400, "latency_ms_per_decision": 0.010315747931599617, "replans": null, "validator_ok": 1, "runtime_s": 0.004126299172639847}, "mor": {"variant": "pairs", "instance_id": "c01_replay_400_0136", "campus": 1, "size": 400, "track": "replay", "structure": "pairs", "phi": 1.0, "eta": 1.0, "m": 0.8, "u_target": null, "u_realized": null, "method": "mor", "seed": 301, "twt": 77.72960000000003, "makespan": 107.8648, "mean_flow": 4.97649675, "breach_share": 0.01, "breach_p1": 0.0, "breach_p2": 0.016304347826086956, "breach_p3": 0.020833333333333332, "breach_p4": 0.0, "decisions": 400, "latency_ms_per_decision": 0.009832445066422224, "replans": null, "validator_ok": 1, "runtime_s": 0.00393297802656889}, "lfj_atc": {"variant": "pairs", "instance_id": "c01_replay_400_0136", "campus": 1, "size": 400, "track": "replay", "structure": "pairs", "phi": 1.0, "eta": 1.0, "m": 0.8, "u_target": null, "u_realized": null, "method": "lfj_atc", "seed": 301, "twt": 77.72960000000003, "makespan": 107.8648, "mean_flow": 4.76200225, "breach_share": 0.01, "breach_p1": 0.0, "breach_p2": 0.016304347826086956, "breach_p3": 0.020833333333333332, "breach_p4": 0.0, "decisions": 400, "latency_ms_per_decision": 0.015081402380019426, "replans": null, "validator_ok": 1, "runtime_s": 0.0060325609520077705}, "atc_eta": {"variant": "pairs", "instance_id": "c01_replay_400_0136", "campus": 1, "size": 400, "track": "replay", "structure": "pairs", "phi": 1.0, "eta": 1.0, "m": 0.8, "u_target": null, "u_realized": null, "method": "atc_eta", "seed": 301, "twt": 77.72960000000003, "makespan": 107.8648, "mean_flow": 4.76200225, "breach_share": 0.01, "breach_p1": 0.0, "breach_p2": 0.016304347826086956, "breach_p3": 0.020833333333333332, "breach_p4": 0.0, "decisions": 400, "latency_ms_per_decision": 0.02114458940923214, "replans": null, "validator_ok": 1, "runtime_s": 0.008457835763692856}, "random": {"variant": "pairs", "instance_id": "c01_replay_400_0136", "campus": 1, "size": 400, "track": "replay", "structure": "pairs", "phi": 1.0, "eta": 1.0, "m": 0.8, "u_target": null, "u_realized": null, "method": "random", "seed": 301, "twt": 77.72960000000003, "makespan": 107.8648, "mean_flow": 4.75749275, "breach_share": 0.01, "breach_p1": 0.0, "breach_p2": 0.016304347826086956, "breach_p3": 0.020833333333333332, "breach_p4": 0.0, "decisions": 400, "latency_ms_per_decision": 0.008894589263945818, "replans": null, "validator_ok": 1, "runtime_s": 0.003557835705578327}}, "budget_B": 75, "headcount": 75, "chain_order": ["D30", "D20", "D50", "D40", "D90", "C30", "MISC", "C10", "E10", "E20", "B20"]}