{"config_id": "c01_replay_400_0159__pairs_eta100", "rows": {"edd": {"variant": "pairs", "instance_id": "c01_replay_400_0159", "campus": 1, "size": 400, "track": "replay", "structure": "pairs", "phi": 1.0, "eta": 1.0, "m": 0.6, "u_target": null, "u_realized": null, "method": "edd", "seed": 301, "twt": 333.7296, "makespan": 122.7115, "mean_flow": 4.5679514999999995, "breach_share": 0.0125, "breach_p1": 0.0, "breach_p2": 0.014134275618374558, "breach_p3": 0.023255813953488372, "breach_p4": 0.0, "decisions": 400, "latency_ms_per_decision": 0.007790804374963045, "replans": null, "validator_ok": 1, "runtime_s": 0.003116321749985218}, "wspt": {"variant": "pairs", "instance_id": "c01_replay_400_0159", "campus": 1, "size": 400, "track": "replay", "structure": "pairs", "phi": 1.0, "eta": 1.0, "m": 0.6, "u_target": null, "u_realized": null, "method": "wspt", "seed": 301, "twt": 333.7296, "makespan": 122.7115, "mean_flow": 4.5515485, "breach_share": 0.0125, "breach_p1": 0.0, "breach_p2": 0.014134275618374558, "breach_p3": 0.023255813953488372, "breach_p4": 0.0, "decisions": 400, "latency_ms_per_decision": 0.007791465613991022, "replans": null, "validator_ok": 1, "runtime_s": 0.003116586245596409}, "atc": {"variant": "pairs", "instance_id": "c01_replay_400_0159", "campus": 1, "size": 400, "track": "replay", "structure": "pairs", "phi": 1.0, "eta": 1.0, "m": 0.6, "u_target": null, "u_realized": null, "method": "atc", "seed": 301, "twt": 333.7296, "makespan": 122.7115, "mean_flow": 4.5552985, "breach_share": 0.0125, "breach_p1": 0.0, "breach_p2": 0.014134275618374558, "breach_p3": 0.023255813953488372, "breach_p4": 0.0, "decisions": 400, "latency_ms_per_decision": 0.009187129326164722, "replans": null, "validator_ok": 1, "runtime_s": 0.003674851730465889}, "pfifo": {"variant": "pairs", "instance_id": "c01_replay_400_0159", "campus": 1, "size": 400, "track": "replay", "structure": "pairs", "phi": 1.0, "eta": 1.0, "m": 0.6, "u_target": null, "u_realized": null, "method": "pfifo", "seed": 301, "twt": 333.7296, "makespan": 122.7115, "mean_flow": 4.5679514999999995, "breach_share": 0.0125, "breach_p1": 0.0, "breach_p2": 0.014134275618374558, "breach_p3": 0.023255813953488372, "breach_p4": 0.0, "decisions": 400, "latency_ms_per_decision": 0.008094620425254107, "replans": null, "validator_ok": 1, "runtime_s": 0.0032378481701016426}, "mor": {"variant": "pairs", "instance_id": "c01_replay_400_0159", "campus": 1, "size": 400, "track": "replay", "structure": "pairs", "phi": 1.0, "eta": 1.0, "m": 0.6, "u_target": null, "u_realized": null, "method": "mor", "seed": 301, "twt": 333.7296, "makespan": 122.7115, "mean_flow": 4.57800325, "breach_share": 0.0125, "breach_p1": 0.0, "breach_p2": 0.014134275618374558, "breach_p3": 0.023255813953488372, "breach_p4": 0.0, "decisions": 400, "latency_ms_per_decision": 0.007965045515447855, "replans": null, "validator_ok": 1, "runtime_s": 0.003186018206179142}, "lfj_atc": {"variant": "pairs", "instance_id": "c01_replay_400_0159", "campus": 1, "size": 400, "track": "replay", "structure": "pairs", "phi": 1.0, "eta": 1.0, "m": 0.6, "u_target": null, "u_realized": null, "method": "lfj_atc", "seed": 301, "twt": 333.7296, "makespan": 122.7115, "mean_flow": 4.5552985, "breach_share": 0.0125, "breach_p1": 0.0, "breach_p2": 0.014134275618374558, "breach_p3": 0.023255813953488372, "breach_p4": 0.0, "decisions": 400, "latency_ms_per_decision": 0.010850741527974606, "replans": null, "validator_ok": 1, "runtime_s": 0.004340296611189842}, "atc_eta": {"variant": "pairs", "instance_id": "c01_replay_400_0159", "campus": 1, "size": 400, "track": "replay", "structure": "pairs", "phi": 1.0, "eta": 1.0, "m": 0.6, "u_target": null, "u_realized": null, "method": "atc_eta", "seed": 301, "twt": 333.7296, "makespan": 122.7115, "mean_flow": 4.5552985, "breach_share": 0.0125, "breach_p1": 0.0, "breach_p2": 0.014134275618374558, "breach_p3": 0.023255813953488372, "breach_p4": 0.0, "decisions": 400, "latency_ms_per_decision": 0.013765739277005196, "replans": null, "validator_ok": 1, "runtime_s": 0.005506295710802078}, "random": {"variant": "pairs", "instance_id": "c01_replay_400_0159", "campus": 1, "size": 400, "track": "replay", "structure": "pairs", "phi": 1.0, "eta": 1.0, "m": 0.6, "u_target": null, "u_realized": null, "method": "random", "seed": 301, "twt": 333.7296, "makespan": 122.7115, "mean_flow": 4.56474375, "breach_share": 0.0125, "breach_p1": 0.0, "breach_p2": 0.014134275618374558, "breach_p3": 0.023255813953488372, "breach_p4": 0.0, "decisions": 400, "latency_ms_per_decision": 0.007709108758717775, "replans": null, "validator_ok": 1, "runtime_s": 0.00308364350348711}}, "budget_B": 57, "headcount": 57, "chain_order": ["D30", "D20", "D50", "D40", "D90", "C30", "MISC", "C10", "E10", "E20", "B20"]}