{"config_id": "c01_replay_150_0199__pairs_eta100_m080", "rows": {"edd": {"variant": "pairs", "instance_id": "c01_replay_150_0199", "campus": 1, "size": 150, "track": "replay", "structure": "pairs", "phi": 1.0, "eta": 1.0, "m": 0.8, "u_target": null, "u_realized": null, "method": "edd", "seed": 301, "twt": 101.00000000000001, "makespan": 52.5539, "mean_flow": 3.2216666666666667, "breach_share": 0.02, "breach_p1": null, "breach_p2": 0.02654867256637168, "breach_p3": 0.0, "breach_p4": 0.0, "decisions": 150, "latency_ms_per_decision": 0.008436422795057297, "replans": null, "validator_ok": 1, "runtime_s": 0.0012654634192585945}, "wspt": {"variant": "pairs", "instance_id": "c01_replay_150_0199", "campus": 1, "size": 150, "track": "replay", "structure": "pairs", "phi": 1.0, "eta": 1.0, "m": 0.8, "u_target": null, "u_realized": null, "method": "wspt", "seed": 301, "twt": 101.00000000000001, "makespan": 52.5539, "mean_flow": 3.2216666666666667, "breach_share": 0.02, "breach_p1": null, "breach_p2": 0.02654867256637168, "breach_p3": 0.0, "breach_p4": 0.0, "decisions": 150, "latency_ms_per_decision": 0.007754967858393987, "replans": null, "validator_ok": 1, "runtime_s": 0.001163245178759098}, "atc": {"variant": "pairs", "instance_id": "c01_replay_150_0199", "campus": 1, "size": 150, "track": "replay", "structure": "pairs", "phi": 1.0, "eta": 1.0, "m": 0.8, "u_target": null, "u_realized": null, "method": "atc", "seed": 301, "twt": 101.00000000000001, "makespan": 52.5539, "mean_flow": 3.2216666666666667, "breach_share": 0.02, "breach_p1": null, "breach_p2": 0.02654867256637168, "breach_p3": 0.0, "breach_p4": 0.0, "decisions": 150, "latency_ms_per_decision": 0.008736414213975271, "replans": null, "validator_ok": 1, "runtime_s": 0.0013104621320962906}, "pfifo": {"variant": "pairs", "instance_id": "c01_replay_150_0199", "campus": 1, "size": 150, "track": "replay", "structure": "pairs", "phi": 1.0, "eta": 1.0, "m": 0.8, "u_target": null, "u_realized": null, "method": "pfifo", "seed": 301, "twt": 101.00000000000001, "makespan": 52.5539, "mean_flow": 3.2216666666666667, "breach_share": 0.02, "breach_p1": null, "breach_p2": 0.02654867256637168, "breach_p3": 0.0, "breach_p4": 0.0, "decisions": 150, "latency_ms_per_decision": 0.007887054234743118, "replans": null, "validator_ok": 1, "runtime_s": 0.0011830581352114677}, "mor": {"variant": "pairs", "instance_id": "c01_replay_150_0199", "campus": 1, "size": 150, "track": "replay", "structure": "pairs", "phi": 1.0, "eta": 1.0, "m": 0.8, "u_target": null, "u_realized": null, "method": "mor", "seed": 301, "twt": 101.00000000000001, "makespan": 52.5539, "mean_flow": 3.2216666666666667, "breach_share": 0.02, "breach_p1": null, "breach_p2": 0.02654867256637168, "breach_p3": 0.0, "breach_p4": 0.0, "decisions": 150, "latency_ms_per_decision": 0.007986407727003098, "replans": null, "validator_ok": 1, "runtime_s": 0.0011979611590504646}, "lfj_atc": {"variant": "pairs", "instance_id": "c01_replay_150_0199", "campus": 1, "size": 150, "track": "replay", "structure": "pairs", "phi": 1.0, "eta": 1.0, "m": 0.8, "u_target": null, "u_realized": null, "method": "lfj_atc", "seed": 301, "twt": 101.00000000000001, "makespan": 52.5539, "mean_flow": 3.2216666666666667, "breach_share": 0.02, "breach_p1": null, "breach_p2": 0.02654867256637168, "breach_p3": 0.0, "breach_p4": 0.0, "decisions": 150, "latency_ms_per_decision": 0.010546271999677023, "replans": null, "validator_ok": 1, "runtime_s": 0.0015819407999515533}, "atc_eta": {"variant": "pairs", "instance_id": "c01_replay_150_0199", "campus": 1, "size": 150, "track": "replay", "structure": "pairs", "phi": 1.0, "eta": 1.0, "m": 0.8, "u_target": null, "u_realized": null, "method": "atc_eta", "seed": 301, "twt": 101.00000000000001, "makespan": 52.5539, "mean_flow": 3.2216666666666667, "breach_share": 0.02, "breach_p1": null, "breach_p2": 0.02654867256637168, "breach_p3": 0.0, "breach_p4": 0.0, "decisions": 150, "latency_ms_per_decision": 0.01454351469874382, "replans": null, "validator_ok": 1, "runtime_s": 0.002181527204811573}, "random": {"variant": "pairs", "instance_id": "c01_replay_150_0199", "campus": 1, "size": 150, "track": "replay", "structure": "pairs", "phi": 1.0, "eta": 1.0, "m": 0.8, "u_target": null, "u_realized": null, "method": "random", "seed": 301, "twt": 101.00000000000001, "makespan": 52.5539, "mean_flow": 3.2216666666666667, "breach_share": 0.02, "breach_p1": null, "breach_p2": 0.02654867256637168, "breach_p3": 0.0, "breach_p4": 0.0, "decisions": 150, "latency_ms_per_decision": 0.008490004887183508, "replans": null, "validator_ok": 1, "runtime_s": 0.001273500733077526}}, "budget_B": 75, "headcount": 75, "chain_order": ["D30", "D20", "D50", "D40", "D90", "C30", "MISC", "C10", "E10", "E20", "B20"]}