{"config_id": "c01_replay_150_0164__pairs_eta080_m080", "rows": {"edd": {"variant": "pairs", "instance_id": "c01_replay_150_0164", "campus": 1, "size": 150, "track": "replay", "structure": "pairs", "phi": 1.0, "eta": 0.8, "m": 0.8, "u_target": null, "u_realized": null, "method": "edd", "seed": 301, "twt": 61.729600000000005, "makespan": 98.8648, "mean_flow": 4.610965333333334, "breach_share": 0.02, "breach_p1": null, "breach_p2": 0.02, "breach_p3": 0.047619047619047616, "breach_p4": 0.0, "decisions": 150, "latency_ms_per_decision": 0.009778104722499847, "replans": null, "validator_ok": 1, "runtime_s": 0.0014667157083749771}, "wspt": {"variant": "pairs", "instance_id": "c01_replay_150_0164", "campus": 1, "size": 150, "track": "replay", "structure": "pairs", "phi": 1.0, "eta": 0.8, "m": 0.8, "u_target": null, "u_realized": null, "method": "wspt", "seed": 301, "twt": 61.729600000000005, "makespan": 98.8648, "mean_flow": 4.6142986666666665, "breach_share": 0.02, "breach_p1": null, "breach_p2": 0.02, "breach_p3": 0.047619047619047616, "breach_p4": 0.0, "decisions": 150, "latency_ms_per_decision": 0.00960934286316236, "replans": null, "validator_ok": 1, "runtime_s": 0.0014414014294743538}, "atc": {"variant": "pairs", "instance_id": "c01_replay_150_0164", "campus": 1, "size": 150, "track": "replay", "structure": "pairs", "phi": 1.0, "eta": 0.8, "m": 0.8, "u_target": null, "u_realized": null, "method": "atc", "seed": 301, "twt": 61.729600000000005, "makespan": 98.8648, "mean_flow": 4.6142986666666665, "breach_share": 0.02, "breach_p1": null, "breach_p2": 0.02, "breach_p3": 0.047619047619047616, "breach_p4": 0.0, "decisions": 150, "latency_ms_per_decision": 0.011080484837293625, "replans": null, "validator_ok": 1, "runtime_s": 0.0016620727255940437}, "pfifo": {"variant": "pairs", "instance_id": "c01_replay_150_0164", "campus": 1, "size": 150, "track": "replay", "structure": "pairs", "phi": 1.0, "eta": 0.8, "m": 0.8, "u_target": null, "u_realized": null, "method": "pfifo", "seed": 301, "twt": 61.729600000000005, "makespan": 98.8648, "mean_flow": 4.610965333333334, "breach_share": 0.02, "breach_p1": null, "breach_p2": 0.02, "breach_p3": 0.047619047619047616, "breach_p4": 0.0, "decisions": 150, "latency_ms_per_decision": 0.009547676891088486, "replans": null, "validator_ok": 1, "runtime_s": 0.0014321515336632729}, "mor": {"variant": "pairs", "instance_id": "c01_replay_150_0164", "campus": 1, "size": 150, "track": "replay", "structure": "pairs", "phi": 1.0, "eta": 0.8, "m": 0.8, "u_target": null, "u_realized": null, "method": "mor", "seed": 301, "twt": 61.729600000000005, "makespan": 98.8648, "mean_flow": 4.604298666666667, "breach_share": 0.02, "breach_p1": null, "breach_p2": 0.02, "breach_p3": 0.047619047619047616, "breach_p4": 0.0, "decisions": 150, "latency_ms_per_decision": 0.009431627889474234, "replans": null, "validator_ok": 1, "runtime_s": 0.001414744183421135}, "lfj_atc": {"variant": "pairs", "instance_id": "c01_replay_150_0164", "campus": 1, "size": 150, "track": "replay", "structure": "pairs", "phi": 1.0, "eta": 0.8, "m": 0.8, "u_target": null, "u_realized": null, "method": "lfj_atc", "seed": 301, "twt": 61.729600000000005, "makespan": 98.8648, "mean_flow": 4.6142986666666665, "breach_share": 0.02, "breach_p1": null, "breach_p2": 0.02, "breach_p3": 0.047619047619047616, "breach_p4": 0.0, "decisions": 150, "latency_ms_per_decision": 0.012191782395044962, "replans": null, "validator_ok": 1, "runtime_s": 0.0018287673592567444}, "atc_eta": {"variant": "pairs", "instance_id": "c01_replay_150_0164", "campus": 1, "size": 150, "track": "replay", "structure": "pairs", "phi": 1.0, "eta": 0.8, "m": 0.8, "u_target": null, "u_realized": null, "method": "atc_eta", "seed": 301, "twt": 61.729600000000005, "makespan": 98.8648, "mean_flow": 4.6142986666666665, "breach_share": 0.02, "breach_p1": null, "breach_p2": 0.02, "breach_p3": 0.047619047619047616, "breach_p4": 0.0, "decisions": 150, "latency_ms_per_decision": 0.01635383814573288, "replans": null, "validator_ok": 1, "runtime_s": 0.002453075721859932}, "random": {"variant": "pairs", "instance_id": "c01_replay_150_0164", "campus": 1, "size": 150, "track": "replay", "structure": "pairs", "phi": 1.0, "eta": 0.8, "m": 0.8, "u_target": null, "u_realized": null, "method": "random", "seed": 301, "twt": 61.729600000000005, "makespan": 98.8648, "mean_flow": 4.610965333333334, "breach_share": 0.02, "breach_p1": null, "breach_p2": 0.02, "breach_p3": 0.047619047619047616, "breach_p4": 0.0, "decisions": 150, "latency_ms_per_decision": 0.00969418634970983, "replans": null, "validator_ok": 1, "runtime_s": 0.0014541279524564743}}, "budget_B": 75, "headcount": 75, "chain_order": ["D30", "D20", "D50", "D40", "D90", "C30", "MISC", "C10", "E10", "E20", "B20"]}