{"config_id": "c01_replay_400_0158__pairs_eta080", "rows": {"edd": {"variant": "pairs", "instance_id": "c01_replay_400_0158", "campus": 1, "size": 400, "track": "replay", "structure": "pairs", "phi": 1.0, "eta": 0.8, "m": 0.6, "u_target": null, "u_realized": null, "method": "edd", "seed": 301, "twt": 82.52000000000001, "makespan": 83.1808, "mean_flow": 3.2311942499999997, "breach_share": 0.005, "breach_p1": 0.0, "breach_p2": 0.007692307692307693, "breach_p3": 0.0, "breach_p4": 0.0, "decisions": 400, "latency_ms_per_decision": 0.008573431987315416, "replans": null, "validator_ok": 1, "runtime_s": 0.0034293727949261665}, "wspt": {"variant": "pairs", "instance_id": "c01_replay_400_0158", "campus": 1, "size": 400, "track": "replay", "structure": "pairs", "phi": 1.0, "eta": 0.8, "m": 0.6, "u_target": null, "u_realized": null, "method": "wspt", "seed": 301, "twt": 82.52000000000001, "makespan": 83.1808, "mean_flow": 3.2433442500000003, "breach_share": 0.005, "breach_p1": 0.0, "breach_p2": 0.007692307692307693, "breach_p3": 0.0, "breach_p4": 0.0, "decisions": 400, "latency_ms_per_decision": 0.0083507364615798, "replans": null, "validator_ok": 1, "runtime_s": 0.00334029458463192}, "atc": {"variant": "pairs", "instance_id": "c01_replay_400_0158", "campus": 1, "size": 400, "track": "replay", "structure": "pairs", "phi": 1.0, "eta": 0.8, "m": 0.6, "u_target": null, "u_realized": null, "method": "atc", "seed": 301, "twt": 82.52000000000001, "makespan": 83.1808, "mean_flow": 3.2376802499999995, "breach_share": 0.005, "breach_p1": 0.0, "breach_p2": 0.007692307692307693, "breach_p3": 0.0, "breach_p4": 0.0, "decisions": 400, "latency_ms_per_decision": 0.009609689004719257, "replans": null, "validator_ok": 1, "runtime_s": 0.003843875601887703}, "pfifo": {"variant": "pairs", "instance_id": "c01_replay_400_0158", "campus": 1, "size": 400, "track": "replay", "structure": "pairs", "phi": 1.0, "eta": 0.8, "m": 0.6, "u_target": null, "u_realized": null, "method": "pfifo", "seed": 301, "twt": 82.52000000000001, "makespan": 83.1808, "mean_flow": 3.2311942499999997, "breach_share": 0.005, "breach_p1": 0.0, "breach_p2": 0.007692307692307693, "breach_p3": 0.0, "breach_p4": 0.0, "decisions": 400, "latency_ms_per_decision": 0.008156944531947374, "replans": null, "validator_ok": 1, "runtime_s": 0.0032627778127789497}, "mor": {"variant": "pairs", "instance_id": "c01_replay_400_0158", "campus": 1, "size": 400, "track": "replay", "structure": "pairs", "phi": 1.0, "eta": 0.8, "m": 0.6, "u_target": null, "u_realized": null, "method": "mor", "seed": 301, "twt": 82.52000000000001, "makespan": 83.1808, "mean_flow": 3.2463302499999998, "breach_share": 0.005, "breach_p1": 0.0, "breach_p2": 0.007692307692307693, "breach_p3": 0.0, "breach_p4": 0.0, "decisions": 400, "latency_ms_per_decision": 0.008097460959106684, "replans": null, "validator_ok": 1, "runtime_s": 0.0032389843836426735}, "lfj_atc": {"variant": "pairs", "instance_id": "c01_replay_400_0158", "campus": 1, "size": 400, "track": "replay", "structure": "pairs", "phi": 1.0, "eta": 0.8, "m": 0.6, "u_target": null, "u_realized": null, "method": "lfj_atc", "seed": 301, "twt": 82.52000000000001, "makespan": 83.1808, "mean_flow": 3.2376802499999995, "breach_share": 0.005, "breach_p1": 0.0, "breach_p2": 0.007692307692307693, "breach_p3": 0.0, "breach_p4": 0.0, "decisions": 400, "latency_ms_per_decision": 0.010882217902690172, "replans": null, "validator_ok": 1, "runtime_s": 0.004352887161076069}, "atc_eta": {"variant": "pairs", "instance_id": "c01_replay_400_0158", "campus": 1, "size": 400, "track": "replay", "structure": "pairs", "phi": 1.0, "eta": 0.8, "m": 0.6, "u_target": null, "u_realized": null, "method": "atc_eta", "seed": 301, "twt": 82.52000000000001, "makespan": 83.1808, "mean_flow": 3.2335704999999995, "breach_share": 0.005, "breach_p1": 0.0, "breach_p2": 0.007692307692307693, "breach_p3": 0.0, "breach_p4": 0.0, "decisions": 400, "latency_ms_per_decision": 0.014544273726642132, "replans": null, "validator_ok": 1, "runtime_s": 0.005817709490656853}, "random": {"variant": "pairs", "instance_id": "c01_replay_400_0158", "campus": 1, "size": 400, "track": "replay", "structure": "pairs", "phi": 1.0, "eta": 0.8, "m": 0.6, "u_target": null, "u_realized": null, "method": "random", "seed": 301, "twt": 82.52000000000001, "makespan": 83.1808, "mean_flow": 3.2509405000000005, "breach_share": 0.005, "breach_p1": 0.0, "breach_p2": 0.007692307692307693, "breach_p3": 0.0, "breach_p4": 0.0, "decisions": 400, "latency_ms_per_decision": 0.008203929755836725, "replans": null, "validator_ok": 1, "runtime_s": 0.00328157190233469}}, "budget_B": 57, "headcount": 57, "chain_order": ["D30", "D20", "D50", "D40", "D90", "C30", "MISC", "C10", "E10", "E20", "B20"]}