{"config_id": "c02_replay_150_0103__pairs_eta100", "rows": {"edd": {"variant": "pairs", "instance_id": "c02_replay_150_0103", "campus": 2, "size": 150, "track": "replay", "structure": "pairs", "phi": 1.0, "eta": 1.0, "m": 0.6, "u_target": null, "u_realized": null, "method": "edd", "seed": 301, "twt": 2990.2270000000003, "makespan": 150.6, "mean_flow": 15.804116666666662, "breach_share": 0.14, "breach_p1": 0.5, "breach_p2": 0.22972972972972974, "breach_p3": 0.03508771929824561, "breach_p4": 0.0, "decisions": 150, "latency_ms_per_decision": 0.0065410323441028595, "replans": null, "validator_ok": 1, "runtime_s": 0.000981154851615429}, "wspt": {"variant": "pairs", "instance_id": "c02_replay_150_0103", "campus": 2, "size": 150, "track": "replay", "structure": "pairs", "phi": 1.0, "eta": 1.0, "m": 0.6, "u_target": null, "u_realized": null, "method": "wspt", "seed": 301, "twt": 2970.5535999999997, "makespan": 155.0048, "mean_flow": 12.287804, "breach_share": 0.11333333333333333, "breach_p1": 0.5, "breach_p2": 0.17567567567567569, "breach_p3": 0.03508771929824561, "breach_p4": 0.0, "decisions": 150, "latency_ms_per_decision": 0.007206468532482783, "replans": null, "validator_ok": 1, "runtime_s": 0.0010809702798724174}, "atc": {"variant": "pairs", "instance_id": "c02_replay_150_0103", "campus": 2, "size": 150, "track": "replay", "structure": "pairs", "phi": 1.0, "eta": 1.0, "m": 0.6, "u_target": null, "u_realized": null, "method": "atc", "seed": 301, "twt": 2940.4932000000003, "makespan": 153.79149999999998, "mean_flow": 13.974645333333331, "breach_share": 0.10666666666666667, "breach_p1": 0.5, "breach_p2": 0.16216216216216217, "breach_p3": 0.03508771929824561, "breach_p4": 0.0, "decisions": 150, "latency_ms_per_decision": 0.008422167350848516, "replans": null, "validator_ok": 1, "runtime_s": 0.0012633251026272774}, "pfifo": {"variant": "pairs", "instance_id": "c02_replay_150_0103", "campus": 2, "size": 150, "track": "replay", "structure": "pairs", "phi": 1.0, "eta": 1.0, "m": 0.6, "u_target": null, "u_realized": null, "method": "pfifo", "seed": 301, "twt": 2990.2270000000003, "makespan": 150.6, "mean_flow": 15.804116666666662, "breach_share": 0.14, "breach_p1": 0.5, "breach_p2": 0.22972972972972974, "breach_p3": 0.03508771929824561, "breach_p4": 0.0, "decisions": 150, "latency_ms_per_decision": 0.025770726303259533, "replans": null, "validator_ok": 1, "runtime_s": 0.0038656089454889297}, "mor": {"variant": "pairs", "instance_id": "c02_replay_150_0103", "campus": 2, "size": 150, "track": "replay", "structure": "pairs", "phi": 1.0, "eta": 1.0, "m": 0.6, "u_target": null, "u_realized": null, "method": "mor", "seed": 301, "twt": 4552.290800000001, "makespan": 124.81479999999999, "mean_flow": 20.723048, "breach_share": 0.2, "breach_p1": 0.75, "breach_p2": 0.35135135135135137, "breach_p3": 0.017543859649122806, "breach_p4": 0.0, "decisions": 150, "latency_ms_per_decision": 0.00640277440349261, "replans": null, "validator_ok": 1, "runtime_s": 0.0009604161605238914}, "lfj_atc": {"variant": "pairs", "instance_id": "c02_replay_150_0103", "campus": 2, "size": 150, "track": "replay", "structure": "pairs", "phi": 1.0, "eta": 1.0, "m": 0.6, "u_target": null, "u_realized": null, "method": "lfj_atc", "seed": 301, "twt": 2940.4932000000003, "makespan": 153.79149999999998, "mean_flow": 13.979245333333331, "breach_share": 0.10666666666666667, "breach_p1": 0.5, "breach_p2": 0.16216216216216217, "breach_p3": 0.03508771929824561, "breach_p4": 0.0, "decisions": 150, "latency_ms_per_decision": 0.009969299038251242, "replans": null, "validator_ok": 1, "runtime_s": 0.0014953948557376862}, "atc_eta": {"variant": "pairs", "instance_id": "c02_replay_150_0103", "campus": 2, "size": 150, "track": "replay", "structure": "pairs", "phi": 1.0, "eta": 1.0, "m": 0.6, "u_target": null, "u_realized": null, "method": "atc_eta", "seed": 301, "twt": 2940.4932000000003, "makespan": 153.79149999999998, "mean_flow": 13.974645333333331, "breach_share": 0.10666666666666667, "breach_p1": 0.5, "breach_p2": 0.16216216216216217, "breach_p3": 0.03508771929824561, "breach_p4": 0.0, "decisions": 150, "latency_ms_per_decision": 0.011500753462314606, "replans": null, "validator_ok": 1, "runtime_s": 0.0017251130193471909}, "random": {"variant": "pairs", "instance_id": "c02_replay_150_0103", "campus": 2, "size": 150, "track": "replay", "structure": "pairs", "phi": 1.0, "eta": 1.0, "m": 0.6, "u_target": null, "u_realized": null, "method": "random", "seed": 301, "twt": 3192.9855999999995, "makespan": 153.0481, "mean_flow": 14.700844666666665, "breach_share": 0.16666666666666666, "breach_p1": 0.75, "breach_p2": 0.2702702702702703, "breach_p3": 0.03508771929824561, "breach_p4": 0.0, "decisions": 150, "latency_ms_per_decision": 0.006673131138086319, "replans": null, "validator_ok": 1, "runtime_s": 0.0010009696707129478}}, "budget_B": 24, "headcount": 24, "chain_order": ["MISC", "D30", "D20", "E10", "D50", "D40", "C10"]}