{"config_id": "c02_replay_150_0027__pairs_eta080_m080", "rows": {"edd": {"variant": "pairs", "instance_id": "c02_replay_150_0027", "campus": 2, "size": 150, "track": "replay", "structure": "pairs", "phi": 1.0, "eta": 0.8, "m": 0.8, "u_target": null, "u_realized": null, "method": "edd", "seed": 301, "twt": 2281.214, "makespan": 124.39, "mean_flow": 11.277562000000001, "breach_share": 0.06666666666666667, "breach_p1": 0.25, "breach_p2": 0.12121212121212122, "breach_p3": 0.016129032258064516, "breach_p4": 0.0, "decisions": 150, "latency_ms_per_decision": 0.006984788924455643, "replans": null, "validator_ok": 1, "runtime_s": 0.0010477183386683464}, "wspt": {"variant": "pairs", "instance_id": "c02_replay_150_0027", "campus": 2, "size": 150, "track": "replay", "structure": "pairs", "phi": 1.0, "eta": 0.8, "m": 0.8, "u_target": null, "u_realized": null, "method": "wspt", "seed": 301, "twt": 2231.574, "makespan": 123.0633, "mean_flow": 10.307603333333333, "breach_share": 0.06666666666666667, "breach_p1": 0.25, "breach_p2": 0.12121212121212122, "breach_p3": 0.016129032258064516, "breach_p4": 0.0, "decisions": 150, "latency_ms_per_decision": 0.006813965737819672, "replans": null, "validator_ok": 1, "runtime_s": 0.0010220948606729507}, "atc": {"variant": "pairs", "instance_id": "c02_replay_150_0027", "campus": 2, "size": 150, "track": "replay", "structure": "pairs", "phi": 1.0, "eta": 0.8, "m": 0.8, "u_target": null, "u_realized": null, "method": "atc", "seed": 301, "twt": 2281.494, "makespan": 123.0633, "mean_flow": 11.378518000000001, "breach_share": 0.06666666666666667, "breach_p1": 0.25, "breach_p2": 0.12121212121212122, "breach_p3": 0.016129032258064516, "breach_p4": 0.0, "decisions": 150, "latency_ms_per_decision": 0.008488210539023081, "replans": null, "validator_ok": 1, "runtime_s": 0.0012732315808534622}, "pfifo": {"variant": "pairs", "instance_id": "c02_replay_150_0027", "campus": 2, "size": 150, "track": "replay", "structure": "pairs", "phi": 1.0, "eta": 0.8, "m": 0.8, "u_target": null, "u_realized": null, "method": "pfifo", "seed": 301, "twt": 2281.214, "makespan": 124.39, "mean_flow": 11.277562000000001, "breach_share": 0.06666666666666667, "breach_p1": 0.25, "breach_p2": 0.12121212121212122, "breach_p3": 0.016129032258064516, "breach_p4": 0.0, "decisions": 150, "latency_ms_per_decision": 0.006886795163154602, "replans": null, "validator_ok": 1, "runtime_s": 0.0010330192744731903}, "mor": {"variant": "pairs", "instance_id": "c02_replay_150_0027", "campus": 2, "size": 150, "track": "replay", "structure": "pairs", "phi": 1.0, "eta": 0.8, "m": 0.8, "u_target": null, "u_realized": null, "method": "mor", "seed": 301, "twt": 2315.5612, "makespan": 124.39, "mean_flow": 12.990336666666666, "breach_share": 0.08666666666666667, "breach_p1": 0.25, "breach_p2": 0.16666666666666666, "breach_p3": 0.016129032258064516, "breach_p4": 0.0, "decisions": 150, "latency_ms_per_decision": 0.006815654536088307, "replans": null, "validator_ok": 1, "runtime_s": 0.0010223481804132462}, "lfj_atc": {"variant": "pairs", "instance_id": "c02_replay_150_0027", "campus": 2, "size": 150, "track": "replay", "structure": "pairs", "phi": 1.0, "eta": 0.8, "m": 0.8, "u_target": null, "u_realized": null, "method": "lfj_atc", "seed": 301, "twt": 2281.494, "makespan": 123.0633, "mean_flow": 11.378518000000001, "breach_share": 0.06666666666666667, "breach_p1": 0.25, "breach_p2": 0.12121212121212122, "breach_p3": 0.016129032258064516, "breach_p4": 0.0, "decisions": 150, "latency_ms_per_decision": 0.00982668250799179, "replans": null, "validator_ok": 1, "runtime_s": 0.0014740023761987686}, "atc_eta": {"variant": "pairs", "instance_id": "c02_replay_150_0027", "campus": 2, "size": 150, "track": "replay", "structure": "pairs", "phi": 1.0, "eta": 0.8, "m": 0.8, "u_target": null, "u_realized": null, "method": "atc_eta", "seed": 301, "twt": 2281.494, "makespan": 123.0633, "mean_flow": 11.378518000000001, "breach_share": 0.06666666666666667, "breach_p1": 0.25, "breach_p2": 0.12121212121212122, "breach_p3": 0.016129032258064516, "breach_p4": 0.0, "decisions": 150, "latency_ms_per_decision": 0.01171195258696874, "replans": null, "validator_ok": 1, "runtime_s": 0.001756792888045311}, "random": {"variant": "pairs", "instance_id": "c02_replay_150_0027", "campus": 2, "size": 150, "track": "replay", "structure": "pairs", "phi": 1.0, "eta": 0.8, "m": 0.8, "u_target": null, "u_realized": null, "method": "random", "seed": 301, "twt": 2222.294, "makespan": 123.0633, "mean_flow": 11.010472666666669, "breach_share": 0.06666666666666667, "breach_p1": 0.25, "breach_p2": 0.12121212121212122, "breach_p3": 0.016129032258064516, "breach_p4": 0.0, "decisions": 150, "latency_ms_per_decision": 0.00673155610760053, "replans": null, "validator_ok": 1, "runtime_s": 0.0010097334161400795}}, "budget_B": 29, "headcount": 29, "chain_order": ["MISC", "D30", "D20", "E10", "D50", "D40", "C10"]}