{"config_id": "c02_replay_150_0044__feas_eta100_m080", "rows": {"edd": {"variant": "feas", "instance_id": "c02_replay_150_0044", "campus": 2, "size": 150, "track": "replay", "structure": "feas", "phi": 1.0, "eta": 1.0, "m": 0.8, "u_target": null, "u_realized": null, "method": "edd", "seed": 301, "twt": 1232.7984000000001, "makespan": 99.9448, "mean_flow": 14.955098000000001, "breach_share": 0.04, "breach_p1": 0.5, "breach_p2": 0.10869565217391304, "breach_p3": 0.0, "breach_p4": 0.0, "decisions": 150, "latency_ms_per_decision": 0.0082927073041598, "replans": null, "validator_ok": 1, "runtime_s": 0.00124390609562397}, "wspt": {"variant": "feas", "instance_id": "c02_replay_150_0044", "campus": 2, "size": 150, "track": "replay", "structure": "feas", "phi": 1.0, "eta": 1.0, "m": 0.8, "u_target": null, "u_realized": null, "method": "wspt", "seed": 301, "twt": 1257.6516000000001, "makespan": 100.5281, "mean_flow": 12.728656666666668, "breach_share": 0.04666666666666667, "breach_p1": 0.5, "breach_p2": 0.13043478260869565, "breach_p3": 0.0, "breach_p4": 0.0, "decisions": 150, "latency_ms_per_decision": 0.008891820907592773, "replans": null, "validator_ok": 1, "runtime_s": 0.001333773136138916}, "atc": {"variant": "feas", "instance_id": "c02_replay_150_0044", "campus": 2, "size": 150, "track": "replay", "structure": "feas", "phi": 1.0, "eta": 1.0, "m": 0.8, "u_target": null, "u_realized": null, "method": "atc", "seed": 301, "twt": 1241.5048000000002, "makespan": 100.5281, "mean_flow": 17.555432666666665, "breach_share": 0.04, "breach_p1": 0.5, "breach_p2": 0.10869565217391304, "breach_p3": 0.0, "breach_p4": 0.0, "decisions": 150, "latency_ms_per_decision": 0.013738200068473816, "replans": null, "validator_ok": 1, "runtime_s": 0.0020607300102710724}, "pfifo": {"variant": "feas", "instance_id": "c02_replay_150_0044", "campus": 2, "size": 150, "track": "replay", "structure": "feas", "phi": 1.0, "eta": 1.0, "m": 0.8, "u_target": null, "u_realized": null, "method": "pfifo", "seed": 301, "twt": 1232.7984000000001, "makespan": 99.9448, "mean_flow": 14.955098000000001, "breach_share": 0.04, "breach_p1": 0.5, "breach_p2": 0.10869565217391304, "breach_p3": 0.0, "breach_p4": 0.0, "decisions": 150, "latency_ms_per_decision": 0.009006305287281672, "replans": null, "validator_ok": 1, "runtime_s": 0.0013509457930922508}, "mor": {"variant": "feas", "instance_id": "c02_replay_150_0044", "campus": 2, "size": 150, "track": "replay", "structure": "feas", "phi": 1.0, "eta": 1.0, "m": 0.8, "u_target": null, "u_realized": null, "method": "mor", "seed": 301, "twt": 1288.5984, "makespan": 99.4748, "mean_flow": 20.74741, "breach_share": 0.06, "breach_p1": 0.5, "breach_p2": 0.17391304347826086, "breach_p3": 0.0, "breach_p4": 0.0, "decisions": 150, "latency_ms_per_decision": 0.008195514480272928, "replans": null, "validator_ok": 1, "runtime_s": 0.0012293271720409393}, "lfj_atc": {"variant": "feas", "instance_id": "c02_replay_150_0044", "campus": 2, "size": 150, "track": "replay", "structure": "feas", "phi": 1.0, "eta": 1.0, "m": 0.8, "u_target": null, "u_realized": null, "method": "lfj_atc", "seed": 301, "twt": 1241.5048000000002, "makespan": 100.5281, "mean_flow": 17.554032666666664, "breach_share": 0.04, "breach_p1": 0.5, "breach_p2": 0.10869565217391304, "breach_p3": 0.0, "breach_p4": 0.0, "decisions": 150, "latency_ms_per_decision": 0.01573272670308749, "replans": null, "validator_ok": 1, "runtime_s": 0.0023599090054631233}, "atc_eta": {"variant": "feas", "instance_id": "c02_replay_150_0044", "campus": 2, "size": 150, "track": "replay", "structure": "feas", "phi": 1.0, "eta": 1.0, "m": 0.8, "u_target": null, "u_realized": null, "method": "atc_eta", "seed": 301, "twt": 1241.5048000000002, "makespan": 100.5281, "mean_flow": 17.555432666666665, "breach_share": 0.04, "breach_p1": 0.5, "breach_p2": 0.10869565217391304, "breach_p3": 0.0, "breach_p4": 0.0, "decisions": 150, "latency_ms_per_decision": 0.018283836543560028, "replans": null, "validator_ok": 1, "runtime_s": 0.002742575481534004}, "random": {"variant": "feas", "instance_id": "c02_replay_150_0044", "campus": 2, "size": 150, "track": "replay", "structure": "feas", "phi": 1.0, "eta": 1.0, "m": 0.8, "u_target": null, "u_realized": null, "method": "random", "seed": 301, "twt": 1303.558, "makespan": 99.9448, "mean_flow": 15.759764666666667, "breach_share": 0.06, "breach_p1": 0.5, "breach_p2": 0.17391304347826086, "breach_p3": 0.0, "breach_p4": 0.0, "decisions": 150, "latency_ms_per_decision": 0.006794569392999013, "replans": null, "validator_ok": 1, "runtime_s": 0.001019185408949852}}, "budget_B": 29, "headcount": 29, "chain_order": ["D30", "D20", "D40", "MISC", "E10", "D50", "C10"]}