{"config_id": "c02_replay_150_0065__feas_eta080", "rows": {"edd": {"variant": "feas", "instance_id": "c02_replay_150_0065", "campus": 2, "size": 150, "track": "replay", "structure": "feas", "phi": 1.0, "eta": 0.8, "m": 0.6, "u_target": null, "u_realized": null, "method": "edd", "seed": 301, "twt": 4.97999999999999, "makespan": 82.49, "mean_flow": 18.96467866666667, "breach_share": 0.006666666666666667, "breach_p1": null, "breach_p2": 0.0, "breach_p3": 0.14285714285714285, "breach_p4": 0.0, "decisions": 150, "latency_ms_per_decision": 0.010570275286833445, "replans": null, "validator_ok": 1, "runtime_s": 0.0015855412930250168}, "wspt": {"variant": "feas", "instance_id": "c02_replay_150_0065", "campus": 2, "size": 150, "track": "replay", "structure": "feas", "phi": 1.0, "eta": 0.8, "m": 0.6, "u_target": null, "u_realized": null, "method": "wspt", "seed": 301, "twt": 4.97999999999999, "makespan": 82.49, "mean_flow": 14.303567999999999, "breach_share": 0.006666666666666667, "breach_p1": null, "breach_p2": 0.0, "breach_p3": 0.14285714285714285, "breach_p4": 0.0, "decisions": 150, "latency_ms_per_decision": 0.012768258651097616, "replans": null, "validator_ok": 1, "runtime_s": 0.0019152387976646423}, "atc": {"variant": "feas", "instance_id": "c02_replay_150_0065", "campus": 2, "size": 150, "track": "replay", "structure": "feas", "phi": 1.0, "eta": 0.8, "m": 0.6, "u_target": null, "u_realized": null, "method": "atc", "seed": 301, "twt": 4.97999999999999, "makespan": 82.49, "mean_flow": 14.979902000000003, "breach_share": 0.006666666666666667, "breach_p1": null, "breach_p2": 0.0, "breach_p3": 0.14285714285714285, "breach_p4": 0.0, "decisions": 150, "latency_ms_per_decision": 0.024488636602958042, "replans": null, "validator_ok": 1, "runtime_s": 0.0036732954904437065}, "pfifo": {"variant": "feas", "instance_id": "c02_replay_150_0065", "campus": 2, "size": 150, "track": "replay", "structure": "feas", "phi": 1.0, "eta": 0.8, "m": 0.6, "u_target": null, "u_realized": null, "method": "pfifo", "seed": 301, "twt": 4.97999999999999, "makespan": 82.49, "mean_flow": 18.96467866666667, "breach_share": 0.006666666666666667, "breach_p1": null, "breach_p2": 0.0, "breach_p3": 0.14285714285714285, "breach_p4": 0.0, "decisions": 150, "latency_ms_per_decision": 0.01286365712682406, "replans": null, "validator_ok": 1, "runtime_s": 0.0019295485690236092}, "mor": {"variant": "feas", "instance_id": "c02_replay_150_0065", "campus": 2, "size": 150, "track": "replay", "structure": "feas", "phi": 1.0, "eta": 0.8, "m": 0.6, "u_target": null, "u_realized": null, "method": "mor", "seed": 301, "twt": 4.97999999999999, "makespan": 82.49, "mean_flow": 21.139390666666667, "breach_share": 0.006666666666666667, "breach_p1": null, "breach_p2": 0.0, "breach_p3": 0.14285714285714285, "breach_p4": 0.0, "decisions": 150, "latency_ms_per_decision": 0.011824611574411392, "replans": null, "validator_ok": 1, "runtime_s": 0.0017736917361617088}, "lfj_atc": {"variant": "feas", "instance_id": "c02_replay_150_0065", "campus": 2, "size": 150, "track": "replay", "structure": "feas", "phi": 1.0, "eta": 0.8, "m": 0.6, "u_target": null, "u_realized": null, "method": "lfj_atc", "seed": 301, "twt": 4.97999999999999, "makespan": 82.49, "mean_flow": 14.981435333333332, "breach_share": 0.006666666666666667, "breach_p1": null, "breach_p2": 0.0, "breach_p3": 0.14285714285714285, "breach_p4": 0.0, "decisions": 150, "latency_ms_per_decision": 0.027722834299008053, "replans": null, "validator_ok": 1, "runtime_s": 0.004158425144851208}, "atc_eta": {"variant": "feas", "instance_id": "c02_replay_150_0065", "campus": 2, "size": 150, "track": "replay", "structure": "feas", "phi": 1.0, "eta": 0.8, "m": 0.6, "u_target": null, "u_realized": null, "method": "atc_eta", "seed": 301, "twt": 4.97999999999999, "makespan": 82.49, "mean_flow": 14.979902000000003, "breach_share": 0.006666666666666667, "breach_p1": null, "breach_p2": 0.0, "breach_p3": 0.14285714285714285, "breach_p4": 0.0, "decisions": 150, "latency_ms_per_decision": 0.03213717912634214, "replans": null, "validator_ok": 1, "runtime_s": 0.004820576868951321}, "random": {"variant": "feas", "instance_id": "c02_replay_150_0065", "campus": 2, "size": 150, "track": "replay", "structure": "feas", "phi": 1.0, "eta": 0.8, "m": 0.6, "u_target": null, "u_realized": null, "method": "random", "seed": 301, "twt": 4.97999999999999, "makespan": 82.49, "mean_flow": 17.63963266666667, "breach_share": 0.006666666666666667, "breach_p1": null, "breach_p2": 0.0, "breach_p3": 0.14285714285714285, "breach_p4": 0.0, "decisions": 150, "latency_ms_per_decision": 0.00716553380091985, "replans": null, "validator_ok": 1, "runtime_s": 0.0010748300701379776}}, "budget_B": 24, "headcount": 24, "chain_order": ["D30", "D20", "D40", "MISC", "E10", "D50", "C10"]}