{"config_id": "c02_replay_400_0011__feas_eta100", "rows": {"edd": {"variant": "feas", "instance_id": "c02_replay_400_0011", "campus": 2, "size": 400, "track": "replay", "structure": "feas", "phi": 1.0, "eta": 1.0, "m": 0.6, "u_target": null, "u_realized": null, "method": "edd", "seed": 301, "twt": 696.7614, "makespan": 173.55670000000003, "mean_flow": 38.655543249999994, "breach_share": 0.0175, "breach_p1": 0.0, "breach_p2": 0.06896551724137931, "breach_p3": 0.05, "breach_p4": 0.0, "decisions": 400, "latency_ms_per_decision": 0.00982929952442646, "replans": null, "validator_ok": 1, "runtime_s": 0.003931719809770584}, "wspt": {"variant": "feas", "instance_id": "c02_replay_400_0011", "campus": 2, "size": 400, "track": "replay", "structure": "feas", "phi": 1.0, "eta": 1.0, "m": 0.6, "u_target": null, "u_realized": null, "method": "wspt", "seed": 301, "twt": 996.2812000000001, "makespan": 189.0181, "mean_flow": 19.44784, "breach_share": 0.02, "breach_p1": 0.0, "breach_p2": 0.08620689655172414, "breach_p3": 0.05, "breach_p4": 0.0, "decisions": 400, "latency_ms_per_decision": 0.010771097149699926, "replans": null, "validator_ok": 1, "runtime_s": 0.0043084388598799706}, "atc": {"variant": "feas", "instance_id": "c02_replay_400_0011", "campus": 2, "size": 400, "track": "replay", "structure": "feas", "phi": 1.0, "eta": 1.0, "m": 0.6, "u_target": null, "u_realized": null, "method": "atc", "seed": 301, "twt": 683.9346, "makespan": 161.22670000000002, "mean_flow": 29.289238250000004, "breach_share": 0.015, "breach_p1": 0.0, "breach_p2": 0.05172413793103448, "breach_p3": 0.05, "breach_p4": 0.0, "decisions": 400, "latency_ms_per_decision": 0.020007824059575796, "replans": null, "validator_ok": 1, "runtime_s": 0.008003129623830318}, "pfifo": {"variant": "feas", "instance_id": "c02_replay_400_0011", "campus": 2, "size": 400, "track": "replay", "structure": "feas", "phi": 1.0, "eta": 1.0, "m": 0.6, "u_target": null, "u_realized": null, "method": "pfifo", "seed": 301, "twt": 696.7614, "makespan": 173.55670000000003, "mean_flow": 38.655543249999994, "breach_share": 0.0175, "breach_p1": 0.0, "breach_p2": 0.06896551724137931, "breach_p3": 0.05, "breach_p4": 0.0, "decisions": 400, "latency_ms_per_decision": 0.010995340999215841, "replans": null, "validator_ok": 1, "runtime_s": 0.0043981363996863365}, "mor": {"variant": "feas", "instance_id": "c02_replay_400_0011", "campus": 2, "size": 400, "track": "replay", "structure": "feas", "phi": 1.0, "eta": 1.0, "m": 0.6, "u_target": null, "u_realized": null, "method": "mor", "seed": 301, "twt": 3674.2960000000003, "makespan": 151.2467, "mean_flow": 59.3192915, "breach_share": 0.0475, "breach_p1": 0.3333333333333333, "breach_p2": 0.13793103448275862, "breach_p3": 0.16666666666666666, "breach_p4": 0.0, "decisions": 400, "latency_ms_per_decision": 0.010088840499520302, "replans": null, "validator_ok": 1, "runtime_s": 0.004035536199808121}, "lfj_atc": {"variant": "feas", "instance_id": "c02_replay_400_0011", "campus": 2, "size": 400, "track": "replay", "structure": "feas", "phi": 1.0, "eta": 1.0, "m": 0.6, "u_target": null, "u_realized": null, "method": "lfj_atc", "seed": 301, "twt": 683.9346, "makespan": 161.10670000000002, "mean_flow": 29.290888250000002, "breach_share": 0.015, "breach_p1": 0.0, "breach_p2": 0.05172413793103448, "breach_p3": 0.05, "breach_p4": 0.0, "decisions": 400, "latency_ms_per_decision": 0.021801232360303402, "replans": null, "validator_ok": 1, "runtime_s": 0.00872049294412136}, "atc_eta": {"variant": "feas", "instance_id": "c02_replay_400_0011", "campus": 2, "size": 400, "track": "replay", "structure": "feas", "phi": 1.0, "eta": 1.0, "m": 0.6, "u_target": null, "u_realized": null, "method": "atc_eta", "seed": 301, "twt": 683.9346, "makespan": 161.22670000000002, "mean_flow": 29.289238250000004, "breach_share": 0.015, "breach_p1": 0.0, "breach_p2": 0.05172413793103448, "breach_p3": 0.05, "breach_p4": 0.0, "decisions": 400, "latency_ms_per_decision": 0.03794790944084525, "replans": null, "validator_ok": 1, "runtime_s": 0.0151791637763381}, "random": {"variant": "feas", "instance_id": "c02_replay_400_0011", "campus": 2, "size": 400, "track": "replay", "structure": "feas", "phi": 1.0, "eta": 1.0, "m": 0.6, "u_target": null, "u_realized": null, "method": "random", "seed": 301, "twt": 1671.9274, "makespan": 177.1415, "mean_flow": 31.583902750000004, "breach_share": 0.025, "breach_p1": 0.3333333333333333, "breach_p2": 0.10344827586206896, "breach_p3": 0.05, "breach_p4": 0.0, "decisions": 400, "latency_ms_per_decision": 0.013031915295869112, "replans": null, "validator_ok": 1, "runtime_s": 0.005212766118347645}}, "budget_B": 24, "headcount": 24, "chain_order": ["D30", "D20", "D40", "MISC", "E10", "D50", "C10"]}