{"config_id": "c02_replay_150_0013__feas_eta100", "rows": {"edd": {"variant": "feas", "instance_id": "c02_replay_150_0013", "campus": 2, "size": 150, "track": "replay", "structure": "feas", "phi": 1.0, "eta": 1.0, "m": 0.6, "u_target": null, "u_realized": null, "method": "edd", "seed": 301, "twt": 1317.6490000000003, "makespan": 198.62810000000002, "mean_flow": 16.715287333333336, "breach_share": 0.1, "breach_p1": 0.5, "breach_p2": 0.05660377358490566, "breach_p3": 0.19642857142857142, "breach_p4": 0.0, "decisions": 150, "latency_ms_per_decision": 0.006691763798395793, "replans": null, "validator_ok": 1, "runtime_s": 0.001003764569759369}, "wspt": {"variant": "feas", "instance_id": "c02_replay_150_0013", "campus": 2, "size": 150, "track": "replay", "structure": "feas", "phi": 1.0, "eta": 1.0, "m": 0.6, "u_target": null, "u_realized": null, "method": "wspt", "seed": 301, "twt": 1013.7974, "makespan": 204.7081, "mean_flow": 11.640136666666667, "breach_share": 0.06, "breach_p1": 0.5, "breach_p2": 0.05660377358490566, "breach_p3": 0.08928571428571429, "breach_p4": 0.0, "decisions": 150, "latency_ms_per_decision": 0.006740198781092961, "replans": null, "validator_ok": 1, "runtime_s": 0.0010110298171639442}, "atc": {"variant": "feas", "instance_id": "c02_replay_150_0013", "campus": 2, "size": 150, "track": "replay", "structure": "feas", "phi": 1.0, "eta": 1.0, "m": 0.6, "u_target": null, "u_realized": null, "method": "atc", "seed": 301, "twt": 987.0442, "makespan": 203.4115, "mean_flow": 11.818537999999998, "breach_share": 0.06, "breach_p1": 0.5, "breach_p2": 0.05660377358490566, "breach_p3": 0.08928571428571429, "breach_p4": 0.0, "decisions": 150, "latency_ms_per_decision": 0.008614826947450638, "replans": null, "validator_ok": 1, "runtime_s": 0.0012922240421175957}, "pfifo": {"variant": "feas", "instance_id": "c02_replay_150_0013", "campus": 2, "size": 150, "track": "replay", "structure": "feas", "phi": 1.0, "eta": 1.0, "m": 0.6, "u_target": null, "u_realized": null, "method": "pfifo", "seed": 301, "twt": 1317.6490000000003, "makespan": 198.62810000000002, "mean_flow": 16.715287333333336, "breach_share": 0.1, "breach_p1": 0.5, "breach_p2": 0.05660377358490566, "breach_p3": 0.19642857142857142, "breach_p4": 0.0, "decisions": 150, "latency_ms_per_decision": 0.00691997508207957, "replans": null, "validator_ok": 1, "runtime_s": 0.0010379962623119354}, "mor": {"variant": "feas", "instance_id": "c02_replay_150_0013", "campus": 2, "size": 150, "track": "replay", "structure": "feas", "phi": 1.0, "eta": 1.0, "m": 0.6, "u_target": null, "u_realized": null, "method": "mor", "seed": 301, "twt": 1894.9108000000008, "makespan": 192.5481, "mean_flow": 23.022006666666666, "breach_share": 0.21333333333333335, "breach_p1": 0.5, "breach_p2": 0.3018867924528302, "breach_p3": 0.26785714285714285, "breach_p4": 0.0, "decisions": 150, "latency_ms_per_decision": 0.006789794812599818, "replans": null, "validator_ok": 1, "runtime_s": 0.0010184692218899727}, "lfj_atc": {"variant": "feas", "instance_id": "c02_replay_150_0013", "campus": 2, "size": 150, "track": "replay", "structure": "feas", "phi": 1.0, "eta": 1.0, "m": 0.6, "u_target": null, "u_realized": null, "method": "lfj_atc", "seed": 301, "twt": 987.0442, "makespan": 203.4115, "mean_flow": 11.818804666666665, "breach_share": 0.06, "breach_p1": 0.5, "breach_p2": 0.05660377358490566, "breach_p3": 0.08928571428571429, "breach_p4": 0.0, "decisions": 150, "latency_ms_per_decision": 0.010079188893238703, "replans": null, "validator_ok": 1, "runtime_s": 0.0015118783339858055}, "atc_eta": {"variant": "feas", "instance_id": "c02_replay_150_0013", "campus": 2, "size": 150, "track": "replay", "structure": "feas", "phi": 1.0, "eta": 1.0, "m": 0.6, "u_target": null, "u_realized": null, "method": "atc_eta", "seed": 301, "twt": 987.0442, "makespan": 203.4115, "mean_flow": 11.818537999999998, "breach_share": 0.06, "breach_p1": 0.5, "breach_p2": 0.05660377358490566, "breach_p3": 0.08928571428571429, "breach_p4": 0.0, "decisions": 150, "latency_ms_per_decision": 0.011377222836017609, "replans": null, "validator_ok": 1, "runtime_s": 0.0017065834254026413}, "random": {"variant": "feas", "instance_id": "c02_replay_150_0013", "campus": 2, "size": 150, "track": "replay", "structure": "feas", "phi": 1.0, "eta": 1.0, "m": 0.6, "u_target": null, "u_realized": null, "method": "random", "seed": 301, "twt": 1288.2020000000002, "makespan": 206.7615, "mean_flow": 15.236995333333335, "breach_share": 0.1, "breach_p1": 0.5, "breach_p2": 0.07547169811320754, "breach_p3": 0.17857142857142858, "breach_p4": 0.0, "decisions": 150, "latency_ms_per_decision": 0.006496701389551163, "replans": null, "validator_ok": 1, "runtime_s": 0.0009745052084326744}}, "budget_B": 24, "headcount": 24, "chain_order": ["D30", "D20", "D40", "MISC", "E10", "D50", "C10"]}