{"config_id": "c02_replay_150_0029__pairs_eta080", "rows": {"edd": {"variant": "pairs", "instance_id": "c02_replay_150_0029", "campus": 2, "size": 150, "track": "replay", "structure": "pairs", "phi": 1.0, "eta": 0.8, "m": 0.6, "u_target": null, "u_realized": null, "method": "edd", "seed": 301, "twt": 1063.962, "makespan": 143.24, "mean_flow": 10.744252666666668, "breach_share": 0.07333333333333333, "breach_p1": 0.6, "breach_p2": 0.07142857142857142, "breach_p3": 0.04918032786885246, "breach_p4": 0.0, "decisions": 150, "latency_ms_per_decision": 0.006680283695459366, "replans": null, "validator_ok": 1, "runtime_s": 0.0010020425543189049}, "wspt": {"variant": "pairs", "instance_id": "c02_replay_150_0029", "campus": 2, "size": 150, "track": "replay", "structure": "pairs", "phi": 1.0, "eta": 0.8, "m": 0.6, "u_target": null, "u_realized": null, "method": "wspt", "seed": 301, "twt": 1133.8555999999999, "makespan": 147.21, "mean_flow": 9.872253333333335, "breach_share": 0.07333333333333333, "breach_p1": 0.6, "breach_p2": 0.07142857142857142, "breach_p3": 0.04918032786885246, "breach_p4": 0.0, "decisions": 150, "latency_ms_per_decision": 0.006656330078840256, "replans": null, "validator_ok": 1, "runtime_s": 0.0009984495118260384}, "atc": {"variant": "pairs", "instance_id": "c02_replay_150_0029", "campus": 2, "size": 150, "track": "replay", "structure": "pairs", "phi": 1.0, "eta": 0.8, "m": 0.6, "u_target": null, "u_realized": null, "method": "atc", "seed": 301, "twt": 1088.3220000000001, "makespan": 142.7233, "mean_flow": 10.539819333333334, "breach_share": 0.06666666666666667, "breach_p1": 0.6, "breach_p2": 0.05714285714285714, "breach_p3": 0.04918032786885246, "breach_p4": 0.0, "decisions": 150, "latency_ms_per_decision": 0.010667076955238977, "replans": null, "validator_ok": 1, "runtime_s": 0.0016000615432858467}, "pfifo": {"variant": "pairs", "instance_id": "c02_replay_150_0029", "campus": 2, "size": 150, "track": "replay", "structure": "pairs", "phi": 1.0, "eta": 0.8, "m": 0.6, "u_target": null, "u_realized": null, "method": "pfifo", "seed": 301, "twt": 1063.962, "makespan": 143.24, "mean_flow": 10.744252666666668, "breach_share": 0.07333333333333333, "breach_p1": 0.6, "breach_p2": 0.07142857142857142, "breach_p3": 0.04918032786885246, "breach_p4": 0.0, "decisions": 150, "latency_ms_per_decision": 0.006784157206614812, "replans": null, "validator_ok": 1, "runtime_s": 0.0010176235809922218}, "mor": {"variant": "pairs", "instance_id": "c02_replay_150_0029", "campus": 2, "size": 150, "track": "replay", "structure": "pairs", "phi": 1.0, "eta": 0.8, "m": 0.6, "u_target": null, "u_realized": null, "method": "mor", "seed": 301, "twt": 2384.5632000000005, "makespan": 142.7233, "mean_flow": 17.731174, "breach_share": 0.22, "breach_p1": 0.6, "breach_p2": 0.38571428571428573, "breach_p3": 0.04918032786885246, "breach_p4": 0.0, "decisions": 150, "latency_ms_per_decision": 0.006938241422176361, "replans": null, "validator_ok": 1, "runtime_s": 0.0010407362133264542}, "lfj_atc": {"variant": "pairs", "instance_id": "c02_replay_150_0029", "campus": 2, "size": 150, "track": "replay", "structure": "pairs", "phi": 1.0, "eta": 0.8, "m": 0.6, "u_target": null, "u_realized": null, "method": "lfj_atc", "seed": 301, "twt": 1088.3220000000001, "makespan": 142.7233, "mean_flow": 10.539819333333334, "breach_share": 0.06666666666666667, "breach_p1": 0.6, "breach_p2": 0.05714285714285714, "breach_p3": 0.04918032786885246, "breach_p4": 0.0, "decisions": 150, "latency_ms_per_decision": 0.00953668107589086, "replans": null, "validator_ok": 1, "runtime_s": 0.0014305021613836288}, "atc_eta": {"variant": "pairs", "instance_id": "c02_replay_150_0029", "campus": 2, "size": 150, "track": "replay", "structure": "pairs", "phi": 1.0, "eta": 0.8, "m": 0.6, "u_target": null, "u_realized": null, "method": "atc_eta", "seed": 301, "twt": 1088.3220000000001, "makespan": 142.7233, "mean_flow": 10.539819333333334, "breach_share": 0.06666666666666667, "breach_p1": 0.6, "breach_p2": 0.05714285714285714, "breach_p3": 0.04918032786885246, "breach_p4": 0.0, "decisions": 150, "latency_ms_per_decision": 0.010825265198946, "replans": null, "validator_ok": 1, "runtime_s": 0.0016237897798418999}, "random": {"variant": "pairs", "instance_id": "c02_replay_150_0029", "campus": 2, "size": 150, "track": "replay", "structure": "pairs", "phi": 1.0, "eta": 0.8, "m": 0.6, "u_target": null, "u_realized": null, "method": "random", "seed": 301, "twt": 1306.0164000000002, "makespan": 142.7233, "mean_flow": 13.040642, "breach_share": 0.12666666666666668, "breach_p1": 0.6, "breach_p2": 0.18571428571428572, "breach_p3": 0.04918032786885246, "breach_p4": 0.0, "decisions": 150, "latency_ms_per_decision": 0.006526739646991094, "replans": null, "validator_ok": 1, "runtime_s": 0.000979010947048664}}, "budget_B": 24, "headcount": 24, "chain_order": ["MISC", "D30", "D20", "E10", "D50", "D40", "C10"]}