{"config_id": "c02_replay_150_0046__pairs_eta080_m080", "rows": {"edd": {"variant": "pairs", "instance_id": "c02_replay_150_0046", "campus": 2, "size": 150, "track": "replay", "structure": "pairs", "phi": 1.0, "eta": 0.8, "m": 0.8, "u_target": null, "u_realized": null, "method": "edd", "seed": 301, "twt": 3136.9559999999997, "makespan": 122.75670000000001, "mean_flow": 14.259756000000001, "breach_share": 0.10666666666666667, "breach_p1": 0.75, "breach_p2": 0.1875, "breach_p3": 0.015873015873015872, "breach_p4": 0.0, "decisions": 150, "latency_ms_per_decision": 0.004989057779312134, "replans": null, "validator_ok": 1, "runtime_s": 0.0007483586668968201}, "wspt": {"variant": "pairs", "instance_id": "c02_replay_150_0046", "campus": 2, "size": 150, "track": "replay", "structure": "pairs", "phi": 1.0, "eta": 0.8, "m": 0.8, "u_target": null, "u_realized": null, "method": "wspt", "seed": 301, "twt": 3224.7559999999994, "makespan": 122.75670000000001, "mean_flow": 13.593799333333333, "breach_share": 0.10666666666666667, "breach_p1": 0.75, "breach_p2": 0.1875, "breach_p3": 0.015873015873015872, "breach_p4": 0.0, "decisions": 150, "latency_ms_per_decision": 0.004832949489355087, "replans": null, "validator_ok": 1, "runtime_s": 0.0007249424234032631}, "atc": {"variant": "pairs", "instance_id": "c02_replay_150_0046", "campus": 2, "size": 150, "track": "replay", "structure": "pairs", "phi": 1.0, "eta": 0.8, "m": 0.8, "u_target": null, "u_realized": null, "method": "atc", "seed": 301, "twt": 3209.4764000000005, "makespan": 122.75670000000001, "mean_flow": 14.764262666666664, "breach_share": 0.11333333333333333, "breach_p1": 0.75, "breach_p2": 0.203125, "breach_p3": 0.015873015873015872, "breach_p4": 0.0, "decisions": 150, "latency_ms_per_decision": 0.006176251918077469, "replans": null, "validator_ok": 1, "runtime_s": 0.0009264377877116203}, "pfifo": {"variant": "pairs", "instance_id": "c02_replay_150_0046", "campus": 2, "size": 150, "track": "replay", "structure": "pairs", "phi": 1.0, "eta": 0.8, "m": 0.8, "u_target": null, "u_realized": null, "method": "pfifo", "seed": 301, "twt": 3136.9559999999997, "makespan": 122.75670000000001, "mean_flow": 14.259756000000001, "breach_share": 0.10666666666666667, "breach_p1": 0.75, "breach_p2": 0.1875, "breach_p3": 0.015873015873015872, "breach_p4": 0.0, "decisions": 150, "latency_ms_per_decision": 0.00502778838078181, "replans": null, "validator_ok": 1, "runtime_s": 0.0007541682571172714}, "mor": {"variant": "pairs", "instance_id": "c02_replay_150_0046", "campus": 2, "size": 150, "track": "replay", "structure": "pairs", "phi": 1.0, "eta": 0.8, "m": 0.8, "u_target": null, "u_realized": null, "method": "mor", "seed": 301, "twt": 3946.943599999999, "makespan": 122.75670000000001, "mean_flow": 19.073595333333333, "breach_share": 0.20666666666666667, "breach_p1": 1.0, "breach_p2": 0.40625, "breach_p3": 0.015873015873015872, "breach_p4": 0.0, "decisions": 150, "latency_ms_per_decision": 0.004994738847017288, "replans": null, "validator_ok": 1, "runtime_s": 0.0007492108270525932}, "lfj_atc": {"variant": "pairs", "instance_id": "c02_replay_150_0046", "campus": 2, "size": 150, "track": "replay", "structure": "pairs", "phi": 1.0, "eta": 0.8, "m": 0.8, "u_target": null, "u_realized": null, "method": "lfj_atc", "seed": 301, "twt": 3209.4764000000005, "makespan": 122.75670000000001, "mean_flow": 14.552794666666665, "breach_share": 0.11333333333333333, "breach_p1": 0.75, "breach_p2": 0.203125, "breach_p3": 0.015873015873015872, "breach_p4": 0.0, "decisions": 150, "latency_ms_per_decision": 0.006939799835284551, "replans": null, "validator_ok": 1, "runtime_s": 0.0010409699752926826}, "atc_eta": {"variant": "pairs", "instance_id": "c02_replay_150_0046", "campus": 2, "size": 150, "track": "replay", "structure": "pairs", "phi": 1.0, "eta": 0.8, "m": 0.8, "u_target": null, "u_realized": null, "method": "atc_eta", "seed": 301, "twt": 3223.8764000000006, "makespan": 122.75670000000001, "mean_flow": 14.438353333333334, "breach_share": 0.11333333333333333, "breach_p1": 0.75, "breach_p2": 0.203125, "breach_p3": 0.015873015873015872, "breach_p4": 0.0, "decisions": 150, "latency_ms_per_decision": 0.008219759911298752, "replans": null, "validator_ok": 1, "runtime_s": 0.0012329639866948128}, "random": {"variant": "pairs", "instance_id": "c02_replay_150_0046", "campus": 2, "size": 150, "track": "replay", "structure": "pairs", "phi": 1.0, "eta": 0.8, "m": 0.8, "u_target": null, "u_realized": null, "method": "random", "seed": 301, "twt": 3276.9827999999993, "makespan": 122.75670000000001, "mean_flow": 15.759732666666666, "breach_share": 0.14, "breach_p1": 0.75, "breach_p2": 0.265625, "breach_p3": 0.015873015873015872, "breach_p4": 0.0, "decisions": 150, "latency_ms_per_decision": 0.005240769435962041, "replans": null, "validator_ok": 1, "runtime_s": 0.0007861154153943062}}, "budget_B": 29, "headcount": 29, "chain_order": ["MISC", "D30", "D20", "E10", "D50", "D40", "C10"]}