{"config_id": "c02_replay_150_0075__pairs_eta100", "rows": {"edd": {"variant": "pairs", "instance_id": "c02_replay_150_0075", "campus": 2, "size": 150, "track": "replay", "structure": "pairs", "phi": 1.0, "eta": 1.0, "m": 0.6, "u_target": null, "u_realized": null, "method": "edd", "seed": 301, "twt": 214.73280000000003, "makespan": 139.4948, "mean_flow": 8.988407333333335, "breach_share": 0.02666666666666667, "breach_p1": 0.5, "breach_p2": 0.016129032258064516, "breach_p3": 0.03125, "breach_p4": 0.0, "decisions": 150, "latency_ms_per_decision": 0.006822918852170308, "replans": null, "validator_ok": 1, "runtime_s": 0.0010234378278255463}, "wspt": {"variant": "pairs", "instance_id": "c02_replay_150_0075", "campus": 2, "size": 150, "track": "replay", "structure": "pairs", "phi": 1.0, "eta": 1.0, "m": 0.6, "u_target": null, "u_realized": null, "method": "wspt", "seed": 301, "twt": 252.92600000000002, "makespan": 134.9948, "mean_flow": 7.559029999999999, "breach_share": 0.03333333333333333, "breach_p1": 0.5, "breach_p2": 0.03225806451612903, "breach_p3": 0.03125, "breach_p4": 0.0, "decisions": 150, "latency_ms_per_decision": 0.006641056388616562, "replans": null, "validator_ok": 1, "runtime_s": 0.0009961584582924843}, "atc": {"variant": "pairs", "instance_id": "c02_replay_150_0075", "campus": 2, "size": 150, "track": "replay", "structure": "pairs", "phi": 1.0, "eta": 1.0, "m": 0.6, "u_target": null, "u_realized": null, "method": "atc", "seed": 301, "twt": 215.7192, "makespan": 134.4715, "mean_flow": 8.954052666666666, "breach_share": 0.02666666666666667, "breach_p1": 0.5, "breach_p2": 0.016129032258064516, "breach_p3": 0.03125, "breach_p4": 0.0, "decisions": 150, "latency_ms_per_decision": 0.008801861355702082, "replans": null, "validator_ok": 1, "runtime_s": 0.0013202792033553123}, "pfifo": {"variant": "pairs", "instance_id": "c02_replay_150_0075", "campus": 2, "size": 150, "track": "replay", "structure": "pairs", "phi": 1.0, "eta": 1.0, "m": 0.6, "u_target": null, "u_realized": null, "method": "pfifo", "seed": 301, "twt": 214.73280000000003, "makespan": 139.4948, "mean_flow": 8.988407333333335, "breach_share": 0.02666666666666667, "breach_p1": 0.5, "breach_p2": 0.016129032258064516, "breach_p3": 0.03125, "breach_p4": 0.0, "decisions": 150, "latency_ms_per_decision": 0.00698404386639595, "replans": null, "validator_ok": 1, "runtime_s": 0.0010476065799593925}, "mor": {"variant": "pairs", "instance_id": "c02_replay_150_0075", "campus": 2, "size": 150, "track": "replay", "structure": "pairs", "phi": 1.0, "eta": 1.0, "m": 0.6, "u_target": null, "u_realized": null, "method": "mor", "seed": 301, "twt": 680.8788, "makespan": 121.6948, "mean_flow": 12.048294666666667, "breach_share": 0.12666666666666668, "breach_p1": 0.5, "breach_p2": 0.25806451612903225, "breach_p3": 0.03125, "breach_p4": 0.0, "decisions": 150, "latency_ms_per_decision": 0.006994921714067459, "replans": null, "validator_ok": 1, "runtime_s": 0.0010492382571101189}, "lfj_atc": {"variant": "pairs", "instance_id": "c02_replay_150_0075", "campus": 2, "size": 150, "track": "replay", "structure": "pairs", "phi": 1.0, "eta": 1.0, "m": 0.6, "u_target": null, "u_realized": null, "method": "lfj_atc", "seed": 301, "twt": 215.7192, "makespan": 134.4715, "mean_flow": 8.955919333333332, "breach_share": 0.02666666666666667, "breach_p1": 0.5, "breach_p2": 0.016129032258064516, "breach_p3": 0.03125, "breach_p4": 0.0, "decisions": 150, "latency_ms_per_decision": 0.009956136345863342, "replans": null, "validator_ok": 1, "runtime_s": 0.0014934204518795013}, "atc_eta": {"variant": "pairs", "instance_id": "c02_replay_150_0075", "campus": 2, "size": 150, "track": "replay", "structure": "pairs", "phi": 1.0, "eta": 1.0, "m": 0.6, "u_target": null, "u_realized": null, "method": "atc_eta", "seed": 301, "twt": 215.7192, "makespan": 134.4715, "mean_flow": 8.954052666666666, "breach_share": 0.02666666666666667, "breach_p1": 0.5, "breach_p2": 0.016129032258064516, "breach_p3": 0.03125, "breach_p4": 0.0, "decisions": 150, "latency_ms_per_decision": 0.011411687980095545, "replans": null, "validator_ok": 1, "runtime_s": 0.0017117531970143318}, "random": {"variant": "pairs", "instance_id": "c02_replay_150_0075", "campus": 2, "size": 150, "track": "replay", "structure": "pairs", "phi": 1.0, "eta": 1.0, "m": 0.6, "u_target": null, "u_realized": null, "method": "random", "seed": 301, "twt": 353.53960000000006, "makespan": 133.2448, "mean_flow": 8.226519333333334, "breach_share": 0.03333333333333333, "breach_p1": 0.5, "breach_p2": 0.03225806451612903, "breach_p3": 0.03125, "breach_p4": 0.0, "decisions": 150, "latency_ms_per_decision": 0.00658883402744929, "replans": null, "validator_ok": 1, "runtime_s": 0.0009883251041173935}}, "budget_B": 24, "headcount": 24, "chain_order": ["MISC", "D30", "D20", "E10", "D50", "D40", "C10"]}