{"config_id": "c02_replay_150_0032__feas_eta100", "rows": {"edd": {"variant": "feas", "instance_id": "c02_replay_150_0032", "campus": 2, "size": 150, "track": "replay", "structure": "feas", "phi": 1.0, "eta": 1.0, "m": 0.6, "u_target": null, "u_realized": null, "method": "edd", "seed": 301, "twt": 484.17920000000004, "makespan": 179.90999999999997, "mean_flow": 34.105930666666666, "breach_share": 0.013333333333333334, "breach_p1": null, "breach_p2": 0.2222222222222222, "breach_p3": 0.0, "breach_p4": 0.0, "decisions": 150, "latency_ms_per_decision": 0.009862259030342102, "replans": null, "validator_ok": 1, "runtime_s": 0.0014793388545513153}, "wspt": {"variant": "feas", "instance_id": "c02_replay_150_0032", "campus": 2, "size": 150, "track": "replay", "structure": "feas", "phi": 1.0, "eta": 1.0, "m": 0.6, "u_target": null, "u_realized": null, "method": "wspt", "seed": 301, "twt": 669.2192, "makespan": 190.08999999999997, "mean_flow": 17.236431999999997, "breach_share": 0.013333333333333334, "breach_p1": null, "breach_p2": 0.2222222222222222, "breach_p3": 0.0, "breach_p4": 0.0, "decisions": 150, "latency_ms_per_decision": 0.031365808099508286, "replans": null, "validator_ok": 1, "runtime_s": 0.004704871214926243}, "atc": {"variant": "feas", "instance_id": "c02_replay_150_0032", "campus": 2, "size": 150, "track": "replay", "structure": "feas", "phi": 1.0, "eta": 1.0, "m": 0.6, "u_target": null, "u_realized": null, "method": "atc", "seed": 301, "twt": 484.17920000000004, "makespan": 183.54000000000002, "mean_flow": 38.514495999999994, "breach_share": 0.013333333333333334, "breach_p1": null, "breach_p2": 0.2222222222222222, "breach_p3": 0.0, "breach_p4": 0.0, "decisions": 150, "latency_ms_per_decision": 0.01900651181737582, "replans": null, "validator_ok": 1, "runtime_s": 0.002850976772606373}, "pfifo": {"variant": "feas", "instance_id": "c02_replay_150_0032", "campus": 2, "size": 150, "track": "replay", "structure": "feas", "phi": 1.0, "eta": 1.0, "m": 0.6, "u_target": null, "u_realized": null, "method": "pfifo", "seed": 301, "twt": 484.17920000000004, "makespan": 179.90999999999997, "mean_flow": 34.105930666666666, "breach_share": 0.013333333333333334, "breach_p1": null, "breach_p2": 0.2222222222222222, "breach_p3": 0.0, "breach_p4": 0.0, "decisions": 150, "latency_ms_per_decision": 0.011160982151826223, "replans": null, "validator_ok": 1, "runtime_s": 0.0016741473227739334}, "mor": {"variant": "feas", "instance_id": "c02_replay_150_0032", "campus": 2, "size": 150, "track": "replay", "structure": "feas", "phi": 1.0, "eta": 1.0, "m": 0.6, "u_target": null, "u_realized": null, "method": "mor", "seed": 301, "twt": 1230.1392, "makespan": 166.33479999999997, "mean_flow": 72.89308266666667, "breach_share": 0.02666666666666667, "breach_p1": null, "breach_p2": 0.4444444444444444, "breach_p3": 0.0, "breach_p4": 0.0, "decisions": 150, "latency_ms_per_decision": 0.009893390039602915, "replans": null, "validator_ok": 1, "runtime_s": 0.0014840085059404373}, "lfj_atc": {"variant": "feas", "instance_id": "c02_replay_150_0032", "campus": 2, "size": 150, "track": "replay", "structure": "feas", "phi": 1.0, "eta": 1.0, "m": 0.6, "u_target": null, "u_realized": null, "method": "lfj_atc", "seed": 301, "twt": 484.17920000000004, "makespan": 183.70000000000002, "mean_flow": 38.51556266666665, "breach_share": 0.013333333333333334, "breach_p1": null, "breach_p2": 0.2222222222222222, "breach_p3": 0.0, "breach_p4": 0.0, "decisions": 150, "latency_ms_per_decision": 0.02025475725531578, "replans": null, "validator_ok": 1, "runtime_s": 0.003038213588297367}, "atc_eta": {"variant": "feas", "instance_id": "c02_replay_150_0032", "campus": 2, "size": 150, "track": "replay", "structure": "feas", "phi": 1.0, "eta": 1.0, "m": 0.6, "u_target": null, "u_realized": null, "method": "atc_eta", "seed": 301, "twt": 484.17920000000004, "makespan": 183.54000000000002, "mean_flow": 38.514495999999994, "breach_share": 0.013333333333333334, "breach_p1": null, "breach_p2": 0.2222222222222222, "breach_p3": 0.0, "breach_p4": 0.0, "decisions": 150, "latency_ms_per_decision": 0.024607603748639423, "replans": null, "validator_ok": 1, "runtime_s": 0.0036911405622959137}, "random": {"variant": "feas", "instance_id": "c02_replay_150_0032", "campus": 2, "size": 150, "track": "replay", "structure": "feas", "phi": 1.0, "eta": 1.0, "m": 0.6, "u_target": null, "u_realized": null, "method": "random", "seed": 301, "twt": 891.4192, "makespan": 206.51000000000005, "mean_flow": 35.56849866666666, "breach_share": 0.02, "breach_p1": null, "breach_p2": 0.3333333333333333, "breach_p3": 0.0, "breach_p4": 0.0, "decisions": 150, "latency_ms_per_decision": 0.0068673429389794665, "replans": null, "validator_ok": 1, "runtime_s": 0.00103010144084692}}, "budget_B": 24, "headcount": 24, "chain_order": ["D30", "D20", "D40", "MISC", "E10", "D50", "C10"]}