{"config_id": "c02_replay_150_0103__pairs_eta080_m080", "rows": {"edd": {"variant": "pairs", "instance_id": "c02_replay_150_0103", "campus": 2, "size": 150, "track": "replay", "structure": "pairs", "phi": 1.0, "eta": 0.8, "m": 0.8, "u_target": null, "u_realized": null, "method": "edd", "seed": 301, "twt": 2858.8671999999992, "makespan": 140.75, "mean_flow": 12.473860666666667, "breach_share": 0.10666666666666667, "breach_p1": 0.75, "breach_p2": 0.14864864864864866, "breach_p3": 0.03508771929824561, "breach_p4": 0.0, "decisions": 150, "latency_ms_per_decision": 0.0049505941569805145, "replans": null, "validator_ok": 1, "runtime_s": 0.0007425891235470772}, "wspt": {"variant": "pairs", "instance_id": "c02_replay_150_0103", "campus": 2, "size": 150, "track": "replay", "structure": "pairs", "phi": 1.0, "eta": 0.8, "m": 0.8, "u_target": null, "u_realized": null, "method": "wspt", "seed": 301, "twt": 3008.013999999999, "makespan": 141.23000000000002, "mean_flow": 11.986906, "breach_share": 0.10666666666666667, "breach_p1": 0.75, "breach_p2": 0.14864864864864866, "breach_p3": 0.03508771929824561, "breach_p4": 0.0, "decisions": 150, "latency_ms_per_decision": 0.004954729229211807, "replans": null, "validator_ok": 1, "runtime_s": 0.0007432093843817711}, "atc": {"variant": "pairs", "instance_id": "c02_replay_150_0103", "campus": 2, "size": 150, "track": "replay", "structure": "pairs", "phi": 1.0, "eta": 0.8, "m": 0.8, "u_target": null, "u_realized": null, "method": "atc", "seed": 301, "twt": 3015.5072000000005, "makespan": 149.48000000000002, "mean_flow": 12.311461333333334, "breach_share": 0.10666666666666667, "breach_p1": 0.75, "breach_p2": 0.14864864864864866, "breach_p3": 0.03508771929824561, "breach_p4": 0.0, "decisions": 150, "latency_ms_per_decision": 0.006227213889360428, "replans": null, "validator_ok": 1, "runtime_s": 0.0009340820834040642}, "pfifo": {"variant": "pairs", "instance_id": "c02_replay_150_0103", "campus": 2, "size": 150, "track": "replay", "structure": "pairs", "phi": 1.0, "eta": 0.8, "m": 0.8, "u_target": null, "u_realized": null, "method": "pfifo", "seed": 301, "twt": 2858.8671999999992, "makespan": 140.75, "mean_flow": 12.473860666666667, "breach_share": 0.10666666666666667, "breach_p1": 0.75, "breach_p2": 0.14864864864864866, "breach_p3": 0.03508771929824561, "breach_p4": 0.0, "decisions": 150, "latency_ms_per_decision": 0.0050306009749571485, "replans": null, "validator_ok": 1, "runtime_s": 0.0007545901462435722}, "mor": {"variant": "pairs", "instance_id": "c02_replay_150_0103", "campus": 2, "size": 150, "track": "replay", "structure": "pairs", "phi": 1.0, "eta": 0.8, "m": 0.8, "u_target": null, "u_realized": null, "method": "mor", "seed": 301, "twt": 3010.28, "makespan": 140.48000000000002, "mean_flow": 13.466038, "breach_share": 0.12, "breach_p1": 1.0, "breach_p2": 0.16216216216216217, "breach_p3": 0.03508771929824561, "breach_p4": 0.0, "decisions": 150, "latency_ms_per_decision": 0.004886407405138016, "replans": null, "validator_ok": 1, "runtime_s": 0.0007329611107707024}, "lfj_atc": {"variant": "pairs", "instance_id": "c02_replay_150_0103", "campus": 2, "size": 150, "track": "replay", "structure": "pairs", "phi": 1.0, "eta": 0.8, "m": 0.8, "u_target": null, "u_realized": null, "method": "lfj_atc", "seed": 301, "twt": 3015.5072000000005, "makespan": 149.48000000000002, "mean_flow": 12.311461333333334, "breach_share": 0.10666666666666667, "breach_p1": 0.75, "breach_p2": 0.14864864864864866, "breach_p3": 0.03508771929824561, "breach_p4": 0.0, "decisions": 150, "latency_ms_per_decision": 0.007251842568318049, "replans": null, "validator_ok": 1, "runtime_s": 0.0010877763852477074}, "atc_eta": {"variant": "pairs", "instance_id": "c02_replay_150_0103", "campus": 2, "size": 150, "track": "replay", "structure": "pairs", "phi": 1.0, "eta": 0.8, "m": 0.8, "u_target": null, "u_realized": null, "method": "atc_eta", "seed": 301, "twt": 2949.1204000000002, "makespan": 149.48000000000002, "mean_flow": 12.152594666666667, "breach_share": 0.1, "breach_p1": 0.75, "breach_p2": 0.14864864864864866, "breach_p3": 0.017543859649122806, "breach_p4": 0.0, "decisions": 150, "latency_ms_per_decision": 0.00911290446917216, "replans": null, "validator_ok": 1, "runtime_s": 0.001366935670375824}, "random": {"variant": "pairs", "instance_id": "c02_replay_150_0103", "campus": 2, "size": 150, "track": "replay", "structure": "pairs", "phi": 1.0, "eta": 0.8, "m": 0.8, "u_target": null, "u_realized": null, "method": "random", "seed": 301, "twt": 2891.5071999999996, "makespan": 141.11, "mean_flow": 12.036772666666666, "breach_share": 0.10666666666666667, "breach_p1": 0.75, "breach_p2": 0.16216216216216217, "breach_p3": 0.017543859649122806, "breach_p4": 0.0, "decisions": 150, "latency_ms_per_decision": 0.005000419914722443, "replans": null, "validator_ok": 1, "runtime_s": 0.0007500629872083664}}, "budget_B": 29, "headcount": 29, "chain_order": ["MISC", "D30", "D20", "E10", "D50", "D40", "C10"]}