{"config_id": "c02_replay_150_0033__pairs_eta100_m080", "rows": {"edd": {"variant": "pairs", "instance_id": "c02_replay_150_0033", "campus": 2, "size": 150, "track": "replay", "structure": "pairs", "phi": 1.0, "eta": 1.0, "m": 0.8, "u_target": null, "u_realized": null, "method": "edd", "seed": 301, "twt": 435.4728, "makespan": 110.5981, "mean_flow": 9.258604, "breach_share": 0.04, "breach_p1": null, "breach_p2": 0.057971014492753624, "breach_p3": 0.031746031746031744, "breach_p4": 0.0, "decisions": 150, "latency_ms_per_decision": 0.006969179958105087, "replans": null, "validator_ok": 1, "runtime_s": 0.001045376993715763}, "wspt": {"variant": "pairs", "instance_id": "c02_replay_150_0033", "campus": 2, "size": 150, "track": "replay", "structure": "pairs", "phi": 1.0, "eta": 1.0, "m": 0.8, "u_target": null, "u_realized": null, "method": "wspt", "seed": 301, "twt": 493.17920000000004, "makespan": 110.5981, "mean_flow": 8.913849333333333, "breach_share": 0.04, "breach_p1": null, "breach_p2": 0.057971014492753624, "breach_p3": 0.031746031746031744, "breach_p4": 0.0, "decisions": 150, "latency_ms_per_decision": 0.007229863355557124, "replans": null, "validator_ok": 1, "runtime_s": 0.0010844795033335686}, "atc": {"variant": "pairs", "instance_id": "c02_replay_150_0033", "campus": 2, "size": 150, "track": "replay", "structure": "pairs", "phi": 1.0, "eta": 1.0, "m": 0.8, "u_target": null, "u_realized": null, "method": "atc", "seed": 301, "twt": 445.49920000000003, "makespan": 110.5981, "mean_flow": 9.169048666666667, "breach_share": 0.04, "breach_p1": null, "breach_p2": 0.057971014492753624, "breach_p3": 0.031746031746031744, "breach_p4": 0.0, "decisions": 150, "latency_ms_per_decision": 0.008299723267555237, "replans": null, "validator_ok": 1, "runtime_s": 0.0012449584901332855}, "pfifo": {"variant": "pairs", "instance_id": "c02_replay_150_0033", "campus": 2, "size": 150, "track": "replay", "structure": "pairs", "phi": 1.0, "eta": 1.0, "m": 0.8, "u_target": null, "u_realized": null, "method": "pfifo", "seed": 301, "twt": 435.4728, "makespan": 110.5981, "mean_flow": 9.258604, "breach_share": 0.04, "breach_p1": null, "breach_p2": 0.057971014492753624, "breach_p3": 0.031746031746031744, "breach_p4": 0.0, "decisions": 150, "latency_ms_per_decision": 0.006787093977133433, "replans": null, "validator_ok": 1, "runtime_s": 0.001018064096570015}, "mor": {"variant": "pairs", "instance_id": "c02_replay_150_0033", "campus": 2, "size": 150, "track": "replay", "structure": "pairs", "phi": 1.0, "eta": 1.0, "m": 0.8, "u_target": null, "u_realized": null, "method": "mor", "seed": 301, "twt": 419.8192, "makespan": 110.5981, "mean_flow": 9.660316666666667, "breach_share": 0.04, "breach_p1": null, "breach_p2": 0.057971014492753624, "breach_p3": 0.031746031746031744, "breach_p4": 0.0, "decisions": 150, "latency_ms_per_decision": 0.0066293465594450636, "replans": null, "validator_ok": 1, "runtime_s": 0.0009944019839167595}, "lfj_atc": {"variant": "pairs", "instance_id": "c02_replay_150_0033", "campus": 2, "size": 150, "track": "replay", "structure": "pairs", "phi": 1.0, "eta": 1.0, "m": 0.8, "u_target": null, "u_realized": null, "method": "lfj_atc", "seed": 301, "twt": 445.41920000000005, "makespan": 110.5981, "mean_flow": 9.163404, "breach_share": 0.04, "breach_p1": null, "breach_p2": 0.057971014492753624, "breach_p3": 0.031746031746031744, "breach_p4": 0.0, "decisions": 150, "latency_ms_per_decision": 0.00959489494562149, "replans": null, "validator_ok": 1, "runtime_s": 0.0014392342418432236}, "atc_eta": {"variant": "pairs", "instance_id": "c02_replay_150_0033", "campus": 2, "size": 150, "track": "replay", "structure": "pairs", "phi": 1.0, "eta": 1.0, "m": 0.8, "u_target": null, "u_realized": null, "method": "atc_eta", "seed": 301, "twt": 445.49920000000003, "makespan": 110.5981, "mean_flow": 9.169048666666667, "breach_share": 0.04, "breach_p1": null, "breach_p2": 0.057971014492753624, "breach_p3": 0.031746031746031744, "breach_p4": 0.0, "decisions": 150, "latency_ms_per_decision": 0.011645356814066568, "replans": null, "validator_ok": 1, "runtime_s": 0.0017468035221099854}, "random": {"variant": "pairs", "instance_id": "c02_replay_150_0033", "campus": 2, "size": 150, "track": "replay", "structure": "pairs", "phi": 1.0, "eta": 1.0, "m": 0.8, "u_target": null, "u_realized": null, "method": "random", "seed": 301, "twt": 443.63280000000003, "makespan": 110.5981, "mean_flow": 9.221827999999999, "breach_share": 0.04666666666666667, "breach_p1": null, "breach_p2": 0.07246376811594203, "breach_p3": 0.031746031746031744, "breach_p4": 0.0, "decisions": 150, "latency_ms_per_decision": 0.0067908875644207, "replans": null, "validator_ok": 1, "runtime_s": 0.001018633134663105}}, "budget_B": 29, "headcount": 29, "chain_order": ["MISC", "D30", "D20", "E10", "D50", "D40", "C10"]}