{"config_id": "c02_replay_150_0100__feas_eta100_m080", "rows": {"edd": {"variant": "feas", "instance_id": "c02_replay_150_0100", "campus": 2, "size": 150, "track": "replay", "structure": "feas", "phi": 1.0, "eta": 1.0, "m": 0.8, "u_target": null, "u_realized": null, "method": "edd", "seed": 301, "twt": 2643.3008, "makespan": 130.3481, "mean_flow": 13.560003333333334, "breach_share": 0.10666666666666667, "breach_p1": 0.3333333333333333, "breach_p2": 0.2112676056338028, "breach_p3": 0.0, "breach_p4": 0.0, "decisions": 150, "latency_ms_per_decision": 0.004996117204427719, "replans": null, "validator_ok": 1, "runtime_s": 0.0007494175806641579}, "wspt": {"variant": "feas", "instance_id": "c02_replay_150_0100", "campus": 2, "size": 150, "track": "replay", "structure": "feas", "phi": 1.0, "eta": 1.0, "m": 0.8, "u_target": null, "u_realized": null, "method": "wspt", "seed": 301, "twt": 2638.7540000000004, "makespan": 139.5667, "mean_flow": 11.572247333333335, "breach_share": 0.06666666666666667, "breach_p1": 0.3333333333333333, "breach_p2": 0.1267605633802817, "breach_p3": 0.0, "breach_p4": 0.0, "decisions": 150, "latency_ms_per_decision": 0.004990479598442714, "replans": null, "validator_ok": 1, "runtime_s": 0.000748571939766407}, "atc": {"variant": "feas", "instance_id": "c02_replay_150_0100", "campus": 2, "size": 150, "track": "replay", "structure": "feas", "phi": 1.0, "eta": 1.0, "m": 0.8, "u_target": null, "u_realized": null, "method": "atc", "seed": 301, "twt": 2632.4339999999997, "makespan": 139.84, "mean_flow": 11.771602666666668, "breach_share": 0.06666666666666667, "breach_p1": 0.3333333333333333, "breach_p2": 0.1267605633802817, "breach_p3": 0.0, "breach_p4": 0.0, "decisions": 150, "latency_ms_per_decision": 0.006124439338843028, "replans": null, "validator_ok": 1, "runtime_s": 0.0009186659008264542}, "pfifo": {"variant": "feas", "instance_id": "c02_replay_150_0100", "campus": 2, "size": 150, "track": "replay", "structure": "feas", "phi": 1.0, "eta": 1.0, "m": 0.8, "u_target": null, "u_realized": null, "method": "pfifo", "seed": 301, "twt": 2643.3008, "makespan": 130.3481, "mean_flow": 13.560003333333334, "breach_share": 0.10666666666666667, "breach_p1": 0.3333333333333333, "breach_p2": 0.2112676056338028, "breach_p3": 0.0, "breach_p4": 0.0, "decisions": 150, "latency_ms_per_decision": 0.005100400497515996, "replans": null, "validator_ok": 1, "runtime_s": 0.0007650600746273994}, "mor": {"variant": "feas", "instance_id": "c02_replay_150_0100", "campus": 2, "size": 150, "track": "replay", "structure": "feas", "phi": 1.0, "eta": 1.0, "m": 0.8, "u_target": null, "u_realized": null, "method": "mor", "seed": 301, "twt": 2962.0728000000004, "makespan": 130.3481, "mean_flow": 14.265378, "breach_share": 0.12, "breach_p1": 0.3333333333333333, "breach_p2": 0.23943661971830985, "breach_p3": 0.0, "breach_p4": 0.0, "decisions": 150, "latency_ms_per_decision": 0.004938828448454539, "replans": null, "validator_ok": 1, "runtime_s": 0.0007408242672681808}, "lfj_atc": {"variant": "feas", "instance_id": "c02_replay_150_0100", "campus": 2, "size": 150, "track": "replay", "structure": "feas", "phi": 1.0, "eta": 1.0, "m": 0.8, "u_target": null, "u_realized": null, "method": "lfj_atc", "seed": 301, "twt": 2632.4339999999997, "makespan": 139.84, "mean_flow": 11.771602666666668, "breach_share": 0.06666666666666667, "breach_p1": 0.3333333333333333, "breach_p2": 0.1267605633802817, "breach_p3": 0.0, "breach_p4": 0.0, "decisions": 150, "latency_ms_per_decision": 0.007028232018152873, "replans": null, "validator_ok": 1, "runtime_s": 0.001054234802722931}, "atc_eta": {"variant": "feas", "instance_id": "c02_replay_150_0100", "campus": 2, "size": 150, "track": "replay", "structure": "feas", "phi": 1.0, "eta": 1.0, "m": 0.8, "u_target": null, "u_realized": null, "method": "atc_eta", "seed": 301, "twt": 2632.4339999999997, "makespan": 139.84, "mean_flow": 11.771602666666668, "breach_share": 0.06666666666666667, "breach_p1": 0.3333333333333333, "breach_p2": 0.1267605633802817, "breach_p3": 0.0, "breach_p4": 0.0, "decisions": 150, "latency_ms_per_decision": 0.008276148388783136, "replans": null, "validator_ok": 1, "runtime_s": 0.0012414222583174706}, "random": {"variant": "feas", "instance_id": "c02_replay_150_0100", "campus": 2, "size": 150, "track": "replay", "structure": "feas", "phi": 1.0, "eta": 1.0, "m": 0.8, "u_target": null, "u_realized": null, "method": "random", "seed": 301, "twt": 2734.4064, "makespan": 130.3481, "mean_flow": 12.998067333333335, "breach_share": 0.09333333333333334, "breach_p1": 0.3333333333333333, "breach_p2": 0.18309859154929578, "breach_p3": 0.0, "breach_p4": 0.0, "decisions": 150, "latency_ms_per_decision": 0.005029104650020599, "replans": null, "validator_ok": 1, "runtime_s": 0.0007543656975030899}}, "budget_B": 29, "headcount": 29, "chain_order": ["D30", "D20", "D40", "MISC", "E10", "D50", "C10"]}