{"config_id": "c02_replay_400_0039__feas_eta080", "rows": {"edd": {"variant": "feas", "instance_id": "c02_replay_400_0039", "campus": 2, "size": 400, "track": "replay", "structure": "feas", "phi": 1.0, "eta": 0.8, "m": 0.6, "u_target": null, "u_realized": null, "method": "edd", "seed": 301, "twt": 26076.7197, "makespan": 290.6933, "mean_flow": 47.6250975, "breach_share": 0.4, "breach_p1": 0.7, "breach_p2": 0.5538461538461539, "breach_p3": 0.2925170068027211, "breach_p4": 0.041666666666666664, "decisions": 400, "latency_ms_per_decision": 0.00523553229868412, "replans": null, "validator_ok": 1, "runtime_s": 0.002094212919473648}, "wspt": {"variant": "feas", "instance_id": "c02_replay_400_0039", "campus": 2, "size": 400, "track": "replay", "structure": "feas", "phi": 1.0, "eta": 0.8, "m": 0.6, "u_target": null, "u_realized": null, "method": "wspt", "seed": 301, "twt": 12940.8832, "makespan": 318.7629, "mean_flow": 22.825275500000004, "breach_share": 0.1675, "breach_p1": 0.6, "breach_p2": 0.24102564102564103, "breach_p3": 0.09523809523809523, "breach_p4": 0.0, "decisions": 400, "latency_ms_per_decision": 0.0050331116653978825, "replans": null, "validator_ok": 1, "runtime_s": 0.002013244666159153}, "atc": {"variant": "feas", "instance_id": "c02_replay_400_0039", "campus": 2, "size": 400, "track": "replay", "structure": "feas", "phi": 1.0, "eta": 0.8, "m": 0.6, "u_target": null, "u_realized": null, "method": "atc", "seed": 301, "twt": 12355.486399999998, "makespan": 315.7796, "mean_flow": 28.936193250000006, "breach_share": 0.18, "breach_p1": 0.6, "breach_p2": 0.2564102564102564, "breach_p3": 0.10884353741496598, "breach_p4": 0.0, "decisions": 400, "latency_ms_per_decision": 0.0070558045990765095, "replans": null, "validator_ok": 1, "runtime_s": 0.002822321839630604}, "pfifo": {"variant": "feas", "instance_id": "c02_replay_400_0039", "campus": 2, "size": 400, "track": "replay", "structure": "feas", "phi": 1.0, "eta": 0.8, "m": 0.6, "u_target": null, "u_realized": null, "method": "pfifo", "seed": 301, "twt": 26486.45350000001, "makespan": 289.02, "mean_flow": 48.173528499999996, "breach_share": 0.3975, "breach_p1": 0.6, "breach_p2": 0.5538461538461539, "breach_p3": 0.2925170068027211, "breach_p4": 0.041666666666666664, "decisions": 400, "latency_ms_per_decision": 0.005918126553297043, "replans": null, "validator_ok": 1, "runtime_s": 0.002367250621318817}, "mor": {"variant": "feas", "instance_id": "c02_replay_400_0039", "campus": 2, "size": 400, "track": "replay", "structure": "feas", "phi": 1.0, "eta": 0.8, "m": 0.6, "u_target": null, "u_realized": null, "method": "mor", "seed": 301, "twt": 85235.05070000004, "makespan": 269.5715, "mean_flow": 85.41942749999998, "breach_share": 0.49, "breach_p1": 0.8, "breach_p2": 0.6717948717948717, "breach_p3": 0.38095238095238093, "breach_p4": 0.020833333333333332, "decisions": 400, "latency_ms_per_decision": 0.005965167656540871, "replans": null, "validator_ok": 1, "runtime_s": 0.0023860670626163483}, "lfj_atc": {"variant": "feas", "instance_id": "c02_replay_400_0039", "campus": 2, "size": 400, "track": "replay", "structure": "feas", "phi": 1.0, "eta": 0.8, "m": 0.6, "u_target": null, "u_realized": null, "method": "lfj_atc", "seed": 301, "twt": 12350.285799999996, "makespan": 315.7796, "mean_flow": 28.945526250000004, "breach_share": 0.18, "breach_p1": 0.6, "breach_p2": 0.2564102564102564, "breach_p3": 0.10884353741496598, "breach_p4": 0.0, "decisions": 400, "latency_ms_per_decision": 0.008046322036534548, "replans": null, "validator_ok": 1, "runtime_s": 0.003218528814613819}, "atc_eta": {"variant": "feas", "instance_id": "c02_replay_400_0039", "campus": 2, "size": 400, "track": "replay", "structure": "feas", "phi": 1.0, "eta": 0.8, "m": 0.6, "u_target": null, "u_realized": null, "method": "atc_eta", "seed": 301, "twt": 12447.374200000002, "makespan": 315.7796, "mean_flow": 29.090645750000004, "breach_share": 0.185, "breach_p1": 0.6, "breach_p2": 0.26666666666666666, "breach_p3": 0.10884353741496598, "breach_p4": 0.0, "decisions": 400, "latency_ms_per_decision": 0.009255711920559406, "replans": null, "validator_ok": 1, "runtime_s": 0.0037022847682237625}, "random": {"variant": "feas", "instance_id": "c02_replay_400_0039", "campus": 2, "size": 400, "track": "replay", "structure": "feas", "phi": 1.0, "eta": 0.8, "m": 0.6, "u_target": null, "u_realized": null, "method": "random", "seed": 301, "twt": 41466.488999999994, "makespan": 311.37, "mean_flow": 50.66873974999999, "breach_share": 0.385, "breach_p1": 0.7, "breach_p2": 0.5897435897435898, "breach_p3": 0.21768707482993196, "breach_p4": 0.0, "decisions": 400, "latency_ms_per_decision": 0.004857187159359455, "replans": null, "validator_ok": 1, "runtime_s": 0.001942874863743782}}, "budget_B": 24, "headcount": 24, "chain_order": ["D30", "D20", "D40", "MISC", "E10", "D50", "C10"]}