{"config_id": "c02_replay_150_0059__pairs_eta080_m080", "rows": {"edd": {"variant": "pairs", "instance_id": "c02_replay_150_0059", "campus": 2, "size": 150, "track": "replay", "structure": "pairs", "phi": 1.0, "eta": 0.8, "m": 0.8, "u_target": null, "u_realized": null, "method": "edd", "seed": 301, "twt": 1254.628, "makespan": 142.01, "mean_flow": 13.035815333333334, "breach_share": 0.06666666666666667, "breach_p1": 0.0, "breach_p2": 0.11764705882352941, "breach_p3": 0.05063291139240506, "breach_p4": 0.0, "decisions": 150, "latency_ms_per_decision": 0.006577000021934509, "replans": null, "validator_ok": 1, "runtime_s": 0.0009865500032901764}, "wspt": {"variant": "pairs", "instance_id": "c02_replay_150_0059", "campus": 2, "size": 150, "track": "replay", "structure": "pairs", "phi": 1.0, "eta": 0.8, "m": 0.8, "u_target": null, "u_realized": null, "method": "wspt", "seed": 301, "twt": 1203.5844, "makespan": 141.24, "mean_flow": 11.723407333333332, "breach_share": 0.06666666666666667, "breach_p1": 0.0, "breach_p2": 0.11764705882352941, "breach_p3": 0.05063291139240506, "breach_p4": 0.0, "decisions": 150, "latency_ms_per_decision": 0.006457647929588954, "replans": null, "validator_ok": 1, "runtime_s": 0.000968647189438343}, "atc": {"variant": "pairs", "instance_id": "c02_replay_150_0059", "campus": 2, "size": 150, "track": "replay", "structure": "pairs", "phi": 1.0, "eta": 0.8, "m": 0.8, "u_target": null, "u_realized": null, "method": "atc", "seed": 301, "twt": 1286.8146000000002, "makespan": 140.2767, "mean_flow": 12.602396000000002, "breach_share": 0.06666666666666667, "breach_p1": 0.0, "breach_p2": 0.11764705882352941, "breach_p3": 0.05063291139240506, "breach_p4": 0.0, "decisions": 150, "latency_ms_per_decision": 0.007997564971446991, "replans": null, "validator_ok": 1, "runtime_s": 0.0011996347457170486}, "pfifo": {"variant": "pairs", "instance_id": "c02_replay_150_0059", "campus": 2, "size": 150, "track": "replay", "structure": "pairs", "phi": 1.0, "eta": 0.8, "m": 0.8, "u_target": null, "u_realized": null, "method": "pfifo", "seed": 301, "twt": 1254.628, "makespan": 142.01, "mean_flow": 13.035815333333334, "breach_share": 0.06666666666666667, "breach_p1": 0.0, "breach_p2": 0.11764705882352941, "breach_p3": 0.05063291139240506, "breach_p4": 0.0, "decisions": 150, "latency_ms_per_decision": 0.006498526781797409, "replans": null, "validator_ok": 1, "runtime_s": 0.0009747790172696114}, "mor": {"variant": "pairs", "instance_id": "c02_replay_150_0059", "campus": 2, "size": 150, "track": "replay", "structure": "pairs", "phi": 1.0, "eta": 0.8, "m": 0.8, "u_target": null, "u_realized": null, "method": "mor", "seed": 301, "twt": 1469.7346, "makespan": 132.76, "mean_flow": 16.03728333333333, "breach_share": 0.08666666666666667, "breach_p1": 0.0, "breach_p2": 0.17647058823529413, "breach_p3": 0.05063291139240506, "breach_p4": 0.0, "decisions": 150, "latency_ms_per_decision": 0.006503375868002574, "replans": null, "validator_ok": 1, "runtime_s": 0.000975506380200386}, "lfj_atc": {"variant": "pairs", "instance_id": "c02_replay_150_0059", "campus": 2, "size": 150, "track": "replay", "structure": "pairs", "phi": 1.0, "eta": 0.8, "m": 0.8, "u_target": null, "u_realized": null, "method": "lfj_atc", "seed": 301, "twt": 1286.8146000000002, "makespan": 140.2767, "mean_flow": 12.602396000000002, "breach_share": 0.06666666666666667, "breach_p1": 0.0, "breach_p2": 0.11764705882352941, "breach_p3": 0.05063291139240506, "breach_p4": 0.0, "decisions": 150, "latency_ms_per_decision": 0.009261767069498697, "replans": null, "validator_ok": 1, "runtime_s": 0.0013892650604248047}, "atc_eta": {"variant": "pairs", "instance_id": "c02_replay_150_0059", "campus": 2, "size": 150, "track": "replay", "structure": "pairs", "phi": 1.0, "eta": 0.8, "m": 0.8, "u_target": null, "u_realized": null, "method": "atc_eta", "seed": 301, "twt": 1286.8146000000002, "makespan": 140.2767, "mean_flow": 12.603285333333334, "breach_share": 0.06666666666666667, "breach_p1": 0.0, "breach_p2": 0.11764705882352941, "breach_p3": 0.05063291139240506, "breach_p4": 0.0, "decisions": 150, "latency_ms_per_decision": 0.010261318335930506, "replans": null, "validator_ok": 1, "runtime_s": 0.001539197750389576}, "random": {"variant": "pairs", "instance_id": "c02_replay_150_0059", "campus": 2, "size": 150, "track": "replay", "structure": "pairs", "phi": 1.0, "eta": 0.8, "m": 0.8, "u_target": null, "u_realized": null, "method": "random", "seed": 301, "twt": 1238.3478, "makespan": 132.76, "mean_flow": 13.130414, "breach_share": 0.07333333333333333, "breach_p1": 0.0, "breach_p2": 0.13725490196078433, "breach_p3": 0.05063291139240506, "breach_p4": 0.0, "decisions": 150, "latency_ms_per_decision": 0.006478435049454371, "replans": null, "validator_ok": 1, "runtime_s": 0.0009717652574181557}}, "budget_B": 29, "headcount": 29, "chain_order": ["MISC", "D30", "D20", "E10", "D50", "D40", "C10"]}