{"config_id": "c02_replay_400_0007__feas_eta100", "rows": {"edd": {"variant": "feas", "instance_id": "c02_replay_400_0007", "campus": 2, "size": 400, "track": "replay", "structure": "feas", "phi": 1.0, "eta": 1.0, "m": 0.6, "u_target": null, "u_realized": null, "method": "edd", "seed": 301, "twt": 1319.554, "makespan": 232.82999999999998, "mean_flow": 47.82487925, "breach_share": 0.02, "breach_p1": 1.0, "breach_p2": 0.12195121951219512, "breach_p3": 0.028169014084507043, "breach_p4": 0.0, "decisions": 400, "latency_ms_per_decision": 0.006688826251775026, "replans": null, "validator_ok": 1, "runtime_s": 0.0026755305007100105}, "wspt": {"variant": "feas", "instance_id": "c02_replay_400_0007", "campus": 2, "size": 400, "track": "replay", "structure": "feas", "phi": 1.0, "eta": 1.0, "m": 0.6, "u_target": null, "u_realized": null, "method": "wspt", "seed": 301, "twt": 2163.1740000000004, "makespan": 235.92, "mean_flow": 19.93784975, "breach_share": 0.0225, "breach_p1": 1.0, "breach_p2": 0.12195121951219512, "breach_p3": 0.04225352112676056, "breach_p4": 0.0, "decisions": 400, "latency_ms_per_decision": 0.007287526968866587, "replans": null, "validator_ok": 1, "runtime_s": 0.0029150107875466347}, "atc": {"variant": "feas", "instance_id": "c02_replay_400_0007", "campus": 2, "size": 400, "track": "replay", "structure": "feas", "phi": 1.0, "eta": 1.0, "m": 0.6, "u_target": null, "u_realized": null, "method": "atc", "seed": 301, "twt": 1302.6740000000002, "makespan": 225.62000000000003, "mean_flow": 49.06883975000001, "breach_share": 0.02, "breach_p1": 1.0, "breach_p2": 0.12195121951219512, "breach_p3": 0.028169014084507043, "breach_p4": 0.0, "decisions": 400, "latency_ms_per_decision": 0.012196479365229607, "replans": null, "validator_ok": 1, "runtime_s": 0.004878591746091843}, "pfifo": {"variant": "feas", "instance_id": "c02_replay_400_0007", "campus": 2, "size": 400, "track": "replay", "structure": "feas", "phi": 1.0, "eta": 1.0, "m": 0.6, "u_target": null, "u_realized": null, "method": "pfifo", "seed": 301, "twt": 1319.554, "makespan": 232.82999999999998, "mean_flow": 47.82487925, "breach_share": 0.02, "breach_p1": 1.0, "breach_p2": 0.12195121951219512, "breach_p3": 0.028169014084507043, "breach_p4": 0.0, "decisions": 400, "latency_ms_per_decision": 0.007837945595383644, "replans": null, "validator_ok": 1, "runtime_s": 0.0031351782381534576}, "mor": {"variant": "feas", "instance_id": "c02_replay_400_0007", "campus": 2, "size": 400, "track": "replay", "structure": "feas", "phi": 1.0, "eta": 1.0, "m": 0.6, "u_target": null, "u_realized": null, "method": "mor", "seed": 301, "twt": 5386.825999999999, "makespan": 213.81000000000003, "mean_flow": 76.65620075000001, "breach_share": 0.0575, "breach_p1": 1.0, "breach_p2": 0.2682926829268293, "breach_p3": 0.15492957746478872, "breach_p4": 0.0, "decisions": 400, "latency_ms_per_decision": 0.006885507609695196, "replans": null, "validator_ok": 1, "runtime_s": 0.0027542030438780785}, "lfj_atc": {"variant": "feas", "instance_id": "c02_replay_400_0007", "campus": 2, "size": 400, "track": "replay", "structure": "feas", "phi": 1.0, "eta": 1.0, "m": 0.6, "u_target": null, "u_realized": null, "method": "lfj_atc", "seed": 301, "twt": 1302.6740000000002, "makespan": 225.47000000000003, "mean_flow": 49.06933975000001, "breach_share": 0.02, "breach_p1": 1.0, "breach_p2": 0.12195121951219512, "breach_p3": 0.028169014084507043, "breach_p4": 0.0, "decisions": 400, "latency_ms_per_decision": 0.013377952855080366, "replans": null, "validator_ok": 1, "runtime_s": 0.0053511811420321465}, "atc_eta": {"variant": "feas", "instance_id": "c02_replay_400_0007", "campus": 2, "size": 400, "track": "replay", "structure": "feas", "phi": 1.0, "eta": 1.0, "m": 0.6, "u_target": null, "u_realized": null, "method": "atc_eta", "seed": 301, "twt": 1302.6740000000002, "makespan": 225.62000000000003, "mean_flow": 49.06883975000001, "breach_share": 0.02, "breach_p1": 1.0, "breach_p2": 0.12195121951219512, "breach_p3": 0.028169014084507043, "breach_p4": 0.0, "decisions": 400, "latency_ms_per_decision": 0.01620976021513343, "replans": null, "validator_ok": 1, "runtime_s": 0.006483904086053371}, "random": {"variant": "feas", "instance_id": "c02_replay_400_0007", "campus": 2, "size": 400, "track": "replay", "structure": "feas", "phi": 1.0, "eta": 1.0, "m": 0.6, "u_target": null, "u_realized": null, "method": "random", "seed": 301, "twt": 2682.4608000000003, "makespan": 233.82, "mean_flow": 39.26228325, "breach_share": 0.0375, "breach_p1": 1.0, "breach_p2": 0.21951219512195122, "breach_p3": 0.07042253521126761, "breach_p4": 0.0, "decisions": 400, "latency_ms_per_decision": 0.004542027600109577, "replans": null, "validator_ok": 1, "runtime_s": 0.0018168110400438309}}, "budget_B": 24, "headcount": 24, "chain_order": ["D30", "D20", "D40", "MISC", "E10", "D50", "C10"]}