{"config_id": "c05_replay_150_0135__rand1_20260902", "rows": {"edd": {"variant": "rand1_20260902", "instance_id": "c05_replay_150_0135", "campus": 5, "size": 150, "track": "replay", "structure": "rand1", "phi": 1.0, "eta": 1.0, "m": 0.6, "u_target": null, "u_realized": null, "method": "edd", "seed": 301, "twt": 21.729600000000005, "makespan": 91.392, "mean_flow": 3.394541333333333, "breach_share": 0.006666666666666667, "breach_p1": null, "breach_p2": null, "breach_p3": 0.006802721088435374, "breach_p4": 0.0, "decisions": 150, "latency_ms_per_decision": 0.009314386794964472, "replans": null, "validator_ok": 1, "runtime_s": 0.0013971580192446709}, "wspt": {"variant": "rand1_20260902", "instance_id": "c05_replay_150_0135", "campus": 5, "size": 150, "track": "replay", "structure": "rand1", "phi": 1.0, "eta": 1.0, "m": 0.6, "u_target": null, "u_realized": null, "method": "wspt", "seed": 301, "twt": 21.729600000000005, "makespan": 91.392, "mean_flow": 3.394541333333333, "breach_share": 0.006666666666666667, "breach_p1": null, "breach_p2": null, "breach_p3": 0.006802721088435374, "breach_p4": 0.0, "decisions": 150, "latency_ms_per_decision": 0.009200858573118845, "replans": null, "validator_ok": 1, "runtime_s": 0.0013801287859678268}, "atc": {"variant": "rand1_20260902", "instance_id": "c05_replay_150_0135", "campus": 5, "size": 150, "track": "replay", "structure": "rand1", "phi": 1.0, "eta": 1.0, "m": 0.6, "u_target": null, "u_realized": null, "method": "atc", "seed": 301, "twt": 21.729600000000005, "makespan": 91.392, "mean_flow": 3.391208, "breach_share": 0.006666666666666667, "breach_p1": null, "breach_p2": null, "breach_p3": 0.006802721088435374, "breach_p4": 0.0, "decisions": 150, "latency_ms_per_decision": 0.01099130759636561, "replans": null, "validator_ok": 1, "runtime_s": 0.0016486961394548416}, "pfifo": {"variant": "rand1_20260902", "instance_id": "c05_replay_150_0135", "campus": 5, "size": 150, "track": "replay", "structure": "rand1", "phi": 1.0, "eta": 1.0, "m": 0.6, "u_target": null, "u_realized": null, "method": "pfifo", "seed": 301, "twt": 21.729600000000005, "makespan": 91.392, "mean_flow": 3.394541333333333, "breach_share": 0.006666666666666667, "breach_p1": null, "breach_p2": null, "breach_p3": 0.006802721088435374, "breach_p4": 0.0, "decisions": 150, "latency_ms_per_decision": 0.009291159609953562, "replans": null, "validator_ok": 1, "runtime_s": 0.0013936739414930344}, "mor": {"variant": "rand1_20260902", "instance_id": "c05_replay_150_0135", "campus": 5, "size": 150, "track": "replay", "structure": "rand1", "phi": 1.0, "eta": 1.0, "m": 0.6, "u_target": null, "u_realized": null, "method": "mor", "seed": 301, "twt": 21.729600000000005, "makespan": 91.392, "mean_flow": 3.391208, "breach_share": 0.006666666666666667, "breach_p1": null, "breach_p2": null, "breach_p3": 0.006802721088435374, "breach_p4": 0.0, "decisions": 150, "latency_ms_per_decision": 0.009084151436885199, "replans": null, "validator_ok": 1, "runtime_s": 0.0013626227155327797}, "lfj_atc": {"variant": "rand1_20260902", "instance_id": "c05_replay_150_0135", "campus": 5, "size": 150, "track": "replay", "structure": "rand1", "phi": 1.0, "eta": 1.0, "m": 0.6, "u_target": null, "u_realized": null, "method": "lfj_atc", "seed": 301, "twt": 21.729600000000005, "makespan": 91.392, "mean_flow": 3.391208, "breach_share": 0.006666666666666667, "breach_p1": null, "breach_p2": null, "breach_p3": 0.006802721088435374, "breach_p4": 0.0, "decisions": 150, "latency_ms_per_decision": 0.012058292826016745, "replans": null, "validator_ok": 1, "runtime_s": 0.0018087439239025116}, "atc_eta": {"variant": "rand1_20260902", "instance_id": "c05_replay_150_0135", "campus": 5, "size": 150, "track": "replay", "structure": "rand1", "phi": 1.0, "eta": 1.0, "m": 0.6, "u_target": null, "u_realized": null, "method": "atc_eta", "seed": 301, "twt": 21.729600000000005, "makespan": 91.392, "mean_flow": 3.391208, "breach_share": 0.006666666666666667, "breach_p1": null, "breach_p2": null, "breach_p3": 0.006802721088435374, "breach_p4": 0.0, "decisions": 150, "latency_ms_per_decision": 0.01827243094642957, "replans": null, "validator_ok": 1, "runtime_s": 0.0027408646419644356}, "random": {"variant": "rand1_20260902", "instance_id": "c05_replay_150_0135", "campus": 5, "size": 150, "track": "replay", "structure": "rand1", "phi": 1.0, "eta": 1.0, "m": 0.6, "u_target": null, "u_realized": null, "method": "random", "seed": 301, "twt": 21.729600000000005, "makespan": 91.392, "mean_flow": 3.3978746666666666, "breach_share": 0.006666666666666667, "breach_p1": null, "breach_p2": null, "breach_p3": 0.006802721088435374, "breach_p4": 0.0, "decisions": 150, "latency_ms_per_decision": 0.009014184276262919, "replans": null, "validator_ok": 1, "runtime_s": 0.0013521276414394379}}, "budget_B": 69, "headcount": 69, "chain_order": ["D30", "D20", "B30", "D50", "E20", "C30", "B20", "C10", "E10", "MISC", "D40"]}