{"config_id": "c05_replay_150_0163__feas_eta100", "rows": {"edd": {"variant": "feas", "instance_id": "c05_replay_150_0163", "campus": 5, "size": 150, "track": "replay", "structure": "feas", "phi": 1.0, "eta": 1.0, "m": 0.6, "u_target": null, "u_realized": null, "method": "edd", "seed": 301, "twt": 43.45920000000001, "makespan": 106.2019, "mean_flow": 22.639070000000004, "breach_share": 0.013333333333333334, "breach_p1": null, "breach_p2": null, "breach_p3": 0.021052631578947368, "breach_p4": 0.0, "decisions": 150, "latency_ms_per_decision": 0.009762228777011236, "replans": null, "validator_ok": 1, "runtime_s": 0.0014643343165516853}, "wspt": {"variant": "feas", "instance_id": "c05_replay_150_0163", "campus": 5, "size": 150, "track": "replay", "structure": "feas", "phi": 1.0, "eta": 1.0, "m": 0.6, "u_target": null, "u_realized": null, "method": "wspt", "seed": 301, "twt": 43.45920000000001, "makespan": 106.2019, "mean_flow": 15.755736666666666, "breach_share": 0.013333333333333334, "breach_p1": null, "breach_p2": null, "breach_p3": 0.021052631578947368, "breach_p4": 0.0, "decisions": 150, "latency_ms_per_decision": 0.01034693792462349, "replans": null, "validator_ok": 1, "runtime_s": 0.0015520406886935234}, "atc": {"variant": "feas", "instance_id": "c05_replay_150_0163", "campus": 5, "size": 150, "track": "replay", "structure": "feas", "phi": 1.0, "eta": 1.0, "m": 0.6, "u_target": null, "u_realized": null, "method": "atc", "seed": 301, "twt": 43.45920000000001, "makespan": 106.2019, "mean_flow": 15.939070000000001, "breach_share": 0.013333333333333334, "breach_p1": null, "breach_p2": null, "breach_p3": 0.021052631578947368, "breach_p4": 0.0, "decisions": 150, "latency_ms_per_decision": 0.013170409947633743, "replans": null, "validator_ok": 1, "runtime_s": 0.0019755614921450615}, "pfifo": {"variant": "feas", "instance_id": "c05_replay_150_0163", "campus": 5, "size": 150, "track": "replay", "structure": "feas", "phi": 1.0, "eta": 1.0, "m": 0.6, "u_target": null, "u_realized": null, "method": "pfifo", "seed": 301, "twt": 43.45920000000001, "makespan": 106.2019, "mean_flow": 22.639070000000004, "breach_share": 0.013333333333333334, "breach_p1": null, "breach_p2": null, "breach_p3": 0.021052631578947368, "breach_p4": 0.0, "decisions": 150, "latency_ms_per_decision": 0.009810831397771835, "replans": null, "validator_ok": 1, "runtime_s": 0.0014716247096657753}, "mor": {"variant": "feas", "instance_id": "c05_replay_150_0163", "campus": 5, "size": 150, "track": "replay", "structure": "feas", "phi": 1.0, "eta": 1.0, "m": 0.6, "u_target": null, "u_realized": null, "method": "mor", "seed": 301, "twt": 43.45920000000001, "makespan": 106.2019, "mean_flow": 30.369069999999997, "breach_share": 0.013333333333333334, "breach_p1": null, "breach_p2": null, "breach_p3": 0.021052631578947368, "breach_p4": 0.0, "decisions": 150, "latency_ms_per_decision": 0.00986338903506597, "replans": null, "validator_ok": 1, "runtime_s": 0.0014795083552598953}, "lfj_atc": {"variant": "feas", "instance_id": "c05_replay_150_0163", "campus": 5, "size": 150, "track": "replay", "structure": "feas", "phi": 1.0, "eta": 1.0, "m": 0.6, "u_target": null, "u_realized": null, "method": "lfj_atc", "seed": 301, "twt": 43.45920000000001, "makespan": 106.2019, "mean_flow": 15.93907, "breach_share": 0.013333333333333334, "breach_p1": null, "breach_p2": null, "breach_p3": 0.021052631578947368, "breach_p4": 0.0, "decisions": 150, "latency_ms_per_decision": 0.014712704966465632, "replans": null, "validator_ok": 1, "runtime_s": 0.002206905744969845}, "atc_eta": {"variant": "feas", "instance_id": "c05_replay_150_0163", "campus": 5, "size": 150, "track": "replay", "structure": "feas", "phi": 1.0, "eta": 1.0, "m": 0.6, "u_target": null, "u_realized": null, "method": "atc_eta", "seed": 301, "twt": 43.45920000000001, "makespan": 106.2019, "mean_flow": 15.939070000000001, "breach_share": 0.013333333333333334, "breach_p1": null, "breach_p2": null, "breach_p3": 0.021052631578947368, "breach_p4": 0.0, "decisions": 150, "latency_ms_per_decision": 0.01956337442000707, "replans": null, "validator_ok": 1, "runtime_s": 0.0029345061630010605}, "random": {"variant": "feas", "instance_id": "c05_replay_150_0163", "campus": 5, "size": 150, "track": "replay", "structure": "feas", "phi": 1.0, "eta": 1.0, "m": 0.6, "u_target": null, "u_realized": null, "method": "random", "seed": 301, "twt": 43.45920000000001, "makespan": 106.2019, "mean_flow": 23.089070000000003, "breach_share": 0.013333333333333334, "breach_p1": null, "breach_p2": null, "breach_p3": 0.021052631578947368, "breach_p4": 0.0, "decisions": 150, "latency_ms_per_decision": 0.008971796681483587, "replans": null, "validator_ok": 1, "runtime_s": 0.001345769502222538}}, "budget_B": 69, "headcount": 69, "chain_order": ["D30", "D20", "D40", "B30", "B20", "E20", "E10", "MISC", "D50", "C30", "C10"]}