{"config_id": "c05_replay_400_0187__feas_eta100", "rows": {"edd": {"variant": "feas", "instance_id": "c05_replay_400_0187", "campus": 5, "size": 400, "track": "replay", "structure": "feas", "phi": 1.0, "eta": 1.0, "m": 0.6, "u_target": null, "u_realized": null, "method": "edd", "seed": 301, "twt": 36.628300000000024, "makespan": 190.55450000000002, "mean_flow": 22.332049250000004, "breach_share": 0.0075, "breach_p1": null, "breach_p2": null, "breach_p3": 0.0, "breach_p4": 0.009009009009009009, "decisions": 400, "latency_ms_per_decision": 0.008670068345963955, "replans": null, "validator_ok": 1, "runtime_s": 0.003468027338385582}, "wspt": {"variant": "feas", "instance_id": "c05_replay_400_0187", "campus": 5, "size": 400, "track": "replay", "structure": "feas", "phi": 1.0, "eta": 1.0, "m": 0.6, "u_target": null, "u_realized": null, "method": "wspt", "seed": 301, "twt": 76.62039999999999, "makespan": 196.8829, "mean_flow": 15.313599749999998, "breach_share": 0.0125, "breach_p1": null, "breach_p2": null, "breach_p3": 0.0, "breach_p4": 0.015015015015015015, "decisions": 400, "latency_ms_per_decision": 0.010092589072883129, "replans": null, "validator_ok": 1, "runtime_s": 0.004037035629153252}, "atc": {"variant": "feas", "instance_id": "c05_replay_400_0187", "campus": 5, "size": 400, "track": "replay", "structure": "feas", "phi": 1.0, "eta": 1.0, "m": 0.6, "u_target": null, "u_realized": null, "method": "atc", "seed": 301, "twt": 76.62039999999999, "makespan": 196.8829, "mean_flow": 15.313599749999998, "breach_share": 0.0125, "breach_p1": null, "breach_p2": null, "breach_p3": 0.0, "breach_p4": 0.015015015015015015, "decisions": 400, "latency_ms_per_decision": 0.017155518289655447, "replans": null, "validator_ok": 1, "runtime_s": 0.006862207315862179}, "pfifo": {"variant": "feas", "instance_id": "c05_replay_400_0187", "campus": 5, "size": 400, "track": "replay", "structure": "feas", "phi": 1.0, "eta": 1.0, "m": 0.6, "u_target": null, "u_realized": null, "method": "pfifo", "seed": 301, "twt": 36.628300000000024, "makespan": 190.55450000000002, "mean_flow": 22.332049250000004, "breach_share": 0.0075, "breach_p1": null, "breach_p2": null, "breach_p3": 0.0, "breach_p4": 0.009009009009009009, "decisions": 400, "latency_ms_per_decision": 0.010746335610747337, "replans": null, "validator_ok": 1, "runtime_s": 0.004298534244298935}, "mor": {"variant": "feas", "instance_id": "c05_replay_400_0187", "campus": 5, "size": 400, "track": "replay", "structure": "feas", "phi": 1.0, "eta": 1.0, "m": 0.6, "u_target": null, "u_realized": null, "method": "mor", "seed": 301, "twt": 0.0, "makespan": 154.8648, "mean_flow": 60.69429475, "breach_share": 0.0, "breach_p1": null, "breach_p2": null, "breach_p3": 0.0, "breach_p4": 0.0, "decisions": 400, "latency_ms_per_decision": 0.009552326519042253, "replans": null, "validator_ok": 1, "runtime_s": 0.0038209306076169014}, "lfj_atc": {"variant": "feas", "instance_id": "c05_replay_400_0187", "campus": 5, "size": 400, "track": "replay", "structure": "feas", "phi": 1.0, "eta": 1.0, "m": 0.6, "u_target": null, "u_realized": null, "method": "lfj_atc", "seed": 301, "twt": 77.12039999999999, "makespan": 197.3829, "mean_flow": 15.314849749999999, "breach_share": 0.0125, "breach_p1": null, "breach_p2": null, "breach_p3": 0.0, "breach_p4": 0.015015015015015015, "decisions": 400, "latency_ms_per_decision": 0.02048844238743186, "replans": null, "validator_ok": 1, "runtime_s": 0.008195376954972744}, "atc_eta": {"variant": "feas", "instance_id": "c05_replay_400_0187", "campus": 5, "size": 400, "track": "replay", "structure": "feas", "phi": 1.0, "eta": 1.0, "m": 0.6, "u_target": null, "u_realized": null, "method": "atc_eta", "seed": 301, "twt": 76.62039999999999, "makespan": 196.8829, "mean_flow": 15.313599749999998, "breach_share": 0.0125, "breach_p1": null, "breach_p2": null, "breach_p3": 0.0, "breach_p4": 0.015015015015015015, "decisions": 400, "latency_ms_per_decision": 0.024136798456311226, "replans": null, "validator_ok": 1, "runtime_s": 0.00965471938252449}, "random": {"variant": "feas", "instance_id": "c05_replay_400_0187", "campus": 5, "size": 400, "track": "replay", "structure": "feas", "phi": 1.0, "eta": 1.0, "m": 0.6, "u_target": null, "u_realized": null, "method": "random", "seed": 301, "twt": 59.65990000000002, "makespan": 199.0551, "mean_flow": 33.006632, "breach_share": 0.0075, "breach_p1": null, "breach_p2": null, "breach_p3": 0.0, "breach_p4": 0.009009009009009009, "decisions": 400, "latency_ms_per_decision": 0.005797091871500015, "replans": null, "validator_ok": 1, "runtime_s": 0.002318836748600006}}, "budget_B": 69, "headcount": 69, "chain_order": ["D30", "D20", "D40", "B30", "B20", "E20", "E10", "MISC", "D50", "C30", "C10"]}