{"config_id": "c05_replay_400_0131__tsel20260822", "rows": {"edd": {"variant": "tsel20260822", "instance_id": "c05_replay_400_0131", "campus": 5, "size": 400, "track": "replay", "structure": "chain", "phi": 0.5, "eta": 1.0, "m": 0.6, "u_target": null, "u_realized": null, "method": "edd", "seed": 301, "twt": 28.729600000000005, "makespan": 104.0364, "mean_flow": 7.69327925, "breach_share": 0.005, "breach_p1": null, "breach_p2": null, "breach_p3": 0.0058309037900874635, "breach_p4": 0.0, "decisions": 400, "latency_ms_per_decision": 0.016532293520867825, "replans": null, "validator_ok": 1, "runtime_s": 0.00661291740834713}, "wspt": {"variant": "tsel20260822", "instance_id": "c05_replay_400_0131", "campus": 5, "size": 400, "track": "replay", "structure": "chain", "phi": 0.5, "eta": 1.0, "m": 0.6, "u_target": null, "u_realized": null, "method": "wspt", "seed": 301, "twt": 28.729600000000005, "makespan": 104.0364, "mean_flow": 6.2790535, "breach_share": 0.005, "breach_p1": null, "breach_p2": null, "breach_p3": 0.0058309037900874635, "breach_p4": 0.0, "decisions": 400, "latency_ms_per_decision": 0.017897586803883314, "replans": null, "validator_ok": 1, "runtime_s": 0.007159034721553326}, "atc": {"variant": "tsel20260822", "instance_id": "c05_replay_400_0131", "campus": 5, "size": 400, "track": "replay", "structure": "chain", "phi": 0.5, "eta": 1.0, "m": 0.6, "u_target": null, "u_realized": null, "method": "atc", "seed": 301, "twt": 28.729600000000005, "makespan": 104.0364, "mean_flow": 7.018758249999999, "breach_share": 0.005, "breach_p1": null, "breach_p2": null, "breach_p3": 0.0058309037900874635, "breach_p4": 0.0, "decisions": 400, "latency_ms_per_decision": 0.03253472503274679, "replans": null, "validator_ok": 1, "runtime_s": 0.013013890013098717}, "pfifo": {"variant": "tsel20260822", "instance_id": "c05_replay_400_0131", "campus": 5, "size": 400, "track": "replay", "structure": "chain", "phi": 0.5, "eta": 1.0, "m": 0.6, "u_target": null, "u_realized": null, "method": "pfifo", "seed": 301, "twt": 28.729600000000005, "makespan": 104.0364, "mean_flow": 7.69327925, "breach_share": 0.005, "breach_p1": null, "breach_p2": null, "breach_p3": 0.0058309037900874635, "breach_p4": 0.0, "decisions": 400, "latency_ms_per_decision": 0.007940912619233131, "replans": null, "validator_ok": 1, "runtime_s": 0.0031763650476932526}, "mor": {"variant": "tsel20260822", "instance_id": "c05_replay_400_0131", "campus": 5, "size": 400, "track": "replay", "structure": "chain", "phi": 0.5, "eta": 1.0, "m": 0.6, "u_target": null, "u_realized": null, "method": "mor", "seed": 301, "twt": 28.729600000000005, "makespan": 104.0364, "mean_flow": 9.210239, "breach_share": 0.005, "breach_p1": null, "breach_p2": null, "breach_p3": 0.0058309037900874635, "breach_p4": 0.0, "decisions": 400, "latency_ms_per_decision": 0.01986956922337413, "replans": null, "validator_ok": 1, "runtime_s": 0.007947827689349651}, "lfj_atc": {"variant": "tsel20260822", "instance_id": "c05_replay_400_0131", "campus": 5, "size": 400, "track": "replay", "structure": "chain", "phi": 0.5, "eta": 1.0, "m": 0.6, "u_target": null, "u_realized": null, "method": "lfj_atc", "seed": 301, "twt": 28.729600000000005, "makespan": 104.0364, "mean_flow": 7.018758249999999, "breach_share": 0.005, "breach_p1": null, "breach_p2": null, "breach_p3": 0.0058309037900874635, "breach_p4": 0.0, "decisions": 400, "latency_ms_per_decision": 0.03376782638952136, "replans": null, "validator_ok": 1, "runtime_s": 0.013507130555808544}, "atc_eta": {"variant": "tsel20260822", "instance_id": "c05_replay_400_0131", "campus": 5, "size": 400, "track": "replay", "structure": "chain", "phi": 0.5, "eta": 1.0, "m": 0.6, "u_target": null, "u_realized": null, "method": "atc_eta", "seed": 301, "twt": 28.729600000000005, "makespan": 104.0364, "mean_flow": 7.018758249999999, "breach_share": 0.005, "breach_p1": null, "breach_p2": null, "breach_p3": 0.0058309037900874635, "breach_p4": 0.0, "decisions": 400, "latency_ms_per_decision": 0.033873929642140865, "replans": null, "validator_ok": 1, "runtime_s": 0.013549571856856346}, "random": {"variant": "tsel20260822", "instance_id": "c05_replay_400_0131", "campus": 5, "size": 400, "track": "replay", "structure": "chain", "phi": 0.5, "eta": 1.0, "m": 0.6, "u_target": null, "u_realized": null, "method": "random", "seed": 301, "twt": 28.729600000000005, "makespan": 104.0364, "mean_flow": 7.50853425, "breach_share": 0.005, "breach_p1": null, "breach_p2": null, "breach_p3": 0.0058309037900874635, "breach_p4": 0.0, "decisions": 400, "latency_ms_per_decision": 0.014673317782580853, "replans": null, "validator_ok": 1, "runtime_s": 0.005869327113032341}}, "budget_B": 38, "headcount": 69, "chain_order": ["D30", "D20", "B30", "D50", "E20", "C30", "B20", "C10", "E10", "MISC", "D40"]}