{"config_id": "c05_replay_150_0118__perm20260808", "rows": {"edd": {"variant": "perm20260808", "instance_id": "c05_replay_150_0118", "campus": 5, "size": 150, "track": "replay", "structure": "chain", "phi": 1.0, "eta": 1.0, "m": 0.6, "u_target": null, "u_realized": null, "method": "edd", "seed": 301, "twt": 2.0, "makespan": 89.0, "mean_flow": 3.9672406666666666, "breach_share": 0.006666666666666667, "breach_p1": null, "breach_p2": null, "breach_p3": 0.006666666666666667, "breach_p4": null, "decisions": 150, "latency_ms_per_decision": 0.007928436001141867, "replans": null, "validator_ok": 1, "runtime_s": 0.00118926540017128}, "wspt": {"variant": "perm20260808", "instance_id": "c05_replay_150_0118", "campus": 5, "size": 150, "track": "replay", "structure": "chain", "phi": 1.0, "eta": 1.0, "m": 0.6, "u_target": null, "u_realized": null, "method": "wspt", "seed": 301, "twt": 2.0, "makespan": 89.0, "mean_flow": 3.9672406666666666, "breach_share": 0.006666666666666667, "breach_p1": null, "breach_p2": null, "breach_p3": 0.006666666666666667, "breach_p4": null, "decisions": 150, "latency_ms_per_decision": 0.06811623771985371, "replans": null, "validator_ok": 1, "runtime_s": 0.010217435657978058}, "atc": {"variant": "perm20260808", "instance_id": "c05_replay_150_0118", "campus": 5, "size": 150, "track": "replay", "structure": "chain", "phi": 1.0, "eta": 1.0, "m": 0.6, "u_target": null, "u_realized": null, "method": "atc", "seed": 301, "twt": 2.0, "makespan": 89.0, "mean_flow": 3.9672406666666666, "breach_share": 0.006666666666666667, "breach_p1": null, "breach_p2": null, "breach_p3": 0.006666666666666667, "breach_p4": null, "decisions": 150, "latency_ms_per_decision": 0.009062960743904114, "replans": null, "validator_ok": 1, "runtime_s": 0.001359444111585617}, "pfifo": {"variant": "perm20260808", "instance_id": "c05_replay_150_0118", "campus": 5, "size": 150, "track": "replay", "structure": "chain", "phi": 1.0, "eta": 1.0, "m": 0.6, "u_target": null, "u_realized": null, "method": "pfifo", "seed": 301, "twt": 2.0, "makespan": 89.0, "mean_flow": 3.9672406666666666, "breach_share": 0.006666666666666667, "breach_p1": null, "breach_p2": null, "breach_p3": 0.006666666666666667, "breach_p4": null, "decisions": 150, "latency_ms_per_decision": 0.06810178359349568, "replans": null, "validator_ok": 1, "runtime_s": 0.010215267539024353}, "mor": {"variant": "perm20260808", "instance_id": "c05_replay_150_0118", "campus": 5, "size": 150, "track": "replay", "structure": "chain", "phi": 1.0, "eta": 1.0, "m": 0.6, "u_target": null, "u_realized": null, "method": "mor", "seed": 301, "twt": 2.0, "makespan": 89.0, "mean_flow": 3.9672406666666666, "breach_share": 0.006666666666666667, "breach_p1": null, "breach_p2": null, "breach_p3": 0.006666666666666667, "breach_p4": null, "decisions": 150, "latency_ms_per_decision": 0.007773358374834061, "replans": null, "validator_ok": 1, "runtime_s": 0.001166003756225109}, "lfj_atc": {"variant": "perm20260808", "instance_id": "c05_replay_150_0118", "campus": 5, "size": 150, "track": "replay", "structure": "chain", "phi": 1.0, "eta": 1.0, "m": 0.6, "u_target": null, "u_realized": null, "method": "lfj_atc", "seed": 301, "twt": 2.0, "makespan": 89.0, "mean_flow": 3.9672406666666666, "breach_share": 0.006666666666666667, "breach_p1": null, "breach_p2": null, "breach_p3": 0.006666666666666667, "breach_p4": null, "decisions": 150, "latency_ms_per_decision": 0.06989226366082828, "replans": null, "validator_ok": 1, "runtime_s": 0.010483839549124241}, "atc_eta": {"variant": "perm20260808", "instance_id": "c05_replay_150_0118", "campus": 5, "size": 150, "track": "replay", "structure": "chain", "phi": 1.0, "eta": 1.0, "m": 0.6, "u_target": null, "u_realized": null, "method": "atc_eta", "seed": 301, "twt": 2.0, "makespan": 89.0, "mean_flow": 3.9672406666666666, "breach_share": 0.006666666666666667, "breach_p1": null, "breach_p2": null, "breach_p3": 0.006666666666666667, "breach_p4": null, "decisions": 150, "latency_ms_per_decision": 0.07542988285422325, "replans": null, "validator_ok": 1, "runtime_s": 0.011314482428133488}, "random": {"variant": "perm20260808", "instance_id": "c05_replay_150_0118", "campus": 5, "size": 150, "track": "replay", "structure": "chain", "phi": 1.0, "eta": 1.0, "m": 0.6, "u_target": null, "u_realized": null, "method": "random", "seed": 301, "twt": 2.0, "makespan": 89.0, "mean_flow": 3.9672406666666666, "breach_share": 0.006666666666666667, "breach_p1": null, "breach_p2": null, "breach_p3": 0.006666666666666667, "breach_p4": null, "decisions": 150, "latency_ms_per_decision": 0.008041175703207651, "replans": null, "validator_ok": 1, "runtime_s": 0.0012061763554811478}}, "budget_B": 69, "headcount": 69, "chain_order": ["D50", "B30", "MISC", "D20", "E20", "C10", "B20", "C30", "D30", "E10", "D40"]}