{"config_id": "c05_replay_150_0128__chain_adj_eta080", "rows": {"edd": {"variant": "chain_adj", "instance_id": "c05_replay_150_0128", "campus": 5, "size": 150, "track": "replay", "structure": "chain_adj", "phi": 1.0, "eta": 0.8, "m": 0.6, "u_target": null, "u_realized": null, "method": "edd", "seed": 301, "twt": 21.729600000000005, "makespan": 106.8648, "mean_flow": 4.477832, "breach_share": 0.006666666666666667, "breach_p1": null, "breach_p2": null, "breach_p3": 0.006711409395973154, "breach_p4": 0.0, "decisions": 150, "latency_ms_per_decision": 0.00865427777171135, "replans": null, "validator_ok": 1, "runtime_s": 0.0012981416657567024}, "wspt": {"variant": "chain_adj", "instance_id": "c05_replay_150_0128", "campus": 5, "size": 150, "track": "replay", "structure": "chain_adj", "phi": 1.0, "eta": 0.8, "m": 0.6, "u_target": null, "u_realized": null, "method": "wspt", "seed": 301, "twt": 21.729600000000005, "makespan": 106.8648, "mean_flow": 4.481965333333332, "breach_share": 0.006666666666666667, "breach_p1": null, "breach_p2": null, "breach_p3": 0.006711409395973154, "breach_p4": 0.0, "decisions": 150, "latency_ms_per_decision": 0.042475120474894844, "replans": null, "validator_ok": 1, "runtime_s": 0.006371268071234226}, "atc": {"variant": "chain_adj", "instance_id": "c05_replay_150_0128", "campus": 5, "size": 150, "track": "replay", "structure": "chain_adj", "phi": 1.0, "eta": 0.8, "m": 0.6, "u_target": null, "u_realized": null, "method": "atc", "seed": 301, "twt": 21.729600000000005, "makespan": 106.8648, "mean_flow": 4.481965333333332, "breach_share": 0.006666666666666667, "breach_p1": null, "breach_p2": null, "breach_p3": 0.006711409395973154, "breach_p4": 0.0, "decisions": 150, "latency_ms_per_decision": 0.009564179927110672, "replans": null, "validator_ok": 1, "runtime_s": 0.0014346269890666008}, "pfifo": {"variant": "chain_adj", "instance_id": "c05_replay_150_0128", "campus": 5, "size": 150, "track": "replay", "structure": "chain_adj", "phi": 1.0, "eta": 0.8, "m": 0.6, "u_target": null, "u_realized": null, "method": "pfifo", "seed": 301, "twt": 21.729600000000005, "makespan": 106.8648, "mean_flow": 4.477832, "breach_share": 0.006666666666666667, "breach_p1": null, "breach_p2": null, "breach_p3": 0.006711409395973154, "breach_p4": 0.0, "decisions": 150, "latency_ms_per_decision": 0.049232554932435356, "replans": null, "validator_ok": 1, "runtime_s": 0.007384883239865303}, "mor": {"variant": "chain_adj", "instance_id": "c05_replay_150_0128", "campus": 5, "size": 150, "track": "replay", "structure": "chain_adj", "phi": 1.0, "eta": 0.8, "m": 0.6, "u_target": null, "u_realized": null, "method": "mor", "seed": 301, "twt": 21.729600000000005, "makespan": 106.8648, "mean_flow": 4.477832, "breach_share": 0.006666666666666667, "breach_p1": null, "breach_p2": null, "breach_p3": 0.006711409395973154, "breach_p4": 0.0, "decisions": 150, "latency_ms_per_decision": 0.008572433143854141, "replans": null, "validator_ok": 1, "runtime_s": 0.0012858649715781212}, "lfj_atc": {"variant": "chain_adj", "instance_id": "c05_replay_150_0128", "campus": 5, "size": 150, "track": "replay", "structure": "chain_adj", "phi": 1.0, "eta": 0.8, "m": 0.6, "u_target": null, "u_realized": null, "method": "lfj_atc", "seed": 301, "twt": 21.729600000000005, "makespan": 106.8648, "mean_flow": 4.481965333333332, "breach_share": 0.006666666666666667, "breach_p1": null, "breach_p2": null, "breach_p3": 0.006711409395973154, "breach_p4": 0.0, "decisions": 150, "latency_ms_per_decision": 0.05102595935265223, "replans": null, "validator_ok": 1, "runtime_s": 0.007653893902897835}, "atc_eta": {"variant": "chain_adj", "instance_id": "c05_replay_150_0128", "campus": 5, "size": 150, "track": "replay", "structure": "chain_adj", "phi": 1.0, "eta": 0.8, "m": 0.6, "u_target": null, "u_realized": null, "method": "atc_eta", "seed": 301, "twt": 21.729600000000005, "makespan": 106.8648, "mean_flow": 4.481965333333332, "breach_share": 0.006666666666666667, "breach_p1": null, "breach_p2": null, "breach_p3": 0.006711409395973154, "breach_p4": 0.0, "decisions": 150, "latency_ms_per_decision": 0.056625312815109886, "replans": null, "validator_ok": 1, "runtime_s": 0.008493796922266483}, "random": {"variant": "chain_adj", "instance_id": "c05_replay_150_0128", "campus": 5, "size": 150, "track": "replay", "structure": "chain_adj", "phi": 1.0, "eta": 0.8, "m": 0.6, "u_target": null, "u_realized": null, "method": "random", "seed": 301, "twt": 21.729600000000005, "makespan": 106.8648, "mean_flow": 4.481165333333333, "breach_share": 0.006666666666666667, "breach_p1": null, "breach_p2": null, "breach_p3": 0.006711409395973154, "breach_p4": 0.0, "decisions": 150, "latency_ms_per_decision": 0.008699223399162292, "replans": null, "validator_ok": 1, "runtime_s": 0.0013048835098743439}}, "budget_B": 69, "headcount": 69, "chain_order": ["D30", "D20", "D40", "B30", "B20", "E20", "E10", "MISC", "D50", "C30", "C10"]}