{"config_id": "c05_replay_150_0192__star_eta080", "rows": {"edd": {"variant": "star", "instance_id": "c05_replay_150_0192", "campus": 5, "size": 150, "track": "replay", "structure": "star", "phi": 1.0, "eta": 0.8, "m": 0.6, "u_target": null, "u_realized": null, "method": "edd", "seed": 301, "twt": 21.729600000000005, "makespan": 94.1284, "mean_flow": 3.891852666666667, "breach_share": 0.006666666666666667, "breach_p1": null, "breach_p2": null, "breach_p3": 0.013888888888888888, "breach_p4": 0.0, "decisions": 150, "latency_ms_per_decision": 0.007181055843830109, "replans": null, "validator_ok": 1, "runtime_s": 0.0010771583765745163}, "wspt": {"variant": "star", "instance_id": "c05_replay_150_0192", "campus": 5, "size": 150, "track": "replay", "structure": "star", "phi": 1.0, "eta": 0.8, "m": 0.6, "u_target": null, "u_realized": null, "method": "wspt", "seed": 301, "twt": 21.729600000000005, "makespan": 94.1284, "mean_flow": 3.8839173333333337, "breach_share": 0.006666666666666667, "breach_p1": null, "breach_p2": null, "breach_p3": 0.013888888888888888, "breach_p4": 0.0, "decisions": 150, "latency_ms_per_decision": 0.0072025880217552185, "replans": null, "validator_ok": 1, "runtime_s": 0.0010803882032632828}, "atc": {"variant": "star", "instance_id": "c05_replay_150_0192", "campus": 5, "size": 150, "track": "replay", "structure": "star", "phi": 1.0, "eta": 0.8, "m": 0.6, "u_target": null, "u_realized": null, "method": "atc", "seed": 301, "twt": 21.729600000000005, "makespan": 94.1284, "mean_flow": 3.8773546666666667, "breach_share": 0.006666666666666667, "breach_p1": null, "breach_p2": null, "breach_p3": 0.013888888888888888, "breach_p4": 0.0, "decisions": 150, "latency_ms_per_decision": 0.009021516889333725, "replans": null, "validator_ok": 1, "runtime_s": 0.0013532275334000587}, "pfifo": {"variant": "star", "instance_id": "c05_replay_150_0192", "campus": 5, "size": 150, "track": "replay", "structure": "star", "phi": 1.0, "eta": 0.8, "m": 0.6, "u_target": null, "u_realized": null, "method": "pfifo", "seed": 301, "twt": 21.729600000000005, "makespan": 94.1284, "mean_flow": 3.891852666666667, "breach_share": 0.006666666666666667, "breach_p1": null, "breach_p2": null, "breach_p3": 0.013888888888888888, "breach_p4": 0.0, "decisions": 150, "latency_ms_per_decision": 0.007307908187309901, "replans": null, "validator_ok": 1, "runtime_s": 0.0010961862280964851}, "mor": {"variant": "star", "instance_id": "c05_replay_150_0192", "campus": 5, "size": 150, "track": "replay", "structure": "star", "phi": 1.0, "eta": 0.8, "m": 0.6, "u_target": null, "u_realized": null, "method": "mor", "seed": 301, "twt": 21.729600000000005, "makespan": 94.1284, "mean_flow": 3.960446666666667, "breach_share": 0.006666666666666667, "breach_p1": null, "breach_p2": null, "breach_p3": 0.013888888888888888, "breach_p4": 0.0, "decisions": 150, "latency_ms_per_decision": 0.007168023536602656, "replans": null, "validator_ok": 1, "runtime_s": 0.0010752035304903984}, "lfj_atc": {"variant": "star", "instance_id": "c05_replay_150_0192", "campus": 5, "size": 150, "track": "replay", "structure": "star", "phi": 1.0, "eta": 0.8, "m": 0.6, "u_target": null, "u_realized": null, "method": "lfj_atc", "seed": 301, "twt": 21.729600000000005, "makespan": 94.1284, "mean_flow": 3.8773546666666667, "breach_share": 0.006666666666666667, "breach_p1": null, "breach_p2": null, "breach_p3": 0.013888888888888888, "breach_p4": 0.0, "decisions": 150, "latency_ms_per_decision": 0.010095443576574326, "replans": null, "validator_ok": 1, "runtime_s": 0.0015143165364861488}, "atc_eta": {"variant": "star", "instance_id": "c05_replay_150_0192", "campus": 5, "size": 150, "track": "replay", "structure": "star", "phi": 1.0, "eta": 0.8, "m": 0.6, "u_target": null, "u_realized": null, "method": "atc_eta", "seed": 301, "twt": 21.729600000000005, "makespan": 94.1284, "mean_flow": 3.8773546666666667, "breach_share": 0.006666666666666667, "breach_p1": null, "breach_p2": null, "breach_p3": 0.013888888888888888, "breach_p4": 0.0, "decisions": 150, "latency_ms_per_decision": 0.015027858316898346, "replans": null, "validator_ok": 1, "runtime_s": 0.002254178747534752}, "random": {"variant": "star", "instance_id": "c05_replay_150_0192", "campus": 5, "size": 150, "track": "replay", "structure": "star", "phi": 1.0, "eta": 0.8, "m": 0.6, "u_target": null, "u_realized": null, "method": "random", "seed": 301, "twt": 21.729600000000005, "makespan": 94.1284, "mean_flow": 3.9852320000000003, "breach_share": 0.006666666666666667, "breach_p1": null, "breach_p2": null, "breach_p3": 0.013888888888888888, "breach_p4": 0.0, "decisions": 150, "latency_ms_per_decision": 0.006785156826178233, "replans": null, "validator_ok": 1, "runtime_s": 0.001017773523926735}}, "budget_B": 69, "headcount": 69, "chain_order": ["D30", "D20", "B30", "D50", "E20", "C30", "B20", "C10", "E10", "MISC", "D40"]}