{"config_id": "c05_replay_150_0160__perm20260803", "rows": {"edd": {"variant": "perm20260803", "instance_id": "c05_replay_150_0160", "campus": 5, "size": 150, "track": "replay", "structure": "chain", "phi": 1.0, "eta": 1.0, "m": 0.6, "u_target": null, "u_realized": null, "method": "edd", "seed": 301, "twt": 21.729600000000005, "makespan": 104.88040000000001, "mean_flow": 3.9979313333333333, "breach_share": 0.006666666666666667, "breach_p1": null, "breach_p2": null, "breach_p3": 0.006711409395973154, "breach_p4": 0.0, "decisions": 150, "latency_ms_per_decision": 0.0077621762951215105, "replans": null, "validator_ok": 1, "runtime_s": 0.0011643264442682266}, "wspt": {"variant": "perm20260803", "instance_id": "c05_replay_150_0160", "campus": 5, "size": 150, "track": "replay", "structure": "chain", "phi": 1.0, "eta": 1.0, "m": 0.6, "u_target": null, "u_realized": null, "method": "wspt", "seed": 301, "twt": 21.729600000000005, "makespan": 104.88040000000001, "mean_flow": 3.997931333333333, "breach_share": 0.006666666666666667, "breach_p1": null, "breach_p2": null, "breach_p3": 0.006711409395973154, "breach_p4": 0.0, "decisions": 150, "latency_ms_per_decision": 0.007778890430927277, "replans": null, "validator_ok": 1, "runtime_s": 0.0011668335646390915}, "atc": {"variant": "perm20260803", "instance_id": "c05_replay_150_0160", "campus": 5, "size": 150, "track": "replay", "structure": "chain", "phi": 1.0, "eta": 1.0, "m": 0.6, "u_target": null, "u_realized": null, "method": "atc", "seed": 301, "twt": 21.729600000000005, "makespan": 104.88040000000001, "mean_flow": 4.0045980000000005, "breach_share": 0.006666666666666667, "breach_p1": null, "breach_p2": null, "breach_p3": 0.006711409395973154, "breach_p4": 0.0, "decisions": 150, "latency_ms_per_decision": 0.00918352355559667, "replans": null, "validator_ok": 1, "runtime_s": 0.0013775285333395004}, "pfifo": {"variant": "perm20260803", "instance_id": "c05_replay_150_0160", "campus": 5, "size": 150, "track": "replay", "structure": "chain", "phi": 1.0, "eta": 1.0, "m": 0.6, "u_target": null, "u_realized": null, "method": "pfifo", "seed": 301, "twt": 21.729600000000005, "makespan": 104.88040000000001, "mean_flow": 3.9979313333333333, "breach_share": 0.006666666666666667, "breach_p1": null, "breach_p2": null, "breach_p3": 0.006711409395973154, "breach_p4": 0.0, "decisions": 150, "latency_ms_per_decision": 0.008144366244475046, "replans": null, "validator_ok": 1, "runtime_s": 0.001221654936671257}, "mor": {"variant": "perm20260803", "instance_id": "c05_replay_150_0160", "campus": 5, "size": 150, "track": "replay", "structure": "chain", "phi": 1.0, "eta": 1.0, "m": 0.6, "u_target": null, "u_realized": null, "method": "mor", "seed": 301, "twt": 21.729600000000005, "makespan": 104.88040000000001, "mean_flow": 4.0098313333333335, "breach_share": 0.006666666666666667, "breach_p1": null, "breach_p2": null, "breach_p3": 0.006711409395973154, "breach_p4": 0.0, "decisions": 150, "latency_ms_per_decision": 0.007675631592671077, "replans": null, "validator_ok": 1, "runtime_s": 0.0011513447389006615}, "lfj_atc": {"variant": "perm20260803", "instance_id": "c05_replay_150_0160", "campus": 5, "size": 150, "track": "replay", "structure": "chain", "phi": 1.0, "eta": 1.0, "m": 0.6, "u_target": null, "u_realized": null, "method": "lfj_atc", "seed": 301, "twt": 21.729600000000005, "makespan": 104.88040000000001, "mean_flow": 4.0045980000000005, "breach_share": 0.006666666666666667, "breach_p1": null, "breach_p2": null, "breach_p3": 0.006711409395973154, "breach_p4": 0.0, "decisions": 150, "latency_ms_per_decision": 0.010147293408711752, "replans": null, "validator_ok": 1, "runtime_s": 0.0015220940113067627}, "atc_eta": {"variant": "perm20260803", "instance_id": "c05_replay_150_0160", "campus": 5, "size": 150, "track": "replay", "structure": "chain", "phi": 1.0, "eta": 1.0, "m": 0.6, "u_target": null, "u_realized": null, "method": "atc_eta", "seed": 301, "twt": 21.729600000000005, "makespan": 104.88040000000001, "mean_flow": 4.0045980000000005, "breach_share": 0.006666666666666667, "breach_p1": null, "breach_p2": null, "breach_p3": 0.006711409395973154, "breach_p4": 0.0, "decisions": 150, "latency_ms_per_decision": 0.01661735897262891, "replans": null, "validator_ok": 1, "runtime_s": 0.0024926038458943367}, "random": {"variant": "perm20260803", "instance_id": "c05_replay_150_0160", "campus": 5, "size": 150, "track": "replay", "structure": "chain", "phi": 1.0, "eta": 1.0, "m": 0.6, "u_target": null, "u_realized": null, "method": "random", "seed": 301, "twt": 21.729600000000005, "makespan": 104.88040000000001, "mean_flow": 4.0051646666666665, "breach_share": 0.006666666666666667, "breach_p1": null, "breach_p2": null, "breach_p3": 0.006711409395973154, "breach_p4": 0.0, "decisions": 150, "latency_ms_per_decision": 0.0076347651580969495, "replans": null, "validator_ok": 1, "runtime_s": 0.0011452147737145424}}, "budget_B": 69, "headcount": 69, "chain_order": ["B20", "D20", "MISC", "E20", "C10", "D40", "D30", "C30", "E10", "D50", "B30"]}