{"config_id": "c09_replay_150_0163__tsel20260823", "rows": {"edd": {"variant": "tsel20260823", "instance_id": "c09_replay_150_0163", "campus": 9, "size": 150, "track": "replay", "structure": "chain", "phi": 0.5, "eta": 1.0, "m": 0.6, "u_target": null, "u_realized": null, "method": "edd", "seed": 301, "twt": 20.0, "makespan": 57.0167, "mean_flow": 4.648999333333333, "breach_share": 0.006666666666666667, "breach_p1": 0.0, "breach_p2": 0.027777777777777776, "breach_p3": 0.0, "breach_p4": 0.0, "decisions": 150, "latency_ms_per_decision": 0.033909728129704796, "replans": null, "validator_ok": 1, "runtime_s": 0.005086459219455719}, "wspt": {"variant": "tsel20260823", "instance_id": "c09_replay_150_0163", "campus": 9, "size": 150, "track": "replay", "structure": "chain", "phi": 0.5, "eta": 1.0, "m": 0.6, "u_target": null, "u_realized": null, "method": "wspt", "seed": 301, "twt": 20.0, "makespan": 57.0167, "mean_flow": 4.597555333333333, "breach_share": 0.006666666666666667, "breach_p1": 0.0, "breach_p2": 0.027777777777777776, "breach_p3": 0.0, "breach_p4": 0.0, "decisions": 150, "latency_ms_per_decision": 0.007359602799018224, "replans": null, "validator_ok": 1, "runtime_s": 0.0011039404198527336}, "atc": {"variant": "tsel20260823", "instance_id": "c09_replay_150_0163", "campus": 9, "size": 150, "track": "replay", "structure": "chain", "phi": 0.5, "eta": 1.0, "m": 0.6, "u_target": null, "u_realized": null, "method": "atc", "seed": 301, "twt": 20.0, "makespan": 57.0167, "mean_flow": 4.581443999999999, "breach_share": 0.006666666666666667, "breach_p1": 0.0, "breach_p2": 0.027777777777777776, "breach_p3": 0.0, "breach_p4": 0.0, "decisions": 150, "latency_ms_per_decision": 0.023154175529877346, "replans": null, "validator_ok": 1, "runtime_s": 0.0034731263294816017}, "pfifo": {"variant": "tsel20260823", "instance_id": "c09_replay_150_0163", "campus": 9, "size": 150, "track": "replay", "structure": "chain", "phi": 0.5, "eta": 1.0, "m": 0.6, "u_target": null, "u_realized": null, "method": "pfifo", "seed": 301, "twt": 20.0, "makespan": 57.0167, "mean_flow": 4.648999333333333, "breach_share": 0.006666666666666667, "breach_p1": 0.0, "breach_p2": 0.027777777777777776, "breach_p3": 0.0, "breach_p4": 0.0, "decisions": 150, "latency_ms_per_decision": 0.01404318337639173, "replans": null, "validator_ok": 1, "runtime_s": 0.0021064775064587593}, "mor": {"variant": "tsel20260823", "instance_id": "c09_replay_150_0163", "campus": 9, "size": 150, "track": "replay", "structure": "chain", "phi": 0.5, "eta": 1.0, "m": 0.6, "u_target": null, "u_realized": null, "method": "mor", "seed": 301, "twt": 20.0, "makespan": 57.0167, "mean_flow": 4.709221333333333, "breach_share": 0.006666666666666667, "breach_p1": 0.0, "breach_p2": 0.027777777777777776, "breach_p3": 0.0, "breach_p4": 0.0, "decisions": 150, "latency_ms_per_decision": 0.007001031190156937, "replans": null, "validator_ok": 1, "runtime_s": 0.0010501546785235405}, "lfj_atc": {"variant": "tsel20260823", "instance_id": "c09_replay_150_0163", "campus": 9, "size": 150, "track": "replay", "structure": "chain", "phi": 0.5, "eta": 1.0, "m": 0.6, "u_target": null, "u_realized": null, "method": "lfj_atc", "seed": 301, "twt": 20.0, "makespan": 57.0167, "mean_flow": 4.581443999999999, "breach_share": 0.006666666666666667, "breach_p1": 0.0, "breach_p2": 0.027777777777777776, "breach_p3": 0.0, "breach_p4": 0.0, "decisions": 150, "latency_ms_per_decision": 0.030822778741518658, "replans": null, "validator_ok": 1, "runtime_s": 0.0046234168112277985}, "atc_eta": {"variant": "tsel20260823", "instance_id": "c09_replay_150_0163", "campus": 9, "size": 150, "track": "replay", "structure": "chain", "phi": 0.5, "eta": 1.0, "m": 0.6, "u_target": null, "u_realized": null, "method": "atc_eta", "seed": 301, "twt": 20.0, "makespan": 57.0167, "mean_flow": 4.581443999999999, "breach_share": 0.006666666666666667, "breach_p1": 0.0, "breach_p2": 0.027777777777777776, "breach_p3": 0.0, "breach_p4": 0.0, "decisions": 150, "latency_ms_per_decision": 0.03897219275434812, "replans": null, "validator_ok": 1, "runtime_s": 0.005845828913152218}, "random": {"variant": "tsel20260823", "instance_id": "c09_replay_150_0163", "campus": 9, "size": 150, "track": "replay", "structure": "chain", "phi": 0.5, "eta": 1.0, "m": 0.6, "u_target": null, "u_realized": null, "method": "random", "seed": 301, "twt": 20.0, "makespan": 57.0167, "mean_flow": 4.631110666666666, "breach_share": 0.006666666666666667, "breach_p1": 0.0, "breach_p2": 0.027777777777777776, "breach_p3": 0.0, "breach_p4": 0.0, "decisions": 150, "latency_ms_per_decision": 0.013564042747020721, "replans": null, "validator_ok": 1, "runtime_s": 0.002034606412053108}}, "budget_B": 34, "headcount": 60, "chain_order": ["D30", "D50", "D20", "D40", "D90", "C30", "E10", "B30", "MISC", "C10", "B20", "E20", "D10"]}