{"config_id": "c09_replay_150_0102__opt_eta080", "rows": {"edd": {"variant": "opt", "instance_id": "c09_replay_150_0102", "campus": 9, "size": 150, "track": "replay", "structure": "opt", "phi": 1.0, "eta": 0.8, "m": 0.6, "u_target": null, "u_realized": null, "method": "edd", "seed": 301, "twt": 402.0, "makespan": 104.75, "mean_flow": 7.6745999999999945, "breach_share": 0.02666666666666667, "breach_p1": 0.16666666666666666, "breach_p2": 0.0, "breach_p3": null, "breach_p4": 0.0, "decisions": 150, "latency_ms_per_decision": 0.011009518057107925, "replans": null, "validator_ok": 1, "runtime_s": 0.0016514277085661888}, "wspt": {"variant": "opt", "instance_id": "c09_replay_150_0102", "campus": 9, "size": 150, "track": "replay", "structure": "opt", "phi": 1.0, "eta": 0.8, "m": 0.6, "u_target": null, "u_realized": null, "method": "wspt", "seed": 301, "twt": 402.0, "makespan": 104.75, "mean_flow": 4.420266666666667, "breach_share": 0.02666666666666667, "breach_p1": 0.16666666666666666, "breach_p2": 0.0, "breach_p3": null, "breach_p4": 0.0, "decisions": 150, "latency_ms_per_decision": 0.011316786209742228, "replans": null, "validator_ok": 1, "runtime_s": 0.0016975179314613342}, "atc": {"variant": "opt", "instance_id": "c09_replay_150_0102", "campus": 9, "size": 150, "track": "replay", "structure": "opt", "phi": 1.0, "eta": 0.8, "m": 0.6, "u_target": null, "u_realized": null, "method": "atc", "seed": 301, "twt": 402.0, "makespan": 104.75, "mean_flow": 5.159000000000001, "breach_share": 0.02666666666666667, "breach_p1": 0.16666666666666666, "breach_p2": 0.0, "breach_p3": null, "breach_p4": 0.0, "decisions": 150, "latency_ms_per_decision": 0.016802760461966198, "replans": null, "validator_ok": 1, "runtime_s": 0.0025204140692949295}, "pfifo": {"variant": "opt", "instance_id": "c09_replay_150_0102", "campus": 9, "size": 150, "track": "replay", "structure": "opt", "phi": 1.0, "eta": 0.8, "m": 0.6, "u_target": null, "u_realized": null, "method": "pfifo", "seed": 301, "twt": 402.0, "makespan": 104.75, "mean_flow": 7.6745999999999945, "breach_share": 0.02666666666666667, "breach_p1": 0.16666666666666666, "breach_p2": 0.0, "breach_p3": null, "breach_p4": 0.0, "decisions": 150, "latency_ms_per_decision": 0.011375403652588526, "replans": null, "validator_ok": 1, "runtime_s": 0.001706310547888279}, "mor": {"variant": "opt", "instance_id": "c09_replay_150_0102", "campus": 9, "size": 150, "track": "replay", "structure": "opt", "phi": 1.0, "eta": 0.8, "m": 0.6, "u_target": null, "u_realized": null, "method": "mor", "seed": 301, "twt": 402.0, "makespan": 104.75, "mean_flow": 9.414866666666663, "breach_share": 0.02666666666666667, "breach_p1": 0.16666666666666666, "breach_p2": 0.0, "breach_p3": null, "breach_p4": 0.0, "decisions": 150, "latency_ms_per_decision": 0.010945486525694529, "replans": null, "validator_ok": 1, "runtime_s": 0.0016418229788541794}, "lfj_atc": {"variant": "opt", "instance_id": "c09_replay_150_0102", "campus": 9, "size": 150, "track": "replay", "structure": "opt", "phi": 1.0, "eta": 0.8, "m": 0.6, "u_target": null, "u_realized": null, "method": "lfj_atc", "seed": 301, "twt": 402.0, "makespan": 104.75, "mean_flow": 5.159000000000001, "breach_share": 0.02666666666666667, "breach_p1": 0.16666666666666666, "breach_p2": 0.0, "breach_p3": null, "breach_p4": 0.0, "decisions": 150, "latency_ms_per_decision": 0.018882155418395996, "replans": null, "validator_ok": 1, "runtime_s": 0.0028323233127593994}, "atc_eta": {"variant": "opt", "instance_id": "c09_replay_150_0102", "campus": 9, "size": 150, "track": "replay", "structure": "opt", "phi": 1.0, "eta": 0.8, "m": 0.6, "u_target": null, "u_realized": null, "method": "atc_eta", "seed": 301, "twt": 402.0, "makespan": 104.75, "mean_flow": 5.159000000000001, "breach_share": 0.02666666666666667, "breach_p1": 0.16666666666666666, "breach_p2": 0.0, "breach_p3": null, "breach_p4": 0.0, "decisions": 150, "latency_ms_per_decision": 0.030312594026327133, "replans": null, "validator_ok": 1, "runtime_s": 0.00454688910394907}, "random": {"variant": "opt", "instance_id": "c09_replay_150_0102", "campus": 9, "size": 150, "track": "replay", "structure": "opt", "phi": 1.0, "eta": 0.8, "m": 0.6, "u_target": null, "u_realized": null, "method": "random", "seed": 301, "twt": 450.0, "makespan": 104.75, "mean_flow": 5.606866666666665, "breach_share": 0.03333333333333333, "breach_p1": 0.20833333333333334, "breach_p2": 0.0, "breach_p3": null, "breach_p4": 0.0, "decisions": 150, "latency_ms_per_decision": 0.009236683448155722, "replans": null, "validator_ok": 1, "runtime_s": 0.0013855025172233582}}, "budget_B": 60, "headcount": 60, "chain_order": ["D30", "D50", "D20", "D40", "D90", "C30", "E10", "B30", "MISC", "C10", "B20", "E20", "D10"]}