{"config_id": "c09_replay_150_0120__perm20260806", "rows": {"edd": {"variant": "perm20260806", "instance_id": "c09_replay_150_0120", "campus": 9, "size": 150, "track": "replay", "structure": "chain", "phi": 1.0, "eta": 1.0, "m": 0.6, "u_target": null, "u_realized": null, "method": "edd", "seed": 301, "twt": 216.0, "makespan": 78.0, "mean_flow": 4.117667333333333, "breach_share": 0.006666666666666667, "breach_p1": 0.0, "breach_p2": 0.02040816326530612, "breach_p3": null, "breach_p4": 0.0, "decisions": 150, "latency_ms_per_decision": 0.007188686480124791, "replans": null, "validator_ok": 1, "runtime_s": 0.0010783029720187187}, "wspt": {"variant": "perm20260806", "instance_id": "c09_replay_150_0120", "campus": 9, "size": 150, "track": "replay", "structure": "chain", "phi": 1.0, "eta": 1.0, "m": 0.6, "u_target": null, "u_realized": null, "method": "wspt", "seed": 301, "twt": 216.0, "makespan": 78.0, "mean_flow": 4.083556000000001, "breach_share": 0.006666666666666667, "breach_p1": 0.0, "breach_p2": 0.02040816326530612, "breach_p3": null, "breach_p4": 0.0, "decisions": 150, "latency_ms_per_decision": 0.02800418684879939, "replans": null, "validator_ok": 1, "runtime_s": 0.004200628027319908}, "atc": {"variant": "perm20260806", "instance_id": "c09_replay_150_0120", "campus": 9, "size": 150, "track": "replay", "structure": "chain", "phi": 1.0, "eta": 1.0, "m": 0.6, "u_target": null, "u_realized": null, "method": "atc", "seed": 301, "twt": 216.0, "makespan": 78.0, "mean_flow": 4.101000666666667, "breach_share": 0.006666666666666667, "breach_p1": 0.0, "breach_p2": 0.02040816326530612, "breach_p3": null, "breach_p4": 0.0, "decisions": 150, "latency_ms_per_decision": 0.01119948923587799, "replans": null, "validator_ok": 1, "runtime_s": 0.0016799233853816986}, "pfifo": {"variant": "perm20260806", "instance_id": "c09_replay_150_0120", "campus": 9, "size": 150, "track": "replay", "structure": "chain", "phi": 1.0, "eta": 1.0, "m": 0.6, "u_target": null, "u_realized": null, "method": "pfifo", "seed": 301, "twt": 216.0, "makespan": 78.0, "mean_flow": 4.117667333333333, "breach_share": 0.006666666666666667, "breach_p1": 0.0, "breach_p2": 0.02040816326530612, "breach_p3": null, "breach_p4": 0.0, "decisions": 150, "latency_ms_per_decision": 0.02799887831012408, "replans": null, "validator_ok": 1, "runtime_s": 0.004199831746518612}, "mor": {"variant": "perm20260806", "instance_id": "c09_replay_150_0120", "campus": 9, "size": 150, "track": "replay", "structure": "chain", "phi": 1.0, "eta": 1.0, "m": 0.6, "u_target": null, "u_realized": null, "method": "mor", "seed": 301, "twt": 216.0, "makespan": 78.0, "mean_flow": 4.231778666666667, "breach_share": 0.006666666666666667, "breach_p1": 0.0, "breach_p2": 0.02040816326530612, "breach_p3": null, "breach_p4": 0.0, "decisions": 150, "latency_ms_per_decision": 0.0073805637657642365, "replans": null, "validator_ok": 1, "runtime_s": 0.0011070845648646355}, "lfj_atc": {"variant": "perm20260806", "instance_id": "c09_replay_150_0120", "campus": 9, "size": 150, "track": "replay", "structure": "chain", "phi": 1.0, "eta": 1.0, "m": 0.6, "u_target": null, "u_realized": null, "method": "lfj_atc", "seed": 301, "twt": 216.0, "makespan": 78.0, "mean_flow": 4.101000666666667, "breach_share": 0.006666666666666667, "breach_p1": 0.0, "breach_p2": 0.02040816326530612, "breach_p3": null, "breach_p4": 0.0, "decisions": 150, "latency_ms_per_decision": 0.051662102341651917, "replans": null, "validator_ok": 1, "runtime_s": 0.0077493153512477875}, "atc_eta": {"variant": "perm20260806", "instance_id": "c09_replay_150_0120", "campus": 9, "size": 150, "track": "replay", "structure": "chain", "phi": 1.0, "eta": 1.0, "m": 0.6, "u_target": null, "u_realized": null, "method": "atc_eta", "seed": 301, "twt": 216.0, "makespan": 78.0, "mean_flow": 4.101000666666667, "breach_share": 0.006666666666666667, "breach_p1": 0.0, "breach_p2": 0.02040816326530612, "breach_p3": null, "breach_p4": 0.0, "decisions": 150, "latency_ms_per_decision": 0.03458786134918531, "replans": null, "validator_ok": 1, "runtime_s": 0.005188179202377796}, "random": {"variant": "perm20260806", "instance_id": "c09_replay_150_0120", "campus": 9, "size": 150, "track": "replay", "structure": "chain", "phi": 1.0, "eta": 1.0, "m": 0.6, "u_target": null, "u_realized": null, "method": "random", "seed": 301, "twt": 216.0, "makespan": 78.0, "mean_flow": 4.111889333333334, "breach_share": 0.006666666666666667, "breach_p1": 0.0, "breach_p2": 0.02040816326530612, "breach_p3": null, "breach_p4": 0.0, "decisions": 150, "latency_ms_per_decision": 0.006434780855973561, "replans": null, "validator_ok": 1, "runtime_s": 0.0009652171283960342}}, "budget_B": 60, "headcount": 60, "chain_order": ["B30", "E20", "D50", "B20", "D20", "D40", "C10", "MISC", "D30", "D10", "E10", "D90", "C30"]}