{"config_id": "c09_replay_150_0153__perm20260806", "rows": {"edd": {"variant": "perm20260806", "instance_id": "c09_replay_150_0153", "campus": 9, "size": 150, "track": "replay", "structure": "chain", "phi": 1.0, "eta": 1.0, "m": 0.6, "u_target": null, "u_realized": null, "method": "edd", "seed": 301, "twt": 247.0, "makespan": 84.4833, "mean_flow": 6.7671079999999995, "breach_share": 0.013333333333333334, "breach_p1": 0.0, "breach_p2": 0.047619047619047616, "breach_p3": null, "breach_p4": 0.0, "decisions": 150, "latency_ms_per_decision": 0.047625781347354255, "replans": null, "validator_ok": 1, "runtime_s": 0.007143867202103138}, "wspt": {"variant": "perm20260806", "instance_id": "c09_replay_150_0153", "campus": 9, "size": 150, "track": "replay", "structure": "chain", "phi": 1.0, "eta": 1.0, "m": 0.6, "u_target": null, "u_realized": null, "method": "wspt", "seed": 301, "twt": 247.0, "makespan": 84.4833, "mean_flow": 6.076441333333334, "breach_share": 0.013333333333333334, "breach_p1": 0.0, "breach_p2": 0.047619047619047616, "breach_p3": null, "breach_p4": 0.0, "decisions": 150, "latency_ms_per_decision": 0.007429557542006175, "replans": null, "validator_ok": 1, "runtime_s": 0.0011144336313009262}, "atc": {"variant": "perm20260806", "instance_id": "c09_replay_150_0153", "campus": 9, "size": 150, "track": "replay", "structure": "chain", "phi": 1.0, "eta": 1.0, "m": 0.6, "u_target": null, "u_realized": null, "method": "atc", "seed": 301, "twt": 247.0, "makespan": 84.4833, "mean_flow": 6.076441333333334, "breach_share": 0.013333333333333334, "breach_p1": 0.0, "breach_p2": 0.047619047619047616, "breach_p3": null, "breach_p4": 0.0, "decisions": 150, "latency_ms_per_decision": 0.05025343348582586, "replans": null, "validator_ok": 1, "runtime_s": 0.0075380150228738785}, "pfifo": {"variant": "perm20260806", "instance_id": "c09_replay_150_0153", "campus": 9, "size": 150, "track": "replay", "structure": "chain", "phi": 1.0, "eta": 1.0, "m": 0.6, "u_target": null, "u_realized": null, "method": "pfifo", "seed": 301, "twt": 247.0, "makespan": 84.4833, "mean_flow": 6.7671079999999995, "breach_share": 0.013333333333333334, "breach_p1": 0.0, "breach_p2": 0.047619047619047616, "breach_p3": null, "breach_p4": 0.0, "decisions": 150, "latency_ms_per_decision": 0.007497413704792659, "replans": null, "validator_ok": 1, "runtime_s": 0.0011246120557188988}, "mor": {"variant": "perm20260806", "instance_id": "c09_replay_150_0153", "campus": 9, "size": 150, "track": "replay", "structure": "chain", "phi": 1.0, "eta": 1.0, "m": 0.6, "u_target": null, "u_realized": null, "method": "mor", "seed": 301, "twt": 247.0, "makespan": 84.4833, "mean_flow": 7.347996666666665, "breach_share": 0.013333333333333334, "breach_p1": 0.0, "breach_p2": 0.047619047619047616, "breach_p3": null, "breach_p4": 0.0, "decisions": 150, "latency_ms_per_decision": 0.04751840606331825, "replans": null, "validator_ok": 1, "runtime_s": 0.007127760909497738}, "lfj_atc": {"variant": "perm20260806", "instance_id": "c09_replay_150_0153", "campus": 9, "size": 150, "track": "replay", "structure": "chain", "phi": 1.0, "eta": 1.0, "m": 0.6, "u_target": null, "u_realized": null, "method": "lfj_atc", "seed": 301, "twt": 247.0, "makespan": 84.4833, "mean_flow": 6.076441333333334, "breach_share": 0.013333333333333334, "breach_p1": 0.0, "breach_p2": 0.047619047619047616, "breach_p3": null, "breach_p4": 0.0, "decisions": 150, "latency_ms_per_decision": 0.010908941427866617, "replans": null, "validator_ok": 1, "runtime_s": 0.0016363412141799927}, "atc_eta": {"variant": "perm20260806", "instance_id": "c09_replay_150_0153", "campus": 9, "size": 150, "track": "replay", "structure": "chain", "phi": 1.0, "eta": 1.0, "m": 0.6, "u_target": null, "u_realized": null, "method": "atc_eta", "seed": 301, "twt": 247.0, "makespan": 84.4833, "mean_flow": 6.076441333333334, "breach_share": 0.013333333333333334, "breach_p1": 0.0, "breach_p2": 0.047619047619047616, "breach_p3": null, "breach_p4": 0.0, "decisions": 150, "latency_ms_per_decision": 0.058980459968249, "replans": null, "validator_ok": 1, "runtime_s": 0.00884706899523735}, "random": {"variant": "perm20260806", "instance_id": "c09_replay_150_0153", "campus": 9, "size": 150, "track": "replay", "structure": "chain", "phi": 1.0, "eta": 1.0, "m": 0.6, "u_target": null, "u_realized": null, "method": "random", "seed": 301, "twt": 247.0, "makespan": 84.4833, "mean_flow": 6.804996666666666, "breach_share": 0.013333333333333334, "breach_p1": 0.0, "breach_p2": 0.047619047619047616, "breach_p3": null, "breach_p4": 0.0, "decisions": 150, "latency_ms_per_decision": 0.047180025527874626, "replans": null, "validator_ok": 1, "runtime_s": 0.007077003829181194}}, "budget_B": 60, "headcount": 60, "chain_order": ["B30", "E20", "D50", "B20", "D20", "D40", "C10", "MISC", "D30", "D10", "E10", "D90", "C30"]}