{"config_id": "c09_replay_150_0194__rand1_20260903", "rows": {"edd": {"variant": "rand1_20260903", "instance_id": "c09_replay_150_0194", "campus": 9, "size": 150, "track": "replay", "structure": "rand1", "phi": 1.0, "eta": 1.0, "m": 0.6, "u_target": null, "u_realized": null, "method": "edd", "seed": 301, "twt": 50.0, "makespan": 50.5, "mean_flow": 3.569112, "breach_share": 0.013333333333333334, "breach_p1": 0.5, "breach_p2": 0.02631578947368421, "breach_p3": null, "breach_p4": 0.0, "decisions": 150, "latency_ms_per_decision": 0.008838834861914316, "replans": null, "validator_ok": 1, "runtime_s": 0.0013258252292871475}, "wspt": {"variant": "rand1_20260903", "instance_id": "c09_replay_150_0194", "campus": 9, "size": 150, "track": "replay", "structure": "rand1", "phi": 1.0, "eta": 1.0, "m": 0.6, "u_target": null, "u_realized": null, "method": "wspt", "seed": 301, "twt": 54.0, "makespan": 51.5, "mean_flow": 3.5737780000000003, "breach_share": 0.013333333333333334, "breach_p1": 0.5, "breach_p2": 0.02631578947368421, "breach_p3": null, "breach_p4": 0.0, "decisions": 150, "latency_ms_per_decision": 0.009208458165327707, "replans": null, "validator_ok": 1, "runtime_s": 0.0013812687247991562}, "atc": {"variant": "rand1_20260903", "instance_id": "c09_replay_150_0194", "campus": 9, "size": 150, "track": "replay", "structure": "rand1", "phi": 1.0, "eta": 1.0, "m": 0.6, "u_target": null, "u_realized": null, "method": "atc", "seed": 301, "twt": 50.0, "makespan": 50.5, "mean_flow": 3.5637780000000006, "breach_share": 0.013333333333333334, "breach_p1": 0.5, "breach_p2": 0.02631578947368421, "breach_p3": null, "breach_p4": 0.0, "decisions": 150, "latency_ms_per_decision": 0.012309538821379343, "replans": null, "validator_ok": 1, "runtime_s": 0.0018464308232069016}, "pfifo": {"variant": "rand1_20260903", "instance_id": "c09_replay_150_0194", "campus": 9, "size": 150, "track": "replay", "structure": "rand1", "phi": 1.0, "eta": 1.0, "m": 0.6, "u_target": null, "u_realized": null, "method": "pfifo", "seed": 301, "twt": 50.0, "makespan": 50.5, "mean_flow": 3.569112, "breach_share": 0.013333333333333334, "breach_p1": 0.5, "breach_p2": 0.02631578947368421, "breach_p3": null, "breach_p4": 0.0, "decisions": 150, "latency_ms_per_decision": 0.009144190698862076, "replans": null, "validator_ok": 1, "runtime_s": 0.0013716286048293114}, "mor": {"variant": "rand1_20260903", "instance_id": "c09_replay_150_0194", "campus": 9, "size": 150, "track": "replay", "structure": "rand1", "phi": 1.0, "eta": 1.0, "m": 0.6, "u_target": null, "u_realized": null, "method": "mor", "seed": 301, "twt": 50.0, "makespan": 50.5, "mean_flow": 3.6215573333333335, "breach_share": 0.013333333333333334, "breach_p1": 0.5, "breach_p2": 0.02631578947368421, "breach_p3": null, "breach_p4": 0.0, "decisions": 150, "latency_ms_per_decision": 0.00884233663479487, "replans": null, "validator_ok": 1, "runtime_s": 0.0013263504952192307}, "lfj_atc": {"variant": "rand1_20260903", "instance_id": "c09_replay_150_0194", "campus": 9, "size": 150, "track": "replay", "structure": "rand1", "phi": 1.0, "eta": 1.0, "m": 0.6, "u_target": null, "u_realized": null, "method": "lfj_atc", "seed": 301, "twt": 50.0, "makespan": 50.5, "mean_flow": 3.5637780000000006, "breach_share": 0.013333333333333334, "breach_p1": 0.5, "breach_p2": 0.02631578947368421, "breach_p3": null, "breach_p4": 0.0, "decisions": 150, "latency_ms_per_decision": 0.013641236970822016, "replans": null, "validator_ok": 1, "runtime_s": 0.0020461855456233025}, "atc_eta": {"variant": "rand1_20260903", "instance_id": "c09_replay_150_0194", "campus": 9, "size": 150, "track": "replay", "structure": "rand1", "phi": 1.0, "eta": 1.0, "m": 0.6, "u_target": null, "u_realized": null, "method": "atc_eta", "seed": 301, "twt": 50.0, "makespan": 50.5, "mean_flow": 3.5637780000000006, "breach_share": 0.013333333333333334, "breach_p1": 0.5, "breach_p2": 0.02631578947368421, "breach_p3": null, "breach_p4": 0.0, "decisions": 150, "latency_ms_per_decision": 0.02349713196357091, "replans": null, "validator_ok": 1, "runtime_s": 0.003524569794535637}, "random": {"variant": "rand1_20260903", "instance_id": "c09_replay_150_0194", "campus": 9, "size": 150, "track": "replay", "structure": "rand1", "phi": 1.0, "eta": 1.0, "m": 0.6, "u_target": null, "u_realized": null, "method": "random", "seed": 301, "twt": 52.0, "makespan": 51.0, "mean_flow": 3.5702233333333333, "breach_share": 0.013333333333333334, "breach_p1": 0.5, "breach_p2": 0.02631578947368421, "breach_p3": null, "breach_p4": 0.0, "decisions": 150, "latency_ms_per_decision": 0.008115805685520172, "replans": null, "validator_ok": 1, "runtime_s": 0.0012173708528280258}}, "budget_B": 60, "headcount": 60, "chain_order": ["D30", "D50", "D20", "D40", "D90", "C30", "E10", "B30", "MISC", "C10", "B20", "E20", "D10"]}