{"config_id": "c09_replay_150_0110__star_eta080", "rows": {"edd": {"variant": "star", "instance_id": "c09_replay_150_0110", "campus": 9, "size": 150, "track": "replay", "structure": "star", "phi": 1.0, "eta": 0.8, "m": 0.6, "u_target": null, "u_realized": null, "method": "edd", "seed": 301, "twt": 68.0, "makespan": 55.7, "mean_flow": 3.8723333333333327, "breach_share": 0.006666666666666667, "breach_p1": 0.0, "breach_p2": 0.02127659574468085, "breach_p3": 0.0, "breach_p4": 0.0, "decisions": 150, "latency_ms_per_decision": 0.007288244863351186, "replans": null, "validator_ok": 1, "runtime_s": 0.001093236729502678}, "wspt": {"variant": "star", "instance_id": "c09_replay_150_0110", "campus": 9, "size": 150, "track": "replay", "structure": "star", "phi": 1.0, "eta": 0.8, "m": 0.6, "u_target": null, "u_realized": null, "method": "wspt", "seed": 301, "twt": 68.0, "makespan": 55.7, "mean_flow": 3.7890446666666664, "breach_share": 0.006666666666666667, "breach_p1": 0.0, "breach_p2": 0.02127659574468085, "breach_p3": 0.0, "breach_p4": 0.0, "decisions": 150, "latency_ms_per_decision": 0.0076358020305633545, "replans": null, "validator_ok": 1, "runtime_s": 0.0011453703045845032}, "atc": {"variant": "star", "instance_id": "c09_replay_150_0110", "campus": 9, "size": 150, "track": "replay", "structure": "star", "phi": 1.0, "eta": 0.8, "m": 0.6, "u_target": null, "u_realized": null, "method": "atc", "seed": 301, "twt": 68.0, "makespan": 55.7, "mean_flow": 3.837733333333334, "breach_share": 0.006666666666666667, "breach_p1": 0.0, "breach_p2": 0.02127659574468085, "breach_p3": 0.0, "breach_p4": 0.0, "decisions": 150, "latency_ms_per_decision": 0.009369632850090662, "replans": null, "validator_ok": 1, "runtime_s": 0.0014054449275135994}, "pfifo": {"variant": "star", "instance_id": "c09_replay_150_0110", "campus": 9, "size": 150, "track": "replay", "structure": "star", "phi": 1.0, "eta": 0.8, "m": 0.6, "u_target": null, "u_realized": null, "method": "pfifo", "seed": 301, "twt": 68.0, "makespan": 55.7, "mean_flow": 3.8723333333333327, "breach_share": 0.006666666666666667, "breach_p1": 0.0, "breach_p2": 0.02127659574468085, "breach_p3": 0.0, "breach_p4": 0.0, "decisions": 150, "latency_ms_per_decision": 0.007381917287906011, "replans": null, "validator_ok": 1, "runtime_s": 0.0011072875931859016}, "mor": {"variant": "star", "instance_id": "c09_replay_150_0110", "campus": 9, "size": 150, "track": "replay", "structure": "star", "phi": 1.0, "eta": 0.8, "m": 0.6, "u_target": null, "u_realized": null, "method": "mor", "seed": 301, "twt": 68.0, "makespan": 55.7, "mean_flow": 4.223402, "breach_share": 0.006666666666666667, "breach_p1": 0.0, "breach_p2": 0.02127659574468085, "breach_p3": 0.0, "breach_p4": 0.0, "decisions": 150, "latency_ms_per_decision": 0.007184203714132309, "replans": null, "validator_ok": 1, "runtime_s": 0.0010776305571198463}, "lfj_atc": {"variant": "star", "instance_id": "c09_replay_150_0110", "campus": 9, "size": 150, "track": "replay", "structure": "star", "phi": 1.0, "eta": 0.8, "m": 0.6, "u_target": null, "u_realized": null, "method": "lfj_atc", "seed": 301, "twt": 68.0, "makespan": 55.7, "mean_flow": 3.837733333333334, "breach_share": 0.006666666666666667, "breach_p1": 0.0, "breach_p2": 0.02127659574468085, "breach_p3": 0.0, "breach_p4": 0.0, "decisions": 150, "latency_ms_per_decision": 0.010366359104712805, "replans": null, "validator_ok": 1, "runtime_s": 0.0015549538657069206}, "atc_eta": {"variant": "star", "instance_id": "c09_replay_150_0110", "campus": 9, "size": 150, "track": "replay", "structure": "star", "phi": 1.0, "eta": 0.8, "m": 0.6, "u_target": null, "u_realized": null, "method": "atc_eta", "seed": 301, "twt": 68.0, "makespan": 55.7, "mean_flow": 3.837733333333334, "breach_share": 0.006666666666666667, "breach_p1": 0.0, "breach_p2": 0.02127659574468085, "breach_p3": 0.0, "breach_p4": 0.0, "decisions": 150, "latency_ms_per_decision": 0.01649286597967148, "replans": null, "validator_ok": 1, "runtime_s": 0.0024739298969507217}, "random": {"variant": "star", "instance_id": "c09_replay_150_0110", "campus": 9, "size": 150, "track": "replay", "structure": "star", "phi": 1.0, "eta": 0.8, "m": 0.6, "u_target": null, "u_realized": null, "method": "random", "seed": 301, "twt": 94.0, "makespan": 55.7, "mean_flow": 3.9627126666666665, "breach_share": 0.013333333333333334, "breach_p1": 0.2, "breach_p2": 0.02127659574468085, "breach_p3": 0.0, "breach_p4": 0.0, "decisions": 150, "latency_ms_per_decision": 0.006798096001148224, "replans": null, "validator_ok": 1, "runtime_s": 0.0010197144001722336}}, "budget_B": 60, "headcount": 60, "chain_order": ["D30", "D50", "D20", "D40", "D90", "C30", "E10", "B30", "MISC", "C10", "B20", "E20", "D10"]}