{"config_id": "c09_replay_400_0117__tsel20260823", "rows": {"edd": {"variant": "tsel20260823", "instance_id": "c09_replay_400_0117", "campus": 9, "size": 400, "track": "replay", "structure": "chain", "phi": 0.5, "eta": 1.0, "m": 0.6, "u_target": null, "u_realized": null, "method": "edd", "seed": 301, "twt": 646.0, "makespan": 126.3648, "mean_flow": 4.27757975, "breach_share": 0.0075, "breach_p1": 0.1111111111111111, "breach_p2": 0.015873015873015872, "breach_p3": 0.0, "breach_p4": 0.0, "decisions": 400, "latency_ms_per_decision": 0.013883467763662338, "replans": null, "validator_ok": 1, "runtime_s": 0.005553387105464935}, "wspt": {"variant": "tsel20260823", "instance_id": "c09_replay_400_0117", "campus": 9, "size": 400, "track": "replay", "structure": "chain", "phi": 0.5, "eta": 1.0, "m": 0.6, "u_target": null, "u_realized": null, "method": "wspt", "seed": 301, "twt": 653.0, "makespan": 133.3648, "mean_flow": 4.1988294999999995, "breach_share": 0.0075, "breach_p1": 0.1111111111111111, "breach_p2": 0.015873015873015872, "breach_p3": 0.0, "breach_p4": 0.0, "decisions": 400, "latency_ms_per_decision": 0.01655923668295145, "replans": null, "validator_ok": 1, "runtime_s": 0.00662369467318058}, "atc": {"variant": "tsel20260823", "instance_id": "c09_replay_400_0117", "campus": 9, "size": 400, "track": "replay", "structure": "chain", "phi": 0.5, "eta": 1.0, "m": 0.6, "u_target": null, "u_realized": null, "method": "atc", "seed": 301, "twt": 646.0, "makespan": 123.8648, "mean_flow": 4.2562465000000005, "breach_share": 0.0075, "breach_p1": 0.1111111111111111, "breach_p2": 0.015873015873015872, "breach_p3": 0.0, "breach_p4": 0.0, "decisions": 400, "latency_ms_per_decision": 0.027995333075523376, "replans": null, "validator_ok": 1, "runtime_s": 0.01119813323020935}, "pfifo": {"variant": "tsel20260823", "instance_id": "c09_replay_400_0117", "campus": 9, "size": 400, "track": "replay", "structure": "chain", "phi": 0.5, "eta": 1.0, "m": 0.6, "u_target": null, "u_realized": null, "method": "pfifo", "seed": 301, "twt": 646.0, "makespan": 126.3648, "mean_flow": 4.27757975, "breach_share": 0.0075, "breach_p1": 0.1111111111111111, "breach_p2": 0.015873015873015872, "breach_p3": 0.0, "breach_p4": 0.0, "decisions": 400, "latency_ms_per_decision": 0.022195882629603148, "replans": null, "validator_ok": 1, "runtime_s": 0.008878353051841259}, "mor": {"variant": "tsel20260823", "instance_id": "c09_replay_400_0117", "campus": 9, "size": 400, "track": "replay", "structure": "chain", "phi": 0.5, "eta": 1.0, "m": 0.6, "u_target": null, "u_realized": null, "method": "mor", "seed": 301, "twt": 646.0, "makespan": 122.8648, "mean_flow": 4.367412750000001, "breach_share": 0.0075, "breach_p1": 0.1111111111111111, "breach_p2": 0.015873015873015872, "breach_p3": 0.0, "breach_p4": 0.0, "decisions": 400, "latency_ms_per_decision": 0.016733708325773478, "replans": null, "validator_ok": 1, "runtime_s": 0.006693483330309391}, "lfj_atc": {"variant": "tsel20260823", "instance_id": "c09_replay_400_0117", "campus": 9, "size": 400, "track": "replay", "structure": "chain", "phi": 0.5, "eta": 1.0, "m": 0.6, "u_target": null, "u_realized": null, "method": "lfj_atc", "seed": 301, "twt": 646.0, "makespan": 123.8648, "mean_flow": 4.2562465000000005, "breach_share": 0.0075, "breach_p1": 0.1111111111111111, "breach_p2": 0.015873015873015872, "breach_p3": 0.0, "breach_p4": 0.0, "decisions": 400, "latency_ms_per_decision": 0.029393285512924194, "replans": null, "validator_ok": 1, "runtime_s": 0.011757314205169678}, "atc_eta": {"variant": "tsel20260823", "instance_id": "c09_replay_400_0117", "campus": 9, "size": 400, "track": "replay", "structure": "chain", "phi": 0.5, "eta": 1.0, "m": 0.6, "u_target": null, "u_realized": null, "method": "atc_eta", "seed": 301, "twt": 646.0, "makespan": 123.8648, "mean_flow": 4.2562465000000005, "breach_share": 0.0075, "breach_p1": 0.1111111111111111, "breach_p2": 0.015873015873015872, "breach_p3": 0.0, "breach_p4": 0.0, "decisions": 400, "latency_ms_per_decision": 0.054891714826226234, "replans": null, "validator_ok": 1, "runtime_s": 0.021956685930490494}, "random": {"variant": "tsel20260823", "instance_id": "c09_replay_400_0117", "campus": 9, "size": 400, "track": "replay", "structure": "chain", "phi": 0.5, "eta": 1.0, "m": 0.6, "u_target": null, "u_realized": null, "method": "random", "seed": 301, "twt": 646.0, "makespan": 126.3648, "mean_flow": 4.32482975, "breach_share": 0.0075, "breach_p1": 0.1111111111111111, "breach_p2": 0.015873015873015872, "breach_p3": 0.0, "breach_p4": 0.0, "decisions": 400, "latency_ms_per_decision": 0.016175289638340473, "replans": null, "validator_ok": 1, "runtime_s": 0.006470115855336189}}, "budget_B": 34, "headcount": 60, "chain_order": ["D30", "D50", "D20", "D40", "D90", "C30", "E10", "B30", "MISC", "C10", "B20", "E20", "D10"]}