{"config_id": "c09_replay_150_0129__tsel20260821", "rows": {"edd": {"variant": "tsel20260821", "instance_id": "c09_replay_150_0129", "campus": 9, "size": 150, "track": "replay", "structure": "chain", "phi": 0.5, "eta": 1.0, "m": 0.6, "u_target": null, "u_realized": null, "method": "edd", "seed": 301, "twt": 18.0, "makespan": 77.75, "mean_flow": 3.7239986666666662, "breach_share": 0.013333333333333334, "breach_p1": 0.14285714285714285, "breach_p2": 0.034482758620689655, "breach_p3": null, "breach_p4": 0.0, "decisions": 150, "latency_ms_per_decision": 0.009068343788385391, "replans": null, "validator_ok": 1, "runtime_s": 0.0013602515682578087}, "wspt": {"variant": "tsel20260821", "instance_id": "c09_replay_150_0129", "campus": 9, "size": 150, "track": "replay", "structure": "chain", "phi": 0.5, "eta": 1.0, "m": 0.6, "u_target": null, "u_realized": null, "method": "wspt", "seed": 301, "twt": 18.0, "makespan": 77.75, "mean_flow": 3.703887333333333, "breach_share": 0.013333333333333334, "breach_p1": 0.14285714285714285, "breach_p2": 0.034482758620689655, "breach_p3": null, "breach_p4": 0.0, "decisions": 150, "latency_ms_per_decision": 0.050585015366474785, "replans": null, "validator_ok": 1, "runtime_s": 0.007587752304971218}, "atc": {"variant": "tsel20260821", "instance_id": "c09_replay_150_0129", "campus": 9, "size": 150, "track": "replay", "structure": "chain", "phi": 0.5, "eta": 1.0, "m": 0.6, "u_target": null, "u_realized": null, "method": "atc", "seed": 301, "twt": 18.0, "makespan": 77.75, "mean_flow": 3.954663333333333, "breach_share": 0.013333333333333334, "breach_p1": 0.14285714285714285, "breach_p2": 0.034482758620689655, "breach_p3": null, "breach_p4": 0.0, "decisions": 150, "latency_ms_per_decision": 0.025690073768297832, "replans": null, "validator_ok": 1, "runtime_s": 0.0038535110652446747}, "pfifo": {"variant": "tsel20260821", "instance_id": "c09_replay_150_0129", "campus": 9, "size": 150, "track": "replay", "structure": "chain", "phi": 0.5, "eta": 1.0, "m": 0.6, "u_target": null, "u_realized": null, "method": "pfifo", "seed": 301, "twt": 18.0, "makespan": 77.75, "mean_flow": 3.7239986666666662, "breach_share": 0.013333333333333334, "breach_p1": 0.14285714285714285, "breach_p2": 0.034482758620689655, "breach_p3": null, "breach_p4": 0.0, "decisions": 150, "latency_ms_per_decision": 0.00923412541548411, "replans": null, "validator_ok": 1, "runtime_s": 0.0013851188123226166}, "mor": {"variant": "tsel20260821", "instance_id": "c09_replay_150_0129", "campus": 9, "size": 150, "track": "replay", "structure": "chain", "phi": 0.5, "eta": 1.0, "m": 0.6, "u_target": null, "u_realized": null, "method": "mor", "seed": 301, "twt": 18.0, "makespan": 77.75, "mean_flow": 3.8506646666666664, "breach_share": 0.013333333333333334, "breach_p1": 0.14285714285714285, "breach_p2": 0.034482758620689655, "breach_p3": null, "breach_p4": 0.0, "decisions": 150, "latency_ms_per_decision": 0.02926420420408249, "replans": null, "validator_ok": 1, "runtime_s": 0.004389630630612373}, "lfj_atc": {"variant": "tsel20260821", "instance_id": "c09_replay_150_0129", "campus": 9, "size": 150, "track": "replay", "structure": "chain", "phi": 0.5, "eta": 1.0, "m": 0.6, "u_target": null, "u_realized": null, "method": "lfj_atc", "seed": 301, "twt": 18.0, "makespan": 77.75, "mean_flow": 3.954663333333333, "breach_share": 0.013333333333333334, "breach_p1": 0.14285714285714285, "breach_p2": 0.034482758620689655, "breach_p3": null, "breach_p4": 0.0, "decisions": 150, "latency_ms_per_decision": 0.035888192554314934, "replans": null, "validator_ok": 1, "runtime_s": 0.00538322888314724}, "atc_eta": {"variant": "tsel20260821", "instance_id": "c09_replay_150_0129", "campus": 9, "size": 150, "track": "replay", "structure": "chain", "phi": 0.5, "eta": 1.0, "m": 0.6, "u_target": null, "u_realized": null, "method": "atc_eta", "seed": 301, "twt": 18.0, "makespan": 77.75, "mean_flow": 3.954663333333333, "breach_share": 0.013333333333333334, "breach_p1": 0.14285714285714285, "breach_p2": 0.034482758620689655, "breach_p3": null, "breach_p4": 0.0, "decisions": 150, "latency_ms_per_decision": 0.041372484217087425, "replans": null, "validator_ok": 1, "runtime_s": 0.006205872632563114}, "random": {"variant": "tsel20260821", "instance_id": "c09_replay_150_0129", "campus": 9, "size": 150, "track": "replay", "structure": "chain", "phi": 0.5, "eta": 1.0, "m": 0.6, "u_target": null, "u_realized": null, "method": "random", "seed": 301, "twt": 18.0, "makespan": 77.75, "mean_flow": 3.7184426666666663, "breach_share": 0.013333333333333334, "breach_p1": 0.14285714285714285, "breach_p2": 0.034482758620689655, "breach_p3": null, "breach_p4": 0.0, "decisions": 150, "latency_ms_per_decision": 0.028782188892364502, "replans": null, "validator_ok": 1, "runtime_s": 0.004317328333854675}}, "budget_B": 34, "headcount": 60, "chain_order": ["D30", "D50", "D20", "D40", "D90", "C30", "E10", "B30", "MISC", "C10", "B20", "E20", "D10"]}