{"config_id": "c09_replay_150_0181__perm20260805", "rows": {"edd": {"variant": "perm20260805", "instance_id": "c09_replay_150_0181", "campus": 9, "size": 150, "track": "replay", "structure": "chain", "phi": 1.0, "eta": 1.0, "m": 0.6, "u_target": null, "u_realized": null, "method": "edd", "seed": 301, "twt": 139.0, "makespan": 59.5, "mean_flow": 4.2954446666666675, "breach_share": 0.02, "breach_p1": 0.2857142857142857, "breach_p2": 0.01818181818181818, "breach_p3": null, "breach_p4": 0.0, "decisions": 150, "latency_ms_per_decision": 0.009089627613623938, "replans": null, "validator_ok": 1, "runtime_s": 0.0013634441420435905}, "wspt": {"variant": "perm20260805", "instance_id": "c09_replay_150_0181", "campus": 9, "size": 150, "track": "replay", "structure": "chain", "phi": 1.0, "eta": 1.0, "m": 0.6, "u_target": null, "u_realized": null, "method": "wspt", "seed": 301, "twt": 139.0, "makespan": 59.5, "mean_flow": 4.262666666666666, "breach_share": 0.02, "breach_p1": 0.2857142857142857, "breach_p2": 0.01818181818181818, "breach_p3": null, "breach_p4": 0.0, "decisions": 150, "latency_ms_per_decision": 0.029576104134321213, "replans": null, "validator_ok": 1, "runtime_s": 0.004436415620148182}, "atc": {"variant": "perm20260805", "instance_id": "c09_replay_150_0181", "campus": 9, "size": 150, "track": "replay", "structure": "chain", "phi": 1.0, "eta": 1.0, "m": 0.6, "u_target": null, "u_realized": null, "method": "atc", "seed": 301, "twt": 139.0, "makespan": 59.5, "mean_flow": 4.314111333333334, "breach_share": 0.02, "breach_p1": 0.2857142857142857, "breach_p2": 0.01818181818181818, "breach_p3": null, "breach_p4": 0.0, "decisions": 150, "latency_ms_per_decision": 0.03332110121846199, "replans": null, "validator_ok": 1, "runtime_s": 0.0049981651827692986}, "pfifo": {"variant": "perm20260805", "instance_id": "c09_replay_150_0181", "campus": 9, "size": 150, "track": "replay", "structure": "chain", "phi": 1.0, "eta": 1.0, "m": 0.6, "u_target": null, "u_realized": null, "method": "pfifo", "seed": 301, "twt": 139.0, "makespan": 59.5, "mean_flow": 4.2954446666666675, "breach_share": 0.02, "breach_p1": 0.2857142857142857, "breach_p2": 0.01818181818181818, "breach_p3": null, "breach_p4": 0.0, "decisions": 150, "latency_ms_per_decision": 0.009487705926100412, "replans": null, "validator_ok": 1, "runtime_s": 0.001423155888915062}, "mor": {"variant": "perm20260805", "instance_id": "c09_replay_150_0181", "campus": 9, "size": 150, "track": "replay", "structure": "chain", "phi": 1.0, "eta": 1.0, "m": 0.6, "u_target": null, "u_realized": null, "method": "mor", "seed": 301, "twt": 139.0, "makespan": 59.5, "mean_flow": 4.367000000000001, "breach_share": 0.02, "breach_p1": 0.2857142857142857, "breach_p2": 0.01818181818181818, "breach_p3": null, "breach_p4": 0.0, "decisions": 150, "latency_ms_per_decision": 0.029304139316082, "replans": null, "validator_ok": 1, "runtime_s": 0.0043956208974123}, "lfj_atc": {"variant": "perm20260805", "instance_id": "c09_replay_150_0181", "campus": 9, "size": 150, "track": "replay", "structure": "chain", "phi": 1.0, "eta": 1.0, "m": 0.6, "u_target": null, "u_realized": null, "method": "lfj_atc", "seed": 301, "twt": 139.0, "makespan": 59.5, "mean_flow": 4.314111333333334, "breach_share": 0.02, "breach_p1": 0.2857142857142857, "breach_p2": 0.01818181818181818, "breach_p3": null, "breach_p4": 0.0, "decisions": 150, "latency_ms_per_decision": 0.03457327062884966, "replans": null, "validator_ok": 1, "runtime_s": 0.00518599059432745}, "atc_eta": {"variant": "perm20260805", "instance_id": "c09_replay_150_0181", "campus": 9, "size": 150, "track": "replay", "structure": "chain", "phi": 1.0, "eta": 1.0, "m": 0.6, "u_target": null, "u_realized": null, "method": "atc_eta", "seed": 301, "twt": 139.0, "makespan": 59.5, "mean_flow": 4.314111333333334, "breach_share": 0.02, "breach_p1": 0.2857142857142857, "breach_p2": 0.01818181818181818, "breach_p3": null, "breach_p4": 0.0, "decisions": 150, "latency_ms_per_decision": 0.06110763177275658, "replans": null, "validator_ok": 1, "runtime_s": 0.009166144765913486}, "random": {"variant": "perm20260805", "instance_id": "c09_replay_150_0181", "campus": 9, "size": 150, "track": "replay", "structure": "chain", "phi": 1.0, "eta": 1.0, "m": 0.6, "u_target": null, "u_realized": null, "method": "random", "seed": 301, "twt": 139.0, "makespan": 59.5, "mean_flow": 4.272333333333333, "breach_share": 0.02, "breach_p1": 0.2857142857142857, "breach_p2": 0.01818181818181818, "breach_p3": null, "breach_p4": 0.0, "decisions": 150, "latency_ms_per_decision": 0.029022004455327988, "replans": null, "validator_ok": 1, "runtime_s": 0.004353300668299198}}, "budget_B": 60, "headcount": 60, "chain_order": ["D40", "D90", "C30", "D30", "D50", "C10", "E10", "B30", "D10", "B20", "D20", "E20", "MISC"]}