{"config_id": "c09_replay_400_0148__perm20260801", "rows": {"edd": {"variant": "perm20260801", "instance_id": "c09_replay_400_0148", "campus": 9, "size": 400, "track": "replay", "structure": "chain", "phi": 1.0, "eta": 1.0, "m": 0.6, "u_target": null, "u_realized": null, "method": "edd", "seed": 301, "twt": 730.9184, "makespan": 122.8648, "mean_flow": 3.60016175, "breach_share": 0.01, "breach_p1": 0.2, "breach_p2": 0.00980392156862745, "breach_p3": 0.0, "breach_p4": 0.0, "decisions": 400, "latency_ms_per_decision": 0.021777853835374117, "replans": null, "validator_ok": 1, "runtime_s": 0.008711141534149647}, "wspt": {"variant": "perm20260801", "instance_id": "c09_replay_400_0148", "campus": 9, "size": 400, "track": "replay", "structure": "chain", "phi": 1.0, "eta": 1.0, "m": 0.6, "u_target": null, "u_realized": null, "method": "wspt", "seed": 301, "twt": 736.6516, "makespan": 122.8648, "mean_flow": 3.5486199999999997, "breach_share": 0.0125, "breach_p1": 0.26666666666666666, "breach_p2": 0.00980392156862745, "breach_p3": 0.0, "breach_p4": 0.0, "decisions": 400, "latency_ms_per_decision": 0.021991454996168613, "replans": null, "validator_ok": 1, "runtime_s": 0.008796581998467445}, "atc": {"variant": "perm20260801", "instance_id": "c09_replay_400_0148", "campus": 9, "size": 400, "track": "replay", "structure": "chain", "phi": 1.0, "eta": 1.0, "m": 0.6, "u_target": null, "u_realized": null, "method": "atc", "seed": 301, "twt": 730.9184, "makespan": 122.8648, "mean_flow": 3.5794532500000003, "breach_share": 0.01, "breach_p1": 0.2, "breach_p2": 0.00980392156862745, "breach_p3": 0.0, "breach_p4": 0.0, "decisions": 400, "latency_ms_per_decision": 0.024802275002002716, "replans": null, "validator_ok": 1, "runtime_s": 0.009920910000801086}, "pfifo": {"variant": "perm20260801", "instance_id": "c09_replay_400_0148", "campus": 9, "size": 400, "track": "replay", "structure": "chain", "phi": 1.0, "eta": 1.0, "m": 0.6, "u_target": null, "u_realized": null, "method": "pfifo", "seed": 301, "twt": 730.9184, "makespan": 122.8648, "mean_flow": 3.60016175, "breach_share": 0.01, "breach_p1": 0.2, "breach_p2": 0.00980392156862745, "breach_p3": 0.0, "breach_p4": 0.0, "decisions": 400, "latency_ms_per_decision": 0.022109269630163908, "replans": null, "validator_ok": 1, "runtime_s": 0.008843707852065563}, "mor": {"variant": "perm20260801", "instance_id": "c09_replay_400_0148", "campus": 9, "size": 400, "track": "replay", "structure": "chain", "phi": 1.0, "eta": 1.0, "m": 0.6, "u_target": null, "u_realized": null, "method": "mor", "seed": 301, "twt": 730.9184, "makespan": 122.8648, "mean_flow": 3.7547867499999996, "breach_share": 0.01, "breach_p1": 0.2, "breach_p2": 0.00980392156862745, "breach_p3": 0.0, "breach_p4": 0.0, "decisions": 400, "latency_ms_per_decision": 0.021880879066884518, "replans": null, "validator_ok": 1, "runtime_s": 0.008752351626753807}, "lfj_atc": {"variant": "perm20260801", "instance_id": "c09_replay_400_0148", "campus": 9, "size": 400, "track": "replay", "structure": "chain", "phi": 1.0, "eta": 1.0, "m": 0.6, "u_target": null, "u_realized": null, "method": "lfj_atc", "seed": 301, "twt": 730.9184, "makespan": 122.8648, "mean_flow": 3.5794532500000003, "breach_share": 0.01, "breach_p1": 0.2, "breach_p2": 0.00980392156862745, "breach_p3": 0.0, "breach_p4": 0.0, "decisions": 400, "latency_ms_per_decision": 0.0408258312381804, "replans": null, "validator_ok": 1, "runtime_s": 0.01633033249527216}, "atc_eta": {"variant": "perm20260801", "instance_id": "c09_replay_400_0148", "campus": 9, "size": 400, "track": "replay", "structure": "chain", "phi": 1.0, "eta": 1.0, "m": 0.6, "u_target": null, "u_realized": null, "method": "atc_eta", "seed": 301, "twt": 730.9184, "makespan": 122.8648, "mean_flow": 3.5794532500000003, "breach_share": 0.01, "breach_p1": 0.2, "breach_p2": 0.00980392156862745, "breach_p3": 0.0, "breach_p4": 0.0, "decisions": 400, "latency_ms_per_decision": 0.04843402886763215, "replans": null, "validator_ok": 1, "runtime_s": 0.01937361154705286}, "random": {"variant": "perm20260801", "instance_id": "c09_replay_400_0148", "campus": 9, "size": 400, "track": "replay", "structure": "chain", "phi": 1.0, "eta": 1.0, "m": 0.6, "u_target": null, "u_realized": null, "method": "random", "seed": 301, "twt": 740.9184, "makespan": 122.8648, "mean_flow": 3.59991175, "breach_share": 0.0125, "breach_p1": 0.26666666666666666, "breach_p2": 0.00980392156862745, "breach_p3": 0.0, "breach_p4": 0.0, "decisions": 400, "latency_ms_per_decision": 0.013450405094772577, "replans": null, "validator_ok": 1, "runtime_s": 0.005380162037909031}}, "budget_B": 60, "headcount": 60, "chain_order": ["D40", "C10", "E10", "B30", "D50", "C30", "D30", "D20", "D10", "D90", "B20", "E20", "MISC"]}