{"config_id": "c09_replay_150_0182__perm20260806", "rows": {"edd": {"variant": "perm20260806", "instance_id": "c09_replay_150_0182", "campus": 9, "size": 150, "track": "replay", "structure": "chain", "phi": 1.0, "eta": 1.0, "m": 0.6, "u_target": null, "u_realized": null, "method": "edd", "seed": 301, "twt": 98.0, "makespan": 53.5, "mean_flow": 3.2687779999999997, "breach_share": 0.013333333333333334, "breach_p1": 0.3333333333333333, "breach_p2": 0.025, "breach_p3": null, "breach_p4": 0.0, "decisions": 150, "latency_ms_per_decision": 0.027522190163532894, "replans": null, "validator_ok": 1, "runtime_s": 0.004128328524529934}, "wspt": {"variant": "perm20260806", "instance_id": "c09_replay_150_0182", "campus": 9, "size": 150, "track": "replay", "structure": "chain", "phi": 1.0, "eta": 1.0, "m": 0.6, "u_target": null, "u_realized": null, "method": "wspt", "seed": 301, "twt": 102.0, "makespan": 53.5, "mean_flow": 3.2183333333333333, "breach_share": 0.013333333333333334, "breach_p1": 0.3333333333333333, "breach_p2": 0.025, "breach_p3": null, "breach_p4": 0.0, "decisions": 150, "latency_ms_per_decision": 0.007601771503686905, "replans": null, "validator_ok": 1, "runtime_s": 0.0011402657255530357}, "atc": {"variant": "perm20260806", "instance_id": "c09_replay_150_0182", "campus": 9, "size": 150, "track": "replay", "structure": "chain", "phi": 1.0, "eta": 1.0, "m": 0.6, "u_target": null, "u_realized": null, "method": "atc", "seed": 301, "twt": 98.0, "makespan": 53.5, "mean_flow": 3.2016666666666667, "breach_share": 0.013333333333333334, "breach_p1": 0.3333333333333333, "breach_p2": 0.025, "breach_p3": null, "breach_p4": 0.0, "decisions": 150, "latency_ms_per_decision": 0.0309493454794089, "replans": null, "validator_ok": 1, "runtime_s": 0.004642401821911335}, "pfifo": {"variant": "perm20260806", "instance_id": "c09_replay_150_0182", "campus": 9, "size": 150, "track": "replay", "structure": "chain", "phi": 1.0, "eta": 1.0, "m": 0.6, "u_target": null, "u_realized": null, "method": "pfifo", "seed": 301, "twt": 98.0, "makespan": 53.5, "mean_flow": 3.2687779999999997, "breach_share": 0.013333333333333334, "breach_p1": 0.3333333333333333, "breach_p2": 0.025, "breach_p3": null, "breach_p4": 0.0, "decisions": 150, "latency_ms_per_decision": 0.00788569450378418, "replans": null, "validator_ok": 1, "runtime_s": 0.001182854175567627}, "mor": {"variant": "perm20260806", "instance_id": "c09_replay_150_0182", "campus": 9, "size": 150, "track": "replay", "structure": "chain", "phi": 1.0, "eta": 1.0, "m": 0.6, "u_target": null, "u_realized": null, "method": "mor", "seed": 301, "twt": 98.0, "makespan": 53.5, "mean_flow": 3.3804446666666665, "breach_share": 0.013333333333333334, "breach_p1": 0.3333333333333333, "breach_p2": 0.025, "breach_p3": null, "breach_p4": 0.0, "decisions": 150, "latency_ms_per_decision": 0.007308690498272578, "replans": null, "validator_ok": 1, "runtime_s": 0.0010963035747408867}, "lfj_atc": {"variant": "perm20260806", "instance_id": "c09_replay_150_0182", "campus": 9, "size": 150, "track": "replay", "structure": "chain", "phi": 1.0, "eta": 1.0, "m": 0.6, "u_target": null, "u_realized": null, "method": "lfj_atc", "seed": 301, "twt": 98.0, "makespan": 53.5, "mean_flow": 3.2016666666666667, "breach_share": 0.013333333333333334, "breach_p1": 0.3333333333333333, "breach_p2": 0.025, "breach_p3": null, "breach_p4": 0.0, "decisions": 150, "latency_ms_per_decision": 0.011831981440385183, "replans": null, "validator_ok": 1, "runtime_s": 0.0017747972160577774}, "atc_eta": {"variant": "perm20260806", "instance_id": "c09_replay_150_0182", "campus": 9, "size": 150, "track": "replay", "structure": "chain", "phi": 1.0, "eta": 1.0, "m": 0.6, "u_target": null, "u_realized": null, "method": "atc_eta", "seed": 301, "twt": 98.0, "makespan": 53.5, "mean_flow": 3.2016666666666667, "breach_share": 0.013333333333333334, "breach_p1": 0.3333333333333333, "breach_p2": 0.025, "breach_p3": null, "breach_p4": 0.0, "decisions": 150, "latency_ms_per_decision": 0.04079833005865415, "replans": null, "validator_ok": 1, "runtime_s": 0.006119749508798122}, "random": {"variant": "perm20260806", "instance_id": "c09_replay_150_0182", "campus": 9, "size": 150, "track": "replay", "structure": "chain", "phi": 1.0, "eta": 1.0, "m": 0.6, "u_target": null, "u_realized": null, "method": "random", "seed": 301, "twt": 98.0, "makespan": 53.5, "mean_flow": 3.2671113333333333, "breach_share": 0.013333333333333334, "breach_p1": 0.3333333333333333, "breach_p2": 0.025, "breach_p3": null, "breach_p4": 0.0, "decisions": 150, "latency_ms_per_decision": 0.026933693637450535, "replans": null, "validator_ok": 1, "runtime_s": 0.00404005404561758}}, "budget_B": 60, "headcount": 60, "chain_order": ["B30", "E20", "D50", "B20", "D20", "D40", "C10", "MISC", "D30", "D10", "E10", "D90", "C30"]}