{"config_id": "c09_replay_400_0151__feas_eta080", "rows": {"edd": {"variant": "feas", "instance_id": "c09_replay_400_0151", "campus": 9, "size": 400, "track": "replay", "structure": "feas", "phi": 1.0, "eta": 0.8, "m": 0.6, "u_target": null, "u_realized": null, "method": "edd", "seed": 301, "twt": 191.5336, "makespan": 65.75, "mean_flow": 3.91398325, "breach_share": 0.0175, "breach_p1": 0.4166666666666667, "breach_p2": 0.01639344262295082, "breach_p3": 0.0, "breach_p4": 0.0, "decisions": 400, "latency_ms_per_decision": 0.00809674384072423, "replans": null, "validator_ok": 1, "runtime_s": 0.003238697536289692}, "wspt": {"variant": "feas", "instance_id": "c09_replay_400_0151", "campus": 9, "size": 400, "track": "replay", "structure": "feas", "phi": 1.0, "eta": 0.8, "m": 0.6, "u_target": null, "u_realized": null, "method": "wspt", "seed": 301, "twt": 194.33360000000002, "makespan": 67.45, "mean_flow": 3.7651582500000003, "breach_share": 0.0175, "breach_p1": 0.4166666666666667, "breach_p2": 0.01639344262295082, "breach_p3": 0.0, "breach_p4": 0.0, "decisions": 400, "latency_ms_per_decision": 0.008146695327013731, "replans": null, "validator_ok": 1, "runtime_s": 0.0032586781308054924}, "atc": {"variant": "feas", "instance_id": "c09_replay_400_0151", "campus": 9, "size": 400, "track": "replay", "structure": "feas", "phi": 1.0, "eta": 0.8, "m": 0.6, "u_target": null, "u_realized": null, "method": "atc", "seed": 301, "twt": 187.8136, "makespan": 65.75, "mean_flow": 3.8375585, "breach_share": 0.02, "breach_p1": 0.4166666666666667, "breach_p2": 0.02459016393442623, "breach_p3": 0.0, "breach_p4": 0.0, "decisions": 400, "latency_ms_per_decision": 0.0117603805847466, "replans": null, "validator_ok": 1, "runtime_s": 0.00470415223389864}, "pfifo": {"variant": "feas", "instance_id": "c09_replay_400_0151", "campus": 9, "size": 400, "track": "replay", "structure": "feas", "phi": 1.0, "eta": 0.8, "m": 0.6, "u_target": null, "u_realized": null, "method": "pfifo", "seed": 301, "twt": 191.5336, "makespan": 65.75, "mean_flow": 3.91398325, "breach_share": 0.0175, "breach_p1": 0.4166666666666667, "breach_p2": 0.01639344262295082, "breach_p3": 0.0, "breach_p4": 0.0, "decisions": 400, "latency_ms_per_decision": 0.008595769759267569, "replans": null, "validator_ok": 1, "runtime_s": 0.0034383079037070274}, "mor": {"variant": "feas", "instance_id": "c09_replay_400_0151", "campus": 9, "size": 400, "track": "replay", "structure": "feas", "phi": 1.0, "eta": 0.8, "m": 0.6, "u_target": null, "u_realized": null, "method": "mor", "seed": 301, "twt": 191.5336, "makespan": 65.75, "mean_flow": 4.317724, "breach_share": 0.0175, "breach_p1": 0.4166666666666667, "breach_p2": 0.01639344262295082, "breach_p3": 0.0, "breach_p4": 0.0, "decisions": 400, "latency_ms_per_decision": 0.008051344193518162, "replans": null, "validator_ok": 1, "runtime_s": 0.0032205376774072647}, "lfj_atc": {"variant": "feas", "instance_id": "c09_replay_400_0151", "campus": 9, "size": 400, "track": "replay", "structure": "feas", "phi": 1.0, "eta": 0.8, "m": 0.6, "u_target": null, "u_realized": null, "method": "lfj_atc", "seed": 301, "twt": 187.8136, "makespan": 65.75, "mean_flow": 3.8375585, "breach_share": 0.02, "breach_p1": 0.4166666666666667, "breach_p2": 0.02459016393442623, "breach_p3": 0.0, "breach_p4": 0.0, "decisions": 400, "latency_ms_per_decision": 0.012884170282632113, "replans": null, "validator_ok": 1, "runtime_s": 0.005153668113052845}, "atc_eta": {"variant": "feas", "instance_id": "c09_replay_400_0151", "campus": 9, "size": 400, "track": "replay", "structure": "feas", "phi": 1.0, "eta": 0.8, "m": 0.6, "u_target": null, "u_realized": null, "method": "atc_eta", "seed": 301, "twt": 187.8136, "makespan": 65.75, "mean_flow": 3.8375585, "breach_share": 0.02, "breach_p1": 0.4166666666666667, "breach_p2": 0.02459016393442623, "breach_p3": 0.0, "breach_p4": 0.0, "decisions": 400, "latency_ms_per_decision": 0.01990021439269185, "replans": null, "validator_ok": 1, "runtime_s": 0.00796008575707674}, "random": {"variant": "feas", "instance_id": "c09_replay_400_0151", "campus": 9, "size": 400, "track": "replay", "structure": "feas", "phi": 1.0, "eta": 0.8, "m": 0.6, "u_target": null, "u_realized": null, "method": "random", "seed": 301, "twt": 205.5336, "makespan": 67.25, "mean_flow": 3.9467334999999997, "breach_share": 0.0175, "breach_p1": 0.4166666666666667, "breach_p2": 0.01639344262295082, "breach_p3": 0.0, "breach_p4": 0.0, "decisions": 400, "latency_ms_per_decision": 0.00724694924429059, "replans": null, "validator_ok": 1, "runtime_s": 0.002898779697716236}}, "budget_B": 60, "headcount": 60, "chain_order": ["D30", "D20", "D40", "D90", "D50", "D10", "E10", "MISC", "E20", "C30", "C10", "B30", "B20"]}