{"config_id": "c09_replay_400_0109__perm20260809", "rows": {"edd": {"variant": "perm20260809", "instance_id": "c09_replay_400_0109", "campus": 9, "size": 400, "track": "replay", "structure": "chain", "phi": 1.0, "eta": 1.0, "m": 0.6, "u_target": null, "u_realized": null, "method": "edd", "seed": 301, "twt": 282.99999999999994, "makespan": 132.6667, "mean_flow": 3.9102499999999996, "breach_share": 0.0075, "breach_p1": 0.05263157894736842, "breach_p2": 0.017241379310344827, "breach_p3": 0.0, "breach_p4": 0.0, "decisions": 400, "latency_ms_per_decision": 0.014302388299256563, "replans": null, "validator_ok": 1, "runtime_s": 0.005720955319702625}, "wspt": {"variant": "perm20260809", "instance_id": "c09_replay_400_0109", "campus": 9, "size": 400, "track": "replay", "structure": "chain", "phi": 1.0, "eta": 1.0, "m": 0.6, "u_target": null, "u_realized": null, "method": "wspt", "seed": 301, "twt": 282.99999999999994, "makespan": 132.6667, "mean_flow": 3.782333, "breach_share": 0.0075, "breach_p1": 0.05263157894736842, "breach_p2": 0.017241379310344827, "breach_p3": 0.0, "breach_p4": 0.0, "decisions": 400, "latency_ms_per_decision": 0.014454580377787352, "replans": null, "validator_ok": 1, "runtime_s": 0.005781832151114941}, "atc": {"variant": "perm20260809", "instance_id": "c09_replay_400_0109", "campus": 9, "size": 400, "track": "replay", "structure": "chain", "phi": 1.0, "eta": 1.0, "m": 0.6, "u_target": null, "u_realized": null, "method": "atc", "seed": 301, "twt": 282.99999999999994, "makespan": 132.6667, "mean_flow": 3.813708, "breach_share": 0.0075, "breach_p1": 0.05263157894736842, "breach_p2": 0.017241379310344827, "breach_p3": 0.0, "breach_p4": 0.0, "decisions": 400, "latency_ms_per_decision": 0.01689527416601777, "replans": null, "validator_ok": 1, "runtime_s": 0.006758109666407108}, "pfifo": {"variant": "perm20260809", "instance_id": "c09_replay_400_0109", "campus": 9, "size": 400, "track": "replay", "structure": "chain", "phi": 1.0, "eta": 1.0, "m": 0.6, "u_target": null, "u_realized": null, "method": "pfifo", "seed": 301, "twt": 282.99999999999994, "makespan": 132.6667, "mean_flow": 3.9102499999999996, "breach_share": 0.0075, "breach_p1": 0.05263157894736842, "breach_p2": 0.017241379310344827, "breach_p3": 0.0, "breach_p4": 0.0, "decisions": 400, "latency_ms_per_decision": 0.01463557593524456, "replans": null, "validator_ok": 1, "runtime_s": 0.005854230374097824}, "mor": {"variant": "perm20260809", "instance_id": "c09_replay_400_0109", "campus": 9, "size": 400, "track": "replay", "structure": "chain", "phi": 1.0, "eta": 1.0, "m": 0.6, "u_target": null, "u_realized": null, "method": "mor", "seed": 301, "twt": 282.99999999999994, "makespan": 132.6667, "mean_flow": 4.174833250000001, "breach_share": 0.0075, "breach_p1": 0.05263157894736842, "breach_p2": 0.017241379310344827, "breach_p3": 0.0, "breach_p4": 0.0, "decisions": 400, "latency_ms_per_decision": 0.013157220091670752, "replans": null, "validator_ok": 1, "runtime_s": 0.005262888036668301}, "lfj_atc": {"variant": "perm20260809", "instance_id": "c09_replay_400_0109", "campus": 9, "size": 400, "track": "replay", "structure": "chain", "phi": 1.0, "eta": 1.0, "m": 0.6, "u_target": null, "u_realized": null, "method": "lfj_atc", "seed": 301, "twt": 282.99999999999994, "makespan": 132.6667, "mean_flow": 3.813708, "breach_share": 0.0075, "breach_p1": 0.05263157894736842, "breach_p2": 0.017241379310344827, "breach_p3": 0.0, "breach_p4": 0.0, "decisions": 400, "latency_ms_per_decision": 0.028124868404120207, "replans": null, "validator_ok": 1, "runtime_s": 0.011249947361648083}, "atc_eta": {"variant": "perm20260809", "instance_id": "c09_replay_400_0109", "campus": 9, "size": 400, "track": "replay", "structure": "chain", "phi": 1.0, "eta": 1.0, "m": 0.6, "u_target": null, "u_realized": null, "method": "atc_eta", "seed": 301, "twt": 282.99999999999994, "makespan": 132.6667, "mean_flow": 3.813708, "breach_share": 0.0075, "breach_p1": 0.05263157894736842, "breach_p2": 0.017241379310344827, "breach_p3": 0.0, "breach_p4": 0.0, "decisions": 400, "latency_ms_per_decision": 0.031059165485203266, "replans": null, "validator_ok": 1, "runtime_s": 0.012423666194081306}, "random": {"variant": "perm20260809", "instance_id": "c09_replay_400_0109", "campus": 9, "size": 400, "track": "replay", "structure": "chain", "phi": 1.0, "eta": 1.0, "m": 0.6, "u_target": null, "u_realized": null, "method": "random", "seed": 301, "twt": 312.0663999999999, "makespan": 132.6667, "mean_flow": 3.9073744999999995, "breach_share": 0.01, "breach_p1": 0.10526315789473684, "breach_p2": 0.017241379310344827, "breach_p3": 0.0, "breach_p4": 0.0, "decisions": 400, "latency_ms_per_decision": 0.01631301362067461, "replans": null, "validator_ok": 1, "runtime_s": 0.006525205448269844}}, "budget_B": 60, "headcount": 60, "chain_order": ["D40", "C30", "E20", "D20", "C10", "B20", "D90", "MISC", "B30", "D10", "D30", "E10", "D50"]}