{"config_id": "c09_replay_400_0141__perm20260809", "rows": {"edd": {"variant": "perm20260809", "instance_id": "c09_replay_400_0141", "campus": 9, "size": 400, "track": "replay", "structure": "chain", "phi": 1.0, "eta": 1.0, "m": 0.6, "u_target": null, "u_realized": null, "method": "edd", "seed": 301, "twt": 470.4, "makespan": 126.5667, "mean_flow": 4.479122, "breach_share": 0.015, "breach_p1": 0.21052631578947367, "breach_p2": 0.019417475728155338, "breach_p3": 0.0, "breach_p4": 0.0, "decisions": 400, "latency_ms_per_decision": 0.006707622669637203, "replans": null, "validator_ok": 1, "runtime_s": 0.0026830490678548813}, "wspt": {"variant": "perm20260809", "instance_id": "c09_replay_400_0141", "campus": 9, "size": 400, "track": "replay", "structure": "chain", "phi": 1.0, "eta": 1.0, "m": 0.6, "u_target": null, "u_realized": null, "method": "wspt", "seed": 301, "twt": 502.266, "makespan": 126.5667, "mean_flow": 4.3271235, "breach_share": 0.015, "breach_p1": 0.21052631578947367, "breach_p2": 0.019417475728155338, "breach_p3": 0.0, "breach_p4": 0.0, "decisions": 400, "latency_ms_per_decision": 0.006711913738399744, "replans": null, "validator_ok": 1, "runtime_s": 0.0026847654953598976}, "atc": {"variant": "perm20260809", "instance_id": "c09_replay_400_0141", "campus": 9, "size": 400, "track": "replay", "structure": "chain", "phi": 1.0, "eta": 1.0, "m": 0.6, "u_target": null, "u_realized": null, "method": "atc", "seed": 301, "twt": 470.79999999999995, "makespan": 126.5667, "mean_flow": 4.40916425, "breach_share": 0.015, "breach_p1": 0.21052631578947367, "breach_p2": 0.019417475728155338, "breach_p3": 0.0, "breach_p4": 0.0, "decisions": 400, "latency_ms_per_decision": 0.023901567328721285, "replans": null, "validator_ok": 1, "runtime_s": 0.009560626931488514}, "pfifo": {"variant": "perm20260809", "instance_id": "c09_replay_400_0141", "campus": 9, "size": 400, "track": "replay", "structure": "chain", "phi": 1.0, "eta": 1.0, "m": 0.6, "u_target": null, "u_realized": null, "method": "pfifo", "seed": 301, "twt": 470.4, "makespan": 126.5667, "mean_flow": 4.479122, "breach_share": 0.015, "breach_p1": 0.21052631578947367, "breach_p2": 0.019417475728155338, "breach_p3": 0.0, "breach_p4": 0.0, "decisions": 400, "latency_ms_per_decision": 0.02186182653531432, "replans": null, "validator_ok": 1, "runtime_s": 0.008744730614125729}, "mor": {"variant": "perm20260809", "instance_id": "c09_replay_400_0141", "campus": 9, "size": 400, "track": "replay", "structure": "chain", "phi": 1.0, "eta": 1.0, "m": 0.6, "u_target": null, "u_realized": null, "method": "mor", "seed": 301, "twt": 470.79999999999995, "makespan": 126.5667, "mean_flow": 5.0220405, "breach_share": 0.015, "breach_p1": 0.21052631578947367, "breach_p2": 0.019417475728155338, "breach_p3": 0.0, "breach_p4": 0.0, "decisions": 400, "latency_ms_per_decision": 0.02174865221604705, "replans": null, "validator_ok": 1, "runtime_s": 0.00869946088641882}, "lfj_atc": {"variant": "perm20260809", "instance_id": "c09_replay_400_0141", "campus": 9, "size": 400, "track": "replay", "structure": "chain", "phi": 1.0, "eta": 1.0, "m": 0.6, "u_target": null, "u_realized": null, "method": "lfj_atc", "seed": 301, "twt": 470.79999999999995, "makespan": 126.5667, "mean_flow": 4.40916425, "breach_share": 0.015, "breach_p1": 0.21052631578947367, "breach_p2": 0.019417475728155338, "breach_p3": 0.0, "breach_p4": 0.0, "decisions": 400, "latency_ms_per_decision": 0.024754146579653025, "replans": null, "validator_ok": 1, "runtime_s": 0.00990165863186121}, "atc_eta": {"variant": "perm20260809", "instance_id": "c09_replay_400_0141", "campus": 9, "size": 400, "track": "replay", "structure": "chain", "phi": 1.0, "eta": 1.0, "m": 0.6, "u_target": null, "u_realized": null, "method": "atc_eta", "seed": 301, "twt": 470.79999999999995, "makespan": 126.5667, "mean_flow": 4.40916425, "breach_share": 0.015, "breach_p1": 0.21052631578947367, "breach_p2": 0.019417475728155338, "breach_p3": 0.0, "breach_p4": 0.0, "decisions": 400, "latency_ms_per_decision": 0.045263669453561306, "replans": null, "validator_ok": 1, "runtime_s": 0.018105467781424522}, "random": {"variant": "perm20260809", "instance_id": "c09_replay_400_0141", "campus": 9, "size": 400, "track": "replay", "structure": "chain", "phi": 1.0, "eta": 1.0, "m": 0.6, "u_target": null, "u_realized": null, "method": "random", "seed": 301, "twt": 564.6664, "makespan": 126.5667, "mean_flow": 4.435164250000001, "breach_share": 0.0175, "breach_p1": 0.2631578947368421, "breach_p2": 0.019417475728155338, "breach_p3": 0.0, "breach_p4": 0.0, "decisions": 400, "latency_ms_per_decision": 0.021210655104368925, "replans": null, "validator_ok": 1, "runtime_s": 0.00848426204174757}}, "budget_B": 60, "headcount": 60, "chain_order": ["D40", "C30", "E20", "D20", "C10", "B20", "D90", "MISC", "B30", "D10", "D30", "E10", "D50"]}