{"config_id": "c09_replay_150_0122__perm20260803", "rows": {"edd": {"variant": "perm20260803", "instance_id": "c09_replay_150_0122", "campus": 9, "size": 150, "track": "replay", "structure": "chain", "phi": 1.0, "eta": 1.0, "m": 0.6, "u_target": null, "u_realized": null, "method": "edd", "seed": 301, "twt": 24.0, "makespan": 54.3833, "mean_flow": 3.2723333333333335, "breach_share": 0.006666666666666667, "breach_p1": 0.3333333333333333, "breach_p2": 0.0, "breach_p3": 0.0, "breach_p4": 0.0, "decisions": 150, "latency_ms_per_decision": 0.009287049372990927, "replans": null, "validator_ok": 1, "runtime_s": 0.001393057405948639}, "wspt": {"variant": "perm20260803", "instance_id": "c09_replay_150_0122", "campus": 9, "size": 150, "track": "replay", "structure": "chain", "phi": 1.0, "eta": 1.0, "m": 0.6, "u_target": null, "u_realized": null, "method": "wspt", "seed": 301, "twt": 24.0, "makespan": 54.3833, "mean_flow": 3.262888666666667, "breach_share": 0.006666666666666667, "breach_p1": 0.3333333333333333, "breach_p2": 0.0, "breach_p3": 0.0, "breach_p4": 0.0, "decisions": 150, "latency_ms_per_decision": 0.009323892494042715, "replans": null, "validator_ok": 1, "runtime_s": 0.0013985838741064072}, "atc": {"variant": "perm20260803", "instance_id": "c09_replay_150_0122", "campus": 9, "size": 150, "track": "replay", "structure": "chain", "phi": 1.0, "eta": 1.0, "m": 0.6, "u_target": null, "u_realized": null, "method": "atc", "seed": 301, "twt": 24.0, "makespan": 54.3833, "mean_flow": 3.267888666666667, "breach_share": 0.006666666666666667, "breach_p1": 0.3333333333333333, "breach_p2": 0.0, "breach_p3": 0.0, "breach_p4": 0.0, "decisions": 150, "latency_ms_per_decision": 0.01220474640528361, "replans": null, "validator_ok": 1, "runtime_s": 0.0018307119607925415}, "pfifo": {"variant": "perm20260803", "instance_id": "c09_replay_150_0122", "campus": 9, "size": 150, "track": "replay", "structure": "chain", "phi": 1.0, "eta": 1.0, "m": 0.6, "u_target": null, "u_realized": null, "method": "pfifo", "seed": 301, "twt": 24.0, "makespan": 54.3833, "mean_flow": 3.2723333333333335, "breach_share": 0.006666666666666667, "breach_p1": 0.3333333333333333, "breach_p2": 0.0, "breach_p3": 0.0, "breach_p4": 0.0, "decisions": 150, "latency_ms_per_decision": 0.009367366631825766, "replans": null, "validator_ok": 1, "runtime_s": 0.0014051049947738647}, "mor": {"variant": "perm20260803", "instance_id": "c09_replay_150_0122", "campus": 9, "size": 150, "track": "replay", "structure": "chain", "phi": 1.0, "eta": 1.0, "m": 0.6, "u_target": null, "u_realized": null, "method": "mor", "seed": 301, "twt": 24.0, "makespan": 54.3833, "mean_flow": 3.317444, "breach_share": 0.006666666666666667, "breach_p1": 0.3333333333333333, "breach_p2": 0.0, "breach_p3": 0.0, "breach_p4": 0.0, "decisions": 150, "latency_ms_per_decision": 0.009053008009990057, "replans": null, "validator_ok": 1, "runtime_s": 0.0013579512014985085}, "lfj_atc": {"variant": "perm20260803", "instance_id": "c09_replay_150_0122", "campus": 9, "size": 150, "track": "replay", "structure": "chain", "phi": 1.0, "eta": 1.0, "m": 0.6, "u_target": null, "u_realized": null, "method": "lfj_atc", "seed": 301, "twt": 24.0, "makespan": 54.3833, "mean_flow": 3.267888666666667, "breach_share": 0.006666666666666667, "breach_p1": 0.3333333333333333, "breach_p2": 0.0, "breach_p3": 0.0, "breach_p4": 0.0, "decisions": 150, "latency_ms_per_decision": 0.013369427373011908, "replans": null, "validator_ok": 1, "runtime_s": 0.002005414105951786}, "atc_eta": {"variant": "perm20260803", "instance_id": "c09_replay_150_0122", "campus": 9, "size": 150, "track": "replay", "structure": "chain", "phi": 1.0, "eta": 1.0, "m": 0.6, "u_target": null, "u_realized": null, "method": "atc_eta", "seed": 301, "twt": 24.0, "makespan": 54.3833, "mean_flow": 3.267888666666667, "breach_share": 0.006666666666666667, "breach_p1": 0.3333333333333333, "breach_p2": 0.0, "breach_p3": 0.0, "breach_p4": 0.0, "decisions": 150, "latency_ms_per_decision": 0.023524419715007145, "replans": null, "validator_ok": 1, "runtime_s": 0.003528662957251072}, "random": {"variant": "perm20260803", "instance_id": "c09_replay_150_0122", "campus": 9, "size": 150, "track": "replay", "structure": "chain", "phi": 1.0, "eta": 1.0, "m": 0.6, "u_target": null, "u_realized": null, "method": "random", "seed": 301, "twt": 24.0, "makespan": 54.3833, "mean_flow": 3.2795553333333336, "breach_share": 0.006666666666666667, "breach_p1": 0.3333333333333333, "breach_p2": 0.0, "breach_p3": 0.0, "breach_p4": 0.0, "decisions": 150, "latency_ms_per_decision": 0.008973740041255951, "replans": null, "validator_ok": 1, "runtime_s": 0.0013460610061883926}}, "budget_B": 60, "headcount": 60, "chain_order": ["D30", "B20", "E20", "B30", "D10", "C10", "E10", "D90", "D50", "C30", "MISC", "D40", "D20"]}