{"config_id": "c09_replay_150_0128__perm20260808", "rows": {"edd": {"variant": "perm20260808", "instance_id": "c09_replay_150_0128", "campus": 9, "size": 150, "track": "replay", "structure": "chain", "phi": 1.0, "eta": 1.0, "m": 0.6, "u_target": null, "u_realized": null, "method": "edd", "seed": 301, "twt": 379.4592, "makespan": 114.8648, "mean_flow": 4.711184666666666, "breach_share": 0.013333333333333334, "breach_p1": 0.3333333333333333, "breach_p2": 0.02702702702702703, "breach_p3": null, "breach_p4": 0.0, "decisions": 150, "latency_ms_per_decision": 0.009429386506477991, "replans": null, "validator_ok": 1, "runtime_s": 0.0014144079759716988}, "wspt": {"variant": "perm20260808", "instance_id": "c09_replay_150_0128", "campus": 9, "size": 150, "track": "replay", "structure": "chain", "phi": 1.0, "eta": 1.0, "m": 0.6, "u_target": null, "u_realized": null, "method": "wspt", "seed": 301, "twt": 379.4592, "makespan": 114.8648, "mean_flow": 4.696962666666667, "breach_share": 0.013333333333333334, "breach_p1": 0.3333333333333333, "breach_p2": 0.02702702702702703, "breach_p3": null, "breach_p4": 0.0, "decisions": 150, "latency_ms_per_decision": 0.029602162539958954, "replans": null, "validator_ok": 1, "runtime_s": 0.004440324380993843}, "atc": {"variant": "perm20260808", "instance_id": "c09_replay_150_0128", "campus": 9, "size": 150, "track": "replay", "structure": "chain", "phi": 1.0, "eta": 1.0, "m": 0.6, "u_target": null, "u_realized": null, "method": "atc", "seed": 301, "twt": 379.4592, "makespan": 114.8648, "mean_flow": 4.701517999999999, "breach_share": 0.013333333333333334, "breach_p1": 0.3333333333333333, "breach_p2": 0.02702702702702703, "breach_p3": null, "breach_p4": 0.0, "decisions": 150, "latency_ms_per_decision": 0.03746353089809418, "replans": null, "validator_ok": 1, "runtime_s": 0.005619529634714127}, "pfifo": {"variant": "perm20260808", "instance_id": "c09_replay_150_0128", "campus": 9, "size": 150, "track": "replay", "structure": "chain", "phi": 1.0, "eta": 1.0, "m": 0.6, "u_target": null, "u_realized": null, "method": "pfifo", "seed": 301, "twt": 379.4592, "makespan": 114.8648, "mean_flow": 4.711184666666666, "breach_share": 0.013333333333333334, "breach_p1": 0.3333333333333333, "breach_p2": 0.02702702702702703, "breach_p3": null, "breach_p4": 0.0, "decisions": 150, "latency_ms_per_decision": 0.016219945003588993, "replans": null, "validator_ok": 1, "runtime_s": 0.002432991750538349}, "mor": {"variant": "perm20260808", "instance_id": "c09_replay_150_0128", "campus": 9, "size": 150, "track": "replay", "structure": "chain", "phi": 1.0, "eta": 1.0, "m": 0.6, "u_target": null, "u_realized": null, "method": "mor", "seed": 301, "twt": 379.4592, "makespan": 114.8648, "mean_flow": 4.7315179999999994, "breach_share": 0.013333333333333334, "breach_p1": 0.3333333333333333, "breach_p2": 0.02702702702702703, "breach_p3": null, "breach_p4": 0.0, "decisions": 150, "latency_ms_per_decision": 0.022662431001663208, "replans": null, "validator_ok": 1, "runtime_s": 0.003399364650249481}, "lfj_atc": {"variant": "perm20260808", "instance_id": "c09_replay_150_0128", "campus": 9, "size": 150, "track": "replay", "structure": "chain", "phi": 1.0, "eta": 1.0, "m": 0.6, "u_target": null, "u_realized": null, "method": "lfj_atc", "seed": 301, "twt": 379.4592, "makespan": 114.8648, "mean_flow": 4.701517999999999, "breach_share": 0.013333333333333334, "breach_p1": 0.3333333333333333, "breach_p2": 0.02702702702702703, "breach_p3": null, "breach_p4": 0.0, "decisions": 150, "latency_ms_per_decision": 0.026706842084725697, "replans": null, "validator_ok": 1, "runtime_s": 0.004006026312708855}, "atc_eta": {"variant": "perm20260808", "instance_id": "c09_replay_150_0128", "campus": 9, "size": 150, "track": "replay", "structure": "chain", "phi": 1.0, "eta": 1.0, "m": 0.6, "u_target": null, "u_realized": null, "method": "atc_eta", "seed": 301, "twt": 379.4592, "makespan": 114.8648, "mean_flow": 4.701517999999999, "breach_share": 0.013333333333333334, "breach_p1": 0.3333333333333333, "breach_p2": 0.02702702702702703, "breach_p3": null, "breach_p4": 0.0, "decisions": 150, "latency_ms_per_decision": 0.04846861585974693, "replans": null, "validator_ok": 1, "runtime_s": 0.00727029237896204}, "random": {"variant": "perm20260808", "instance_id": "c09_replay_150_0128", "campus": 9, "size": 150, "track": "replay", "structure": "chain", "phi": 1.0, "eta": 1.0, "m": 0.6, "u_target": null, "u_realized": null, "method": "random", "seed": 301, "twt": 379.4592, "makespan": 114.8648, "mean_flow": 4.699851333333333, "breach_share": 0.013333333333333334, "breach_p1": 0.3333333333333333, "breach_p2": 0.02702702702702703, "breach_p3": null, "breach_p4": 0.0, "decisions": 150, "latency_ms_per_decision": 0.023572550465663273, "replans": null, "validator_ok": 1, "runtime_s": 0.003535882569849491}}, "budget_B": 60, "headcount": 60, "chain_order": ["D90", "B30", "E20", "E10", "D40", "C10", "D50", "D10", "D20", "C30", "D30", "MISC", "B20"]}