{"config_id": "c09_replay_400_0155__star_eta100", "rows": {"edd": {"variant": "star", "instance_id": "c09_replay_400_0155", "campus": 9, "size": 400, "track": "replay", "structure": "star", "phi": 1.0, "eta": 1.0, "m": 0.6, "u_target": null, "u_realized": null, "method": "edd", "seed": 301, "twt": 239.8, "makespan": 138.8648, "mean_flow": 4.6425790000000005, "breach_share": 0.0125, "breach_p1": 0.2222222222222222, "breach_p2": 0.007518796992481203, "breach_p3": 0.0, "breach_p4": 0.0, "decisions": 400, "latency_ms_per_decision": 0.009309656452387571, "replans": null, "validator_ok": 1, "runtime_s": 0.0037238625809550285}, "wspt": {"variant": "star", "instance_id": "c09_replay_400_0155", "campus": 9, "size": 400, "track": "replay", "structure": "star", "phi": 1.0, "eta": 1.0, "m": 0.6, "u_target": null, "u_realized": null, "method": "wspt", "seed": 301, "twt": 157.0, "makespan": 138.8648, "mean_flow": 4.4856205, "breach_share": 0.01, "breach_p1": 0.16666666666666666, "breach_p2": 0.007518796992481203, "breach_p3": 0.0, "breach_p4": 0.0, "decisions": 400, "latency_ms_per_decision": 0.009337628725916147, "replans": null, "validator_ok": 1, "runtime_s": 0.003735051490366459}, "atc": {"variant": "star", "instance_id": "c09_replay_400_0155", "campus": 9, "size": 400, "track": "replay", "structure": "star", "phi": 1.0, "eta": 1.0, "m": 0.6, "u_target": null, "u_realized": null, "method": "atc", "seed": 301, "twt": 153.0, "makespan": 138.8648, "mean_flow": 4.63812075, "breach_share": 0.01, "breach_p1": 0.16666666666666666, "breach_p2": 0.007518796992481203, "breach_p3": 0.0, "breach_p4": 0.0, "decisions": 400, "latency_ms_per_decision": 0.013372902758419514, "replans": null, "validator_ok": 1, "runtime_s": 0.0053491611033678055}, "pfifo": {"variant": "star", "instance_id": "c09_replay_400_0155", "campus": 9, "size": 400, "track": "replay", "structure": "star", "phi": 1.0, "eta": 1.0, "m": 0.6, "u_target": null, "u_realized": null, "method": "pfifo", "seed": 301, "twt": 239.8, "makespan": 138.8648, "mean_flow": 4.6425790000000005, "breach_share": 0.0125, "breach_p1": 0.2222222222222222, "breach_p2": 0.007518796992481203, "breach_p3": 0.0, "breach_p4": 0.0, "decisions": 400, "latency_ms_per_decision": 0.00995731446892023, "replans": null, "validator_ok": 1, "runtime_s": 0.003982925787568092}, "mor": {"variant": "star", "instance_id": "c09_replay_400_0155", "campus": 9, "size": 400, "track": "replay", "structure": "star", "phi": 1.0, "eta": 1.0, "m": 0.6, "u_target": null, "u_realized": null, "method": "mor", "seed": 301, "twt": 153.0, "makespan": 138.8648, "mean_flow": 4.81912025, "breach_share": 0.01, "breach_p1": 0.16666666666666666, "breach_p2": 0.007518796992481203, "breach_p3": 0.0, "breach_p4": 0.0, "decisions": 400, "latency_ms_per_decision": 0.009647177066653967, "replans": null, "validator_ok": 1, "runtime_s": 0.0038588708266615868}, "lfj_atc": {"variant": "star", "instance_id": "c09_replay_400_0155", "campus": 9, "size": 400, "track": "replay", "structure": "star", "phi": 1.0, "eta": 1.0, "m": 0.6, "u_target": null, "u_realized": null, "method": "lfj_atc", "seed": 301, "twt": 153.0, "makespan": 138.8648, "mean_flow": 4.63812075, "breach_share": 0.01, "breach_p1": 0.16666666666666666, "breach_p2": 0.007518796992481203, "breach_p3": 0.0, "breach_p4": 0.0, "decisions": 400, "latency_ms_per_decision": 0.014949021860957146, "replans": null, "validator_ok": 1, "runtime_s": 0.005979608744382858}, "atc_eta": {"variant": "star", "instance_id": "c09_replay_400_0155", "campus": 9, "size": 400, "track": "replay", "structure": "star", "phi": 1.0, "eta": 1.0, "m": 0.6, "u_target": null, "u_realized": null, "method": "atc_eta", "seed": 301, "twt": 153.0, "makespan": 138.8648, "mean_flow": 4.63812075, "breach_share": 0.01, "breach_p1": 0.16666666666666666, "breach_p2": 0.007518796992481203, "breach_p3": 0.0, "breach_p4": 0.0, "decisions": 400, "latency_ms_per_decision": 0.024127713404595852, "replans": null, "validator_ok": 1, "runtime_s": 0.00965108536183834}, "random": {"variant": "star", "instance_id": "c09_replay_400_0155", "campus": 9, "size": 400, "track": "replay", "structure": "star", "phi": 1.0, "eta": 1.0, "m": 0.6, "u_target": null, "u_realized": null, "method": "random", "seed": 301, "twt": 169.0, "makespan": 138.8648, "mean_flow": 4.6446625, "breach_share": 0.01, "breach_p1": 0.16666666666666666, "breach_p2": 0.007518796992481203, "breach_p3": 0.0, "breach_p4": 0.0, "decisions": 400, "latency_ms_per_decision": 0.00831033568829298, "replans": null, "validator_ok": 1, "runtime_s": 0.003324134275317192}}, "budget_B": 60, "headcount": 60, "chain_order": ["D30", "D50", "D20", "D40", "D90", "C30", "E10", "B30", "MISC", "C10", "B20", "E20", "D10"]}