{"config_id": "c10_replay_400_0164__pairs_eta100", "rows": {"edd": {"variant": "pairs", "instance_id": "c10_replay_400_0164", "campus": 10, "size": 400, "track": "replay", "structure": "pairs", "phi": 1.0, "eta": 1.0, "m": 0.6, "u_target": null, "u_realized": null, "method": "edd", "seed": 301, "twt": 2.5611999999999995, "makespan": 77.0747, "mean_flow": 2.9505724999999994, "breach_share": 0.0025, "breach_p1": 0.0, "breach_p2": 0.013513513513513514, "breach_p3": 0.0, "breach_p4": 0.0, "decisions": 400, "latency_ms_per_decision": 0.0067660934291779995, "replans": null, "validator_ok": 1, "runtime_s": 0.0027064373716712}, "wspt": {"variant": "pairs", "instance_id": "c10_replay_400_0164", "campus": 10, "size": 400, "track": "replay", "structure": "pairs", "phi": 1.0, "eta": 1.0, "m": 0.6, "u_target": null, "u_realized": null, "method": "wspt", "seed": 301, "twt": 2.5611999999999995, "makespan": 77.0747, "mean_flow": 2.867194, "breach_share": 0.0025, "breach_p1": 0.0, "breach_p2": 0.013513513513513514, "breach_p3": 0.0, "breach_p4": 0.0, "decisions": 400, "latency_ms_per_decision": 0.0070739141665399075, "replans": null, "validator_ok": 1, "runtime_s": 0.002829565666615963}, "atc": {"variant": "pairs", "instance_id": "c10_replay_400_0164", "campus": 10, "size": 400, "track": "replay", "structure": "pairs", "phi": 1.0, "eta": 1.0, "m": 0.6, "u_target": null, "u_realized": null, "method": "atc", "seed": 301, "twt": 2.5611999999999995, "makespan": 77.0747, "mean_flow": 2.9173475, "breach_share": 0.0025, "breach_p1": 0.0, "breach_p2": 0.013513513513513514, "breach_p3": 0.0, "breach_p4": 0.0, "decisions": 400, "latency_ms_per_decision": 0.009319682139903307, "replans": null, "validator_ok": 1, "runtime_s": 0.003727872855961323}, "pfifo": {"variant": "pairs", "instance_id": "c10_replay_400_0164", "campus": 10, "size": 400, "track": "replay", "structure": "pairs", "phi": 1.0, "eta": 1.0, "m": 0.6, "u_target": null, "u_realized": null, "method": "pfifo", "seed": 301, "twt": 2.5611999999999995, "makespan": 77.0747, "mean_flow": 2.9505724999999994, "breach_share": 0.0025, "breach_p1": 0.0, "breach_p2": 0.013513513513513514, "breach_p3": 0.0, "breach_p4": 0.0, "decisions": 400, "latency_ms_per_decision": 0.007238676771521568, "replans": null, "validator_ok": 1, "runtime_s": 0.0028954707086086273}, "mor": {"variant": "pairs", "instance_id": "c10_replay_400_0164", "campus": 10, "size": 400, "track": "replay", "structure": "pairs", "phi": 1.0, "eta": 1.0, "m": 0.6, "u_target": null, "u_realized": null, "method": "mor", "seed": 301, "twt": 2.5611999999999995, "makespan": 77.0747, "mean_flow": 3.1697024999999996, "breach_share": 0.0025, "breach_p1": 0.0, "breach_p2": 0.013513513513513514, "breach_p3": 0.0, "breach_p4": 0.0, "decisions": 400, "latency_ms_per_decision": 0.007095467299222946, "replans": null, "validator_ok": 1, "runtime_s": 0.0028381869196891785}, "lfj_atc": {"variant": "pairs", "instance_id": "c10_replay_400_0164", "campus": 10, "size": 400, "track": "replay", "structure": "pairs", "phi": 1.0, "eta": 1.0, "m": 0.6, "u_target": null, "u_realized": null, "method": "lfj_atc", "seed": 301, "twt": 2.5611999999999995, "makespan": 77.0747, "mean_flow": 2.9173475, "breach_share": 0.0025, "breach_p1": 0.0, "breach_p2": 0.013513513513513514, "breach_p3": 0.0, "breach_p4": 0.0, "decisions": 400, "latency_ms_per_decision": 0.010278113186359406, "replans": null, "validator_ok": 1, "runtime_s": 0.004111245274543762}, "atc_eta": {"variant": "pairs", "instance_id": "c10_replay_400_0164", "campus": 10, "size": 400, "track": "replay", "structure": "pairs", "phi": 1.0, "eta": 1.0, "m": 0.6, "u_target": null, "u_realized": null, "method": "atc_eta", "seed": 301, "twt": 2.5611999999999995, "makespan": 77.0747, "mean_flow": 2.9173475, "breach_share": 0.0025, "breach_p1": 0.0, "breach_p2": 0.013513513513513514, "breach_p3": 0.0, "breach_p4": 0.0, "decisions": 400, "latency_ms_per_decision": 0.016222805716097355, "replans": null, "validator_ok": 1, "runtime_s": 0.006489122286438942}, "random": {"variant": "pairs", "instance_id": "c10_replay_400_0164", "campus": 10, "size": 400, "track": "replay", "structure": "pairs", "phi": 1.0, "eta": 1.0, "m": 0.6, "u_target": null, "u_realized": null, "method": "random", "seed": 301, "twt": 2.5611999999999995, "makespan": 77.0747, "mean_flow": 2.9526457500000003, "breach_share": 0.0025, "breach_p1": 0.0, "breach_p2": 0.013513513513513514, "breach_p3": 0.0, "breach_p4": 0.0, "decisions": 400, "latency_ms_per_decision": 0.0065530044957995415, "replans": null, "validator_ok": 1, "runtime_s": 0.0026212017983198166}}, "budget_B": 91, "headcount": 91, "chain_order": ["D40", "D30", "D50", "D20", "C10", "E10", "C30", "D90", "B20", "UNK", "E20", "B30", "MISC"]}