{"config_id": "c10_replay_150_0187__feas_eta080", "rows": {"edd": {"variant": "feas", "instance_id": "c10_replay_150_0187", "campus": 10, "size": 150, "track": "replay", "structure": "feas", "phi": 1.0, "eta": 0.8, "m": 0.6, "u_target": null, "u_realized": null, "method": "edd", "seed": 301, "twt": 12.0, "makespan": 22.5, "mean_flow": 2.758475333333333, "breach_share": 0.013333333333333334, "breach_p1": 0.18181818181818182, "breach_p2": 0.0, "breach_p3": 0.0, "breach_p4": 0.0, "decisions": 150, "latency_ms_per_decision": 0.008212185154358545, "replans": null, "validator_ok": 1, "runtime_s": 0.0012318277731537819}, "wspt": {"variant": "feas", "instance_id": "c10_replay_150_0187", "campus": 10, "size": 150, "track": "replay", "structure": "feas", "phi": 1.0, "eta": 0.8, "m": 0.6, "u_target": null, "u_realized": null, "method": "wspt", "seed": 301, "twt": 12.0, "makespan": 22.5, "mean_flow": 2.1663719999999995, "breach_share": 0.013333333333333334, "breach_p1": 0.18181818181818182, "breach_p2": 0.0, "breach_p3": 0.0, "breach_p4": 0.0, "decisions": 150, "latency_ms_per_decision": 0.008697739491860071, "replans": null, "validator_ok": 1, "runtime_s": 0.0013046609237790108}, "atc": {"variant": "feas", "instance_id": "c10_replay_150_0187", "campus": 10, "size": 150, "track": "replay", "structure": "feas", "phi": 1.0, "eta": 0.8, "m": 0.6, "u_target": null, "u_realized": null, "method": "atc", "seed": 301, "twt": 12.0, "makespan": 22.5, "mean_flow": 2.3839233333333336, "breach_share": 0.013333333333333334, "breach_p1": 0.18181818181818182, "breach_p2": 0.0, "breach_p3": 0.0, "breach_p4": 0.0, "decisions": 150, "latency_ms_per_decision": 0.012796688824892044, "replans": null, "validator_ok": 1, "runtime_s": 0.0019195033237338066}, "pfifo": {"variant": "feas", "instance_id": "c10_replay_150_0187", "campus": 10, "size": 150, "track": "replay", "structure": "feas", "phi": 1.0, "eta": 0.8, "m": 0.6, "u_target": null, "u_realized": null, "method": "pfifo", "seed": 301, "twt": 12.0, "makespan": 22.5, "mean_flow": 2.758475333333333, "breach_share": 0.013333333333333334, "breach_p1": 0.18181818181818182, "breach_p2": 0.0, "breach_p3": 0.0, "breach_p4": 0.0, "decisions": 150, "latency_ms_per_decision": 0.008877478539943695, "replans": null, "validator_ok": 1, "runtime_s": 0.0013316217809915543}, "mor": {"variant": "feas", "instance_id": "c10_replay_150_0187", "campus": 10, "size": 150, "track": "replay", "structure": "feas", "phi": 1.0, "eta": 0.8, "m": 0.6, "u_target": null, "u_realized": null, "method": "mor", "seed": 301, "twt": 12.0, "makespan": 22.5, "mean_flow": 2.8683033333333334, "breach_share": 0.013333333333333334, "breach_p1": 0.18181818181818182, "breach_p2": 0.0, "breach_p3": 0.0, "breach_p4": 0.0, "decisions": 150, "latency_ms_per_decision": 0.008314736187458038, "replans": null, "validator_ok": 1, "runtime_s": 0.0012472104281187057}, "lfj_atc": {"variant": "feas", "instance_id": "c10_replay_150_0187", "campus": 10, "size": 150, "track": "replay", "structure": "feas", "phi": 1.0, "eta": 0.8, "m": 0.6, "u_target": null, "u_realized": null, "method": "lfj_atc", "seed": 301, "twt": 12.0, "makespan": 22.5, "mean_flow": 2.3839233333333336, "breach_share": 0.013333333333333334, "breach_p1": 0.18181818181818182, "breach_p2": 0.0, "breach_p3": 0.0, "breach_p4": 0.0, "decisions": 150, "latency_ms_per_decision": 0.014555882662534714, "replans": null, "validator_ok": 1, "runtime_s": 0.002183382399380207}, "atc_eta": {"variant": "feas", "instance_id": "c10_replay_150_0187", "campus": 10, "size": 150, "track": "replay", "structure": "feas", "phi": 1.0, "eta": 0.8, "m": 0.6, "u_target": null, "u_realized": null, "method": "atc_eta", "seed": 301, "twt": 12.0, "makespan": 22.5, "mean_flow": 2.3839233333333336, "breach_share": 0.013333333333333334, "breach_p1": 0.18181818181818182, "breach_p2": 0.0, "breach_p3": 0.0, "breach_p4": 0.0, "decisions": 150, "latency_ms_per_decision": 0.02282473569115003, "replans": null, "validator_ok": 1, "runtime_s": 0.0034237103536725044}, "random": {"variant": "feas", "instance_id": "c10_replay_150_0187", "campus": 10, "size": 150, "track": "replay", "structure": "feas", "phi": 1.0, "eta": 0.8, "m": 0.6, "u_target": null, "u_realized": null, "method": "random", "seed": 301, "twt": 12.0, "makespan": 22.5, "mean_flow": 2.34456, "breach_share": 0.013333333333333334, "breach_p1": 0.18181818181818182, "breach_p2": 0.0, "breach_p3": 0.0, "breach_p4": 0.0, "decisions": 150, "latency_ms_per_decision": 0.006826569636662801, "replans": null, "validator_ok": 1, "runtime_s": 0.0010239854454994202}}, "budget_B": 91, "headcount": 91, "chain_order": ["D40", "D30", "D20", "D90", "D50", "E10", "UNK", "E20", "MISC", "C10", "C30", "B20", "B30"]}