{"config_id": "c10_replay_400_0156__feas_eta100", "rows": {"edd": {"variant": "feas", "instance_id": "c10_replay_400_0156", "campus": 10, "size": 400, "track": "replay", "structure": "feas", "phi": 1.0, "eta": 1.0, "m": 0.6, "u_target": null, "u_realized": null, "method": "edd", "seed": 301, "twt": 269.4592, "makespan": 96.16590000000001, "mean_flow": 4.18527275, "breach_share": 0.005, "breach_p1": 0.0, "breach_p2": 0.038461538461538464, "breach_p3": 0.016129032258064516, "breach_p4": 0.0, "decisions": 400, "latency_ms_per_decision": 0.012054385151714087, "replans": null, "validator_ok": 1, "runtime_s": 0.004821754060685635}, "wspt": {"variant": "feas", "instance_id": "c10_replay_400_0156", "campus": 10, "size": 400, "track": "replay", "structure": "feas", "phi": 1.0, "eta": 1.0, "m": 0.6, "u_target": null, "u_realized": null, "method": "wspt", "seed": 301, "twt": 270.1392, "makespan": 96.16590000000001, "mean_flow": 3.112325, "breach_share": 0.005, "breach_p1": 0.0, "breach_p2": 0.038461538461538464, "breach_p3": 0.016129032258064516, "breach_p4": 0.0, "decisions": 400, "latency_ms_per_decision": 0.011349290143698454, "replans": null, "validator_ok": 1, "runtime_s": 0.0045397160574793816}, "atc": {"variant": "feas", "instance_id": "c10_replay_400_0156", "campus": 10, "size": 400, "track": "replay", "structure": "feas", "phi": 1.0, "eta": 1.0, "m": 0.6, "u_target": null, "u_realized": null, "method": "atc", "seed": 301, "twt": 269.4592, "makespan": 96.16590000000001, "mean_flow": 3.6684, "breach_share": 0.005, "breach_p1": 0.0, "breach_p2": 0.038461538461538464, "breach_p3": 0.016129032258064516, "breach_p4": 0.0, "decisions": 400, "latency_ms_per_decision": 0.020208193454891443, "replans": null, "validator_ok": 1, "runtime_s": 0.008083277381956577}, "pfifo": {"variant": "feas", "instance_id": "c10_replay_400_0156", "campus": 10, "size": 400, "track": "replay", "structure": "feas", "phi": 1.0, "eta": 1.0, "m": 0.6, "u_target": null, "u_realized": null, "method": "pfifo", "seed": 301, "twt": 269.4592, "makespan": 96.16590000000001, "mean_flow": 4.18527275, "breach_share": 0.005, "breach_p1": 0.0, "breach_p2": 0.038461538461538464, "breach_p3": 0.016129032258064516, "breach_p4": 0.0, "decisions": 400, "latency_ms_per_decision": 0.01387653173878789, "replans": null, "validator_ok": 1, "runtime_s": 0.005550612695515156}, "mor": {"variant": "feas", "instance_id": "c10_replay_400_0156", "campus": 10, "size": 400, "track": "replay", "structure": "feas", "phi": 1.0, "eta": 1.0, "m": 0.6, "u_target": null, "u_realized": null, "method": "mor", "seed": 301, "twt": 269.4592, "makespan": 96.16590000000001, "mean_flow": 4.64718025, "breach_share": 0.005, "breach_p1": 0.0, "breach_p2": 0.038461538461538464, "breach_p3": 0.016129032258064516, "breach_p4": 0.0, "decisions": 400, "latency_ms_per_decision": 0.011877084616571665, "replans": null, "validator_ok": 1, "runtime_s": 0.004750833846628666}, "lfj_atc": {"variant": "feas", "instance_id": "c10_replay_400_0156", "campus": 10, "size": 400, "track": "replay", "structure": "feas", "phi": 1.0, "eta": 1.0, "m": 0.6, "u_target": null, "u_realized": null, "method": "lfj_atc", "seed": 301, "twt": 269.4592, "makespan": 96.16590000000001, "mean_flow": 3.6684, "breach_share": 0.005, "breach_p1": 0.0, "breach_p2": 0.038461538461538464, "breach_p3": 0.016129032258064516, "breach_p4": 0.0, "decisions": 400, "latency_ms_per_decision": 0.022701183333992958, "replans": null, "validator_ok": 1, "runtime_s": 0.009080473333597183}, "atc_eta": {"variant": "feas", "instance_id": "c10_replay_400_0156", "campus": 10, "size": 400, "track": "replay", "structure": "feas", "phi": 1.0, "eta": 1.0, "m": 0.6, "u_target": null, "u_realized": null, "method": "atc_eta", "seed": 301, "twt": 269.4592, "makespan": 96.16590000000001, "mean_flow": 3.6684, "breach_share": 0.005, "breach_p1": 0.0, "breach_p2": 0.038461538461538464, "breach_p3": 0.016129032258064516, "breach_p4": 0.0, "decisions": 400, "latency_ms_per_decision": 0.029679585713893175, "replans": null, "validator_ok": 1, "runtime_s": 0.01187183428555727}, "random": {"variant": "feas", "instance_id": "c10_replay_400_0156", "campus": 10, "size": 400, "track": "replay", "structure": "feas", "phi": 1.0, "eta": 1.0, "m": 0.6, "u_target": null, "u_realized": null, "method": "random", "seed": 301, "twt": 269.4592, "makespan": 96.16590000000001, "mean_flow": 3.526737, "breach_share": 0.005, "breach_p1": 0.0, "breach_p2": 0.038461538461538464, "breach_p3": 0.016129032258064516, "breach_p4": 0.0, "decisions": 400, "latency_ms_per_decision": 0.008275685831904411, "replans": null, "validator_ok": 1, "runtime_s": 0.0033102743327617645}}, "budget_B": 91, "headcount": 91, "chain_order": ["D40", "D30", "D20", "D90", "D50", "E10", "UNK", "E20", "MISC", "C10", "C30", "B20", "B30"]}