{"config_id": "c10_replay_400_0108__perm20260803", "rows": {"edd": {"variant": "perm20260803", "instance_id": "c10_replay_400_0108", "campus": 10, "size": 400, "track": "replay", "structure": "chain", "phi": 1.0, "eta": 1.0, "m": 0.6, "u_target": null, "u_realized": null, "method": "edd", "seed": 301, "twt": 18.922399999999996, "makespan": 37.99, "mean_flow": 1.7019307499999998, "breach_share": 0.0025, "breach_p1": 0.3333333333333333, "breach_p2": 0.0, "breach_p3": 0.0, "breach_p4": 0.0, "decisions": 400, "latency_ms_per_decision": 0.018698654603213072, "replans": null, "validator_ok": 1, "runtime_s": 0.007479461841285229}, "wspt": {"variant": "perm20260803", "instance_id": "c10_replay_400_0108", "campus": 10, "size": 400, "track": "replay", "structure": "chain", "phi": 1.0, "eta": 1.0, "m": 0.6, "u_target": null, "u_realized": null, "method": "wspt", "seed": 301, "twt": 20.0424, "makespan": 37.62, "mean_flow": 1.4549889999999999, "breach_share": 0.0025, "breach_p1": 0.3333333333333333, "breach_p2": 0.0, "breach_p3": 0.0, "breach_p4": 0.0, "decisions": 400, "latency_ms_per_decision": 0.01932149287313223, "replans": null, "validator_ok": 1, "runtime_s": 0.0077285971492528915}, "atc": {"variant": "perm20260803", "instance_id": "c10_replay_400_0108", "campus": 10, "size": 400, "track": "replay", "structure": "chain", "phi": 1.0, "eta": 1.0, "m": 0.6, "u_target": null, "u_realized": null, "method": "atc", "seed": 301, "twt": 18.922399999999996, "makespan": 37.5, "mean_flow": 1.70435975, "breach_share": 0.0025, "breach_p1": 0.3333333333333333, "breach_p2": 0.0, "breach_p3": 0.0, "breach_p4": 0.0, "decisions": 400, "latency_ms_per_decision": 0.0465696956962347, "replans": null, "validator_ok": 1, "runtime_s": 0.01862787827849388}, "pfifo": {"variant": "perm20260803", "instance_id": "c10_replay_400_0108", "campus": 10, "size": 400, "track": "replay", "structure": "chain", "phi": 1.0, "eta": 1.0, "m": 0.6, "u_target": null, "u_realized": null, "method": "pfifo", "seed": 301, "twt": 18.922399999999996, "makespan": 37.99, "mean_flow": 1.7019307499999998, "breach_share": 0.0025, "breach_p1": 0.3333333333333333, "breach_p2": 0.0, "breach_p3": 0.0, "breach_p4": 0.0, "decisions": 400, "latency_ms_per_decision": 0.023530814796686172, "replans": null, "validator_ok": 1, "runtime_s": 0.009412325918674469}, "mor": {"variant": "perm20260803", "instance_id": "c10_replay_400_0108", "campus": 10, "size": 400, "track": "replay", "structure": "chain", "phi": 1.0, "eta": 1.0, "m": 0.6, "u_target": null, "u_realized": null, "method": "mor", "seed": 301, "twt": 20.922399999999996, "makespan": 37.5, "mean_flow": 2.104663, "breach_share": 0.0025, "breach_p1": 0.3333333333333333, "breach_p2": 0.0, "breach_p3": 0.0, "breach_p4": 0.0, "decisions": 400, "latency_ms_per_decision": 0.019117738120257854, "replans": null, "validator_ok": 1, "runtime_s": 0.007647095248103142}, "lfj_atc": {"variant": "perm20260803", "instance_id": "c10_replay_400_0108", "campus": 10, "size": 400, "track": "replay", "structure": "chain", "phi": 1.0, "eta": 1.0, "m": 0.6, "u_target": null, "u_realized": null, "method": "lfj_atc", "seed": 301, "twt": 18.922399999999996, "makespan": 37.5, "mean_flow": 1.70435975, "breach_share": 0.0025, "breach_p1": 0.3333333333333333, "breach_p2": 0.0, "breach_p3": 0.0, "breach_p4": 0.0, "decisions": 400, "latency_ms_per_decision": 0.05787209840491414, "replans": null, "validator_ok": 1, "runtime_s": 0.023148839361965656}, "atc_eta": {"variant": "perm20260803", "instance_id": "c10_replay_400_0108", "campus": 10, "size": 400, "track": "replay", "structure": "chain", "phi": 1.0, "eta": 1.0, "m": 0.6, "u_target": null, "u_realized": null, "method": "atc_eta", "seed": 301, "twt": 18.922399999999996, "makespan": 37.5, "mean_flow": 1.70435975, "breach_share": 0.0025, "breach_p1": 0.3333333333333333, "breach_p2": 0.0, "breach_p3": 0.0, "breach_p4": 0.0, "decisions": 400, "latency_ms_per_decision": 0.07183290552347898, "replans": null, "validator_ok": 1, "runtime_s": 0.028733162209391594}, "random": {"variant": "perm20260803", "instance_id": "c10_replay_400_0108", "campus": 10, "size": 400, "track": "replay", "structure": "chain", "phi": 1.0, "eta": 1.0, "m": 0.6, "u_target": null, "u_realized": null, "method": "random", "seed": 301, "twt": 19.80239999999999, "makespan": 37.75, "mean_flow": 1.65268275, "breach_share": 0.0025, "breach_p1": 0.3333333333333333, "breach_p2": 0.0, "breach_p3": 0.0, "breach_p4": 0.0, "decisions": 400, "latency_ms_per_decision": 0.014710996765643358, "replans": null, "validator_ok": 1, "runtime_s": 0.005884398706257343}}, "budget_B": 91, "headcount": 91, "chain_order": ["D40", "E20", "B30", "D90", "MISC", "UNK", "C30", "C10", "D30", "E10", "B20", "D20", "D50"]}