{"config_id": "c10_replay_150_0104__perm20260810", "rows": {"edd": {"variant": "perm20260810", "instance_id": "c10_replay_150_0104", "campus": 10, "size": 150, "track": "replay", "structure": "chain", "phi": 1.0, "eta": 1.0, "m": 0.6, "u_target": null, "u_realized": null, "method": "edd", "seed": 301, "twt": 21.729600000000005, "makespan": 106.10730000000001, "mean_flow": 3.1335306666666667, "breach_share": 0.006666666666666667, "breach_p1": 0.0, "breach_p2": 0.0, "breach_p3": 0.09090909090909091, "breach_p4": 0.0, "decisions": 150, "latency_ms_per_decision": 0.033575668931007385, "replans": null, "validator_ok": 1, "runtime_s": 0.005036350339651108}, "wspt": {"variant": "perm20260810", "instance_id": "c10_replay_150_0104", "campus": 10, "size": 150, "track": "replay", "structure": "chain", "phi": 1.0, "eta": 1.0, "m": 0.6, "u_target": null, "u_realized": null, "method": "wspt", "seed": 301, "twt": 21.729600000000005, "makespan": 106.10730000000001, "mean_flow": 2.923997333333334, "breach_share": 0.006666666666666667, "breach_p1": 0.0, "breach_p2": 0.0, "breach_p3": 0.09090909090909091, "breach_p4": 0.0, "decisions": 150, "latency_ms_per_decision": 0.014373529702425003, "replans": null, "validator_ok": 1, "runtime_s": 0.0021560294553637505}, "atc": {"variant": "perm20260810", "instance_id": "c10_replay_150_0104", "campus": 10, "size": 150, "track": "replay", "structure": "chain", "phi": 1.0, "eta": 1.0, "m": 0.6, "u_target": null, "u_realized": null, "method": "atc", "seed": 301, "twt": 21.729600000000005, "makespan": 106.10730000000001, "mean_flow": 2.9485306666666666, "breach_share": 0.006666666666666667, "breach_p1": 0.0, "breach_p2": 0.0, "breach_p3": 0.09090909090909091, "breach_p4": 0.0, "decisions": 150, "latency_ms_per_decision": 0.06162881851196289, "replans": null, "validator_ok": 1, "runtime_s": 0.009244322776794434}, "pfifo": {"variant": "perm20260810", "instance_id": "c10_replay_150_0104", "campus": 10, "size": 150, "track": "replay", "structure": "chain", "phi": 1.0, "eta": 1.0, "m": 0.6, "u_target": null, "u_realized": null, "method": "pfifo", "seed": 301, "twt": 21.729600000000005, "makespan": 106.10730000000001, "mean_flow": 3.1335306666666667, "breach_share": 0.006666666666666667, "breach_p1": 0.0, "breach_p2": 0.0, "breach_p3": 0.09090909090909091, "breach_p4": 0.0, "decisions": 150, "latency_ms_per_decision": 0.014713220298290253, "replans": null, "validator_ok": 1, "runtime_s": 0.002206983044743538}, "mor": {"variant": "perm20260810", "instance_id": "c10_replay_150_0104", "campus": 10, "size": 150, "track": "replay", "structure": "chain", "phi": 1.0, "eta": 1.0, "m": 0.6, "u_target": null, "u_realized": null, "method": "mor", "seed": 301, "twt": 21.729600000000005, "makespan": 106.10730000000001, "mean_flow": 3.428530666666667, "breach_share": 0.006666666666666667, "breach_p1": 0.0, "breach_p2": 0.0, "breach_p3": 0.09090909090909091, "breach_p4": 0.0, "decisions": 150, "latency_ms_per_decision": 0.07422820975383122, "replans": null, "validator_ok": 1, "runtime_s": 0.011134231463074684}, "lfj_atc": {"variant": "perm20260810", "instance_id": "c10_replay_150_0104", "campus": 10, "size": 150, "track": "replay", "structure": "chain", "phi": 1.0, "eta": 1.0, "m": 0.6, "u_target": null, "u_realized": null, "method": "lfj_atc", "seed": 301, "twt": 21.729600000000005, "makespan": 106.10730000000001, "mean_flow": 2.9485306666666666, "breach_share": 0.006666666666666667, "breach_p1": 0.0, "breach_p2": 0.0, "breach_p3": 0.09090909090909091, "breach_p4": 0.0, "decisions": 150, "latency_ms_per_decision": 0.02436051145195961, "replans": null, "validator_ok": 1, "runtime_s": 0.0036540767177939415}, "atc_eta": {"variant": "perm20260810", "instance_id": "c10_replay_150_0104", "campus": 10, "size": 150, "track": "replay", "structure": "chain", "phi": 1.0, "eta": 1.0, "m": 0.6, "u_target": null, "u_realized": null, "method": "atc_eta", "seed": 301, "twt": 21.729600000000005, "makespan": 106.10730000000001, "mean_flow": 2.9485306666666666, "breach_share": 0.006666666666666667, "breach_p1": 0.0, "breach_p2": 0.0, "breach_p3": 0.09090909090909091, "breach_p4": 0.0, "decisions": 150, "latency_ms_per_decision": 0.07439739381273587, "replans": null, "validator_ok": 1, "runtime_s": 0.011159609071910381}, "random": {"variant": "perm20260810", "instance_id": "c10_replay_150_0104", "campus": 10, "size": 150, "track": "replay", "structure": "chain", "phi": 1.0, "eta": 1.0, "m": 0.6, "u_target": null, "u_realized": null, "method": "random", "seed": 301, "twt": 21.729600000000005, "makespan": 106.10730000000001, "mean_flow": 3.1257973333333333, "breach_share": 0.006666666666666667, "breach_p1": 0.0, "breach_p2": 0.0, "breach_p3": 0.09090909090909091, "breach_p4": 0.0, "decisions": 150, "latency_ms_per_decision": 0.03082853431502978, "replans": null, "validator_ok": 1, "runtime_s": 0.004624280147254467}}, "budget_B": 91, "headcount": 91, "chain_order": ["D50", "D30", "E20", "B20", "D20", "C30", "C10", "UNK", "D90", "B30", "MISC", "D40", "E10"]}