{"config_id": "c10_replay_150_0120__feasnorm_eta080", "rows": {"edd": {"variant": "feasnorm", "instance_id": "c10_replay_150_0120", "campus": 10, "size": 150, "track": "replay", "structure": "feasnorm", "phi": 1.0, "eta": 0.8, "m": 0.6, "u_target": null, "u_realized": null, "method": "edd", "seed": 301, "twt": 14.0, "makespan": 90.8648, "mean_flow": 3.3603126666666667, "breach_share": 0.006666666666666667, "breach_p1": 0.0, "breach_p2": 0.07142857142857142, "breach_p3": 0.0, "breach_p4": 0.0, "decisions": 150, "latency_ms_per_decision": 0.008190503964821497, "replans": null, "validator_ok": 1, "runtime_s": 0.0012285755947232246}, "wspt": {"variant": "feasnorm", "instance_id": "c10_replay_150_0120", "campus": 10, "size": 150, "track": "replay", "structure": "feasnorm", "phi": 1.0, "eta": 0.8, "m": 0.6, "u_target": null, "u_realized": null, "method": "wspt", "seed": 301, "twt": 14.0, "makespan": 90.8648, "mean_flow": 3.2754506666666665, "breach_share": 0.006666666666666667, "breach_p1": 0.0, "breach_p2": 0.07142857142857142, "breach_p3": 0.0, "breach_p4": 0.0, "decisions": 150, "latency_ms_per_decision": 0.00859785204132398, "replans": null, "validator_ok": 1, "runtime_s": 0.001289677806198597}, "atc": {"variant": "feasnorm", "instance_id": "c10_replay_150_0120", "campus": 10, "size": 150, "track": "replay", "structure": "feasnorm", "phi": 1.0, "eta": 0.8, "m": 0.6, "u_target": null, "u_realized": null, "method": "atc", "seed": 301, "twt": 14.0, "makespan": 90.8648, "mean_flow": 3.3273426666666666, "breach_share": 0.006666666666666667, "breach_p1": 0.0, "breach_p2": 0.07142857142857142, "breach_p3": 0.0, "breach_p4": 0.0, "decisions": 150, "latency_ms_per_decision": 0.01192823052406311, "replans": null, "validator_ok": 1, "runtime_s": 0.0017892345786094666}, "pfifo": {"variant": "feasnorm", "instance_id": "c10_replay_150_0120", "campus": 10, "size": 150, "track": "replay", "structure": "feasnorm", "phi": 1.0, "eta": 0.8, "m": 0.6, "u_target": null, "u_realized": null, "method": "pfifo", "seed": 301, "twt": 14.0, "makespan": 90.8648, "mean_flow": 3.3603126666666667, "breach_share": 0.006666666666666667, "breach_p1": 0.0, "breach_p2": 0.07142857142857142, "breach_p3": 0.0, "breach_p4": 0.0, "decisions": 150, "latency_ms_per_decision": 0.008637824406226477, "replans": null, "validator_ok": 1, "runtime_s": 0.0012956736609339714}, "mor": {"variant": "feasnorm", "instance_id": "c10_replay_150_0120", "campus": 10, "size": 150, "track": "replay", "structure": "feasnorm", "phi": 1.0, "eta": 0.8, "m": 0.6, "u_target": null, "u_realized": null, "method": "mor", "seed": 301, "twt": 14.0, "makespan": 90.8648, "mean_flow": 3.395912666666667, "breach_share": 0.006666666666666667, "breach_p1": 0.0, "breach_p2": 0.07142857142857142, "breach_p3": 0.0, "breach_p4": 0.0, "decisions": 150, "latency_ms_per_decision": 0.008560276279846827, "replans": null, "validator_ok": 1, "runtime_s": 0.001284041441977024}, "lfj_atc": {"variant": "feasnorm", "instance_id": "c10_replay_150_0120", "campus": 10, "size": 150, "track": "replay", "structure": "feasnorm", "phi": 1.0, "eta": 0.8, "m": 0.6, "u_target": null, "u_realized": null, "method": "lfj_atc", "seed": 301, "twt": 14.0, "makespan": 90.8648, "mean_flow": 3.3273426666666666, "breach_share": 0.006666666666666667, "breach_p1": 0.0, "breach_p2": 0.07142857142857142, "breach_p3": 0.0, "breach_p4": 0.0, "decisions": 150, "latency_ms_per_decision": 0.013244027892748514, "replans": null, "validator_ok": 1, "runtime_s": 0.0019866041839122772}, "atc_eta": {"variant": "feasnorm", "instance_id": "c10_replay_150_0120", "campus": 10, "size": 150, "track": "replay", "structure": "feasnorm", "phi": 1.0, "eta": 0.8, "m": 0.6, "u_target": null, "u_realized": null, "method": "atc_eta", "seed": 301, "twt": 14.0, "makespan": 90.8648, "mean_flow": 3.3273426666666666, "breach_share": 0.006666666666666667, "breach_p1": 0.0, "breach_p2": 0.07142857142857142, "breach_p3": 0.0, "breach_p4": 0.0, "decisions": 150, "latency_ms_per_decision": 0.0220600888133049, "replans": null, "validator_ok": 1, "runtime_s": 0.003309013321995735}, "random": {"variant": "feasnorm", "instance_id": "c10_replay_150_0120", "campus": 10, "size": 150, "track": "replay", "structure": "feasnorm", "phi": 1.0, "eta": 0.8, "m": 0.6, "u_target": null, "u_realized": null, "method": "random", "seed": 301, "twt": 14.0, "makespan": 90.8648, "mean_flow": 3.303346666666667, "breach_share": 0.006666666666666667, "breach_p1": 0.0, "breach_p2": 0.07142857142857142, "breach_p3": 0.0, "breach_p4": 0.0, "decisions": 150, "latency_ms_per_decision": 0.007406361401081085, "replans": null, "validator_ok": 1, "runtime_s": 0.0011109542101621628}}, "budget_B": 91, "headcount": 91, "chain_order": ["D40", "D30", "D20", "D90", "D50", "E10", "UNK", "E20", "MISC", "C10", "C30", "B20", "B30"]}