{"config_id": "c10_replay_400_0117__tsel20260821", "rows": {"edd": {"variant": "tsel20260821", "instance_id": "c10_replay_400_0117", "campus": 10, "size": 400, "track": "replay", "structure": "chain", "phi": 0.5, "eta": 1.0, "m": 0.6, "u_target": null, "u_realized": null, "method": "edd", "seed": 301, "twt": 226.0, "makespan": 97.6148, "mean_flow": 6.53734525, "breach_share": 0.005, "breach_p1": 0.09090909090909091, "breach_p2": 0.034482758620689655, "breach_p3": 0.0, "breach_p4": 0.0, "decisions": 400, "latency_ms_per_decision": 0.02585303271189332, "replans": null, "validator_ok": 1, "runtime_s": 0.010341213084757328}, "wspt": {"variant": "tsel20260821", "instance_id": "c10_replay_400_0117", "campus": 10, "size": 400, "track": "replay", "structure": "chain", "phi": 0.5, "eta": 1.0, "m": 0.6, "u_target": null, "u_realized": null, "method": "wspt", "seed": 301, "twt": 242.0, "makespan": 101.8648, "mean_flow": 5.62398025, "breach_share": 0.005, "breach_p1": 0.09090909090909091, "breach_p2": 0.034482758620689655, "breach_p3": 0.0, "breach_p4": 0.0, "decisions": 400, "latency_ms_per_decision": 0.026406622491776943, "replans": null, "validator_ok": 1, "runtime_s": 0.010562648996710777}, "atc": {"variant": "tsel20260821", "instance_id": "c10_replay_400_0117", "campus": 10, "size": 400, "track": "replay", "structure": "chain", "phi": 0.5, "eta": 1.0, "m": 0.6, "u_target": null, "u_realized": null, "method": "atc", "seed": 301, "twt": 226.0, "makespan": 96.8848, "mean_flow": 6.511275250000001, "breach_share": 0.005, "breach_p1": 0.09090909090909091, "breach_p2": 0.034482758620689655, "breach_p3": 0.0, "breach_p4": 0.0, "decisions": 400, "latency_ms_per_decision": 0.0674087880179286, "replans": null, "validator_ok": 1, "runtime_s": 0.02696351520717144}, "pfifo": {"variant": "tsel20260821", "instance_id": "c10_replay_400_0117", "campus": 10, "size": 400, "track": "replay", "structure": "chain", "phi": 0.5, "eta": 1.0, "m": 0.6, "u_target": null, "u_realized": null, "method": "pfifo", "seed": 301, "twt": 226.0, "makespan": 97.6148, "mean_flow": 6.53734525, "breach_share": 0.005, "breach_p1": 0.09090909090909091, "breach_p2": 0.034482758620689655, "breach_p3": 0.0, "breach_p4": 0.0, "decisions": 400, "latency_ms_per_decision": 0.042621088214218616, "replans": null, "validator_ok": 1, "runtime_s": 0.017048435285687447}, "mor": {"variant": "tsel20260821", "instance_id": "c10_replay_400_0117", "campus": 10, "size": 400, "track": "replay", "structure": "chain", "phi": 0.5, "eta": 1.0, "m": 0.6, "u_target": null, "u_realized": null, "method": "mor", "seed": 301, "twt": 363.7952, "makespan": 96.3648, "mean_flow": 9.6364695, "breach_share": 0.0175, "breach_p1": 0.5454545454545454, "breach_p2": 0.034482758620689655, "breach_p3": 0.0, "breach_p4": 0.0, "decisions": 400, "latency_ms_per_decision": 0.035692909732460976, "replans": null, "validator_ok": 1, "runtime_s": 0.01427716389298439}, "lfj_atc": {"variant": "tsel20260821", "instance_id": "c10_replay_400_0117", "campus": 10, "size": 400, "track": "replay", "structure": "chain", "phi": 0.5, "eta": 1.0, "m": 0.6, "u_target": null, "u_realized": null, "method": "lfj_atc", "seed": 301, "twt": 226.0, "makespan": 96.8848, "mean_flow": 6.511275250000001, "breach_share": 0.005, "breach_p1": 0.09090909090909091, "breach_p2": 0.034482758620689655, "breach_p3": 0.0, "breach_p4": 0.0, "decisions": 400, "latency_ms_per_decision": 0.08573313476517797, "replans": null, "validator_ok": 1, "runtime_s": 0.034293253906071186}, "atc_eta": {"variant": "tsel20260821", "instance_id": "c10_replay_400_0117", "campus": 10, "size": 400, "track": "replay", "structure": "chain", "phi": 0.5, "eta": 1.0, "m": 0.6, "u_target": null, "u_realized": null, "method": "atc_eta", "seed": 301, "twt": 226.0, "makespan": 96.8848, "mean_flow": 6.511275250000001, "breach_share": 0.005, "breach_p1": 0.09090909090909091, "breach_p2": 0.034482758620689655, "breach_p3": 0.0, "breach_p4": 0.0, "decisions": 400, "latency_ms_per_decision": 0.11086594313383102, "replans": null, "validator_ok": 1, "runtime_s": 0.04434637725353241}, "random": {"variant": "tsel20260821", "instance_id": "c10_replay_400_0117", "campus": 10, "size": 400, "track": "replay", "structure": "chain", "phi": 0.5, "eta": 1.0, "m": 0.6, "u_target": null, "u_realized": null, "method": "random", "seed": 301, "twt": 226.4624, "makespan": 99.8648, "mean_flow": 6.3221317500000005, "breach_share": 0.0075, "breach_p1": 0.18181818181818182, "breach_p2": 0.034482758620689655, "breach_p3": 0.0, "breach_p4": 0.0, "decisions": 400, "latency_ms_per_decision": 0.02175336005166173, "replans": null, "validator_ok": 1, "runtime_s": 0.008701344020664692}}, "budget_B": 50, "headcount": 91, "chain_order": ["D40", "D30", "D50", "D20", "C10", "E10", "C30", "D90", "B20", "UNK", "E20", "B30", "MISC"]}