{"config_id": "c10_replay_400_0120__perm20260805", "rows": {"edd": {"variant": "perm20260805", "instance_id": "c10_replay_400_0120", "campus": 10, "size": 400, "track": "replay", "structure": "chain", "phi": 1.0, "eta": 1.0, "m": 0.6, "u_target": null, "u_realized": null, "method": "edd", "seed": 301, "twt": 526.0, "makespan": 90.8648, "mean_flow": 3.35358675, "breach_share": 0.005, "breach_p1": 0.16666666666666666, "breach_p2": 0.03225806451612903, "breach_p3": 0.0, "breach_p4": 0.0, "decisions": 400, "latency_ms_per_decision": 0.016470104455947876, "replans": null, "validator_ok": 1, "runtime_s": 0.00658804178237915}, "wspt": {"variant": "perm20260805", "instance_id": "c10_replay_400_0120", "campus": 10, "size": 400, "track": "replay", "structure": "chain", "phi": 1.0, "eta": 1.0, "m": 0.6, "u_target": null, "u_realized": null, "method": "wspt", "seed": 301, "twt": 542.0, "makespan": 90.8648, "mean_flow": 3.1170190000000004, "breach_share": 0.005, "breach_p1": 0.16666666666666666, "breach_p2": 0.03225806451612903, "breach_p3": 0.0, "breach_p4": 0.0, "decisions": 400, "latency_ms_per_decision": 0.016494467854499817, "replans": null, "validator_ok": 1, "runtime_s": 0.006597787141799927}, "atc": {"variant": "perm20260805", "instance_id": "c10_replay_400_0120", "campus": 10, "size": 400, "track": "replay", "structure": "chain", "phi": 1.0, "eta": 1.0, "m": 0.6, "u_target": null, "u_realized": null, "method": "atc", "seed": 301, "twt": 526.0, "makespan": 90.8648, "mean_flow": 3.25147425, "breach_share": 0.005, "breach_p1": 0.16666666666666666, "breach_p2": 0.03225806451612903, "breach_p3": 0.0, "breach_p4": 0.0, "decisions": 400, "latency_ms_per_decision": 0.03819101257249713, "replans": null, "validator_ok": 1, "runtime_s": 0.015276405028998852}, "pfifo": {"variant": "perm20260805", "instance_id": "c10_replay_400_0120", "campus": 10, "size": 400, "track": "replay", "structure": "chain", "phi": 1.0, "eta": 1.0, "m": 0.6, "u_target": null, "u_realized": null, "method": "pfifo", "seed": 301, "twt": 526.0, "makespan": 90.8648, "mean_flow": 3.35358675, "breach_share": 0.005, "breach_p1": 0.16666666666666666, "breach_p2": 0.03225806451612903, "breach_p3": 0.0, "breach_p4": 0.0, "decisions": 400, "latency_ms_per_decision": 0.017336877062916756, "replans": null, "validator_ok": 1, "runtime_s": 0.006934750825166702}, "mor": {"variant": "perm20260805", "instance_id": "c10_replay_400_0120", "campus": 10, "size": 400, "track": "replay", "structure": "chain", "phi": 1.0, "eta": 1.0, "m": 0.6, "u_target": null, "u_realized": null, "method": "mor", "seed": 301, "twt": 526.0, "makespan": 90.8648, "mean_flow": 3.5437945, "breach_share": 0.005, "breach_p1": 0.16666666666666666, "breach_p2": 0.03225806451612903, "breach_p3": 0.0, "breach_p4": 0.0, "decisions": 400, "latency_ms_per_decision": 0.016730607021600008, "replans": null, "validator_ok": 1, "runtime_s": 0.006692242808640003}, "lfj_atc": {"variant": "perm20260805", "instance_id": "c10_replay_400_0120", "campus": 10, "size": 400, "track": "replay", "structure": "chain", "phi": 1.0, "eta": 1.0, "m": 0.6, "u_target": null, "u_realized": null, "method": "lfj_atc", "seed": 301, "twt": 526.0, "makespan": 90.8648, "mean_flow": 3.25147425, "breach_share": 0.005, "breach_p1": 0.16666666666666666, "breach_p2": 0.03225806451612903, "breach_p3": 0.0, "breach_p4": 0.0, "decisions": 400, "latency_ms_per_decision": 0.03263093298301101, "replans": null, "validator_ok": 1, "runtime_s": 0.013052373193204403}, "atc_eta": {"variant": "perm20260805", "instance_id": "c10_replay_400_0120", "campus": 10, "size": 400, "track": "replay", "structure": "chain", "phi": 1.0, "eta": 1.0, "m": 0.6, "u_target": null, "u_realized": null, "method": "atc_eta", "seed": 301, "twt": 526.0, "makespan": 90.8648, "mean_flow": 3.25147425, "breach_share": 0.005, "breach_p1": 0.16666666666666666, "breach_p2": 0.03225806451612903, "breach_p3": 0.0, "breach_p4": 0.0, "decisions": 400, "latency_ms_per_decision": 0.05581054603680968, "replans": null, "validator_ok": 1, "runtime_s": 0.022324218414723873}, "random": {"variant": "perm20260805", "instance_id": "c10_replay_400_0120", "campus": 10, "size": 400, "track": "replay", "structure": "chain", "phi": 1.0, "eta": 1.0, "m": 0.6, "u_target": null, "u_realized": null, "method": "random", "seed": 301, "twt": 526.0, "makespan": 90.8648, "mean_flow": 3.236055, "breach_share": 0.005, "breach_p1": 0.16666666666666666, "breach_p2": 0.03225806451612903, "breach_p3": 0.0, "breach_p4": 0.0, "decisions": 400, "latency_ms_per_decision": 0.01122108893468976, "replans": null, "validator_ok": 1, "runtime_s": 0.004488435573875904}}, "budget_B": 91, "headcount": 91, "chain_order": ["D20", "C10", "E10", "D40", "D30", "UNK", "C30", "D90", "MISC", "E20", "D50", "B30", "B20"]}