{"config_id": "c10_replay_150_0124__tsel20260821", "rows": {"edd": {"variant": "tsel20260821", "instance_id": "c10_replay_150_0124", "campus": 10, "size": 150, "track": "replay", "structure": "chain", "phi": 0.5, "eta": 1.0, "m": 0.6, "u_target": null, "u_realized": null, "method": "edd", "seed": 301, "twt": 60.0, "makespan": 95.2262, "mean_flow": 10.847826666666666, "breach_share": 0.013333333333333334, "breach_p1": 0.2857142857142857, "breach_p2": 0.0, "breach_p3": 0.0, "breach_p4": 0.0, "decisions": 150, "latency_ms_per_decision": 0.009549142171939215, "replans": null, "validator_ok": 1, "runtime_s": 0.0014323713257908821}, "wspt": {"variant": "tsel20260821", "instance_id": "c10_replay_150_0124", "campus": 10, "size": 150, "track": "replay", "structure": "chain", "phi": 0.5, "eta": 1.0, "m": 0.6, "u_target": null, "u_realized": null, "method": "wspt", "seed": 301, "twt": 60.0, "makespan": 95.2262, "mean_flow": 10.844493333333332, "breach_share": 0.013333333333333334, "breach_p1": 0.2857142857142857, "breach_p2": 0.0, "breach_p3": 0.0, "breach_p4": 0.0, "decisions": 150, "latency_ms_per_decision": 0.008967053145170212, "replans": null, "validator_ok": 1, "runtime_s": 0.0013450579717755318}, "atc": {"variant": "tsel20260821", "instance_id": "c10_replay_150_0124", "campus": 10, "size": 150, "track": "replay", "structure": "chain", "phi": 0.5, "eta": 1.0, "m": 0.6, "u_target": null, "u_realized": null, "method": "atc", "seed": 301, "twt": 60.0, "makespan": 95.2262, "mean_flow": 10.848493333333332, "breach_share": 0.013333333333333334, "breach_p1": 0.2857142857142857, "breach_p2": 0.0, "breach_p3": 0.0, "breach_p4": 0.0, "decisions": 150, "latency_ms_per_decision": 0.07918925335009892, "replans": null, "validator_ok": 1, "runtime_s": 0.01187838800251484}, "pfifo": {"variant": "tsel20260821", "instance_id": "c10_replay_150_0124", "campus": 10, "size": 150, "track": "replay", "structure": "chain", "phi": 0.5, "eta": 1.0, "m": 0.6, "u_target": null, "u_realized": null, "method": "pfifo", "seed": 301, "twt": 60.0, "makespan": 95.2262, "mean_flow": 10.847826666666666, "breach_share": 0.013333333333333334, "breach_p1": 0.2857142857142857, "breach_p2": 0.0, "breach_p3": 0.0, "breach_p4": 0.0, "decisions": 150, "latency_ms_per_decision": 0.02933225284020106, "replans": null, "validator_ok": 1, "runtime_s": 0.004399837926030159}, "mor": {"variant": "tsel20260821", "instance_id": "c10_replay_150_0124", "campus": 10, "size": 150, "track": "replay", "structure": "chain", "phi": 0.5, "eta": 1.0, "m": 0.6, "u_target": null, "u_realized": null, "method": "mor", "seed": 301, "twt": 60.0, "makespan": 95.2262, "mean_flow": 10.848493333333332, "breach_share": 0.013333333333333334, "breach_p1": 0.2857142857142857, "breach_p2": 0.0, "breach_p3": 0.0, "breach_p4": 0.0, "decisions": 150, "latency_ms_per_decision": 0.0089198537170887, "replans": null, "validator_ok": 1, "runtime_s": 0.001337978057563305}, "lfj_atc": {"variant": "tsel20260821", "instance_id": "c10_replay_150_0124", "campus": 10, "size": 150, "track": "replay", "structure": "chain", "phi": 0.5, "eta": 1.0, "m": 0.6, "u_target": null, "u_realized": null, "method": "lfj_atc", "seed": 301, "twt": 60.0, "makespan": 95.2262, "mean_flow": 10.848493333333332, "breach_share": 0.013333333333333334, "breach_p1": 0.2857142857142857, "breach_p2": 0.0, "breach_p3": 0.0, "breach_p4": 0.0, "decisions": 150, "latency_ms_per_decision": 0.033473409712314606, "replans": null, "validator_ok": 1, "runtime_s": 0.005021011456847191}, "atc_eta": {"variant": "tsel20260821", "instance_id": "c10_replay_150_0124", "campus": 10, "size": 150, "track": "replay", "structure": "chain", "phi": 0.5, "eta": 1.0, "m": 0.6, "u_target": null, "u_realized": null, "method": "atc_eta", "seed": 301, "twt": 60.0, "makespan": 95.2262, "mean_flow": 10.848493333333332, "breach_share": 0.013333333333333334, "breach_p1": 0.2857142857142857, "breach_p2": 0.0, "breach_p3": 0.0, "breach_p4": 0.0, "decisions": 150, "latency_ms_per_decision": 0.06920527666807175, "replans": null, "validator_ok": 1, "runtime_s": 0.010380791500210762}, "random": {"variant": "tsel20260821", "instance_id": "c10_replay_150_0124", "campus": 10, "size": 150, "track": "replay", "structure": "chain", "phi": 0.5, "eta": 1.0, "m": 0.6, "u_target": null, "u_realized": null, "method": "random", "seed": 301, "twt": 60.0, "makespan": 95.2262, "mean_flow": 10.84516, "breach_share": 0.013333333333333334, "breach_p1": 0.2857142857142857, "breach_p2": 0.0, "breach_p3": 0.0, "breach_p4": 0.0, "decisions": 150, "latency_ms_per_decision": 0.02826308210690816, "replans": null, "validator_ok": 1, "runtime_s": 0.004239462316036224}}, "budget_B": 50, "headcount": 91, "chain_order": ["D40", "D30", "D50", "D20", "C10", "E10", "C30", "D90", "B20", "UNK", "E20", "B30", "MISC"]}