{"config_id": "c10_replay_150_0183__perm20260806", "rows": {"edd": {"variant": "perm20260806", "instance_id": "c10_replay_150_0183", "campus": 10, "size": 150, "track": "replay", "structure": "chain", "phi": 1.0, "eta": 1.0, "m": 0.6, "u_target": null, "u_realized": null, "method": "edd", "seed": 301, "twt": 527.0, "makespan": 94.5945, "mean_flow": 12.438366, "breach_share": 0.02, "breach_p1": 0.14285714285714285, "breach_p2": 0.05128205128205128, "breach_p3": 0.0, "breach_p4": 0.0, "decisions": 150, "latency_ms_per_decision": 0.01030785342057546, "replans": null, "validator_ok": 1, "runtime_s": 0.001546178013086319}, "wspt": {"variant": "perm20260806", "instance_id": "c10_replay_150_0183", "campus": 10, "size": 150, "track": "replay", "structure": "chain", "phi": 1.0, "eta": 1.0, "m": 0.6, "u_target": null, "u_realized": null, "method": "wspt", "seed": 301, "twt": 527.0, "makespan": 115.31700000000001, "mean_flow": 11.383995999999998, "breach_share": 0.02, "breach_p1": 0.14285714285714285, "breach_p2": 0.05128205128205128, "breach_p3": 0.0, "breach_p4": 0.0, "decisions": 150, "latency_ms_per_decision": 0.03738041346271833, "replans": null, "validator_ok": 1, "runtime_s": 0.005607062019407749}, "atc": {"variant": "perm20260806", "instance_id": "c10_replay_150_0183", "campus": 10, "size": 150, "track": "replay", "structure": "chain", "phi": 1.0, "eta": 1.0, "m": 0.6, "u_target": null, "u_realized": null, "method": "atc", "seed": 301, "twt": 527.0, "makespan": 115.31700000000001, "mean_flow": 11.43225, "breach_share": 0.02, "breach_p1": 0.14285714285714285, "breach_p2": 0.05128205128205128, "breach_p3": 0.0, "breach_p4": 0.0, "decisions": 150, "latency_ms_per_decision": 0.011972462137540182, "replans": null, "validator_ok": 1, "runtime_s": 0.0017958693206310272}, "pfifo": {"variant": "perm20260806", "instance_id": "c10_replay_150_0183", "campus": 10, "size": 150, "track": "replay", "structure": "chain", "phi": 1.0, "eta": 1.0, "m": 0.6, "u_target": null, "u_realized": null, "method": "pfifo", "seed": 301, "twt": 527.0, "makespan": 94.5945, "mean_flow": 12.438366, "breach_share": 0.02, "breach_p1": 0.14285714285714285, "breach_p2": 0.05128205128205128, "breach_p3": 0.0, "breach_p4": 0.0, "decisions": 150, "latency_ms_per_decision": 0.031005026151736576, "replans": null, "validator_ok": 1, "runtime_s": 0.004650753922760487}, "mor": {"variant": "perm20260806", "instance_id": "c10_replay_150_0183", "campus": 10, "size": 150, "track": "replay", "structure": "chain", "phi": 1.0, "eta": 1.0, "m": 0.6, "u_target": null, "u_realized": null, "method": "mor", "seed": 301, "twt": 918.8152, "makespan": 94.5945, "mean_flow": 14.280108666666669, "breach_share": 0.05333333333333334, "breach_p1": 0.5714285714285714, "breach_p2": 0.10256410256410256, "breach_p3": 0.0, "breach_p4": 0.0, "decisions": 150, "latency_ms_per_decision": 0.03755216176311175, "replans": null, "validator_ok": 1, "runtime_s": 0.0056328242644667625}, "lfj_atc": {"variant": "perm20260806", "instance_id": "c10_replay_150_0183", "campus": 10, "size": 150, "track": "replay", "structure": "chain", "phi": 1.0, "eta": 1.0, "m": 0.6, "u_target": null, "u_realized": null, "method": "lfj_atc", "seed": 301, "twt": 527.0, "makespan": 115.31700000000001, "mean_flow": 11.43225, "breach_share": 0.02, "breach_p1": 0.14285714285714285, "breach_p2": 0.05128205128205128, "breach_p3": 0.0, "breach_p4": 0.0, "decisions": 150, "latency_ms_per_decision": 0.013047525038321814, "replans": null, "validator_ok": 1, "runtime_s": 0.001957128755748272}, "atc_eta": {"variant": "perm20260806", "instance_id": "c10_replay_150_0183", "campus": 10, "size": 150, "track": "replay", "structure": "chain", "phi": 1.0, "eta": 1.0, "m": 0.6, "u_target": null, "u_realized": null, "method": "atc_eta", "seed": 301, "twt": 527.0, "makespan": 115.31700000000001, "mean_flow": 11.43225, "breach_share": 0.02, "breach_p1": 0.14285714285714285, "breach_p2": 0.05128205128205128, "breach_p3": 0.0, "breach_p4": 0.0, "decisions": 150, "latency_ms_per_decision": 0.020959364871184032, "replans": null, "validator_ok": 1, "runtime_s": 0.0031439047306776047}, "random": {"variant": "perm20260806", "instance_id": "c10_replay_150_0183", "campus": 10, "size": 150, "track": "replay", "structure": "chain", "phi": 1.0, "eta": 1.0, "m": 0.6, "u_target": null, "u_realized": null, "method": "random", "seed": 301, "twt": 788.8176, "makespan": 94.5945, "mean_flow": 13.384212666666667, "breach_share": 0.04, "breach_p1": 0.5714285714285714, "breach_p2": 0.05128205128205128, "breach_p3": 0.0, "breach_p4": 0.0, "decisions": 150, "latency_ms_per_decision": 0.010550587127606073, "replans": null, "validator_ok": 1, "runtime_s": 0.001582588069140911}}, "budget_B": 91, "headcount": 91, "chain_order": ["D90", "B30", "D30", "E20", "D50", "D20", "UNK", "B20", "D40", "MISC", "C30", "C10", "E10"]}