{"config_id": "c12_replay_150_0154__perm20260808", "rows": {"edd": {"variant": "perm20260808", "instance_id": "c12_replay_150_0154", "campus": 12, "size": 150, "track": "replay", "structure": "chain", "phi": 1.0, "eta": 1.0, "m": 0.6, "u_target": null, "u_realized": null, "method": "edd", "seed": 301, "twt": 179.7296, "makespan": 98.464, "mean_flow": 5.969318666666666, "breach_share": 0.04, "breach_p1": 0.17647058823529413, "breach_p2": 0.08695652173913043, "breach_p3": 0.01639344262295082, "breach_p4": 0.0, "decisions": 150, "latency_ms_per_decision": 0.012279382596413294, "replans": null, "validator_ok": 1, "runtime_s": 0.0018419073894619942}, "wspt": {"variant": "perm20260808", "instance_id": "c12_replay_150_0154", "campus": 12, "size": 150, "track": "replay", "structure": "chain", "phi": 1.0, "eta": 1.0, "m": 0.6, "u_target": null, "u_realized": null, "method": "wspt", "seed": 301, "twt": 179.7296, "makespan": 98.464, "mean_flow": 5.845985333333333, "breach_share": 0.04, "breach_p1": 0.17647058823529413, "breach_p2": 0.08695652173913043, "breach_p3": 0.01639344262295082, "breach_p4": 0.0, "decisions": 150, "latency_ms_per_decision": 0.012509835263093313, "replans": null, "validator_ok": 1, "runtime_s": 0.0018764752894639969}, "atc": {"variant": "perm20260808", "instance_id": "c12_replay_150_0154", "campus": 12, "size": 150, "track": "replay", "structure": "chain", "phi": 1.0, "eta": 1.0, "m": 0.6, "u_target": null, "u_realized": null, "method": "atc", "seed": 301, "twt": 179.7296, "makespan": 98.464, "mean_flow": 5.959318666666666, "breach_share": 0.04, "breach_p1": 0.17647058823529413, "breach_p2": 0.08695652173913043, "breach_p3": 0.01639344262295082, "breach_p4": 0.0, "decisions": 150, "latency_ms_per_decision": 0.03599119062225024, "replans": null, "validator_ok": 1, "runtime_s": 0.005398678593337536}, "pfifo": {"variant": "perm20260808", "instance_id": "c12_replay_150_0154", "campus": 12, "size": 150, "track": "replay", "structure": "chain", "phi": 1.0, "eta": 1.0, "m": 0.6, "u_target": null, "u_realized": null, "method": "pfifo", "seed": 301, "twt": 179.7296, "makespan": 98.464, "mean_flow": 5.969318666666666, "breach_share": 0.04, "breach_p1": 0.17647058823529413, "breach_p2": 0.08695652173913043, "breach_p3": 0.01639344262295082, "breach_p4": 0.0, "decisions": 150, "latency_ms_per_decision": 0.03282615294059118, "replans": null, "validator_ok": 1, "runtime_s": 0.0049239229410886765}, "mor": {"variant": "perm20260808", "instance_id": "c12_replay_150_0154", "campus": 12, "size": 150, "track": "replay", "structure": "chain", "phi": 1.0, "eta": 1.0, "m": 0.6, "u_target": null, "u_realized": null, "method": "mor", "seed": 301, "twt": 179.7296, "makespan": 98.464, "mean_flow": 5.985985333333333, "breach_share": 0.04, "breach_p1": 0.17647058823529413, "breach_p2": 0.08695652173913043, "breach_p3": 0.01639344262295082, "breach_p4": 0.0, "decisions": 150, "latency_ms_per_decision": 0.02495865027109782, "replans": null, "validator_ok": 1, "runtime_s": 0.003743797540664673}, "lfj_atc": {"variant": "perm20260808", "instance_id": "c12_replay_150_0154", "campus": 12, "size": 150, "track": "replay", "structure": "chain", "phi": 1.0, "eta": 1.0, "m": 0.6, "u_target": null, "u_realized": null, "method": "lfj_atc", "seed": 301, "twt": 179.7296, "makespan": 98.464, "mean_flow": 5.959318666666666, "breach_share": 0.04, "breach_p1": 0.17647058823529413, "breach_p2": 0.08695652173913043, "breach_p3": 0.01639344262295082, "breach_p4": 0.0, "decisions": 150, "latency_ms_per_decision": 0.030100606381893158, "replans": null, "validator_ok": 1, "runtime_s": 0.004515090957283974}, "atc_eta": {"variant": "perm20260808", "instance_id": "c12_replay_150_0154", "campus": 12, "size": 150, "track": "replay", "structure": "chain", "phi": 1.0, "eta": 1.0, "m": 0.6, "u_target": null, "u_realized": null, "method": "atc_eta", "seed": 301, "twt": 179.7296, "makespan": 98.464, "mean_flow": 5.959318666666666, "breach_share": 0.04, "breach_p1": 0.17647058823529413, "breach_p2": 0.08695652173913043, "breach_p3": 0.01639344262295082, "breach_p4": 0.0, "decisions": 150, "latency_ms_per_decision": 0.07842275624473889, "replans": null, "validator_ok": 1, "runtime_s": 0.011763413436710835}, "random": {"variant": "perm20260808", "instance_id": "c12_replay_150_0154", "campus": 12, "size": 150, "track": "replay", "structure": "chain", "phi": 1.0, "eta": 1.0, "m": 0.6, "u_target": null, "u_realized": null, "method": "random", "seed": 301, "twt": 179.7296, "makespan": 98.464, "mean_flow": 5.947652, "breach_share": 0.04, "breach_p1": 0.17647058823529413, "breach_p2": 0.08695652173913043, "breach_p3": 0.01639344262295082, "breach_p4": 0.0, "decisions": 150, "latency_ms_per_decision": 0.032299645245075226, "replans": null, "validator_ok": 1, "runtime_s": 0.004844946786761284}}, "budget_B": 112, "headcount": 112, "chain_order": ["MISC", "E20", "B30", "D90", "C30", "E10", "D20", "UNK", "D50", "C10", "D30", "B20", "D40"]}