{"config_id": "c12_replay_400_0138__pairs_eta100", "rows": {"edd": {"variant": "pairs", "instance_id": "c12_replay_400_0138", "campus": 12, "size": 400, "track": "replay", "structure": "pairs", "phi": 1.0, "eta": 1.0, "m": 0.6, "u_target": null, "u_realized": null, "method": "edd", "seed": 301, "twt": 1335.7848000000001, "makespan": 108.8648, "mean_flow": 6.17125225, "breach_share": 0.0375, "breach_p1": 0.15384615384615385, "breach_p2": 0.041666666666666664, "breach_p3": 0.025423728813559324, "breach_p4": 0.0, "decisions": 400, "latency_ms_per_decision": 0.00999639043584466, "replans": null, "validator_ok": 1, "runtime_s": 0.003998556174337864}, "wspt": {"variant": "pairs", "instance_id": "c12_replay_400_0138", "campus": 12, "size": 400, "track": "replay", "structure": "pairs", "phi": 1.0, "eta": 1.0, "m": 0.6, "u_target": null, "u_realized": null, "method": "wspt", "seed": 301, "twt": 1353.1983999999998, "makespan": 108.8648, "mean_flow": 6.056903, "breach_share": 0.0375, "breach_p1": 0.15384615384615385, "breach_p2": 0.041666666666666664, "breach_p3": 0.025423728813559324, "breach_p4": 0.0, "decisions": 400, "latency_ms_per_decision": 0.01001774100586772, "replans": null, "validator_ok": 1, "runtime_s": 0.004007096402347088}, "atc": {"variant": "pairs", "instance_id": "c12_replay_400_0138", "campus": 12, "size": 400, "track": "replay", "structure": "pairs", "phi": 1.0, "eta": 1.0, "m": 0.6, "u_target": null, "u_realized": null, "method": "atc", "seed": 301, "twt": 1335.7848000000001, "makespan": 108.8648, "mean_flow": 6.213021, "breach_share": 0.0375, "breach_p1": 0.15384615384615385, "breach_p2": 0.041666666666666664, "breach_p3": 0.025423728813559324, "breach_p4": 0.0, "decisions": 400, "latency_ms_per_decision": 0.013446866068989038, "replans": null, "validator_ok": 1, "runtime_s": 0.005378746427595615}, "pfifo": {"variant": "pairs", "instance_id": "c12_replay_400_0138", "campus": 12, "size": 400, "track": "replay", "structure": "pairs", "phi": 1.0, "eta": 1.0, "m": 0.6, "u_target": null, "u_realized": null, "method": "pfifo", "seed": 301, "twt": 1335.7848000000001, "makespan": 108.8648, "mean_flow": 6.17125225, "breach_share": 0.0375, "breach_p1": 0.15384615384615385, "breach_p2": 0.041666666666666664, "breach_p3": 0.025423728813559324, "breach_p4": 0.0, "decisions": 400, "latency_ms_per_decision": 0.010252483189105988, "replans": null, "validator_ok": 1, "runtime_s": 0.004100993275642395}, "mor": {"variant": "pairs", "instance_id": "c12_replay_400_0138", "campus": 12, "size": 400, "track": "replay", "structure": "pairs", "phi": 1.0, "eta": 1.0, "m": 0.6, "u_target": null, "u_realized": null, "method": "mor", "seed": 301, "twt": 1398.9512000000002, "makespan": 108.8648, "mean_flow": 6.491104, "breach_share": 0.04, "breach_p1": 0.16923076923076924, "breach_p2": 0.041666666666666664, "breach_p3": 0.025423728813559324, "breach_p4": 0.0, "decisions": 400, "latency_ms_per_decision": 0.009948464576154947, "replans": null, "validator_ok": 1, "runtime_s": 0.003979385830461979}, "lfj_atc": {"variant": "pairs", "instance_id": "c12_replay_400_0138", "campus": 12, "size": 400, "track": "replay", "structure": "pairs", "phi": 1.0, "eta": 1.0, "m": 0.6, "u_target": null, "u_realized": null, "method": "lfj_atc", "seed": 301, "twt": 1335.7848000000001, "makespan": 108.8648, "mean_flow": 6.213021, "breach_share": 0.0375, "breach_p1": 0.15384615384615385, "breach_p2": 0.041666666666666664, "breach_p3": 0.025423728813559324, "breach_p4": 0.0, "decisions": 400, "latency_ms_per_decision": 0.01463419059291482, "replans": null, "validator_ok": 1, "runtime_s": 0.005853676237165928}, "atc_eta": {"variant": "pairs", "instance_id": "c12_replay_400_0138", "campus": 12, "size": 400, "track": "replay", "structure": "pairs", "phi": 1.0, "eta": 1.0, "m": 0.6, "u_target": null, "u_realized": null, "method": "atc_eta", "seed": 301, "twt": 1335.7848000000001, "makespan": 108.8648, "mean_flow": 6.213021, "breach_share": 0.0375, "breach_p1": 0.15384615384615385, "breach_p2": 0.041666666666666664, "breach_p3": 0.025423728813559324, "breach_p4": 0.0, "decisions": 400, "latency_ms_per_decision": 0.025241184048354626, "replans": null, "validator_ok": 1, "runtime_s": 0.01009647361934185}, "random": {"variant": "pairs", "instance_id": "c12_replay_400_0138", "campus": 12, "size": 400, "track": "replay", "structure": "pairs", "phi": 1.0, "eta": 1.0, "m": 0.6, "u_target": null, "u_realized": null, "method": "random", "seed": 301, "twt": 1368.1048, "makespan": 108.8648, "mean_flow": 6.216185749999999, "breach_share": 0.04, "breach_p1": 0.16923076923076924, "breach_p2": 0.041666666666666664, "breach_p3": 0.025423728813559324, "breach_p4": 0.0, "decisions": 400, "latency_ms_per_decision": 0.009497667197138071, "replans": null, "validator_ok": 1, "runtime_s": 0.0037990668788552284}}, "budget_B": 112, "headcount": 112, "chain_order": ["D30", "D20", "D50", "C30", "MISC", "C10", "D90", "E20", "B20", "E10", "D40", "B30", "UNK"]}