{"config_id": "c12_replay_150_0132__feasnorm_eta080", "rows": {"edd": {"variant": "feasnorm", "instance_id": "c12_replay_150_0132", "campus": 12, "size": 150, "track": "replay", "structure": "feasnorm", "phi": 1.0, "eta": 0.8, "m": 0.6, "u_target": null, "u_realized": null, "method": "edd", "seed": 301, "twt": 80.0, "makespan": 38.7439, "mean_flow": 3.4353926666666665, "breach_share": 0.013333333333333334, "breach_p1": 0.13333333333333333, "breach_p2": 0.0, "breach_p3": 0.0, "breach_p4": 0.0, "decisions": 150, "latency_ms_per_decision": 0.011664653817812601, "replans": null, "validator_ok": 1, "runtime_s": 0.0017496980726718903}, "wspt": {"variant": "feasnorm", "instance_id": "c12_replay_150_0132", "campus": 12, "size": 150, "track": "replay", "structure": "feasnorm", "phi": 1.0, "eta": 0.8, "m": 0.6, "u_target": null, "u_realized": null, "method": "wspt", "seed": 301, "twt": 80.0, "makespan": 38.7439, "mean_flow": 3.448726, "breach_share": 0.013333333333333334, "breach_p1": 0.13333333333333333, "breach_p2": 0.0, "breach_p3": 0.0, "breach_p4": 0.0, "decisions": 150, "latency_ms_per_decision": 0.012449752539396286, "replans": null, "validator_ok": 1, "runtime_s": 0.001867462880909443}, "atc": {"variant": "feasnorm", "instance_id": "c12_replay_150_0132", "campus": 12, "size": 150, "track": "replay", "structure": "feasnorm", "phi": 1.0, "eta": 0.8, "m": 0.6, "u_target": null, "u_realized": null, "method": "atc", "seed": 301, "twt": 80.0, "makespan": 38.7439, "mean_flow": 3.4477260000000003, "breach_share": 0.013333333333333334, "breach_p1": 0.13333333333333333, "breach_p2": 0.0, "breach_p3": 0.0, "breach_p4": 0.0, "decisions": 150, "latency_ms_per_decision": 0.016548335552215576, "replans": null, "validator_ok": 1, "runtime_s": 0.0024822503328323364}, "pfifo": {"variant": "feasnorm", "instance_id": "c12_replay_150_0132", "campus": 12, "size": 150, "track": "replay", "structure": "feasnorm", "phi": 1.0, "eta": 0.8, "m": 0.6, "u_target": null, "u_realized": null, "method": "pfifo", "seed": 301, "twt": 80.0, "makespan": 38.7439, "mean_flow": 3.4353926666666665, "breach_share": 0.013333333333333334, "breach_p1": 0.13333333333333333, "breach_p2": 0.0, "breach_p3": 0.0, "breach_p4": 0.0, "decisions": 150, "latency_ms_per_decision": 0.012046874811251959, "replans": null, "validator_ok": 1, "runtime_s": 0.0018070312216877937}, "mor": {"variant": "feasnorm", "instance_id": "c12_replay_150_0132", "campus": 12, "size": 150, "track": "replay", "structure": "feasnorm", "phi": 1.0, "eta": 0.8, "m": 0.6, "u_target": null, "u_realized": null, "method": "mor", "seed": 301, "twt": 80.0, "makespan": 38.7439, "mean_flow": 3.436885333333333, "breach_share": 0.013333333333333334, "breach_p1": 0.13333333333333333, "breach_p2": 0.0, "breach_p3": 0.0, "breach_p4": 0.0, "decisions": 150, "latency_ms_per_decision": 0.012028142809867859, "replans": null, "validator_ok": 1, "runtime_s": 0.0018042214214801788}, "lfj_atc": {"variant": "feasnorm", "instance_id": "c12_replay_150_0132", "campus": 12, "size": 150, "track": "replay", "structure": "feasnorm", "phi": 1.0, "eta": 0.8, "m": 0.6, "u_target": null, "u_realized": null, "method": "lfj_atc", "seed": 301, "twt": 80.0, "makespan": 38.7439, "mean_flow": 3.4477260000000003, "breach_share": 0.013333333333333334, "breach_p1": 0.13333333333333333, "breach_p2": 0.0, "breach_p3": 0.0, "breach_p4": 0.0, "decisions": 150, "latency_ms_per_decision": 0.018007357915242512, "replans": null, "validator_ok": 1, "runtime_s": 0.002701103687286377}, "atc_eta": {"variant": "feasnorm", "instance_id": "c12_replay_150_0132", "campus": 12, "size": 150, "track": "replay", "structure": "feasnorm", "phi": 1.0, "eta": 0.8, "m": 0.6, "u_target": null, "u_realized": null, "method": "atc_eta", "seed": 301, "twt": 80.0, "makespan": 38.7439, "mean_flow": 3.4477260000000003, "breach_share": 0.013333333333333334, "breach_p1": 0.13333333333333333, "breach_p2": 0.0, "breach_p3": 0.0, "breach_p4": 0.0, "decisions": 150, "latency_ms_per_decision": 0.034841857850551605, "replans": null, "validator_ok": 1, "runtime_s": 0.005226278677582741}, "random": {"variant": "feasnorm", "instance_id": "c12_replay_150_0132", "campus": 12, "size": 150, "track": "replay", "structure": "feasnorm", "phi": 1.0, "eta": 0.8, "m": 0.6, "u_target": null, "u_realized": null, "method": "random", "seed": 301, "twt": 80.0, "makespan": 38.7439, "mean_flow": 3.4358593333333327, "breach_share": 0.013333333333333334, "breach_p1": 0.13333333333333333, "breach_p2": 0.0, "breach_p3": 0.0, "breach_p4": 0.0, "decisions": 150, "latency_ms_per_decision": 0.01064270113905271, "replans": null, "validator_ok": 1, "runtime_s": 0.0015964051708579063}}, "budget_B": 112, "headcount": 112, "chain_order": ["D30", "D20", "D90", "D40", "MISC", "E20", "E10", "UNK", "C30", "C10", "D50", "B20", "B30"]}