{"config_id": "c12_replay_400_0106__perm20260808", "rows": {"edd": {"variant": "perm20260808", "instance_id": "c12_replay_400_0106", "campus": 12, "size": 400, "track": "replay", "structure": "chain", "phi": 1.0, "eta": 1.0, "m": 0.6, "u_target": null, "u_realized": null, "method": "edd", "seed": 301, "twt": 982.7335999999999, "makespan": 99.8648, "mean_flow": 8.392776750000001, "breach_share": 0.0375, "breach_p1": 0.15789473684210525, "breach_p2": 0.09375, "breach_p3": 0.0, "breach_p4": 0.0, "decisions": 400, "latency_ms_per_decision": 0.015451479703187943, "replans": null, "validator_ok": 1, "runtime_s": 0.006180591881275177}, "wspt": {"variant": "perm20260808", "instance_id": "c12_replay_400_0106", "campus": 12, "size": 400, "track": "replay", "structure": "chain", "phi": 1.0, "eta": 1.0, "m": 0.6, "u_target": null, "u_realized": null, "method": "wspt", "seed": 301, "twt": 1027.04, "makespan": 99.8648, "mean_flow": 7.46932, "breach_share": 0.0375, "breach_p1": 0.15789473684210525, "breach_p2": 0.09375, "breach_p3": 0.0, "breach_p4": 0.0, "decisions": 400, "latency_ms_per_decision": 0.01543048769235611, "replans": null, "validator_ok": 1, "runtime_s": 0.006172195076942444}, "atc": {"variant": "perm20260808", "instance_id": "c12_replay_400_0106", "campus": 12, "size": 400, "track": "replay", "structure": "chain", "phi": 1.0, "eta": 1.0, "m": 0.6, "u_target": null, "u_realized": null, "method": "atc", "seed": 301, "twt": 997.5224, "makespan": 99.8648, "mean_flow": 7.86676875, "breach_share": 0.0375, "breach_p1": 0.15789473684210525, "breach_p2": 0.09375, "breach_p3": 0.0, "breach_p4": 0.0, "decisions": 400, "latency_ms_per_decision": 0.025059750769287348, "replans": null, "validator_ok": 1, "runtime_s": 0.010023900307714939}, "pfifo": {"variant": "perm20260808", "instance_id": "c12_replay_400_0106", "campus": 12, "size": 400, "track": "replay", "structure": "chain", "phi": 1.0, "eta": 1.0, "m": 0.6, "u_target": null, "u_realized": null, "method": "pfifo", "seed": 301, "twt": 982.7335999999999, "makespan": 99.8648, "mean_flow": 8.392776750000001, "breach_share": 0.0375, "breach_p1": 0.15789473684210525, "breach_p2": 0.09375, "breach_p3": 0.0, "breach_p4": 0.0, "decisions": 400, "latency_ms_per_decision": 0.01572269480675459, "replans": null, "validator_ok": 1, "runtime_s": 0.006289077922701836}, "mor": {"variant": "perm20260808", "instance_id": "c12_replay_400_0106", "campus": 12, "size": 400, "track": "replay", "structure": "chain", "phi": 1.0, "eta": 1.0, "m": 0.6, "u_target": null, "u_realized": null, "method": "mor", "seed": 301, "twt": 963.84, "makespan": 98.8648, "mean_flow": 9.9837715, "breach_share": 0.0375, "breach_p1": 0.15789473684210525, "breach_p2": 0.09375, "breach_p3": 0.0, "breach_p4": 0.0, "decisions": 400, "latency_ms_per_decision": 0.015546111389994621, "replans": null, "validator_ok": 1, "runtime_s": 0.0062184445559978485}, "lfj_atc": {"variant": "perm20260808", "instance_id": "c12_replay_400_0106", "campus": 12, "size": 400, "track": "replay", "structure": "chain", "phi": 1.0, "eta": 1.0, "m": 0.6, "u_target": null, "u_realized": null, "method": "lfj_atc", "seed": 301, "twt": 997.5224, "makespan": 99.8648, "mean_flow": 7.86676875, "breach_share": 0.0375, "breach_p1": 0.15789473684210525, "breach_p2": 0.09375, "breach_p3": 0.0, "breach_p4": 0.0, "decisions": 400, "latency_ms_per_decision": 0.026017834898084402, "replans": null, "validator_ok": 1, "runtime_s": 0.01040713395923376}, "atc_eta": {"variant": "perm20260808", "instance_id": "c12_replay_400_0106", "campus": 12, "size": 400, "track": "replay", "structure": "chain", "phi": 1.0, "eta": 1.0, "m": 0.6, "u_target": null, "u_realized": null, "method": "atc_eta", "seed": 301, "twt": 997.5224, "makespan": 99.8648, "mean_flow": 7.86676875, "breach_share": 0.0375, "breach_p1": 0.15789473684210525, "breach_p2": 0.09375, "breach_p3": 0.0, "breach_p4": 0.0, "decisions": 400, "latency_ms_per_decision": 0.043094465509057045, "replans": null, "validator_ok": 1, "runtime_s": 0.017237786203622818}, "random": {"variant": "perm20260808", "instance_id": "c12_replay_400_0106", "campus": 12, "size": 400, "track": "replay", "structure": "chain", "phi": 1.0, "eta": 1.0, "m": 0.6, "u_target": null, "u_realized": null, "method": "random", "seed": 301, "twt": 965.7664, "makespan": 98.8648, "mean_flow": 8.31719975, "breach_share": 0.0375, "breach_p1": 0.15789473684210525, "breach_p2": 0.09375, "breach_p3": 0.0, "breach_p4": 0.0, "decisions": 400, "latency_ms_per_decision": 0.023081291001290083, "replans": null, "validator_ok": 1, "runtime_s": 0.009232516400516033}}, "budget_B": 112, "headcount": 112, "chain_order": ["MISC", "E20", "B30", "D90", "C30", "E10", "D20", "UNK", "D50", "C10", "D30", "B20", "D40"]}