{"config_id": "c12_replay_400_0084__chain_adj_eta100", "rows": {"edd": {"variant": "chain_adj", "instance_id": "c12_replay_400_0084", "campus": 12, "size": 400, "track": "replay", "structure": "chain_adj", "phi": 1.0, "eta": 1.0, "m": 0.6, "u_target": null, "u_realized": null, "method": "edd", "seed": 301, "twt": 1247.9348, "makespan": 109.8648, "mean_flow": 4.660323, "breach_share": 0.0275, "breach_p1": 0.1038961038961039, "breach_p2": 0.04225352112676056, "breach_p3": 0.0, "breach_p4": 0.0, "decisions": 400, "latency_ms_per_decision": 0.020017086062580347, "replans": null, "validator_ok": 1, "runtime_s": 0.008006834425032139}, "wspt": {"variant": "chain_adj", "instance_id": "c12_replay_400_0084", "campus": 12, "size": 400, "track": "replay", "structure": "chain_adj", "phi": 1.0, "eta": 1.0, "m": 0.6, "u_target": null, "u_realized": null, "method": "wspt", "seed": 301, "twt": 1281.5024, "makespan": 108.8648, "mean_flow": 4.53712725, "breach_share": 0.0275, "breach_p1": 0.1038961038961039, "breach_p2": 0.04225352112676056, "breach_p3": 0.0, "breach_p4": 0.0, "decisions": 400, "latency_ms_per_decision": 0.028377794660627842, "replans": null, "validator_ok": 1, "runtime_s": 0.011351117864251137}, "atc": {"variant": "chain_adj", "instance_id": "c12_replay_400_0084", "campus": 12, "size": 400, "track": "replay", "structure": "chain_adj", "phi": 1.0, "eta": 1.0, "m": 0.6, "u_target": null, "u_realized": null, "method": "atc", "seed": 301, "twt": 1249.5788000000002, "makespan": 106.8648, "mean_flow": 4.680133499999999, "breach_share": 0.0275, "breach_p1": 0.1038961038961039, "breach_p2": 0.04225352112676056, "breach_p3": 0.0, "breach_p4": 0.0, "decisions": 400, "latency_ms_per_decision": 0.041973330080509186, "replans": null, "validator_ok": 1, "runtime_s": 0.016789332032203674}, "pfifo": {"variant": "chain_adj", "instance_id": "c12_replay_400_0084", "campus": 12, "size": 400, "track": "replay", "structure": "chain_adj", "phi": 1.0, "eta": 1.0, "m": 0.6, "u_target": null, "u_realized": null, "method": "pfifo", "seed": 301, "twt": 1247.9348, "makespan": 109.8648, "mean_flow": 4.660323, "breach_share": 0.0275, "breach_p1": 0.1038961038961039, "breach_p2": 0.04225352112676056, "breach_p3": 0.0, "breach_p4": 0.0, "decisions": 400, "latency_ms_per_decision": 0.0282907928340137, "replans": null, "validator_ok": 1, "runtime_s": 0.01131631713360548}, "mor": {"variant": "chain_adj", "instance_id": "c12_replay_400_0084", "campus": 12, "size": 400, "track": "replay", "structure": "chain_adj", "phi": 1.0, "eta": 1.0, "m": 0.6, "u_target": null, "u_realized": null, "method": "mor", "seed": 301, "twt": 1248.3212, "makespan": 106.8648, "mean_flow": 4.79964, "breach_share": 0.0275, "breach_p1": 0.1038961038961039, "breach_p2": 0.04225352112676056, "breach_p3": 0.0, "breach_p4": 0.0, "decisions": 400, "latency_ms_per_decision": 0.027903984300792217, "replans": null, "validator_ok": 1, "runtime_s": 0.011161593720316887}, "lfj_atc": {"variant": "chain_adj", "instance_id": "c12_replay_400_0084", "campus": 12, "size": 400, "track": "replay", "structure": "chain_adj", "phi": 1.0, "eta": 1.0, "m": 0.6, "u_target": null, "u_realized": null, "method": "lfj_atc", "seed": 301, "twt": 1249.5788000000002, "makespan": 106.8648, "mean_flow": 4.67893075, "breach_share": 0.0275, "breach_p1": 0.1038961038961039, "breach_p2": 0.04225352112676056, "breach_p3": 0.0, "breach_p4": 0.0, "decisions": 400, "latency_ms_per_decision": 0.043281177058815956, "replans": null, "validator_ok": 1, "runtime_s": 0.017312470823526382}, "atc_eta": {"variant": "chain_adj", "instance_id": "c12_replay_400_0084", "campus": 12, "size": 400, "track": "replay", "structure": "chain_adj", "phi": 1.0, "eta": 1.0, "m": 0.6, "u_target": null, "u_realized": null, "method": "atc_eta", "seed": 301, "twt": 1249.5788000000002, "makespan": 106.8648, "mean_flow": 4.680133499999999, "breach_share": 0.0275, "breach_p1": 0.1038961038961039, "breach_p2": 0.04225352112676056, "breach_p3": 0.0, "breach_p4": 0.0, "decisions": 400, "latency_ms_per_decision": 0.07641467498615384, "replans": null, "validator_ok": 1, "runtime_s": 0.030565869994461536}, "random": {"variant": "chain_adj", "instance_id": "c12_replay_400_0084", "campus": 12, "size": 400, "track": "replay", "structure": "chain_adj", "phi": 1.0, "eta": 1.0, "m": 0.6, "u_target": null, "u_realized": null, "method": "random", "seed": 301, "twt": 1251.9348, "makespan": 107.8648, "mean_flow": 4.60233125, "breach_share": 0.0275, "breach_p1": 0.1038961038961039, "breach_p2": 0.04225352112676056, "breach_p3": 0.0, "breach_p4": 0.0, "decisions": 400, "latency_ms_per_decision": 0.018081206362694502, "replans": null, "validator_ok": 1, "runtime_s": 0.007232482545077801}}, "budget_B": 112, "headcount": 112, "chain_order": ["D30", "D20", "D90", "D40", "MISC", "E20", "E10", "UNK", "C30", "C10", "D50", "B20", "B30"]}