{"config_id": "c12_replay_400_0149__chain_adj_eta100", "rows": {"edd": {"variant": "chain_adj", "instance_id": "c12_replay_400_0149", "campus": 12, "size": 400, "track": "replay", "structure": "chain_adj", "phi": 1.0, "eta": 1.0, "m": 0.6, "u_target": null, "u_realized": null, "method": "edd", "seed": 301, "twt": 1222.9184, "makespan": 111.3142, "mean_flow": 5.467502999999999, "breach_share": 0.02, "breach_p1": 0.11475409836065574, "breach_p2": 0.012987012987012988, "breach_p3": 0.0, "breach_p4": 0.0, "decisions": 400, "latency_ms_per_decision": 0.018670503050088882, "replans": null, "validator_ok": 1, "runtime_s": 0.007468201220035553}, "wspt": {"variant": "chain_adj", "instance_id": "c12_replay_400_0149", "campus": 12, "size": 400, "track": "replay", "structure": "chain_adj", "phi": 1.0, "eta": 1.0, "m": 0.6, "u_target": null, "u_realized": null, "method": "wspt", "seed": 301, "twt": 1222.9184, "makespan": 111.3142, "mean_flow": 5.467502999999999, "breach_share": 0.02, "breach_p1": 0.11475409836065574, "breach_p2": 0.012987012987012988, "breach_p3": 0.0, "breach_p4": 0.0, "decisions": 400, "latency_ms_per_decision": 0.026316898874938488, "replans": null, "validator_ok": 1, "runtime_s": 0.010526759549975395}, "atc": {"variant": "chain_adj", "instance_id": "c12_replay_400_0149", "campus": 12, "size": 400, "track": "replay", "structure": "chain_adj", "phi": 1.0, "eta": 1.0, "m": 0.6, "u_target": null, "u_realized": null, "method": "atc", "seed": 301, "twt": 1222.9184, "makespan": 111.3142, "mean_flow": 5.467502999999999, "breach_share": 0.02, "breach_p1": 0.11475409836065574, "breach_p2": 0.012987012987012988, "breach_p3": 0.0, "breach_p4": 0.0, "decisions": 400, "latency_ms_per_decision": 0.02866232767701149, "replans": null, "validator_ok": 1, "runtime_s": 0.011464931070804596}, "pfifo": {"variant": "chain_adj", "instance_id": "c12_replay_400_0149", "campus": 12, "size": 400, "track": "replay", "structure": "chain_adj", "phi": 1.0, "eta": 1.0, "m": 0.6, "u_target": null, "u_realized": null, "method": "pfifo", "seed": 301, "twt": 1222.9184, "makespan": 111.3142, "mean_flow": 5.467502999999999, "breach_share": 0.02, "breach_p1": 0.11475409836065574, "breach_p2": 0.012987012987012988, "breach_p3": 0.0, "breach_p4": 0.0, "decisions": 400, "latency_ms_per_decision": 0.026308789383620024, "replans": null, "validator_ok": 1, "runtime_s": 0.01052351575344801}, "mor": {"variant": "chain_adj", "instance_id": "c12_replay_400_0149", "campus": 12, "size": 400, "track": "replay", "structure": "chain_adj", "phi": 1.0, "eta": 1.0, "m": 0.6, "u_target": null, "u_realized": null, "method": "mor", "seed": 301, "twt": 1222.9184, "makespan": 111.3142, "mean_flow": 5.467502999999999, "breach_share": 0.02, "breach_p1": 0.11475409836065574, "breach_p2": 0.012987012987012988, "breach_p3": 0.0, "breach_p4": 0.0, "decisions": 400, "latency_ms_per_decision": 0.01847543753683567, "replans": null, "validator_ok": 1, "runtime_s": 0.007390175014734268}, "lfj_atc": {"variant": "chain_adj", "instance_id": "c12_replay_400_0149", "campus": 12, "size": 400, "track": "replay", "structure": "chain_adj", "phi": 1.0, "eta": 1.0, "m": 0.6, "u_target": null, "u_realized": null, "method": "lfj_atc", "seed": 301, "twt": 1222.9184, "makespan": 111.3142, "mean_flow": 5.467502999999999, "breach_share": 0.02, "breach_p1": 0.11475409836065574, "breach_p2": 0.012987012987012988, "breach_p3": 0.0, "breach_p4": 0.0, "decisions": 400, "latency_ms_per_decision": 0.0296309357509017, "replans": null, "validator_ok": 1, "runtime_s": 0.01185237430036068}, "atc_eta": {"variant": "chain_adj", "instance_id": "c12_replay_400_0149", "campus": 12, "size": 400, "track": "replay", "structure": "chain_adj", "phi": 1.0, "eta": 1.0, "m": 0.6, "u_target": null, "u_realized": null, "method": "atc_eta", "seed": 301, "twt": 1222.9184, "makespan": 111.3142, "mean_flow": 5.467502999999999, "breach_share": 0.02, "breach_p1": 0.11475409836065574, "breach_p2": 0.012987012987012988, "breach_p3": 0.0, "breach_p4": 0.0, "decisions": 400, "latency_ms_per_decision": 0.07263079518452287, "replans": null, "validator_ok": 1, "runtime_s": 0.029052318073809147}, "random": {"variant": "chain_adj", "instance_id": "c12_replay_400_0149", "campus": 12, "size": 400, "track": "replay", "structure": "chain_adj", "phi": 1.0, "eta": 1.0, "m": 0.6, "u_target": null, "u_realized": null, "method": "random", "seed": 301, "twt": 1222.9184, "makespan": 111.3142, "mean_flow": 5.467502999999999, "breach_share": 0.02, "breach_p1": 0.11475409836065574, "breach_p2": 0.012987012987012988, "breach_p3": 0.0, "breach_p4": 0.0, "decisions": 400, "latency_ms_per_decision": 0.025961927603930235, "replans": null, "validator_ok": 1, "runtime_s": 0.010384771041572094}}, "budget_B": 112, "headcount": 112, "chain_order": ["D30", "D20", "D90", "D40", "MISC", "E20", "E10", "UNK", "C30", "C10", "D50", "B20", "B30"]}