{"config_id": "c12_replay_400_0115__rand1_20260901", "rows": {"edd": {"variant": "rand1_20260901", "instance_id": "c12_replay_400_0115", "campus": 12, "size": 400, "track": "replay", "structure": "rand1", "phi": 1.0, "eta": 1.0, "m": 0.6, "u_target": null, "u_realized": null, "method": "edd", "seed": 301, "twt": 1072.7402, "makespan": 108.9134, "mean_flow": 6.149407999999999, "breach_share": 0.04, "breach_p1": 0.1282051282051282, "breach_p2": 0.07462686567164178, "breach_p3": 0.013513513513513514, "breach_p4": 0.0, "decisions": 400, "latency_ms_per_decision": 0.013171469327062368, "replans": null, "validator_ok": 1, "runtime_s": 0.005268587730824947}, "wspt": {"variant": "rand1_20260901", "instance_id": "c12_replay_400_0115", "campus": 12, "size": 400, "track": "replay", "structure": "rand1", "phi": 1.0, "eta": 1.0, "m": 0.6, "u_target": null, "u_realized": null, "method": "wspt", "seed": 301, "twt": 1083.6512, "makespan": 124.9579, "mean_flow": 5.898335, "breach_share": 0.04, "breach_p1": 0.1282051282051282, "breach_p2": 0.07462686567164178, "breach_p3": 0.013513513513513514, "breach_p4": 0.0, "decisions": 400, "latency_ms_per_decision": 0.010554916225373745, "replans": null, "validator_ok": 1, "runtime_s": 0.004221966490149498}, "atc": {"variant": "rand1_20260901", "instance_id": "c12_replay_400_0115", "campus": 12, "size": 400, "track": "replay", "structure": "rand1", "phi": 1.0, "eta": 1.0, "m": 0.6, "u_target": null, "u_realized": null, "method": "atc", "seed": 301, "twt": 1072.554, "makespan": 125.6584, "mean_flow": 5.910171, "breach_share": 0.04, "breach_p1": 0.1282051282051282, "breach_p2": 0.07462686567164178, "breach_p3": 0.013513513513513514, "breach_p4": 0.0, "decisions": 400, "latency_ms_per_decision": 0.013868147507309914, "replans": null, "validator_ok": 1, "runtime_s": 0.0055472590029239655}, "pfifo": {"variant": "rand1_20260901", "instance_id": "c12_replay_400_0115", "campus": 12, "size": 400, "track": "replay", "structure": "rand1", "phi": 1.0, "eta": 1.0, "m": 0.6, "u_target": null, "u_realized": null, "method": "pfifo", "seed": 301, "twt": 1072.7402, "makespan": 108.9134, "mean_flow": 6.149407999999999, "breach_share": 0.04, "breach_p1": 0.1282051282051282, "breach_p2": 0.07462686567164178, "breach_p3": 0.013513513513513514, "breach_p4": 0.0, "decisions": 400, "latency_ms_per_decision": 0.010649424511939287, "replans": null, "validator_ok": 1, "runtime_s": 0.004259769804775715}, "mor": {"variant": "rand1_20260901", "instance_id": "c12_replay_400_0115", "campus": 12, "size": 400, "track": "replay", "structure": "rand1", "phi": 1.0, "eta": 1.0, "m": 0.6, "u_target": null, "u_realized": null, "method": "mor", "seed": 301, "twt": 1082.6512, "makespan": 104.4134, "mean_flow": 6.67179725, "breach_share": 0.04, "breach_p1": 0.1282051282051282, "breach_p2": 0.07462686567164178, "breach_p3": 0.013513513513513514, "breach_p4": 0.0, "decisions": 400, "latency_ms_per_decision": 0.010257330723106861, "replans": null, "validator_ok": 1, "runtime_s": 0.0041029322892427444}, "lfj_atc": {"variant": "rand1_20260901", "instance_id": "c12_replay_400_0115", "campus": 12, "size": 400, "track": "replay", "structure": "rand1", "phi": 1.0, "eta": 1.0, "m": 0.6, "u_target": null, "u_realized": null, "method": "lfj_atc", "seed": 301, "twt": 1072.554, "makespan": 125.6584, "mean_flow": 5.910171, "breach_share": 0.04, "breach_p1": 0.1282051282051282, "breach_p2": 0.07462686567164178, "breach_p3": 0.013513513513513514, "breach_p4": 0.0, "decisions": 400, "latency_ms_per_decision": 0.014801390934735537, "replans": null, "validator_ok": 1, "runtime_s": 0.005920556373894215}, "atc_eta": {"variant": "rand1_20260901", "instance_id": "c12_replay_400_0115", "campus": 12, "size": 400, "track": "replay", "structure": "rand1", "phi": 1.0, "eta": 1.0, "m": 0.6, "u_target": null, "u_realized": null, "method": "atc_eta", "seed": 301, "twt": 1072.554, "makespan": 125.6584, "mean_flow": 5.910171, "breach_share": 0.04, "breach_p1": 0.1282051282051282, "breach_p2": 0.07462686567164178, "breach_p3": 0.013513513513513514, "breach_p4": 0.0, "decisions": 400, "latency_ms_per_decision": 0.027602161280810833, "replans": null, "validator_ok": 1, "runtime_s": 0.011040864512324333}, "random": {"variant": "rand1_20260901", "instance_id": "c12_replay_400_0115", "campus": 12, "size": 400, "track": "replay", "structure": "rand1", "phi": 1.0, "eta": 1.0, "m": 0.6, "u_target": null, "u_realized": null, "method": "random", "seed": 301, "twt": 1099.6468, "makespan": 112.91120000000001, "mean_flow": 6.113970500000001, "breach_share": 0.04, "breach_p1": 0.1282051282051282, "breach_p2": 0.07462686567164178, "breach_p3": 0.013513513513513514, "breach_p4": 0.0, "decisions": 400, "latency_ms_per_decision": 0.009523387998342514, "replans": null, "validator_ok": 1, "runtime_s": 0.0038093551993370056}}, "budget_B": 112, "headcount": 112, "chain_order": ["D30", "D20", "D50", "C30", "MISC", "C10", "D90", "E20", "B20", "E10", "D40", "B30", "UNK"]}