{"config_id": "c12_replay_400_0133__rand1_20260901", "rows": {"edd": {"variant": "rand1_20260901", "instance_id": "c12_replay_400_0133", "campus": 12, "size": 400, "track": "replay", "structure": "rand1", "phi": 1.0, "eta": 1.0, "m": 0.6, "u_target": null, "u_realized": null, "method": "edd", "seed": 301, "twt": 1975.1672, "makespan": 109.8648, "mean_flow": 5.96003475, "breach_share": 0.035, "breach_p1": 0.16049382716049382, "breach_p2": 0.0136986301369863, "breach_p3": 0.0, "breach_p4": 0.0, "decisions": 400, "latency_ms_per_decision": 0.010222697164863348, "replans": null, "validator_ok": 1, "runtime_s": 0.004089078865945339}, "wspt": {"variant": "rand1_20260901", "instance_id": "c12_replay_400_0133", "campus": 12, "size": 400, "track": "replay", "structure": "rand1", "phi": 1.0, "eta": 1.0, "m": 0.6, "u_target": null, "u_realized": null, "method": "wspt", "seed": 301, "twt": 2050.8272, "makespan": 105.8648, "mean_flow": 5.72322575, "breach_share": 0.035, "breach_p1": 0.16049382716049382, "breach_p2": 0.0136986301369863, "breach_p3": 0.0, "breach_p4": 0.0, "decisions": 400, "latency_ms_per_decision": 0.010646353475749493, "replans": null, "validator_ok": 1, "runtime_s": 0.004258541390299797}, "atc": {"variant": "rand1_20260901", "instance_id": "c12_replay_400_0133", "campus": 12, "size": 400, "track": "replay", "structure": "rand1", "phi": 1.0, "eta": 1.0, "m": 0.6, "u_target": null, "u_realized": null, "method": "atc", "seed": 301, "twt": 1990.7384, "makespan": 104.8648, "mean_flow": 6.2952224999999995, "breach_share": 0.035, "breach_p1": 0.16049382716049382, "breach_p2": 0.0136986301369863, "breach_p3": 0.0, "breach_p4": 0.0, "decisions": 400, "latency_ms_per_decision": 0.016171731986105442, "replans": null, "validator_ok": 1, "runtime_s": 0.006468692794442177}, "pfifo": {"variant": "rand1_20260901", "instance_id": "c12_replay_400_0133", "campus": 12, "size": 400, "track": "replay", "structure": "rand1", "phi": 1.0, "eta": 1.0, "m": 0.6, "u_target": null, "u_realized": null, "method": "pfifo", "seed": 301, "twt": 1975.1672, "makespan": 109.8648, "mean_flow": 5.96003475, "breach_share": 0.035, "breach_p1": 0.16049382716049382, "breach_p2": 0.0136986301369863, "breach_p3": 0.0, "breach_p4": 0.0, "decisions": 400, "latency_ms_per_decision": 0.01091844867914915, "replans": null, "validator_ok": 1, "runtime_s": 0.00436737947165966}, "mor": {"variant": "rand1_20260901", "instance_id": "c12_replay_400_0133", "campus": 12, "size": 400, "track": "replay", "structure": "rand1", "phi": 1.0, "eta": 1.0, "m": 0.6, "u_target": null, "u_realized": null, "method": "mor", "seed": 301, "twt": 2139.8008, "makespan": 104.50450000000001, "mean_flow": 6.8785532499999995, "breach_share": 0.0425, "breach_p1": 0.19753086419753085, "breach_p2": 0.0136986301369863, "breach_p3": 0.0, "breach_p4": 0.0, "decisions": 400, "latency_ms_per_decision": 0.010821674950420856, "replans": null, "validator_ok": 1, "runtime_s": 0.004328669980168343}, "lfj_atc": {"variant": "rand1_20260901", "instance_id": "c12_replay_400_0133", "campus": 12, "size": 400, "track": "replay", "structure": "rand1", "phi": 1.0, "eta": 1.0, "m": 0.6, "u_target": null, "u_realized": null, "method": "lfj_atc", "seed": 301, "twt": 1990.7384, "makespan": 104.8648, "mean_flow": 6.299733499999999, "breach_share": 0.035, "breach_p1": 0.16049382716049382, "breach_p2": 0.0136986301369863, "breach_p3": 0.0, "breach_p4": 0.0, "decisions": 400, "latency_ms_per_decision": 0.017525472212582827, "replans": null, "validator_ok": 1, "runtime_s": 0.007010188885033131}, "atc_eta": {"variant": "rand1_20260901", "instance_id": "c12_replay_400_0133", "campus": 12, "size": 400, "track": "replay", "structure": "rand1", "phi": 1.0, "eta": 1.0, "m": 0.6, "u_target": null, "u_realized": null, "method": "atc_eta", "seed": 301, "twt": 1990.7384, "makespan": 104.8648, "mean_flow": 6.2952224999999995, "breach_share": 0.035, "breach_p1": 0.16049382716049382, "breach_p2": 0.0136986301369863, "breach_p3": 0.0, "breach_p4": 0.0, "decisions": 400, "latency_ms_per_decision": 0.030801857355982065, "replans": null, "validator_ok": 1, "runtime_s": 0.012320742942392826}, "random": {"variant": "rand1_20260901", "instance_id": "c12_replay_400_0133", "campus": 12, "size": 400, "track": "replay", "structure": "rand1", "phi": 1.0, "eta": 1.0, "m": 0.6, "u_target": null, "u_realized": null, "method": "random", "seed": 301, "twt": 2022.7384, "makespan": 105.6148, "mean_flow": 5.88661775, "breach_share": 0.0375, "breach_p1": 0.1728395061728395, "breach_p2": 0.0136986301369863, "breach_p3": 0.0, "breach_p4": 0.0, "decisions": 400, "latency_ms_per_decision": 0.008841280359774828, "replans": null, "validator_ok": 1, "runtime_s": 0.003536512143909931}}, "budget_B": 112, "headcount": 112, "chain_order": ["D30", "D20", "D50", "C30", "MISC", "C10", "D90", "E20", "B20", "E10", "D40", "B30", "UNK"]}