{"config_id": "c12_replay_150_0100__perm20260805", "rows": {"edd": {"variant": "perm20260805", "instance_id": "c12_replay_150_0100", "campus": 12, "size": 150, "track": "replay", "structure": "chain", "phi": 1.0, "eta": 1.0, "m": 0.6, "u_target": null, "u_realized": null, "method": "edd", "seed": 301, "twt": 783.4592, "makespan": 100.6165, "mean_flow": 8.404727999999999, "breach_share": 0.02666666666666667, "breach_p1": 0.14285714285714285, "breach_p2": 0.058823529411764705, "breach_p3": 0.0, "breach_p4": 0.0, "decisions": 150, "latency_ms_per_decision": 0.012270696461200714, "replans": null, "validator_ok": 1, "runtime_s": 0.0018406044691801071}, "wspt": {"variant": "perm20260805", "instance_id": "c12_replay_150_0100", "campus": 12, "size": 150, "track": "replay", "structure": "chain", "phi": 1.0, "eta": 1.0, "m": 0.6, "u_target": null, "u_realized": null, "method": "wspt", "seed": 301, "twt": 783.4592, "makespan": 100.6165, "mean_flow": 8.404728, "breach_share": 0.02666666666666667, "breach_p1": 0.14285714285714285, "breach_p2": 0.058823529411764705, "breach_p3": 0.0, "breach_p4": 0.0, "decisions": 150, "latency_ms_per_decision": 0.012043919414281845, "replans": null, "validator_ok": 1, "runtime_s": 0.0018065879121422768}, "atc": {"variant": "perm20260805", "instance_id": "c12_replay_150_0100", "campus": 12, "size": 150, "track": "replay", "structure": "chain", "phi": 1.0, "eta": 1.0, "m": 0.6, "u_target": null, "u_realized": null, "method": "atc", "seed": 301, "twt": 783.4592, "makespan": 100.6165, "mean_flow": 8.404728, "breach_share": 0.02666666666666667, "breach_p1": 0.14285714285714285, "breach_p2": 0.058823529411764705, "breach_p3": 0.0, "breach_p4": 0.0, "decisions": 150, "latency_ms_per_decision": 0.013735101868708929, "replans": null, "validator_ok": 1, "runtime_s": 0.0020602652803063393}, "pfifo": {"variant": "perm20260805", "instance_id": "c12_replay_150_0100", "campus": 12, "size": 150, "track": "replay", "structure": "chain", "phi": 1.0, "eta": 1.0, "m": 0.6, "u_target": null, "u_realized": null, "method": "pfifo", "seed": 301, "twt": 783.4592, "makespan": 100.6165, "mean_flow": 8.404727999999999, "breach_share": 0.02666666666666667, "breach_p1": 0.14285714285714285, "breach_p2": 0.058823529411764705, "breach_p3": 0.0, "breach_p4": 0.0, "decisions": 150, "latency_ms_per_decision": 0.012119822204113007, "replans": null, "validator_ok": 1, "runtime_s": 0.001817973330616951}, "mor": {"variant": "perm20260805", "instance_id": "c12_replay_150_0100", "campus": 12, "size": 150, "track": "replay", "structure": "chain", "phi": 1.0, "eta": 1.0, "m": 0.6, "u_target": null, "u_realized": null, "method": "mor", "seed": 301, "twt": 783.4592, "makespan": 100.6165, "mean_flow": 8.404728, "breach_share": 0.02666666666666667, "breach_p1": 0.14285714285714285, "breach_p2": 0.058823529411764705, "breach_p3": 0.0, "breach_p4": 0.0, "decisions": 150, "latency_ms_per_decision": 0.0120060828824838, "replans": null, "validator_ok": 1, "runtime_s": 0.00180091243237257}, "lfj_atc": {"variant": "perm20260805", "instance_id": "c12_replay_150_0100", "campus": 12, "size": 150, "track": "replay", "structure": "chain", "phi": 1.0, "eta": 1.0, "m": 0.6, "u_target": null, "u_realized": null, "method": "lfj_atc", "seed": 301, "twt": 783.4592, "makespan": 100.6165, "mean_flow": 8.404728, "breach_share": 0.02666666666666667, "breach_p1": 0.14285714285714285, "breach_p2": 0.058823529411764705, "breach_p3": 0.0, "breach_p4": 0.0, "decisions": 150, "latency_ms_per_decision": 0.014589435110489527, "replans": null, "validator_ok": 1, "runtime_s": 0.002188415266573429}, "atc_eta": {"variant": "perm20260805", "instance_id": "c12_replay_150_0100", "campus": 12, "size": 150, "track": "replay", "structure": "chain", "phi": 1.0, "eta": 1.0, "m": 0.6, "u_target": null, "u_realized": null, "method": "atc_eta", "seed": 301, "twt": 783.4592, "makespan": 100.6165, "mean_flow": 8.404728, "breach_share": 0.02666666666666667, "breach_p1": 0.14285714285714285, "breach_p2": 0.058823529411764705, "breach_p3": 0.0, "breach_p4": 0.0, "decisions": 150, "latency_ms_per_decision": 0.026263116548458736, "replans": null, "validator_ok": 1, "runtime_s": 0.00393946748226881}, "random": {"variant": "perm20260805", "instance_id": "c12_replay_150_0100", "campus": 12, "size": 150, "track": "replay", "structure": "chain", "phi": 1.0, "eta": 1.0, "m": 0.6, "u_target": null, "u_realized": null, "method": "random", "seed": 301, "twt": 783.4592, "makespan": 100.6165, "mean_flow": 8.404728, "breach_share": 0.02666666666666667, "breach_p1": 0.14285714285714285, "breach_p2": 0.058823529411764705, "breach_p3": 0.0, "breach_p4": 0.0, "decisions": 150, "latency_ms_per_decision": 0.012129427244265875, "replans": null, "validator_ok": 1, "runtime_s": 0.0018194140866398811}}, "budget_B": 112, "headcount": 112, "chain_order": ["C30", "MISC", "C10", "D30", "D20", "E10", "D90", "E20", "UNK", "D40", "D50", "B30", "B20"]}