{"config_id": "c12_replay_150_0114__perm20260807", "rows": {"edd": {"variant": "perm20260807", "instance_id": "c12_replay_150_0114", "campus": 12, "size": 150, "track": "replay", "structure": "chain", "phi": 1.0, "eta": 1.0, "m": 0.6, "u_target": null, "u_realized": null, "method": "edd", "seed": 301, "twt": 204.0, "makespan": 98.8648, "mean_flow": 6.754530666666667, "breach_share": 0.02666666666666667, "breach_p1": 0.13636363636363635, "breach_p2": 0.05263157894736842, "breach_p3": 0.0, "breach_p4": 0.0, "decisions": 150, "latency_ms_per_decision": 0.01213017851114273, "replans": null, "validator_ok": 1, "runtime_s": 0.0018195267766714096}, "wspt": {"variant": "perm20260807", "instance_id": "c12_replay_150_0114", "campus": 12, "size": 150, "track": "replay", "structure": "chain", "phi": 1.0, "eta": 1.0, "m": 0.6, "u_target": null, "u_realized": null, "method": "wspt", "seed": 301, "twt": 204.0, "makespan": 98.8648, "mean_flow": 6.754530666666667, "breach_share": 0.02666666666666667, "breach_p1": 0.13636363636363635, "breach_p2": 0.05263157894736842, "breach_p3": 0.0, "breach_p4": 0.0, "decisions": 150, "latency_ms_per_decision": 0.012099724262952805, "replans": null, "validator_ok": 1, "runtime_s": 0.0018149586394429207}, "atc": {"variant": "perm20260807", "instance_id": "c12_replay_150_0114", "campus": 12, "size": 150, "track": "replay", "structure": "chain", "phi": 1.0, "eta": 1.0, "m": 0.6, "u_target": null, "u_realized": null, "method": "atc", "seed": 301, "twt": 204.0, "makespan": 98.8648, "mean_flow": 6.754530666666667, "breach_share": 0.02666666666666667, "breach_p1": 0.13636363636363635, "breach_p2": 0.05263157894736842, "breach_p3": 0.0, "breach_p4": 0.0, "decisions": 150, "latency_ms_per_decision": 0.013488767047723135, "replans": null, "validator_ok": 1, "runtime_s": 0.00202331505715847}, "pfifo": {"variant": "perm20260807", "instance_id": "c12_replay_150_0114", "campus": 12, "size": 150, "track": "replay", "structure": "chain", "phi": 1.0, "eta": 1.0, "m": 0.6, "u_target": null, "u_realized": null, "method": "pfifo", "seed": 301, "twt": 204.0, "makespan": 98.8648, "mean_flow": 6.754530666666667, "breach_share": 0.02666666666666667, "breach_p1": 0.13636363636363635, "breach_p2": 0.05263157894736842, "breach_p3": 0.0, "breach_p4": 0.0, "decisions": 150, "latency_ms_per_decision": 0.012071498980124792, "replans": null, "validator_ok": 1, "runtime_s": 0.0018107248470187187}, "mor": {"variant": "perm20260807", "instance_id": "c12_replay_150_0114", "campus": 12, "size": 150, "track": "replay", "structure": "chain", "phi": 1.0, "eta": 1.0, "m": 0.6, "u_target": null, "u_realized": null, "method": "mor", "seed": 301, "twt": 204.0, "makespan": 98.8648, "mean_flow": 6.754530666666667, "breach_share": 0.02666666666666667, "breach_p1": 0.13636363636363635, "breach_p2": 0.05263157894736842, "breach_p3": 0.0, "breach_p4": 0.0, "decisions": 150, "latency_ms_per_decision": 0.011878050863742828, "replans": null, "validator_ok": 1, "runtime_s": 0.0017817076295614243}, "lfj_atc": {"variant": "perm20260807", "instance_id": "c12_replay_150_0114", "campus": 12, "size": 150, "track": "replay", "structure": "chain", "phi": 1.0, "eta": 1.0, "m": 0.6, "u_target": null, "u_realized": null, "method": "lfj_atc", "seed": 301, "twt": 204.0, "makespan": 98.8648, "mean_flow": 6.754530666666667, "breach_share": 0.02666666666666667, "breach_p1": 0.13636363636363635, "breach_p2": 0.05263157894736842, "breach_p3": 0.0, "breach_p4": 0.0, "decisions": 150, "latency_ms_per_decision": 0.01443229615688324, "replans": null, "validator_ok": 1, "runtime_s": 0.002164844423532486}, "atc_eta": {"variant": "perm20260807", "instance_id": "c12_replay_150_0114", "campus": 12, "size": 150, "track": "replay", "structure": "chain", "phi": 1.0, "eta": 1.0, "m": 0.6, "u_target": null, "u_realized": null, "method": "atc_eta", "seed": 301, "twt": 204.0, "makespan": 98.8648, "mean_flow": 6.754530666666667, "breach_share": 0.02666666666666667, "breach_p1": 0.13636363636363635, "breach_p2": 0.05263157894736842, "breach_p3": 0.0, "breach_p4": 0.0, "decisions": 150, "latency_ms_per_decision": 0.02560557797551155, "replans": null, "validator_ok": 1, "runtime_s": 0.0038408366963267326}, "random": {"variant": "perm20260807", "instance_id": "c12_replay_150_0114", "campus": 12, "size": 150, "track": "replay", "structure": "chain", "phi": 1.0, "eta": 1.0, "m": 0.6, "u_target": null, "u_realized": null, "method": "random", "seed": 301, "twt": 204.0, "makespan": 98.8648, "mean_flow": 6.754530666666667, "breach_share": 0.02666666666666667, "breach_p1": 0.13636363636363635, "breach_p2": 0.05263157894736842, "breach_p3": 0.0, "breach_p4": 0.0, "decisions": 150, "latency_ms_per_decision": 0.012285932898521423, "replans": null, "validator_ok": 1, "runtime_s": 0.0018428899347782135}}, "budget_B": 112, "headcount": 112, "chain_order": ["MISC", "B20", "D20", "E10", "D50", "D90", "C30", "D40", "UNK", "E20", "B30", "C10", "D30"]}