{"config_id": "c12_replay_400_0106__perm20260809", "rows": {"edd": {"variant": "perm20260809", "instance_id": "c12_replay_400_0106", "campus": 12, "size": 400, "track": "replay", "structure": "chain", "phi": 1.0, "eta": 1.0, "m": 0.6, "u_target": null, "u_realized": null, "method": "edd", "seed": 301, "twt": 1113.5199999999998, "makespan": 114.0723, "mean_flow": 7.94612425, "breach_share": 0.04, "breach_p1": 0.17105263157894737, "breach_p2": 0.09375, "breach_p3": 0.0, "breach_p4": 0.0, "decisions": 400, "latency_ms_per_decision": 0.040758533868938684, "replans": null, "validator_ok": 1, "runtime_s": 0.016303413547575474}, "wspt": {"variant": "perm20260809", "instance_id": "c12_replay_400_0106", "campus": 12, "size": 400, "track": "replay", "structure": "chain", "phi": 1.0, "eta": 1.0, "m": 0.6, "u_target": null, "u_realized": null, "method": "wspt", "seed": 301, "twt": 1200.1792, "makespan": 114.3115, "mean_flow": 7.2907684999999995, "breach_share": 0.04, "breach_p1": 0.17105263157894737, "breach_p2": 0.09375, "breach_p3": 0.0, "breach_p4": 0.0, "decisions": 400, "latency_ms_per_decision": 0.02554770791903138, "replans": null, "validator_ok": 1, "runtime_s": 0.010219083167612553}, "atc": {"variant": "perm20260809", "instance_id": "c12_replay_400_0106", "campus": 12, "size": 400, "track": "replay", "structure": "chain", "phi": 1.0, "eta": 1.0, "m": 0.6, "u_target": null, "u_realized": null, "method": "atc", "seed": 301, "twt": 1166.8599999999997, "makespan": 117.5615, "mean_flow": 7.681060499999998, "breach_share": 0.04, "breach_p1": 0.17105263157894737, "breach_p2": 0.09375, "breach_p3": 0.0, "breach_p4": 0.0, "decisions": 400, "latency_ms_per_decision": 0.04371951799839735, "replans": null, "validator_ok": 1, "runtime_s": 0.01748780719935894}, "pfifo": {"variant": "perm20260809", "instance_id": "c12_replay_400_0106", "campus": 12, "size": 400, "track": "replay", "structure": "chain", "phi": 1.0, "eta": 1.0, "m": 0.6, "u_target": null, "u_realized": null, "method": "pfifo", "seed": 301, "twt": 1113.5199999999998, "makespan": 114.0723, "mean_flow": 7.94612425, "breach_share": 0.04, "breach_p1": 0.17105263157894737, "breach_p2": 0.09375, "breach_p3": 0.0, "breach_p4": 0.0, "decisions": 400, "latency_ms_per_decision": 0.02105558291077614, "replans": null, "validator_ok": 1, "runtime_s": 0.008422233164310455}, "mor": {"variant": "perm20260809", "instance_id": "c12_replay_400_0106", "campus": 12, "size": 400, "track": "replay", "structure": "chain", "phi": 1.0, "eta": 1.0, "m": 0.6, "u_target": null, "u_realized": null, "method": "mor", "seed": 301, "twt": 4403.2388, "makespan": 99.37010000000001, "mean_flow": 9.93905075, "breach_share": 0.1175, "breach_p1": 0.5657894736842105, "breach_p2": 0.125, "breach_p3": 0.0, "breach_p4": 0.0, "decisions": 400, "latency_ms_per_decision": 0.0410184939391911, "replans": null, "validator_ok": 1, "runtime_s": 0.01640739757567644}, "lfj_atc": {"variant": "perm20260809", "instance_id": "c12_replay_400_0106", "campus": 12, "size": 400, "track": "replay", "structure": "chain", "phi": 1.0, "eta": 1.0, "m": 0.6, "u_target": null, "u_realized": null, "method": "lfj_atc", "seed": 301, "twt": 1166.8599999999997, "makespan": 117.5615, "mean_flow": 7.681060500000001, "breach_share": 0.04, "breach_p1": 0.17105263157894737, "breach_p2": 0.09375, "breach_p3": 0.0, "breach_p4": 0.0, "decisions": 400, "latency_ms_per_decision": 0.04466481739655137, "replans": null, "validator_ok": 1, "runtime_s": 0.017865926958620548}, "atc_eta": {"variant": "perm20260809", "instance_id": "c12_replay_400_0106", "campus": 12, "size": 400, "track": "replay", "structure": "chain", "phi": 1.0, "eta": 1.0, "m": 0.6, "u_target": null, "u_realized": null, "method": "atc_eta", "seed": 301, "twt": 1166.8599999999997, "makespan": 117.5615, "mean_flow": 7.681060499999998, "breach_share": 0.04, "breach_p1": 0.17105263157894737, "breach_p2": 0.09375, "breach_p3": 0.0, "breach_p4": 0.0, "decisions": 400, "latency_ms_per_decision": 0.05235585616901517, "replans": null, "validator_ok": 1, "runtime_s": 0.020942342467606068}, "random": {"variant": "perm20260809", "instance_id": "c12_replay_400_0106", "campus": 12, "size": 400, "track": "replay", "structure": "chain", "phi": 1.0, "eta": 1.0, "m": 0.6, "u_target": null, "u_realized": null, "method": "random", "seed": 301, "twt": 2447.3687999999997, "makespan": 120.2981, "mean_flow": 8.269150999999999, "breach_share": 0.0825, "breach_p1": 0.39473684210526316, "breach_p2": 0.09375, "breach_p3": 0.0, "breach_p4": 0.0, "decisions": 400, "latency_ms_per_decision": 0.017669573426246643, "replans": null, "validator_ok": 1, "runtime_s": 0.007067829370498657}}, "budget_B": 112, "headcount": 112, "chain_order": ["C30", "C10", "B30", "D50", "E10", "D40", "MISC", "B20", "E20", "UNK", "D30", "D90", "D20"]}