{"config_id": "c12_replay_400_0104__perm20260803", "rows": {"edd": {"variant": "perm20260803", "instance_id": "c12_replay_400_0104", "campus": 12, "size": 400, "track": "replay", "structure": "chain", "phi": 1.0, "eta": 1.0, "m": 0.6, "u_target": null, "u_realized": null, "method": "edd", "seed": 301, "twt": 800.3295999999999, "makespan": 104.0759, "mean_flow": 6.268369250000001, "breach_share": 0.0275, "breach_p1": 0.12903225806451613, "breach_p2": 0.02127659574468085, "breach_p3": 0.015748031496062992, "breach_p4": 0.0, "decisions": 400, "latency_ms_per_decision": 0.01561969518661499, "replans": null, "validator_ok": 1, "runtime_s": 0.006247878074645996}, "wspt": {"variant": "perm20260803", "instance_id": "c12_replay_400_0104", "campus": 12, "size": 400, "track": "replay", "structure": "chain", "phi": 1.0, "eta": 1.0, "m": 0.6, "u_target": null, "u_realized": null, "method": "wspt", "seed": 301, "twt": 832.3295999999999, "makespan": 119.0759, "mean_flow": 5.916441750000001, "breach_share": 0.0275, "breach_p1": 0.12903225806451613, "breach_p2": 0.02127659574468085, "breach_p3": 0.015748031496062992, "breach_p4": 0.0, "decisions": 400, "latency_ms_per_decision": 0.016360736917704344, "replans": null, "validator_ok": 1, "runtime_s": 0.0065442947670817375}, "atc": {"variant": "perm20260803", "instance_id": "c12_replay_400_0104", "campus": 12, "size": 400, "track": "replay", "structure": "chain", "phi": 1.0, "eta": 1.0, "m": 0.6, "u_target": null, "u_realized": null, "method": "atc", "seed": 301, "twt": 828.3295999999999, "makespan": 118.0759, "mean_flow": 5.8728862500000005, "breach_share": 0.0275, "breach_p1": 0.12903225806451613, "breach_p2": 0.02127659574468085, "breach_p3": 0.015748031496062992, "breach_p4": 0.0, "decisions": 400, "latency_ms_per_decision": 0.025724631268531084, "replans": null, "validator_ok": 1, "runtime_s": 0.010289852507412434}, "pfifo": {"variant": "perm20260803", "instance_id": "c12_replay_400_0104", "campus": 12, "size": 400, "track": "replay", "structure": "chain", "phi": 1.0, "eta": 1.0, "m": 0.6, "u_target": null, "u_realized": null, "method": "pfifo", "seed": 301, "twt": 800.3295999999999, "makespan": 104.0759, "mean_flow": 6.268369250000001, "breach_share": 0.0275, "breach_p1": 0.12903225806451613, "breach_p2": 0.02127659574468085, "breach_p3": 0.015748031496062992, "breach_p4": 0.0, "decisions": 400, "latency_ms_per_decision": 0.015882421284914017, "replans": null, "validator_ok": 1, "runtime_s": 0.006352968513965607}, "mor": {"variant": "perm20260803", "instance_id": "c12_replay_400_0104", "campus": 12, "size": 400, "track": "replay", "structure": "chain", "phi": 1.0, "eta": 1.0, "m": 0.6, "u_target": null, "u_realized": null, "method": "mor", "seed": 301, "twt": 800.3295999999999, "makespan": 104.0759, "mean_flow": 6.8246424999999995, "breach_share": 0.0275, "breach_p1": 0.12903225806451613, "breach_p2": 0.02127659574468085, "breach_p3": 0.015748031496062992, "breach_p4": 0.0, "decisions": 400, "latency_ms_per_decision": 0.015605674125254154, "replans": null, "validator_ok": 1, "runtime_s": 0.006242269650101662}, "lfj_atc": {"variant": "perm20260803", "instance_id": "c12_replay_400_0104", "campus": 12, "size": 400, "track": "replay", "structure": "chain", "phi": 1.0, "eta": 1.0, "m": 0.6, "u_target": null, "u_realized": null, "method": "lfj_atc", "seed": 301, "twt": 828.3295999999999, "makespan": 118.0759, "mean_flow": 5.8728862500000005, "breach_share": 0.0275, "breach_p1": 0.12903225806451613, "breach_p2": 0.02127659574468085, "breach_p3": 0.015748031496062992, "breach_p4": 0.0, "decisions": 400, "latency_ms_per_decision": 0.026629199273884296, "replans": null, "validator_ok": 1, "runtime_s": 0.010651679709553719}, "atc_eta": {"variant": "perm20260803", "instance_id": "c12_replay_400_0104", "campus": 12, "size": 400, "track": "replay", "structure": "chain", "phi": 1.0, "eta": 1.0, "m": 0.6, "u_target": null, "u_realized": null, "method": "atc_eta", "seed": 301, "twt": 828.3295999999999, "makespan": 118.0759, "mean_flow": 5.8728862500000005, "breach_share": 0.0275, "breach_p1": 0.12903225806451613, "breach_p2": 0.02127659574468085, "breach_p3": 0.015748031496062992, "breach_p4": 0.0, "decisions": 400, "latency_ms_per_decision": 0.043938118033111095, "replans": null, "validator_ok": 1, "runtime_s": 0.017575247213244438}, "random": {"variant": "perm20260803", "instance_id": "c12_replay_400_0104", "campus": 12, "size": 400, "track": "replay", "structure": "chain", "phi": 1.0, "eta": 1.0, "m": 0.6, "u_target": null, "u_realized": null, "method": "random", "seed": 301, "twt": 808.0647999999999, "makespan": 104.0759, "mean_flow": 6.1647185, "breach_share": 0.0275, "breach_p1": 0.12903225806451613, "breach_p2": 0.02127659574468085, "breach_p3": 0.015748031496062992, "breach_p4": 0.0, "decisions": 400, "latency_ms_per_decision": 0.02262916648760438, "replans": null, "validator_ok": 1, "runtime_s": 0.009051666595041752}}, "budget_B": 112, "headcount": 112, "chain_order": ["D30", "D40", "B30", "E20", "UNK", "E10", "D90", "MISC", "D20", "C10", "B20", "C30", "D50"]}