{"config_id": "c12_replay_400_0149__perm20260804", "rows": {"edd": {"variant": "perm20260804", "instance_id": "c12_replay_400_0149", "campus": 12, "size": 400, "track": "replay", "structure": "chain", "phi": 1.0, "eta": 1.0, "m": 0.6, "u_target": null, "u_realized": null, "method": "edd", "seed": 301, "twt": 1222.9184, "makespan": 111.3142, "mean_flow": 5.4693675, "breach_share": 0.02, "breach_p1": 0.11475409836065574, "breach_p2": 0.012987012987012988, "breach_p3": 0.0, "breach_p4": 0.0, "decisions": 400, "latency_ms_per_decision": 0.023198763374239206, "replans": null, "validator_ok": 1, "runtime_s": 0.009279505349695683}, "wspt": {"variant": "perm20260804", "instance_id": "c12_replay_400_0149", "campus": 12, "size": 400, "track": "replay", "structure": "chain", "phi": 1.0, "eta": 1.0, "m": 0.6, "u_target": null, "u_realized": null, "method": "wspt", "seed": 301, "twt": 1222.9184, "makespan": 111.3142, "mean_flow": 5.4693675, "breach_share": 0.02, "breach_p1": 0.11475409836065574, "breach_p2": 0.012987012987012988, "breach_p3": 0.0, "breach_p4": 0.0, "decisions": 400, "latency_ms_per_decision": 0.03831555135548115, "replans": null, "validator_ok": 1, "runtime_s": 0.015326220542192459}, "atc": {"variant": "perm20260804", "instance_id": "c12_replay_400_0149", "campus": 12, "size": 400, "track": "replay", "structure": "chain", "phi": 1.0, "eta": 1.0, "m": 0.6, "u_target": null, "u_realized": null, "method": "atc", "seed": 301, "twt": 1222.9184, "makespan": 111.3142, "mean_flow": 5.4693675, "breach_share": 0.02, "breach_p1": 0.11475409836065574, "breach_p2": 0.012987012987012988, "breach_p3": 0.0, "breach_p4": 0.0, "decisions": 400, "latency_ms_per_decision": 0.02489265287294984, "replans": null, "validator_ok": 1, "runtime_s": 0.009957061149179935}, "pfifo": {"variant": "perm20260804", "instance_id": "c12_replay_400_0149", "campus": 12, "size": 400, "track": "replay", "structure": "chain", "phi": 1.0, "eta": 1.0, "m": 0.6, "u_target": null, "u_realized": null, "method": "pfifo", "seed": 301, "twt": 1222.9184, "makespan": 111.3142, "mean_flow": 5.4693675, "breach_share": 0.02, "breach_p1": 0.11475409836065574, "breach_p2": 0.012987012987012988, "breach_p3": 0.0, "breach_p4": 0.0, "decisions": 400, "latency_ms_per_decision": 0.02325064968317747, "replans": null, "validator_ok": 1, "runtime_s": 0.009300259873270988}, "mor": {"variant": "perm20260804", "instance_id": "c12_replay_400_0149", "campus": 12, "size": 400, "track": "replay", "structure": "chain", "phi": 1.0, "eta": 1.0, "m": 0.6, "u_target": null, "u_realized": null, "method": "mor", "seed": 301, "twt": 1222.9184, "makespan": 111.3142, "mean_flow": 5.4693675, "breach_share": 0.02, "breach_p1": 0.11475409836065574, "breach_p2": 0.012987012987012988, "breach_p3": 0.0, "breach_p4": 0.0, "decisions": 400, "latency_ms_per_decision": 0.038444309029728174, "replans": null, "validator_ok": 1, "runtime_s": 0.01537772361189127}, "lfj_atc": {"variant": "perm20260804", "instance_id": "c12_replay_400_0149", "campus": 12, "size": 400, "track": "replay", "structure": "chain", "phi": 1.0, "eta": 1.0, "m": 0.6, "u_target": null, "u_realized": null, "method": "lfj_atc", "seed": 301, "twt": 1222.9184, "makespan": 111.3142, "mean_flow": 5.4693675, "breach_share": 0.02, "breach_p1": 0.11475409836065574, "breach_p2": 0.012987012987012988, "breach_p3": 0.0, "breach_p4": 0.0, "decisions": 400, "latency_ms_per_decision": 0.026052678003907204, "replans": null, "validator_ok": 1, "runtime_s": 0.010421071201562881}, "atc_eta": {"variant": "perm20260804", "instance_id": "c12_replay_400_0149", "campus": 12, "size": 400, "track": "replay", "structure": "chain", "phi": 1.0, "eta": 1.0, "m": 0.6, "u_target": null, "u_realized": null, "method": "atc_eta", "seed": 301, "twt": 1222.9184, "makespan": 111.3142, "mean_flow": 5.4693675, "breach_share": 0.02, "breach_p1": 0.11475409836065574, "breach_p2": 0.012987012987012988, "breach_p3": 0.0, "breach_p4": 0.0, "decisions": 400, "latency_ms_per_decision": 0.06555903004482388, "replans": null, "validator_ok": 1, "runtime_s": 0.026223612017929554}, "random": {"variant": "perm20260804", "instance_id": "c12_replay_400_0149", "campus": 12, "size": 400, "track": "replay", "structure": "chain", "phi": 1.0, "eta": 1.0, "m": 0.6, "u_target": null, "u_realized": null, "method": "random", "seed": 301, "twt": 1222.9184, "makespan": 111.3142, "mean_flow": 5.4693675, "breach_share": 0.02, "breach_p1": 0.11475409836065574, "breach_p2": 0.012987012987012988, "breach_p3": 0.0, "breach_p4": 0.0, "decisions": 400, "latency_ms_per_decision": 0.02300733933225274, "replans": null, "validator_ok": 1, "runtime_s": 0.009202935732901096}}, "budget_B": 112, "headcount": 112, "chain_order": ["UNK", "MISC", "B20", "D20", "B30", "D90", "E20", "D30", "C10", "E10", "D40", "D50", "C30"]}