{"config_id": "c12_replay_400_0099__perm20260807", "rows": {"edd": {"variant": "perm20260807", "instance_id": "c12_replay_400_0099", "campus": 12, "size": 400, "track": "replay", "structure": "chain", "phi": 1.0, "eta": 1.0, "m": 0.6, "u_target": null, "u_realized": null, "method": "edd", "seed": 301, "twt": 602.0, "makespan": 107.917, "mean_flow": 6.205637, "breach_share": 0.0175, "breach_p1": 0.08571428571428572, "breach_p2": 0.027777777777777776, "breach_p3": 0.0, "breach_p4": 0.0, "decisions": 400, "latency_ms_per_decision": 0.01134027959778905, "replans": null, "validator_ok": 1, "runtime_s": 0.00453611183911562}, "wspt": {"variant": "perm20260807", "instance_id": "c12_replay_400_0099", "campus": 12, "size": 400, "track": "replay", "structure": "chain", "phi": 1.0, "eta": 1.0, "m": 0.6, "u_target": null, "u_realized": null, "method": "wspt", "seed": 301, "twt": 602.0, "makespan": 107.917, "mean_flow": 5.834080749999999, "breach_share": 0.0175, "breach_p1": 0.08571428571428572, "breach_p2": 0.027777777777777776, "breach_p3": 0.0, "breach_p4": 0.0, "decisions": 400, "latency_ms_per_decision": 0.011980128474533558, "replans": null, "validator_ok": 1, "runtime_s": 0.004792051389813423}, "atc": {"variant": "perm20260807", "instance_id": "c12_replay_400_0099", "campus": 12, "size": 400, "track": "replay", "structure": "chain", "phi": 1.0, "eta": 1.0, "m": 0.6, "u_target": null, "u_realized": null, "method": "atc", "seed": 301, "twt": 602.0, "makespan": 107.917, "mean_flow": 6.217906, "breach_share": 0.0175, "breach_p1": 0.08571428571428572, "breach_p2": 0.027777777777777776, "breach_p3": 0.0, "breach_p4": 0.0, "decisions": 400, "latency_ms_per_decision": 0.015212453436106443, "replans": null, "validator_ok": 1, "runtime_s": 0.006084981374442577}, "pfifo": {"variant": "perm20260807", "instance_id": "c12_replay_400_0099", "campus": 12, "size": 400, "track": "replay", "structure": "chain", "phi": 1.0, "eta": 1.0, "m": 0.6, "u_target": null, "u_realized": null, "method": "pfifo", "seed": 301, "twt": 602.0, "makespan": 107.917, "mean_flow": 6.205637, "breach_share": 0.0175, "breach_p1": 0.08571428571428572, "breach_p2": 0.027777777777777776, "breach_p3": 0.0, "breach_p4": 0.0, "decisions": 400, "latency_ms_per_decision": 0.01176904421299696, "replans": null, "validator_ok": 1, "runtime_s": 0.004707617685198784}, "mor": {"variant": "perm20260807", "instance_id": "c12_replay_400_0099", "campus": 12, "size": 400, "track": "replay", "structure": "chain", "phi": 1.0, "eta": 1.0, "m": 0.6, "u_target": null, "u_realized": null, "method": "mor", "seed": 301, "twt": 602.0, "makespan": 107.917, "mean_flow": 6.94163725, "breach_share": 0.0175, "breach_p1": 0.08571428571428572, "breach_p2": 0.027777777777777776, "breach_p3": 0.0, "breach_p4": 0.0, "decisions": 400, "latency_ms_per_decision": 0.011631855741143227, "replans": null, "validator_ok": 1, "runtime_s": 0.004652742296457291}, "lfj_atc": {"variant": "perm20260807", "instance_id": "c12_replay_400_0099", "campus": 12, "size": 400, "track": "replay", "structure": "chain", "phi": 1.0, "eta": 1.0, "m": 0.6, "u_target": null, "u_realized": null, "method": "lfj_atc", "seed": 301, "twt": 602.0, "makespan": 107.917, "mean_flow": 6.217906, "breach_share": 0.0175, "breach_p1": 0.08571428571428572, "breach_p2": 0.027777777777777776, "breach_p3": 0.0, "breach_p4": 0.0, "decisions": 400, "latency_ms_per_decision": 0.016665298026055098, "replans": null, "validator_ok": 1, "runtime_s": 0.006666119210422039}, "atc_eta": {"variant": "perm20260807", "instance_id": "c12_replay_400_0099", "campus": 12, "size": 400, "track": "replay", "structure": "chain", "phi": 1.0, "eta": 1.0, "m": 0.6, "u_target": null, "u_realized": null, "method": "atc_eta", "seed": 301, "twt": 602.0, "makespan": 107.917, "mean_flow": 6.217906, "breach_share": 0.0175, "breach_p1": 0.08571428571428572, "breach_p2": 0.027777777777777776, "breach_p3": 0.0, "breach_p4": 0.0, "decisions": 400, "latency_ms_per_decision": 0.028404765762388706, "replans": null, "validator_ok": 1, "runtime_s": 0.011361906304955482}, "random": {"variant": "perm20260807", "instance_id": "c12_replay_400_0099", "campus": 12, "size": 400, "track": "replay", "structure": "chain", "phi": 1.0, "eta": 1.0, "m": 0.6, "u_target": null, "u_realized": null, "method": "random", "seed": 301, "twt": 602.0, "makespan": 107.917, "mean_flow": 6.055439, "breach_share": 0.0175, "breach_p1": 0.08571428571428572, "breach_p2": 0.027777777777777776, "breach_p3": 0.0, "breach_p4": 0.0, "decisions": 400, "latency_ms_per_decision": 0.010748386848717928, "replans": null, "validator_ok": 1, "runtime_s": 0.004299354739487171}}, "budget_B": 112, "headcount": 112, "chain_order": ["MISC", "B20", "D20", "E10", "D50", "D90", "C30", "D40", "UNK", "E20", "B30", "C10", "D30"]}