{"config_id": "c12_replay_400_0156__tsel20260821", "rows": {"edd": {"variant": "tsel20260821", "instance_id": "c12_replay_400_0156", "campus": 12, "size": 400, "track": "replay", "structure": "chain", "phi": 0.5, "eta": 1.0, "m": 0.6, "u_target": null, "u_realized": null, "method": "edd", "seed": 301, "twt": 988.0, "makespan": 114.8694, "mean_flow": 5.941461750000001, "breach_share": 0.0425, "breach_p1": 0.2222222222222222, "breach_p2": 0.015384615384615385, "breach_p3": 0.0, "breach_p4": 0.0, "decisions": 400, "latency_ms_per_decision": 0.023365942761301994, "replans": null, "validator_ok": 1, "runtime_s": 0.009346377104520798}, "wspt": {"variant": "tsel20260821", "instance_id": "c12_replay_400_0156", "campus": 12, "size": 400, "track": "replay", "structure": "chain", "phi": 0.5, "eta": 1.0, "m": 0.6, "u_target": null, "u_realized": null, "method": "wspt", "seed": 301, "twt": 996.0, "makespan": 114.8694, "mean_flow": 5.92906975, "breach_share": 0.0425, "breach_p1": 0.2222222222222222, "breach_p2": 0.015384615384615385, "breach_p3": 0.0, "breach_p4": 0.0, "decisions": 400, "latency_ms_per_decision": 0.02348704496398568, "replans": null, "validator_ok": 1, "runtime_s": 0.009394817985594273}, "atc": {"variant": "tsel20260821", "instance_id": "c12_replay_400_0156", "campus": 12, "size": 400, "track": "replay", "structure": "chain", "phi": 0.5, "eta": 1.0, "m": 0.6, "u_target": null, "u_realized": null, "method": "atc", "seed": 301, "twt": 988.0, "makespan": 114.8694, "mean_flow": 5.956285749999999, "breach_share": 0.0425, "breach_p1": 0.2222222222222222, "breach_p2": 0.015384615384615385, "breach_p3": 0.0, "breach_p4": 0.0, "decisions": 400, "latency_ms_per_decision": 0.025431972462683916, "replans": null, "validator_ok": 1, "runtime_s": 0.010172788985073566}, "pfifo": {"variant": "tsel20260821", "instance_id": "c12_replay_400_0156", "campus": 12, "size": 400, "track": "replay", "structure": "chain", "phi": 0.5, "eta": 1.0, "m": 0.6, "u_target": null, "u_realized": null, "method": "pfifo", "seed": 301, "twt": 988.0, "makespan": 114.8694, "mean_flow": 5.941461750000001, "breach_share": 0.0425, "breach_p1": 0.2222222222222222, "breach_p2": 0.015384615384615385, "breach_p3": 0.0, "breach_p4": 0.0, "decisions": 400, "latency_ms_per_decision": 0.026414929889142513, "replans": null, "validator_ok": 1, "runtime_s": 0.010565971955657005}, "mor": {"variant": "tsel20260821", "instance_id": "c12_replay_400_0156", "campus": 12, "size": 400, "track": "replay", "structure": "chain", "phi": 0.5, "eta": 1.0, "m": 0.6, "u_target": null, "u_realized": null, "method": "mor", "seed": 301, "twt": 988.0, "makespan": 114.8694, "mean_flow": 5.9733995, "breach_share": 0.0425, "breach_p1": 0.2222222222222222, "breach_p2": 0.015384615384615385, "breach_p3": 0.0, "breach_p4": 0.0, "decisions": 400, "latency_ms_per_decision": 0.03085545962676406, "replans": null, "validator_ok": 1, "runtime_s": 0.012342183850705624}, "lfj_atc": {"variant": "tsel20260821", "instance_id": "c12_replay_400_0156", "campus": 12, "size": 400, "track": "replay", "structure": "chain", "phi": 0.5, "eta": 1.0, "m": 0.6, "u_target": null, "u_realized": null, "method": "lfj_atc", "seed": 301, "twt": 988.0, "makespan": 114.8694, "mean_flow": 5.956285749999999, "breach_share": 0.0425, "breach_p1": 0.2222222222222222, "breach_p2": 0.015384615384615385, "breach_p3": 0.0, "breach_p4": 0.0, "decisions": 400, "latency_ms_per_decision": 0.02625859109684825, "replans": null, "validator_ok": 1, "runtime_s": 0.0105034364387393}, "atc_eta": {"variant": "tsel20260821", "instance_id": "c12_replay_400_0156", "campus": 12, "size": 400, "track": "replay", "structure": "chain", "phi": 0.5, "eta": 1.0, "m": 0.6, "u_target": null, "u_realized": null, "method": "atc_eta", "seed": 301, "twt": 988.0, "makespan": 114.8694, "mean_flow": 5.956285749999999, "breach_share": 0.0425, "breach_p1": 0.2222222222222222, "breach_p2": 0.015384615384615385, "breach_p3": 0.0, "breach_p4": 0.0, "decisions": 400, "latency_ms_per_decision": 0.06579591426998377, "replans": null, "validator_ok": 1, "runtime_s": 0.026318365707993507}, "random": {"variant": "tsel20260821", "instance_id": "c12_replay_400_0156", "campus": 12, "size": 400, "track": "replay", "structure": "chain", "phi": 0.5, "eta": 1.0, "m": 0.6, "u_target": null, "u_realized": null, "method": "random", "seed": 301, "twt": 996.0, "makespan": 114.8694, "mean_flow": 5.938376000000001, "breach_share": 0.0425, "breach_p1": 0.2222222222222222, "breach_p2": 0.015384615384615385, "breach_p3": 0.0, "breach_p4": 0.0, "decisions": 400, "latency_ms_per_decision": 0.02318252343684435, "replans": null, "validator_ok": 1, "runtime_s": 0.00927300937473774}}, "budget_B": 60, "headcount": 112, "chain_order": ["D30", "D20", "D50", "C30", "MISC", "C10", "D90", "E20", "B20", "E10", "D40", "B30", "UNK"]}