{"config_id": "c12_replay_400_0128__feasnorm_eta100", "rows": {"edd": {"variant": "feasnorm", "instance_id": "c12_replay_400_0128", "campus": 12, "size": 400, "track": "replay", "structure": "feasnorm", "phi": 1.0, "eta": 1.0, "m": 0.6, "u_target": null, "u_realized": null, "method": "edd", "seed": 301, "twt": 1566.5800000000004, "makespan": 108.8056, "mean_flow": 5.19228075, "breach_share": 0.04, "breach_p1": 0.1780821917808219, "breach_p2": 0.012345679012345678, "breach_p3": 0.018018018018018018, "breach_p4": 0.0, "decisions": 400, "latency_ms_per_decision": 0.010300956200808287, "replans": null, "validator_ok": 1, "runtime_s": 0.004120382480323315}, "wspt": {"variant": "feasnorm", "instance_id": "c12_replay_400_0128", "campus": 12, "size": 400, "track": "replay", "structure": "feasnorm", "phi": 1.0, "eta": 1.0, "m": 0.6, "u_target": null, "u_realized": null, "method": "wspt", "seed": 301, "twt": 1566.5800000000004, "makespan": 108.8056, "mean_flow": 5.19228075, "breach_share": 0.04, "breach_p1": 0.1780821917808219, "breach_p2": 0.012345679012345678, "breach_p3": 0.018018018018018018, "breach_p4": 0.0, "decisions": 400, "latency_ms_per_decision": 0.010454920120537281, "replans": null, "validator_ok": 1, "runtime_s": 0.004181968048214912}, "atc": {"variant": "feasnorm", "instance_id": "c12_replay_400_0128", "campus": 12, "size": 400, "track": "replay", "structure": "feasnorm", "phi": 1.0, "eta": 1.0, "m": 0.6, "u_target": null, "u_realized": null, "method": "atc", "seed": 301, "twt": 1566.5800000000004, "makespan": 108.8056, "mean_flow": 5.19353075, "breach_share": 0.04, "breach_p1": 0.1780821917808219, "breach_p2": 0.012345679012345678, "breach_p3": 0.018018018018018018, "breach_p4": 0.0, "decisions": 400, "latency_ms_per_decision": 0.013472291175276041, "replans": null, "validator_ok": 1, "runtime_s": 0.005388916470110416}, "pfifo": {"variant": "feasnorm", "instance_id": "c12_replay_400_0128", "campus": 12, "size": 400, "track": "replay", "structure": "feasnorm", "phi": 1.0, "eta": 1.0, "m": 0.6, "u_target": null, "u_realized": null, "method": "pfifo", "seed": 301, "twt": 1566.5800000000004, "makespan": 108.8056, "mean_flow": 5.19228075, "breach_share": 0.04, "breach_p1": 0.1780821917808219, "breach_p2": 0.012345679012345678, "breach_p3": 0.018018018018018018, "breach_p4": 0.0, "decisions": 400, "latency_ms_per_decision": 0.010129830334335566, "replans": null, "validator_ok": 1, "runtime_s": 0.004051932133734226}, "mor": {"variant": "feasnorm", "instance_id": "c12_replay_400_0128", "campus": 12, "size": 400, "track": "replay", "structure": "feasnorm", "phi": 1.0, "eta": 1.0, "m": 0.6, "u_target": null, "u_realized": null, "method": "mor", "seed": 301, "twt": 1566.5800000000004, "makespan": 108.8056, "mean_flow": 5.19478075, "breach_share": 0.04, "breach_p1": 0.1780821917808219, "breach_p2": 0.012345679012345678, "breach_p3": 0.018018018018018018, "breach_p4": 0.0, "decisions": 400, "latency_ms_per_decision": 0.010055305901914835, "replans": null, "validator_ok": 1, "runtime_s": 0.004022122360765934}, "lfj_atc": {"variant": "feasnorm", "instance_id": "c12_replay_400_0128", "campus": 12, "size": 400, "track": "replay", "structure": "feasnorm", "phi": 1.0, "eta": 1.0, "m": 0.6, "u_target": null, "u_realized": null, "method": "lfj_atc", "seed": 301, "twt": 1566.5800000000004, "makespan": 108.8056, "mean_flow": 5.19353075, "breach_share": 0.04, "breach_p1": 0.1780821917808219, "breach_p2": 0.012345679012345678, "breach_p3": 0.018018018018018018, "breach_p4": 0.0, "decisions": 400, "latency_ms_per_decision": 0.014450999442487955, "replans": null, "validator_ok": 1, "runtime_s": 0.005780399776995182}, "atc_eta": {"variant": "feasnorm", "instance_id": "c12_replay_400_0128", "campus": 12, "size": 400, "track": "replay", "structure": "feasnorm", "phi": 1.0, "eta": 1.0, "m": 0.6, "u_target": null, "u_realized": null, "method": "atc_eta", "seed": 301, "twt": 1566.5800000000004, "makespan": 108.8056, "mean_flow": 5.19353075, "breach_share": 0.04, "breach_p1": 0.1780821917808219, "breach_p2": 0.012345679012345678, "breach_p3": 0.018018018018018018, "breach_p4": 0.0, "decisions": 400, "latency_ms_per_decision": 0.029055080376565456, "replans": null, "validator_ok": 1, "runtime_s": 0.011622032150626183}, "random": {"variant": "feasnorm", "instance_id": "c12_replay_400_0128", "campus": 12, "size": 400, "track": "replay", "structure": "feasnorm", "phi": 1.0, "eta": 1.0, "m": 0.6, "u_target": null, "u_realized": null, "method": "random", "seed": 301, "twt": 1566.5800000000004, "makespan": 108.8056, "mean_flow": 5.19478075, "breach_share": 0.04, "breach_p1": 0.1780821917808219, "breach_p2": 0.012345679012345678, "breach_p3": 0.018018018018018018, "breach_p4": 0.0, "decisions": 400, "latency_ms_per_decision": 0.009385915473103523, "replans": null, "validator_ok": 1, "runtime_s": 0.0037543661892414093}}, "budget_B": 112, "headcount": 112, "chain_order": ["D30", "D20", "D90", "D40", "MISC", "E20", "E10", "UNK", "C30", "C10", "D50", "B20", "B30"]}