{"config_id": "c12_replay_150_0193__star_eta100", "rows": {"edd": {"variant": "star", "instance_id": "c12_replay_150_0193", "campus": 12, "size": 150, "track": "replay", "structure": "star", "phi": 1.0, "eta": 1.0, "m": 0.6, "u_target": null, "u_realized": null, "method": "edd", "seed": 301, "twt": 14.0, "makespan": 90.7342, "mean_flow": 4.107220000000001, "breach_share": 0.013333333333333334, "breach_p1": 0.058823529411764705, "breach_p2": 0.0, "breach_p3": 0.0, "breach_p4": 0.0, "decisions": 150, "latency_ms_per_decision": 0.013072149207194647, "replans": null, "validator_ok": 1, "runtime_s": 0.001960822381079197}, "wspt": {"variant": "star", "instance_id": "c12_replay_150_0193", "campus": 12, "size": 150, "track": "replay", "structure": "star", "phi": 1.0, "eta": 1.0, "m": 0.6, "u_target": null, "u_realized": null, "method": "wspt", "seed": 301, "twt": 14.0, "makespan": 90.7342, "mean_flow": 4.106762666666667, "breach_share": 0.013333333333333334, "breach_p1": 0.058823529411764705, "breach_p2": 0.0, "breach_p3": 0.0, "breach_p4": 0.0, "decisions": 150, "latency_ms_per_decision": 0.012914879868427912, "replans": null, "validator_ok": 1, "runtime_s": 0.0019372319802641869}, "atc": {"variant": "star", "instance_id": "c12_replay_150_0193", "campus": 12, "size": 150, "track": "replay", "structure": "star", "phi": 1.0, "eta": 1.0, "m": 0.6, "u_target": null, "u_realized": null, "method": "atc", "seed": 301, "twt": 14.0, "makespan": 90.7342, "mean_flow": 4.107220000000001, "breach_share": 0.013333333333333334, "breach_p1": 0.058823529411764705, "breach_p2": 0.0, "breach_p3": 0.0, "breach_p4": 0.0, "decisions": 150, "latency_ms_per_decision": 0.017096965263287228, "replans": null, "validator_ok": 1, "runtime_s": 0.002564544789493084}, "pfifo": {"variant": "star", "instance_id": "c12_replay_150_0193", "campus": 12, "size": 150, "track": "replay", "structure": "star", "phi": 1.0, "eta": 1.0, "m": 0.6, "u_target": null, "u_realized": null, "method": "pfifo", "seed": 301, "twt": 14.0, "makespan": 90.7342, "mean_flow": 4.107220000000001, "breach_share": 0.013333333333333334, "breach_p1": 0.058823529411764705, "breach_p2": 0.0, "breach_p3": 0.0, "breach_p4": 0.0, "decisions": 150, "latency_ms_per_decision": 0.01324689636627833, "replans": null, "validator_ok": 1, "runtime_s": 0.0019870344549417496}, "mor": {"variant": "star", "instance_id": "c12_replay_150_0193", "campus": 12, "size": 150, "track": "replay", "structure": "star", "phi": 1.0, "eta": 1.0, "m": 0.6, "u_target": null, "u_realized": null, "method": "mor", "seed": 301, "twt": 14.0, "makespan": 90.7342, "mean_flow": 4.107220000000001, "breach_share": 0.013333333333333334, "breach_p1": 0.058823529411764705, "breach_p2": 0.0, "breach_p3": 0.0, "breach_p4": 0.0, "decisions": 150, "latency_ms_per_decision": 0.013021032015482584, "replans": null, "validator_ok": 1, "runtime_s": 0.0019531548023223877}, "lfj_atc": {"variant": "star", "instance_id": "c12_replay_150_0193", "campus": 12, "size": 150, "track": "replay", "structure": "star", "phi": 1.0, "eta": 1.0, "m": 0.6, "u_target": null, "u_realized": null, "method": "lfj_atc", "seed": 301, "twt": 14.0, "makespan": 90.7342, "mean_flow": 4.107220000000001, "breach_share": 0.013333333333333334, "breach_p1": 0.058823529411764705, "breach_p2": 0.0, "breach_p3": 0.0, "breach_p4": 0.0, "decisions": 150, "latency_ms_per_decision": 0.018237661570310593, "replans": null, "validator_ok": 1, "runtime_s": 0.002735649235546589}, "atc_eta": {"variant": "star", "instance_id": "c12_replay_150_0193", "campus": 12, "size": 150, "track": "replay", "structure": "star", "phi": 1.0, "eta": 1.0, "m": 0.6, "u_target": null, "u_realized": null, "method": "atc_eta", "seed": 301, "twt": 14.0, "makespan": 90.7342, "mean_flow": 4.107220000000001, "breach_share": 0.013333333333333334, "breach_p1": 0.058823529411764705, "breach_p2": 0.0, "breach_p3": 0.0, "breach_p4": 0.0, "decisions": 150, "latency_ms_per_decision": 0.03952136884133021, "replans": null, "validator_ok": 1, "runtime_s": 0.0059282053261995316}, "random": {"variant": "star", "instance_id": "c12_replay_150_0193", "campus": 12, "size": 150, "track": "replay", "structure": "star", "phi": 1.0, "eta": 1.0, "m": 0.6, "u_target": null, "u_realized": null, "method": "random", "seed": 301, "twt": 14.0, "makespan": 90.7342, "mean_flow": 4.106762666666667, "breach_share": 0.013333333333333334, "breach_p1": 0.058823529411764705, "breach_p2": 0.0, "breach_p3": 0.0, "breach_p4": 0.0, "decisions": 150, "latency_ms_per_decision": 0.011875958492358526, "replans": null, "validator_ok": 1, "runtime_s": 0.0017813937738537788}}, "budget_B": 112, "headcount": 112, "chain_order": ["D30", "D20", "D50", "C30", "MISC", "C10", "D90", "E20", "B20", "E10", "D40", "B30", "UNK"]}