{"config_id": "c12_replay_150_0194__perm20260808", "rows": {"edd": {"variant": "perm20260808", "instance_id": "c12_replay_150_0194", "campus": 12, "size": 150, "track": "replay", "structure": "chain", "phi": 1.0, "eta": 1.0, "m": 0.6, "u_target": null, "u_realized": null, "method": "edd", "seed": 301, "twt": 426.0, "makespan": 66.4017, "mean_flow": 4.647666666666667, "breach_share": 0.06, "breach_p1": 0.26666666666666666, "breach_p2": 0.03571428571428571, "breach_p3": 0.0, "breach_p4": 0.0, "decisions": 150, "latency_ms_per_decision": 0.009820057700077692, "replans": null, "validator_ok": 1, "runtime_s": 0.001473008655011654}, "wspt": {"variant": "perm20260808", "instance_id": "c12_replay_150_0194", "campus": 12, "size": 150, "track": "replay", "structure": "chain", "phi": 1.0, "eta": 1.0, "m": 0.6, "u_target": null, "u_realized": null, "method": "wspt", "seed": 301, "twt": 426.0, "makespan": 66.4017, "mean_flow": 4.647666666666667, "breach_share": 0.06, "breach_p1": 0.26666666666666666, "breach_p2": 0.03571428571428571, "breach_p3": 0.0, "breach_p4": 0.0, "decisions": 150, "latency_ms_per_decision": 0.010146970550219217, "replans": null, "validator_ok": 1, "runtime_s": 0.0015220455825328827}, "atc": {"variant": "perm20260808", "instance_id": "c12_replay_150_0194", "campus": 12, "size": 150, "track": "replay", "structure": "chain", "phi": 1.0, "eta": 1.0, "m": 0.6, "u_target": null, "u_realized": null, "method": "atc", "seed": 301, "twt": 426.0, "makespan": 66.4017, "mean_flow": 4.647666666666667, "breach_share": 0.06, "breach_p1": 0.26666666666666666, "breach_p2": 0.03571428571428571, "breach_p3": 0.0, "breach_p4": 0.0, "decisions": 150, "latency_ms_per_decision": 0.06491318345069885, "replans": null, "validator_ok": 1, "runtime_s": 0.009736977517604828}, "pfifo": {"variant": "perm20260808", "instance_id": "c12_replay_150_0194", "campus": 12, "size": 150, "track": "replay", "structure": "chain", "phi": 1.0, "eta": 1.0, "m": 0.6, "u_target": null, "u_realized": null, "method": "pfifo", "seed": 301, "twt": 426.0, "makespan": 66.4017, "mean_flow": 4.647666666666667, "breach_share": 0.06, "breach_p1": 0.26666666666666666, "breach_p2": 0.03571428571428571, "breach_p3": 0.0, "breach_p4": 0.0, "decisions": 150, "latency_ms_per_decision": 0.010015349835157394, "replans": null, "validator_ok": 1, "runtime_s": 0.0015023024752736092}, "mor": {"variant": "perm20260808", "instance_id": "c12_replay_150_0194", "campus": 12, "size": 150, "track": "replay", "structure": "chain", "phi": 1.0, "eta": 1.0, "m": 0.6, "u_target": null, "u_realized": null, "method": "mor", "seed": 301, "twt": 426.0, "makespan": 66.4017, "mean_flow": 4.647666666666667, "breach_share": 0.06, "breach_p1": 0.26666666666666666, "breach_p2": 0.03571428571428571, "breach_p3": 0.0, "breach_p4": 0.0, "decisions": 150, "latency_ms_per_decision": 0.050144257644812264, "replans": null, "validator_ok": 1, "runtime_s": 0.00752163864672184}, "lfj_atc": {"variant": "perm20260808", "instance_id": "c12_replay_150_0194", "campus": 12, "size": 150, "track": "replay", "structure": "chain", "phi": 1.0, "eta": 1.0, "m": 0.6, "u_target": null, "u_realized": null, "method": "lfj_atc", "seed": 301, "twt": 426.0, "makespan": 66.4017, "mean_flow": 4.647666666666667, "breach_share": 0.06, "breach_p1": 0.26666666666666666, "breach_p2": 0.03571428571428571, "breach_p3": 0.0, "breach_p4": 0.0, "decisions": 150, "latency_ms_per_decision": 0.07250223929683368, "replans": null, "validator_ok": 1, "runtime_s": 0.010875335894525051}, "atc_eta": {"variant": "perm20260808", "instance_id": "c12_replay_150_0194", "campus": 12, "size": 150, "track": "replay", "structure": "chain", "phi": 1.0, "eta": 1.0, "m": 0.6, "u_target": null, "u_realized": null, "method": "atc_eta", "seed": 301, "twt": 426.0, "makespan": 66.4017, "mean_flow": 4.647666666666667, "breach_share": 0.06, "breach_p1": 0.26666666666666666, "breach_p2": 0.03571428571428571, "breach_p3": 0.0, "breach_p4": 0.0, "decisions": 150, "latency_ms_per_decision": 0.08577821776270866, "replans": null, "validator_ok": 1, "runtime_s": 0.0128667326644063}, "random": {"variant": "perm20260808", "instance_id": "c12_replay_150_0194", "campus": 12, "size": 150, "track": "replay", "structure": "chain", "phi": 1.0, "eta": 1.0, "m": 0.6, "u_target": null, "u_realized": null, "method": "random", "seed": 301, "twt": 426.0, "makespan": 66.4017, "mean_flow": 4.647666666666667, "breach_share": 0.06, "breach_p1": 0.26666666666666666, "breach_p2": 0.03571428571428571, "breach_p3": 0.0, "breach_p4": 0.0, "decisions": 150, "latency_ms_per_decision": 0.009866952896118164, "replans": null, "validator_ok": 1, "runtime_s": 0.0014800429344177246}}, "budget_B": 112, "headcount": 112, "chain_order": ["MISC", "E20", "B30", "D90", "C30", "E10", "D20", "UNK", "D50", "C10", "D30", "B20", "D40"]}