{"config_id": "c12_replay_150_0117__tsel20260823", "rows": {"edd": {"variant": "tsel20260823", "instance_id": "c12_replay_150_0117", "campus": 12, "size": 150, "track": "replay", "structure": "chain", "phi": 0.5, "eta": 1.0, "m": 0.6, "u_target": null, "u_realized": null, "method": "edd", "seed": 301, "twt": 449.0, "makespan": 71.0, "mean_flow": 4.07506, "breach_share": 0.02666666666666667, "breach_p1": 0.057692307692307696, "breach_p2": 0.023255813953488372, "breach_p3": 0.0, "breach_p4": 0.0, "decisions": 150, "latency_ms_per_decision": 0.010476944347222647, "replans": null, "validator_ok": 1, "runtime_s": 0.001571541652083397}, "wspt": {"variant": "tsel20260823", "instance_id": "c12_replay_150_0117", "campus": 12, "size": 150, "track": "replay", "structure": "chain", "phi": 0.5, "eta": 1.0, "m": 0.6, "u_target": null, "u_realized": null, "method": "wspt", "seed": 301, "twt": 485.0, "makespan": 70.0, "mean_flow": 3.91506, "breach_share": 0.04, "breach_p1": 0.09615384615384616, "breach_p2": 0.023255813953488372, "breach_p3": 0.0, "breach_p4": 0.0, "decisions": 150, "latency_ms_per_decision": 0.015144006659587225, "replans": null, "validator_ok": 1, "runtime_s": 0.0022716009989380836}, "atc": {"variant": "tsel20260823", "instance_id": "c12_replay_150_0117", "campus": 12, "size": 150, "track": "replay", "structure": "chain", "phi": 0.5, "eta": 1.0, "m": 0.6, "u_target": null, "u_realized": null, "method": "atc", "seed": 301, "twt": 459.0, "makespan": 71.0, "mean_flow": 4.0350600000000005, "breach_share": 0.02666666666666667, "breach_p1": 0.057692307692307696, "breach_p2": 0.023255813953488372, "breach_p3": 0.0, "breach_p4": 0.0, "decisions": 150, "latency_ms_per_decision": 0.024876886357863743, "replans": null, "validator_ok": 1, "runtime_s": 0.0037315329536795616}, "pfifo": {"variant": "tsel20260823", "instance_id": "c12_replay_150_0117", "campus": 12, "size": 150, "track": "replay", "structure": "chain", "phi": 0.5, "eta": 1.0, "m": 0.6, "u_target": null, "u_realized": null, "method": "pfifo", "seed": 301, "twt": 449.0, "makespan": 71.0, "mean_flow": 4.07506, "breach_share": 0.02666666666666667, "breach_p1": 0.057692307692307696, "breach_p2": 0.023255813953488372, "breach_p3": 0.0, "breach_p4": 0.0, "decisions": 150, "latency_ms_per_decision": 0.01178709790110588, "replans": null, "validator_ok": 1, "runtime_s": 0.0017680646851658821}, "mor": {"variant": "tsel20260823", "instance_id": "c12_replay_150_0117", "campus": 12, "size": 150, "track": "replay", "structure": "chain", "phi": 0.5, "eta": 1.0, "m": 0.6, "u_target": null, "u_realized": null, "method": "mor", "seed": 301, "twt": 439.0, "makespan": 69.0, "mean_flow": 4.676726666666667, "breach_share": 0.02666666666666667, "breach_p1": 0.057692307692307696, "breach_p2": 0.023255813953488372, "breach_p3": 0.0, "breach_p4": 0.0, "decisions": 150, "latency_ms_per_decision": 0.030800110350052517, "replans": null, "validator_ok": 1, "runtime_s": 0.004620016552507877}, "lfj_atc": {"variant": "tsel20260823", "instance_id": "c12_replay_150_0117", "campus": 12, "size": 150, "track": "replay", "structure": "chain", "phi": 0.5, "eta": 1.0, "m": 0.6, "u_target": null, "u_realized": null, "method": "lfj_atc", "seed": 301, "twt": 459.0, "makespan": 71.0, "mean_flow": 4.0350600000000005, "breach_share": 0.02666666666666667, "breach_p1": 0.057692307692307696, "breach_p2": 0.023255813953488372, "breach_p3": 0.0, "breach_p4": 0.0, "decisions": 150, "latency_ms_per_decision": 0.053467911978562675, "replans": null, "validator_ok": 1, "runtime_s": 0.008020186796784401}, "atc_eta": {"variant": "tsel20260823", "instance_id": "c12_replay_150_0117", "campus": 12, "size": 150, "track": "replay", "structure": "chain", "phi": 0.5, "eta": 1.0, "m": 0.6, "u_target": null, "u_realized": null, "method": "atc_eta", "seed": 301, "twt": 459.0, "makespan": 71.0, "mean_flow": 4.0350600000000005, "breach_share": 0.02666666666666667, "breach_p1": 0.057692307692307696, "breach_p2": 0.023255813953488372, "breach_p3": 0.0, "breach_p4": 0.0, "decisions": 150, "latency_ms_per_decision": 0.08085896571477254, "replans": null, "validator_ok": 1, "runtime_s": 0.012128844857215881}, "random": {"variant": "tsel20260823", "instance_id": "c12_replay_150_0117", "campus": 12, "size": 150, "track": "replay", "structure": "chain", "phi": 0.5, "eta": 1.0, "m": 0.6, "u_target": null, "u_realized": null, "method": "random", "seed": 301, "twt": 459.0, "makespan": 69.0, "mean_flow": 4.2067266666666665, "breach_share": 0.04666666666666667, "breach_p1": 0.11538461538461539, "breach_p2": 0.023255813953488372, "breach_p3": 0.0, "breach_p4": 0.0, "decisions": 150, "latency_ms_per_decision": 0.028118373205264408, "replans": null, "validator_ok": 1, "runtime_s": 0.004217755980789661}}, "budget_B": 60, "headcount": 112, "chain_order": ["D30", "D20", "D50", "C30", "MISC", "C10", "D90", "E20", "B20", "E10", "D40", "B30", "UNK"]}