{"config_id": "c12_replay_400_0101__rand1_20260901", "rows": {"edd": {"variant": "rand1_20260901", "instance_id": "c12_replay_400_0101", "campus": 12, "size": 400, "track": "replay", "structure": "rand1", "phi": 1.0, "eta": 1.0, "m": 0.6, "u_target": null, "u_realized": null, "method": "edd", "seed": 301, "twt": 855.8704, "makespan": 106.8648, "mean_flow": 12.744072999999998, "breach_share": 0.02, "breach_p1": 0.13513513513513514, "breach_p2": 0.07894736842105263, "breach_p3": 0.0, "breach_p4": 0.0, "decisions": 400, "latency_ms_per_decision": 0.014397748745977879, "replans": null, "validator_ok": 1, "runtime_s": 0.005759099498391151}, "wspt": {"variant": "rand1_20260901", "instance_id": "c12_replay_400_0101", "campus": 12, "size": 400, "track": "replay", "structure": "rand1", "phi": 1.0, "eta": 1.0, "m": 0.6, "u_target": null, "u_realized": null, "method": "wspt", "seed": 301, "twt": 861.8704, "makespan": 117.1148, "mean_flow": 10.602073, "breach_share": 0.02, "breach_p1": 0.13513513513513514, "breach_p2": 0.07894736842105263, "breach_p3": 0.0, "breach_p4": 0.0, "decisions": 400, "latency_ms_per_decision": 0.015889632049947977, "replans": null, "validator_ok": 1, "runtime_s": 0.006355852819979191}, "atc": {"variant": "rand1_20260901", "instance_id": "c12_replay_400_0101", "campus": 12, "size": 400, "track": "replay", "structure": "rand1", "phi": 1.0, "eta": 1.0, "m": 0.6, "u_target": null, "u_realized": null, "method": "atc", "seed": 301, "twt": 857.8704, "makespan": 106.8648, "mean_flow": 11.309073000000001, "breach_share": 0.02, "breach_p1": 0.13513513513513514, "breach_p2": 0.07894736842105263, "breach_p3": 0.0, "breach_p4": 0.0, "decisions": 400, "latency_ms_per_decision": 0.02958905417472124, "replans": null, "validator_ok": 1, "runtime_s": 0.011835621669888496}, "pfifo": {"variant": "rand1_20260901", "instance_id": "c12_replay_400_0101", "campus": 12, "size": 400, "track": "replay", "structure": "rand1", "phi": 1.0, "eta": 1.0, "m": 0.6, "u_target": null, "u_realized": null, "method": "pfifo", "seed": 301, "twt": 855.8704, "makespan": 106.8648, "mean_flow": 12.744072999999998, "breach_share": 0.02, "breach_p1": 0.13513513513513514, "breach_p2": 0.07894736842105263, "breach_p3": 0.0, "breach_p4": 0.0, "decisions": 400, "latency_ms_per_decision": 0.016557364724576473, "replans": null, "validator_ok": 1, "runtime_s": 0.006622945889830589}, "mor": {"variant": "rand1_20260901", "instance_id": "c12_replay_400_0101", "campus": 12, "size": 400, "track": "replay", "structure": "rand1", "phi": 1.0, "eta": 1.0, "m": 0.6, "u_target": null, "u_realized": null, "method": "mor", "seed": 301, "twt": 1980.9372, "makespan": 106.8648, "mean_flow": 17.355948, "breach_share": 0.05, "breach_p1": 0.32432432432432434, "breach_p2": 0.21052631578947367, "breach_p3": 0.0, "breach_p4": 0.0, "decisions": 400, "latency_ms_per_decision": 0.01562272198498249, "replans": null, "validator_ok": 1, "runtime_s": 0.006249088793992996}, "lfj_atc": {"variant": "rand1_20260901", "instance_id": "c12_replay_400_0101", "campus": 12, "size": 400, "track": "replay", "structure": "rand1", "phi": 1.0, "eta": 1.0, "m": 0.6, "u_target": null, "u_realized": null, "method": "lfj_atc", "seed": 301, "twt": 857.8704, "makespan": 106.8648, "mean_flow": 11.314073, "breach_share": 0.02, "breach_p1": 0.13513513513513514, "breach_p2": 0.07894736842105263, "breach_p3": 0.0, "breach_p4": 0.0, "decisions": 400, "latency_ms_per_decision": 0.03145625116303563, "replans": null, "validator_ok": 1, "runtime_s": 0.012582500465214252}, "atc_eta": {"variant": "rand1_20260901", "instance_id": "c12_replay_400_0101", "campus": 12, "size": 400, "track": "replay", "structure": "rand1", "phi": 1.0, "eta": 1.0, "m": 0.6, "u_target": null, "u_realized": null, "method": "atc_eta", "seed": 301, "twt": 857.8704, "makespan": 106.8648, "mean_flow": 11.309073000000001, "breach_share": 0.02, "breach_p1": 0.13513513513513514, "breach_p2": 0.07894736842105263, "breach_p3": 0.0, "breach_p4": 0.0, "decisions": 400, "latency_ms_per_decision": 0.04444761434569955, "replans": null, "validator_ok": 1, "runtime_s": 0.01777904573827982}, "random": {"variant": "rand1_20260901", "instance_id": "c12_replay_400_0101", "campus": 12, "size": 400, "track": "replay", "structure": "rand1", "phi": 1.0, "eta": 1.0, "m": 0.6, "u_target": null, "u_realized": null, "method": "random", "seed": 301, "twt": 1345.8703999999998, "makespan": 117.3648, "mean_flow": 13.023759, "breach_share": 0.035, "breach_p1": 0.2702702702702703, "breach_p2": 0.10526315789473684, "breach_p3": 0.0, "breach_p4": 0.0, "decisions": 400, "latency_ms_per_decision": 0.009794279467314482, "replans": null, "validator_ok": 1, "runtime_s": 0.003917711786925793}}, "budget_B": 112, "headcount": 112, "chain_order": ["D30", "D20", "D50", "C30", "MISC", "C10", "D90", "E20", "B20", "E10", "D40", "B30", "UNK"]}