{"config_id": "c12_replay_400_0140__star_eta080", "rows": {"edd": {"variant": "star", "instance_id": "c12_replay_400_0140", "campus": 12, "size": 400, "track": "replay", "structure": "star", "phi": 1.0, "eta": 0.8, "m": 0.6, "u_target": null, "u_realized": null, "method": "edd", "seed": 301, "twt": 2462.2984, "makespan": 103.51140000000001, "mean_flow": 6.025174, "breach_share": 0.055, "breach_p1": 0.18867924528301888, "breach_p2": 0.018867924528301886, "breach_p3": 0.0, "breach_p4": 0.0, "decisions": 400, "latency_ms_per_decision": 0.011161963921040297, "replans": null, "validator_ok": 1, "runtime_s": 0.004464785568416119}, "wspt": {"variant": "star", "instance_id": "c12_replay_400_0140", "campus": 12, "size": 400, "track": "replay", "structure": "star", "phi": 1.0, "eta": 0.8, "m": 0.6, "u_target": null, "u_realized": null, "method": "wspt", "seed": 301, "twt": 2597.7960000000003, "makespan": 102.5, "mean_flow": 5.856077250000001, "breach_share": 0.055, "breach_p1": 0.18867924528301888, "breach_p2": 0.018867924528301886, "breach_p3": 0.0, "breach_p4": 0.0, "decisions": 400, "latency_ms_per_decision": 0.01107257092371583, "replans": null, "validator_ok": 1, "runtime_s": 0.004429028369486332}, "atc": {"variant": "star", "instance_id": "c12_replay_400_0140", "campus": 12, "size": 400, "track": "replay", "structure": "star", "phi": 1.0, "eta": 0.8, "m": 0.6, "u_target": null, "u_realized": null, "method": "atc", "seed": 301, "twt": 2506.7960000000003, "makespan": 102.76140000000001, "mean_flow": 5.946688750000001, "breach_share": 0.0525, "breach_p1": 0.1792452830188679, "breach_p2": 0.018867924528301886, "breach_p3": 0.0, "breach_p4": 0.0, "decisions": 400, "latency_ms_per_decision": 0.014258790761232376, "replans": null, "validator_ok": 1, "runtime_s": 0.0057035163044929504}, "pfifo": {"variant": "star", "instance_id": "c12_replay_400_0140", "campus": 12, "size": 400, "track": "replay", "structure": "star", "phi": 1.0, "eta": 0.8, "m": 0.6, "u_target": null, "u_realized": null, "method": "pfifo", "seed": 301, "twt": 2462.2984, "makespan": 103.51140000000001, "mean_flow": 6.025174, "breach_share": 0.055, "breach_p1": 0.18867924528301888, "breach_p2": 0.018867924528301886, "breach_p3": 0.0, "breach_p4": 0.0, "decisions": 400, "latency_ms_per_decision": 0.011299771722406149, "replans": null, "validator_ok": 1, "runtime_s": 0.0045199086889624596}, "mor": {"variant": "star", "instance_id": "c12_replay_400_0140", "campus": 12, "size": 400, "track": "replay", "structure": "star", "phi": 1.0, "eta": 0.8, "m": 0.6, "u_target": null, "u_realized": null, "method": "mor", "seed": 301, "twt": 3320.666, "makespan": 100.8354, "mean_flow": 6.50950375, "breach_share": 0.0875, "breach_p1": 0.2830188679245283, "breach_p2": 0.04716981132075472, "breach_p3": 0.0, "breach_p4": 0.0, "decisions": 400, "latency_ms_per_decision": 0.011066945735365152, "replans": null, "validator_ok": 1, "runtime_s": 0.004426778294146061}, "lfj_atc": {"variant": "star", "instance_id": "c12_replay_400_0140", "campus": 12, "size": 400, "track": "replay", "structure": "star", "phi": 1.0, "eta": 0.8, "m": 0.6, "u_target": null, "u_realized": null, "method": "lfj_atc", "seed": 301, "twt": 2506.7960000000003, "makespan": 102.76140000000001, "mean_flow": 5.946688750000001, "breach_share": 0.0525, "breach_p1": 0.1792452830188679, "breach_p2": 0.018867924528301886, "breach_p3": 0.0, "breach_p4": 0.0, "decisions": 400, "latency_ms_per_decision": 0.015519310254603624, "replans": null, "validator_ok": 1, "runtime_s": 0.00620772410184145}, "atc_eta": {"variant": "star", "instance_id": "c12_replay_400_0140", "campus": 12, "size": 400, "track": "replay", "structure": "star", "phi": 1.0, "eta": 0.8, "m": 0.6, "u_target": null, "u_realized": null, "method": "atc_eta", "seed": 301, "twt": 2506.7960000000003, "makespan": 102.76140000000001, "mean_flow": 5.946688750000001, "breach_share": 0.0525, "breach_p1": 0.1792452830188679, "breach_p2": 0.018867924528301886, "breach_p3": 0.0, "breach_p4": 0.0, "decisions": 400, "latency_ms_per_decision": 0.03051615320146084, "replans": null, "validator_ok": 1, "runtime_s": 0.012206461280584335}, "random": {"variant": "star", "instance_id": "c12_replay_400_0140", "campus": 12, "size": 400, "track": "replay", "structure": "star", "phi": 1.0, "eta": 0.8, "m": 0.6, "u_target": null, "u_realized": null, "method": "random", "seed": 301, "twt": 2708.0472, "makespan": 100.8354, "mean_flow": 5.98356425, "breach_share": 0.0625, "breach_p1": 0.2169811320754717, "breach_p2": 0.018867924528301886, "breach_p3": 0.0, "breach_p4": 0.0, "decisions": 400, "latency_ms_per_decision": 0.010574941989034414, "replans": null, "validator_ok": 1, "runtime_s": 0.004229976795613766}}, "budget_B": 112, "headcount": 112, "chain_order": ["D30", "D20", "D50", "C30", "MISC", "C10", "D90", "E20", "B20", "E10", "D40", "B30", "UNK"]}