{"config_id": "c12_replay_400_0115__rand1_20260902", "rows": {"edd": {"variant": "rand1_20260902", "instance_id": "c12_replay_400_0115", "campus": 12, "size": 400, "track": "replay", "structure": "rand1", "phi": 1.0, "eta": 1.0, "m": 0.6, "u_target": null, "u_realized": null, "method": "edd", "seed": 301, "twt": 1072.5295999999998, "makespan": 99.3526, "mean_flow": 5.68307725, "breach_share": 0.04, "breach_p1": 0.1282051282051282, "breach_p2": 0.07462686567164178, "breach_p3": 0.013513513513513514, "breach_p4": 0.0, "decisions": 400, "latency_ms_per_decision": 0.010173770133405924, "replans": null, "validator_ok": 1, "runtime_s": 0.0040695080533623695}, "wspt": {"variant": "rand1_20260902", "instance_id": "c12_replay_400_0115", "campus": 12, "size": 400, "track": "replay", "structure": "rand1", "phi": 1.0, "eta": 1.0, "m": 0.6, "u_target": null, "u_realized": null, "method": "wspt", "seed": 301, "twt": 1072.5295999999998, "makespan": 99.3648, "mean_flow": 5.6710614999999995, "breach_share": 0.04, "breach_p1": 0.1282051282051282, "breach_p2": 0.07462686567164178, "breach_p3": 0.013513513513513514, "breach_p4": 0.0, "decisions": 400, "latency_ms_per_decision": 0.010346581693738699, "replans": null, "validator_ok": 1, "runtime_s": 0.00413863267749548}, "atc": {"variant": "rand1_20260902", "instance_id": "c12_replay_400_0115", "campus": 12, "size": 400, "track": "replay", "structure": "rand1", "phi": 1.0, "eta": 1.0, "m": 0.6, "u_target": null, "u_realized": null, "method": "atc", "seed": 301, "twt": 1072.5295999999998, "makespan": 99.3648, "mean_flow": 5.67170525, "breach_share": 0.04, "breach_p1": 0.1282051282051282, "breach_p2": 0.07462686567164178, "breach_p3": 0.013513513513513514, "breach_p4": 0.0, "decisions": 400, "latency_ms_per_decision": 0.013966402038931847, "replans": null, "validator_ok": 1, "runtime_s": 0.005586560815572739}, "pfifo": {"variant": "rand1_20260902", "instance_id": "c12_replay_400_0115", "campus": 12, "size": 400, "track": "replay", "structure": "rand1", "phi": 1.0, "eta": 1.0, "m": 0.6, "u_target": null, "u_realized": null, "method": "pfifo", "seed": 301, "twt": 1072.5295999999998, "makespan": 99.3526, "mean_flow": 5.68307725, "breach_share": 0.04, "breach_p1": 0.1282051282051282, "breach_p2": 0.07462686567164178, "breach_p3": 0.013513513513513514, "breach_p4": 0.0, "decisions": 400, "latency_ms_per_decision": 0.010717080440372229, "replans": null, "validator_ok": 1, "runtime_s": 0.0042868321761488914}, "mor": {"variant": "rand1_20260902", "instance_id": "c12_replay_400_0115", "campus": 12, "size": 400, "track": "replay", "structure": "rand1", "phi": 1.0, "eta": 1.0, "m": 0.6, "u_target": null, "u_realized": null, "method": "mor", "seed": 301, "twt": 1072.5295999999998, "makespan": 99.3526, "mean_flow": 5.71130675, "breach_share": 0.04, "breach_p1": 0.1282051282051282, "breach_p2": 0.07462686567164178, "breach_p3": 0.013513513513513514, "breach_p4": 0.0, "decisions": 400, "latency_ms_per_decision": 0.010036567691713572, "replans": null, "validator_ok": 1, "runtime_s": 0.004014627076685429}, "lfj_atc": {"variant": "rand1_20260902", "instance_id": "c12_replay_400_0115", "campus": 12, "size": 400, "track": "replay", "structure": "rand1", "phi": 1.0, "eta": 1.0, "m": 0.6, "u_target": null, "u_realized": null, "method": "lfj_atc", "seed": 301, "twt": 1072.5295999999998, "makespan": 99.3648, "mean_flow": 5.67170525, "breach_share": 0.04, "breach_p1": 0.1282051282051282, "breach_p2": 0.07462686567164178, "breach_p3": 0.013513513513513514, "breach_p4": 0.0, "decisions": 400, "latency_ms_per_decision": 0.014815919566899538, "replans": null, "validator_ok": 1, "runtime_s": 0.005926367826759815}, "atc_eta": {"variant": "rand1_20260902", "instance_id": "c12_replay_400_0115", "campus": 12, "size": 400, "track": "replay", "structure": "rand1", "phi": 1.0, "eta": 1.0, "m": 0.6, "u_target": null, "u_realized": null, "method": "atc_eta", "seed": 301, "twt": 1072.5295999999998, "makespan": 99.3648, "mean_flow": 5.67170525, "breach_share": 0.04, "breach_p1": 0.1282051282051282, "breach_p2": 0.07462686567164178, "breach_p3": 0.013513513513513514, "breach_p4": 0.0, "decisions": 400, "latency_ms_per_decision": 0.0283101387321949, "replans": null, "validator_ok": 1, "runtime_s": 0.01132405549287796}, "random": {"variant": "rand1_20260902", "instance_id": "c12_replay_400_0115", "campus": 12, "size": 400, "track": "replay", "structure": "rand1", "phi": 1.0, "eta": 1.0, "m": 0.6, "u_target": null, "u_realized": null, "method": "random", "seed": 301, "twt": 1072.5295999999998, "makespan": 99.3526, "mean_flow": 5.674072000000001, "breach_share": 0.04, "breach_p1": 0.1282051282051282, "breach_p2": 0.07462686567164178, "breach_p3": 0.013513513513513514, "breach_p4": 0.0, "decisions": 400, "latency_ms_per_decision": 0.009400018025189638, "replans": null, "validator_ok": 1, "runtime_s": 0.0037600072100758553}}, "budget_B": 112, "headcount": 112, "chain_order": ["D30", "D20", "D50", "C30", "MISC", "C10", "D90", "E20", "B20", "E10", "D40", "B30", "UNK"]}