{"config_id": "c12_replay_150_0140__perm20260806", "rows": {"edd": {"variant": "perm20260806", "instance_id": "c12_replay_150_0140", "campus": 12, "size": 150, "track": "replay", "structure": "chain", "phi": 1.0, "eta": 1.0, "m": 0.6, "u_target": null, "u_realized": null, "method": "edd", "seed": 301, "twt": 616.0, "makespan": 92.2954, "mean_flow": 5.078056, "breach_share": 0.05333333333333334, "breach_p1": 0.16326530612244897, "breach_p2": 0.0, "breach_p3": 0.0, "breach_p4": 0.0, "decisions": 150, "latency_ms_per_decision": 0.00928086539109548, "replans": null, "validator_ok": 1, "runtime_s": 0.001392129808664322}, "wspt": {"variant": "perm20260806", "instance_id": "c12_replay_150_0140", "campus": 12, "size": 150, "track": "replay", "structure": "chain", "phi": 1.0, "eta": 1.0, "m": 0.6, "u_target": null, "u_realized": null, "method": "wspt", "seed": 301, "twt": 623.2224, "makespan": 92.2954, "mean_flow": 5.079722666666666, "breach_share": 0.05333333333333334, "breach_p1": 0.16326530612244897, "breach_p2": 0.0, "breach_p3": 0.0, "breach_p4": 0.0, "decisions": 150, "latency_ms_per_decision": 0.04977996150652567, "replans": null, "validator_ok": 1, "runtime_s": 0.007466994225978851}, "atc": {"variant": "perm20260806", "instance_id": "c12_replay_150_0140", "campus": 12, "size": 150, "track": "replay", "structure": "chain", "phi": 1.0, "eta": 1.0, "m": 0.6, "u_target": null, "u_realized": null, "method": "atc", "seed": 301, "twt": 616.0, "makespan": 92.2954, "mean_flow": 5.078056, "breach_share": 0.05333333333333334, "breach_p1": 0.16326530612244897, "breach_p2": 0.0, "breach_p3": 0.0, "breach_p4": 0.0, "decisions": 150, "latency_ms_per_decision": 0.01150882492462794, "replans": null, "validator_ok": 1, "runtime_s": 0.001726323738694191}, "pfifo": {"variant": "perm20260806", "instance_id": "c12_replay_150_0140", "campus": 12, "size": 150, "track": "replay", "structure": "chain", "phi": 1.0, "eta": 1.0, "m": 0.6, "u_target": null, "u_realized": null, "method": "pfifo", "seed": 301, "twt": 616.0, "makespan": 92.2954, "mean_flow": 5.078056, "breach_share": 0.05333333333333334, "breach_p1": 0.16326530612244897, "breach_p2": 0.0, "breach_p3": 0.0, "breach_p4": 0.0, "decisions": 150, "latency_ms_per_decision": 0.04993859057625135, "replans": null, "validator_ok": 1, "runtime_s": 0.007490788586437702}, "mor": {"variant": "perm20260806", "instance_id": "c12_replay_150_0140", "campus": 12, "size": 150, "track": "replay", "structure": "chain", "phi": 1.0, "eta": 1.0, "m": 0.6, "u_target": null, "u_realized": null, "method": "mor", "seed": 301, "twt": 616.0, "makespan": 92.2954, "mean_flow": 5.084722666666667, "breach_share": 0.05333333333333334, "breach_p1": 0.16326530612244897, "breach_p2": 0.0, "breach_p3": 0.0, "breach_p4": 0.0, "decisions": 150, "latency_ms_per_decision": 0.0493366022904714, "replans": null, "validator_ok": 1, "runtime_s": 0.007400490343570709}, "lfj_atc": {"variant": "perm20260806", "instance_id": "c12_replay_150_0140", "campus": 12, "size": 150, "track": "replay", "structure": "chain", "phi": 1.0, "eta": 1.0, "m": 0.6, "u_target": null, "u_realized": null, "method": "lfj_atc", "seed": 301, "twt": 616.0, "makespan": 92.2954, "mean_flow": 5.078056, "breach_share": 0.05333333333333334, "breach_p1": 0.16326530612244897, "breach_p2": 0.0, "breach_p3": 0.0, "breach_p4": 0.0, "decisions": 150, "latency_ms_per_decision": 0.012645311653614044, "replans": null, "validator_ok": 1, "runtime_s": 0.0018967967480421066}, "atc_eta": {"variant": "perm20260806", "instance_id": "c12_replay_150_0140", "campus": 12, "size": 150, "track": "replay", "structure": "chain", "phi": 1.0, "eta": 1.0, "m": 0.6, "u_target": null, "u_realized": null, "method": "atc_eta", "seed": 301, "twt": 616.0, "makespan": 92.2954, "mean_flow": 5.078056, "breach_share": 0.05333333333333334, "breach_p1": 0.16326530612244897, "breach_p2": 0.0, "breach_p3": 0.0, "breach_p4": 0.0, "decisions": 150, "latency_ms_per_decision": 0.08625042935212453, "replans": null, "validator_ok": 1, "runtime_s": 0.01293756440281868}, "random": {"variant": "perm20260806", "instance_id": "c12_replay_150_0140", "campus": 12, "size": 150, "track": "replay", "structure": "chain", "phi": 1.0, "eta": 1.0, "m": 0.6, "u_target": null, "u_realized": null, "method": "random", "seed": 301, "twt": 616.0, "makespan": 92.2954, "mean_flow": 5.073056, "breach_share": 0.05333333333333334, "breach_p1": 0.16326530612244897, "breach_p2": 0.0, "breach_p3": 0.0, "breach_p4": 0.0, "decisions": 150, "latency_ms_per_decision": 0.008887791385253271, "replans": null, "validator_ok": 1, "runtime_s": 0.0013331687077879906}}, "budget_B": 112, "headcount": 112, "chain_order": ["E20", "B30", "D20", "D40", "D50", "C30", "E10", "B20", "D30", "UNK", "D90", "MISC", "C10"]}