{"config_id": "c12_replay_150_0148__chain_adj_eta100", "rows": {"edd": {"variant": "chain_adj", "instance_id": "c12_replay_150_0148", "campus": 12, "size": 150, "track": "replay", "structure": "chain_adj", "phi": 1.0, "eta": 1.0, "m": 0.6, "u_target": null, "u_realized": null, "method": "edd", "seed": 301, "twt": 710.9184, "makespan": 98.8648, "mean_flow": 4.387098666666667, "breach_share": 0.02666666666666667, "breach_p1": 0.21052631578947367, "breach_p2": 0.0, "breach_p3": 0.0, "breach_p4": 0.0, "decisions": 150, "latency_ms_per_decision": 0.012470968067646027, "replans": null, "validator_ok": 1, "runtime_s": 0.001870645210146904}, "wspt": {"variant": "chain_adj", "instance_id": "c12_replay_150_0148", "campus": 12, "size": 150, "track": "replay", "structure": "chain_adj", "phi": 1.0, "eta": 1.0, "m": 0.6, "u_target": null, "u_realized": null, "method": "wspt", "seed": 301, "twt": 710.9184, "makespan": 98.8648, "mean_flow": 4.387098666666667, "breach_share": 0.02666666666666667, "breach_p1": 0.21052631578947367, "breach_p2": 0.0, "breach_p3": 0.0, "breach_p4": 0.0, "decisions": 150, "latency_ms_per_decision": 0.022260167946418125, "replans": null, "validator_ok": 1, "runtime_s": 0.003339025191962719}, "atc": {"variant": "chain_adj", "instance_id": "c12_replay_150_0148", "campus": 12, "size": 150, "track": "replay", "structure": "chain_adj", "phi": 1.0, "eta": 1.0, "m": 0.6, "u_target": null, "u_realized": null, "method": "atc", "seed": 301, "twt": 710.9184, "makespan": 98.8648, "mean_flow": 4.387098666666667, "breach_share": 0.02666666666666667, "breach_p1": 0.21052631578947367, "breach_p2": 0.0, "breach_p3": 0.0, "breach_p4": 0.0, "decisions": 150, "latency_ms_per_decision": 0.035251385221878685, "replans": null, "validator_ok": 1, "runtime_s": 0.005287707783281803}, "pfifo": {"variant": "chain_adj", "instance_id": "c12_replay_150_0148", "campus": 12, "size": 150, "track": "replay", "structure": "chain_adj", "phi": 1.0, "eta": 1.0, "m": 0.6, "u_target": null, "u_realized": null, "method": "pfifo", "seed": 301, "twt": 710.9184, "makespan": 98.8648, "mean_flow": 4.387098666666667, "breach_share": 0.02666666666666667, "breach_p1": 0.21052631578947367, "breach_p2": 0.0, "breach_p3": 0.0, "breach_p4": 0.0, "decisions": 150, "latency_ms_per_decision": 0.03292784094810486, "replans": null, "validator_ok": 1, "runtime_s": 0.004939176142215729}, "mor": {"variant": "chain_adj", "instance_id": "c12_replay_150_0148", "campus": 12, "size": 150, "track": "replay", "structure": "chain_adj", "phi": 1.0, "eta": 1.0, "m": 0.6, "u_target": null, "u_realized": null, "method": "mor", "seed": 301, "twt": 710.9184, "makespan": 98.8648, "mean_flow": 4.387098666666667, "breach_share": 0.02666666666666667, "breach_p1": 0.21052631578947367, "breach_p2": 0.0, "breach_p3": 0.0, "breach_p4": 0.0, "decisions": 150, "latency_ms_per_decision": 0.03271961584687233, "replans": null, "validator_ok": 1, "runtime_s": 0.0049079423770308495}, "lfj_atc": {"variant": "chain_adj", "instance_id": "c12_replay_150_0148", "campus": 12, "size": 150, "track": "replay", "structure": "chain_adj", "phi": 1.0, "eta": 1.0, "m": 0.6, "u_target": null, "u_realized": null, "method": "lfj_atc", "seed": 301, "twt": 710.9184, "makespan": 98.8648, "mean_flow": 4.387098666666667, "breach_share": 0.02666666666666667, "breach_p1": 0.21052631578947367, "breach_p2": 0.0, "breach_p3": 0.0, "breach_p4": 0.0, "decisions": 150, "latency_ms_per_decision": 0.03643138955036799, "replans": null, "validator_ok": 1, "runtime_s": 0.005464708432555199}, "atc_eta": {"variant": "chain_adj", "instance_id": "c12_replay_150_0148", "campus": 12, "size": 150, "track": "replay", "structure": "chain_adj", "phi": 1.0, "eta": 1.0, "m": 0.6, "u_target": null, "u_realized": null, "method": "atc_eta", "seed": 301, "twt": 710.9184, "makespan": 98.8648, "mean_flow": 4.387098666666667, "breach_share": 0.02666666666666667, "breach_p1": 0.21052631578947367, "breach_p2": 0.0, "breach_p3": 0.0, "breach_p4": 0.0, "decisions": 150, "latency_ms_per_decision": 0.05372237414121628, "replans": null, "validator_ok": 1, "runtime_s": 0.008058356121182442}, "random": {"variant": "chain_adj", "instance_id": "c12_replay_150_0148", "campus": 12, "size": 150, "track": "replay", "structure": "chain_adj", "phi": 1.0, "eta": 1.0, "m": 0.6, "u_target": null, "u_realized": null, "method": "random", "seed": 301, "twt": 710.9184, "makespan": 98.8648, "mean_flow": 4.387098666666667, "breach_share": 0.02666666666666667, "breach_p1": 0.21052631578947367, "breach_p2": 0.0, "breach_p3": 0.0, "breach_p4": 0.0, "decisions": 150, "latency_ms_per_decision": 0.012421074012915293, "replans": null, "validator_ok": 1, "runtime_s": 0.001863161101937294}}, "budget_B": 112, "headcount": 112, "chain_order": ["D30", "D20", "D90", "D40", "MISC", "E20", "E10", "UNK", "C30", "C10", "D50", "B20", "B30"]}