{"config_id": "c12_replay_150_0194__pairs_eta100", "rows": {"edd": {"variant": "pairs", "instance_id": "c12_replay_150_0194", "campus": 12, "size": 150, "track": "replay", "structure": "pairs", "phi": 1.0, "eta": 1.0, "m": 0.6, "u_target": null, "u_realized": null, "method": "edd", "seed": 301, "twt": 426.0, "makespan": 66.4017, "mean_flow": 4.647666666666667, "breach_share": 0.06, "breach_p1": 0.26666666666666666, "breach_p2": 0.03571428571428571, "breach_p3": 0.0, "breach_p4": 0.0, "decisions": 150, "latency_ms_per_decision": 0.008894409984350204, "replans": null, "validator_ok": 1, "runtime_s": 0.0013341614976525307}, "wspt": {"variant": "pairs", "instance_id": "c12_replay_150_0194", "campus": 12, "size": 150, "track": "replay", "structure": "pairs", "phi": 1.0, "eta": 1.0, "m": 0.6, "u_target": null, "u_realized": null, "method": "wspt", "seed": 301, "twt": 426.0, "makespan": 66.4017, "mean_flow": 4.647666666666667, "breach_share": 0.06, "breach_p1": 0.26666666666666666, "breach_p2": 0.03571428571428571, "breach_p3": 0.0, "breach_p4": 0.0, "decisions": 150, "latency_ms_per_decision": 0.008970294147729874, "replans": null, "validator_ok": 1, "runtime_s": 0.001345544122159481}, "atc": {"variant": "pairs", "instance_id": "c12_replay_150_0194", "campus": 12, "size": 150, "track": "replay", "structure": "pairs", "phi": 1.0, "eta": 1.0, "m": 0.6, "u_target": null, "u_realized": null, "method": "atc", "seed": 301, "twt": 426.0, "makespan": 66.4017, "mean_flow": 4.647666666666667, "breach_share": 0.06, "breach_p1": 0.26666666666666666, "breach_p2": 0.03571428571428571, "breach_p3": 0.0, "breach_p4": 0.0, "decisions": 150, "latency_ms_per_decision": 0.010426050672928492, "replans": null, "validator_ok": 1, "runtime_s": 0.0015639076009392738}, "pfifo": {"variant": "pairs", "instance_id": "c12_replay_150_0194", "campus": 12, "size": 150, "track": "replay", "structure": "pairs", "phi": 1.0, "eta": 1.0, "m": 0.6, "u_target": null, "u_realized": null, "method": "pfifo", "seed": 301, "twt": 426.0, "makespan": 66.4017, "mean_flow": 4.647666666666667, "breach_share": 0.06, "breach_p1": 0.26666666666666666, "breach_p2": 0.03571428571428571, "breach_p3": 0.0, "breach_p4": 0.0, "decisions": 150, "latency_ms_per_decision": 0.008985878278811773, "replans": null, "validator_ok": 1, "runtime_s": 0.001347881741821766}, "mor": {"variant": "pairs", "instance_id": "c12_replay_150_0194", "campus": 12, "size": 150, "track": "replay", "structure": "pairs", "phi": 1.0, "eta": 1.0, "m": 0.6, "u_target": null, "u_realized": null, "method": "mor", "seed": 301, "twt": 426.0, "makespan": 66.4017, "mean_flow": 4.647666666666667, "breach_share": 0.06, "breach_p1": 0.26666666666666666, "breach_p2": 0.03571428571428571, "breach_p3": 0.0, "breach_p4": 0.0, "decisions": 150, "latency_ms_per_decision": 0.008874144405126572, "replans": null, "validator_ok": 1, "runtime_s": 0.0013311216607689857}, "lfj_atc": {"variant": "pairs", "instance_id": "c12_replay_150_0194", "campus": 12, "size": 150, "track": "replay", "structure": "pairs", "phi": 1.0, "eta": 1.0, "m": 0.6, "u_target": null, "u_realized": null, "method": "lfj_atc", "seed": 301, "twt": 426.0, "makespan": 66.4017, "mean_flow": 4.647666666666667, "breach_share": 0.06, "breach_p1": 0.26666666666666666, "breach_p2": 0.03571428571428571, "breach_p3": 0.0, "breach_p4": 0.0, "decisions": 150, "latency_ms_per_decision": 0.011220909655094147, "replans": null, "validator_ok": 1, "runtime_s": 0.001683136448264122}, "atc_eta": {"variant": "pairs", "instance_id": "c12_replay_150_0194", "campus": 12, "size": 150, "track": "replay", "structure": "pairs", "phi": 1.0, "eta": 1.0, "m": 0.6, "u_target": null, "u_realized": null, "method": "atc_eta", "seed": 301, "twt": 426.0, "makespan": 66.4017, "mean_flow": 4.647666666666667, "breach_share": 0.06, "breach_p1": 0.26666666666666666, "breach_p2": 0.03571428571428571, "breach_p3": 0.0, "breach_p4": 0.0, "decisions": 150, "latency_ms_per_decision": 0.022797634204228718, "replans": null, "validator_ok": 1, "runtime_s": 0.003419645130634308}, "random": {"variant": "pairs", "instance_id": "c12_replay_150_0194", "campus": 12, "size": 150, "track": "replay", "structure": "pairs", "phi": 1.0, "eta": 1.0, "m": 0.6, "u_target": null, "u_realized": null, "method": "random", "seed": 301, "twt": 426.0, "makespan": 66.4017, "mean_flow": 4.647666666666667, "breach_share": 0.06, "breach_p1": 0.26666666666666666, "breach_p2": 0.03571428571428571, "breach_p3": 0.0, "breach_p4": 0.0, "decisions": 150, "latency_ms_per_decision": 0.008703110118707022, "replans": null, "validator_ok": 1, "runtime_s": 0.0013054665178060532}}, "budget_B": 112, "headcount": 112, "chain_order": ["D30", "D20", "D50", "C30", "MISC", "C10", "D90", "E20", "B20", "E10", "D40", "B30", "UNK"]}