{"config_id": "c12_replay_150_0106__star_eta100", "rows": {"edd": {"variant": "star", "instance_id": "c12_replay_150_0106", "campus": 12, "size": 150, "track": "replay", "structure": "star", "phi": 1.0, "eta": 1.0, "m": 0.6, "u_target": null, "u_realized": null, "method": "edd", "seed": 301, "twt": 144.0, "makespan": 90.8648, "mean_flow": 4.870252000000001, "breach_share": 0.02666666666666667, "breach_p1": 0.06818181818181818, "breach_p2": 0.04, "breach_p3": 0.0, "breach_p4": 0.0, "decisions": 150, "latency_ms_per_decision": 0.00977217530210813, "replans": null, "validator_ok": 1, "runtime_s": 0.0014658262953162193}, "wspt": {"variant": "star", "instance_id": "c12_replay_150_0106", "campus": 12, "size": 150, "track": "replay", "structure": "star", "phi": 1.0, "eta": 1.0, "m": 0.6, "u_target": null, "u_realized": null, "method": "wspt", "seed": 301, "twt": 150.9376, "makespan": 90.8648, "mean_flow": 4.855998666666667, "breach_share": 0.02666666666666667, "breach_p1": 0.06818181818181818, "breach_p2": 0.04, "breach_p3": 0.0, "breach_p4": 0.0, "decisions": 150, "latency_ms_per_decision": 0.009885032971700033, "replans": null, "validator_ok": 1, "runtime_s": 0.0014827549457550049}, "atc": {"variant": "star", "instance_id": "c12_replay_150_0106", "campus": 12, "size": 150, "track": "replay", "structure": "star", "phi": 1.0, "eta": 1.0, "m": 0.6, "u_target": null, "u_realized": null, "method": "atc", "seed": 301, "twt": 144.0, "makespan": 90.8648, "mean_flow": 4.866054000000001, "breach_share": 0.02666666666666667, "breach_p1": 0.06818181818181818, "breach_p2": 0.04, "breach_p3": 0.0, "breach_p4": 0.0, "decisions": 150, "latency_ms_per_decision": 0.01307270179192225, "replans": null, "validator_ok": 1, "runtime_s": 0.0019609052687883377}, "pfifo": {"variant": "star", "instance_id": "c12_replay_150_0106", "campus": 12, "size": 150, "track": "replay", "structure": "star", "phi": 1.0, "eta": 1.0, "m": 0.6, "u_target": null, "u_realized": null, "method": "pfifo", "seed": 301, "twt": 144.0, "makespan": 90.8648, "mean_flow": 4.870252000000001, "breach_share": 0.02666666666666667, "breach_p1": 0.06818181818181818, "breach_p2": 0.04, "breach_p3": 0.0, "breach_p4": 0.0, "decisions": 150, "latency_ms_per_decision": 0.01018627236286799, "replans": null, "validator_ok": 1, "runtime_s": 0.0015279408544301987}, "mor": {"variant": "star", "instance_id": "c12_replay_150_0106", "campus": 12, "size": 150, "track": "replay", "structure": "star", "phi": 1.0, "eta": 1.0, "m": 0.6, "u_target": null, "u_realized": null, "method": "mor", "seed": 301, "twt": 144.0, "makespan": 90.8648, "mean_flow": 4.870252000000001, "breach_share": 0.02666666666666667, "breach_p1": 0.06818181818181818, "breach_p2": 0.04, "breach_p3": 0.0, "breach_p4": 0.0, "decisions": 150, "latency_ms_per_decision": 0.009725789229075113, "replans": null, "validator_ok": 1, "runtime_s": 0.001458868384361267}, "lfj_atc": {"variant": "star", "instance_id": "c12_replay_150_0106", "campus": 12, "size": 150, "track": "replay", "structure": "star", "phi": 1.0, "eta": 1.0, "m": 0.6, "u_target": null, "u_realized": null, "method": "lfj_atc", "seed": 301, "twt": 144.0, "makespan": 90.8648, "mean_flow": 4.866054000000001, "breach_share": 0.02666666666666667, "breach_p1": 0.06818181818181818, "breach_p2": 0.04, "breach_p3": 0.0, "breach_p4": 0.0, "decisions": 150, "latency_ms_per_decision": 0.013929276416699091, "replans": null, "validator_ok": 1, "runtime_s": 0.0020893914625048637}, "atc_eta": {"variant": "star", "instance_id": "c12_replay_150_0106", "campus": 12, "size": 150, "track": "replay", "structure": "star", "phi": 1.0, "eta": 1.0, "m": 0.6, "u_target": null, "u_realized": null, "method": "atc_eta", "seed": 301, "twt": 144.0, "makespan": 90.8648, "mean_flow": 4.866054000000001, "breach_share": 0.02666666666666667, "breach_p1": 0.06818181818181818, "breach_p2": 0.04, "breach_p3": 0.0, "breach_p4": 0.0, "decisions": 150, "latency_ms_per_decision": 0.030178117255369823, "replans": null, "validator_ok": 1, "runtime_s": 0.004526717588305473}, "random": {"variant": "star", "instance_id": "c12_replay_150_0106", "campus": 12, "size": 150, "track": "replay", "structure": "star", "phi": 1.0, "eta": 1.0, "m": 0.6, "u_target": null, "u_realized": null, "method": "random", "seed": 301, "twt": 144.0, "makespan": 90.8648, "mean_flow": 4.861602, "breach_share": 0.02666666666666667, "breach_p1": 0.06818181818181818, "breach_p2": 0.04, "breach_p3": 0.0, "breach_p4": 0.0, "decisions": 150, "latency_ms_per_decision": 0.009031438579161962, "replans": null, "validator_ok": 1, "runtime_s": 0.0013547157868742943}}, "budget_B": 112, "headcount": 112, "chain_order": ["D30", "D20", "D50", "C30", "MISC", "C10", "D90", "E20", "B20", "E10", "D40", "B30", "UNK"]}