{"config_id": "c12_replay_400_0080__perm20260808", "rows": {"edd": {"variant": "perm20260808", "instance_id": "c12_replay_400_0080", "campus": 12, "size": 400, "track": "replay", "structure": "chain", "phi": 1.0, "eta": 1.0, "m": 0.6, "u_target": null, "u_realized": null, "method": "edd", "seed": 301, "twt": 1121.7296000000001, "makespan": 110.5998, "mean_flow": 5.5570645, "breach_share": 0.0375, "breach_p1": 0.1590909090909091, "breach_p2": 0.0, "breach_p3": 0.007352941176470588, "breach_p4": 0.0, "decisions": 400, "latency_ms_per_decision": 0.01608725404366851, "replans": null, "validator_ok": 1, "runtime_s": 0.006434901617467403}, "wspt": {"variant": "perm20260808", "instance_id": "c12_replay_400_0080", "campus": 12, "size": 400, "track": "replay", "structure": "chain", "phi": 1.0, "eta": 1.0, "m": 0.6, "u_target": null, "u_realized": null, "method": "wspt", "seed": 301, "twt": 1158.9540000000002, "makespan": 110.5998, "mean_flow": 5.476653, "breach_share": 0.04, "breach_p1": 0.1590909090909091, "breach_p2": 0.014285714285714285, "breach_p3": 0.007352941176470588, "breach_p4": 0.0, "decisions": 400, "latency_ms_per_decision": 0.016658995300531387, "replans": null, "validator_ok": 1, "runtime_s": 0.006663598120212555}, "atc": {"variant": "perm20260808", "instance_id": "c12_replay_400_0080", "campus": 12, "size": 400, "track": "replay", "structure": "chain", "phi": 1.0, "eta": 1.0, "m": 0.6, "u_target": null, "u_realized": null, "method": "atc", "seed": 301, "twt": 1121.7296000000001, "makespan": 110.5998, "mean_flow": 5.496322, "breach_share": 0.0375, "breach_p1": 0.1590909090909091, "breach_p2": 0.0, "breach_p3": 0.007352941176470588, "breach_p4": 0.0, "decisions": 400, "latency_ms_per_decision": 0.03489392809569836, "replans": null, "validator_ok": 1, "runtime_s": 0.013957571238279343}, "pfifo": {"variant": "perm20260808", "instance_id": "c12_replay_400_0080", "campus": 12, "size": 400, "track": "replay", "structure": "chain", "phi": 1.0, "eta": 1.0, "m": 0.6, "u_target": null, "u_realized": null, "method": "pfifo", "seed": 301, "twt": 1121.7296000000001, "makespan": 110.5998, "mean_flow": 5.5570645, "breach_share": 0.0375, "breach_p1": 0.1590909090909091, "breach_p2": 0.0, "breach_p3": 0.007352941176470588, "breach_p4": 0.0, "decisions": 400, "latency_ms_per_decision": 0.01647698227316141, "replans": null, "validator_ok": 1, "runtime_s": 0.0065907929092645645}, "mor": {"variant": "perm20260808", "instance_id": "c12_replay_400_0080", "campus": 12, "size": 400, "track": "replay", "structure": "chain", "phi": 1.0, "eta": 1.0, "m": 0.6, "u_target": null, "u_realized": null, "method": "mor", "seed": 301, "twt": 1121.7296000000001, "makespan": 110.5998, "mean_flow": 5.8421347500000005, "breach_share": 0.0375, "breach_p1": 0.1590909090909091, "breach_p2": 0.0, "breach_p3": 0.007352941176470588, "breach_p4": 0.0, "decisions": 400, "latency_ms_per_decision": 0.024458118714392185, "replans": null, "validator_ok": 1, "runtime_s": 0.009783247485756874}, "lfj_atc": {"variant": "perm20260808", "instance_id": "c12_replay_400_0080", "campus": 12, "size": 400, "track": "replay", "structure": "chain", "phi": 1.0, "eta": 1.0, "m": 0.6, "u_target": null, "u_realized": null, "method": "lfj_atc", "seed": 301, "twt": 1121.7296000000001, "makespan": 110.5998, "mean_flow": 5.498197, "breach_share": 0.0375, "breach_p1": 0.1590909090909091, "breach_p2": 0.0, "breach_p3": 0.007352941176470588, "breach_p4": 0.0, "decisions": 400, "latency_ms_per_decision": 0.028049664106220007, "replans": null, "validator_ok": 1, "runtime_s": 0.011219865642488003}, "atc_eta": {"variant": "perm20260808", "instance_id": "c12_replay_400_0080", "campus": 12, "size": 400, "track": "replay", "structure": "chain", "phi": 1.0, "eta": 1.0, "m": 0.6, "u_target": null, "u_realized": null, "method": "atc_eta", "seed": 301, "twt": 1121.7296000000001, "makespan": 110.5998, "mean_flow": 5.496322, "breach_share": 0.0375, "breach_p1": 0.1590909090909091, "breach_p2": 0.0, "breach_p3": 0.007352941176470588, "breach_p4": 0.0, "decisions": 400, "latency_ms_per_decision": 0.08518585236743093, "replans": null, "validator_ok": 1, "runtime_s": 0.03407434094697237}, "random": {"variant": "perm20260808", "instance_id": "c12_replay_400_0080", "campus": 12, "size": 400, "track": "replay", "structure": "chain", "phi": 1.0, "eta": 1.0, "m": 0.6, "u_target": null, "u_realized": null, "method": "random", "seed": 301, "twt": 1134.7012, "makespan": 110.5998, "mean_flow": 5.6033040000000005, "breach_share": 0.04, "breach_p1": 0.1590909090909091, "breach_p2": 0.014285714285714285, "breach_p3": 0.007352941176470588, "breach_p4": 0.0, "decisions": 400, "latency_ms_per_decision": 0.022919578477740288, "replans": null, "validator_ok": 1, "runtime_s": 0.009167831391096115}}, "budget_B": 112, "headcount": 112, "chain_order": ["MISC", "E20", "B30", "D90", "C30", "E10", "D20", "UNK", "D50", "C10", "D30", "B20", "D40"]}