{"config_id": "c12_replay_150_0169__feasnorm_eta100", "rows": {"edd": {"variant": "feasnorm", "instance_id": "c12_replay_150_0169", "campus": 12, "size": 150, "track": "replay", "structure": "feasnorm", "phi": 1.0, "eta": 1.0, "m": 0.6, "u_target": null, "u_realized": null, "method": "edd", "seed": 301, "twt": 299.4592, "makespan": 94.0879, "mean_flow": 5.2384319999999995, "breach_share": 0.013333333333333334, "breach_p1": 0.05263157894736842, "breach_p2": 0.034482758620689655, "breach_p3": 0.0, "breach_p4": 0.0, "decisions": 150, "latency_ms_per_decision": 0.007998651514450708, "replans": null, "validator_ok": 1, "runtime_s": 0.0011997977271676064}, "wspt": {"variant": "feasnorm", "instance_id": "c12_replay_150_0169", "campus": 12, "size": 150, "track": "replay", "structure": "feasnorm", "phi": 1.0, "eta": 1.0, "m": 0.6, "u_target": null, "u_realized": null, "method": "wspt", "seed": 301, "twt": 299.4592, "makespan": 94.0879, "mean_flow": 5.2384319999999995, "breach_share": 0.013333333333333334, "breach_p1": 0.05263157894736842, "breach_p2": 0.034482758620689655, "breach_p3": 0.0, "breach_p4": 0.0, "decisions": 150, "latency_ms_per_decision": 0.008176832149426142, "replans": null, "validator_ok": 1, "runtime_s": 0.0012265248224139214}, "atc": {"variant": "feasnorm", "instance_id": "c12_replay_150_0169", "campus": 12, "size": 150, "track": "replay", "structure": "feasnorm", "phi": 1.0, "eta": 1.0, "m": 0.6, "u_target": null, "u_realized": null, "method": "atc", "seed": 301, "twt": 299.4592, "makespan": 94.0879, "mean_flow": 5.2384319999999995, "breach_share": 0.013333333333333334, "breach_p1": 0.05263157894736842, "breach_p2": 0.034482758620689655, "breach_p3": 0.0, "breach_p4": 0.0, "decisions": 150, "latency_ms_per_decision": 0.009895221640666326, "replans": null, "validator_ok": 1, "runtime_s": 0.0014842832460999489}, "pfifo": {"variant": "feasnorm", "instance_id": "c12_replay_150_0169", "campus": 12, "size": 150, "track": "replay", "structure": "feasnorm", "phi": 1.0, "eta": 1.0, "m": 0.6, "u_target": null, "u_realized": null, "method": "pfifo", "seed": 301, "twt": 299.4592, "makespan": 94.0879, "mean_flow": 5.2384319999999995, "breach_share": 0.013333333333333334, "breach_p1": 0.05263157894736842, "breach_p2": 0.034482758620689655, "breach_p3": 0.0, "breach_p4": 0.0, "decisions": 150, "latency_ms_per_decision": 0.008052419871091843, "replans": null, "validator_ok": 1, "runtime_s": 0.0012078629806637764}, "mor": {"variant": "feasnorm", "instance_id": "c12_replay_150_0169", "campus": 12, "size": 150, "track": "replay", "structure": "feasnorm", "phi": 1.0, "eta": 1.0, "m": 0.6, "u_target": null, "u_realized": null, "method": "mor", "seed": 301, "twt": 299.4592, "makespan": 94.0879, "mean_flow": 5.2384319999999995, "breach_share": 0.013333333333333334, "breach_p1": 0.05263157894736842, "breach_p2": 0.034482758620689655, "breach_p3": 0.0, "breach_p4": 0.0, "decisions": 150, "latency_ms_per_decision": 0.008289789160092672, "replans": null, "validator_ok": 1, "runtime_s": 0.0012434683740139008}, "lfj_atc": {"variant": "feasnorm", "instance_id": "c12_replay_150_0169", "campus": 12, "size": 150, "track": "replay", "structure": "feasnorm", "phi": 1.0, "eta": 1.0, "m": 0.6, "u_target": null, "u_realized": null, "method": "lfj_atc", "seed": 301, "twt": 299.4592, "makespan": 94.0879, "mean_flow": 5.2384319999999995, "breach_share": 0.013333333333333334, "breach_p1": 0.05263157894736842, "breach_p2": 0.034482758620689655, "breach_p3": 0.0, "breach_p4": 0.0, "decisions": 150, "latency_ms_per_decision": 0.010831591983636221, "replans": null, "validator_ok": 1, "runtime_s": 0.001624738797545433}, "atc_eta": {"variant": "feasnorm", "instance_id": "c12_replay_150_0169", "campus": 12, "size": 150, "track": "replay", "structure": "feasnorm", "phi": 1.0, "eta": 1.0, "m": 0.6, "u_target": null, "u_realized": null, "method": "atc_eta", "seed": 301, "twt": 299.4592, "makespan": 94.0879, "mean_flow": 5.2384319999999995, "breach_share": 0.013333333333333334, "breach_p1": 0.05263157894736842, "breach_p2": 0.034482758620689655, "breach_p3": 0.0, "breach_p4": 0.0, "decisions": 150, "latency_ms_per_decision": 0.020459052175283432, "replans": null, "validator_ok": 1, "runtime_s": 0.003068857826292515}, "random": {"variant": "feasnorm", "instance_id": "c12_replay_150_0169", "campus": 12, "size": 150, "track": "replay", "structure": "feasnorm", "phi": 1.0, "eta": 1.0, "m": 0.6, "u_target": null, "u_realized": null, "method": "random", "seed": 301, "twt": 299.4592, "makespan": 94.0879, "mean_flow": 5.2384319999999995, "breach_share": 0.013333333333333334, "breach_p1": 0.05263157894736842, "breach_p2": 0.034482758620689655, "breach_p3": 0.0, "breach_p4": 0.0, "decisions": 150, "latency_ms_per_decision": 0.00772552564740181, "replans": null, "validator_ok": 1, "runtime_s": 0.0011588288471102715}}, "budget_B": 112, "headcount": 112, "chain_order": ["D30", "D20", "D90", "D40", "MISC", "E20", "E10", "UNK", "C30", "C10", "D50", "B20", "B30"]}