{"config_id": "c12_replay_150_0165__perm20260802", "rows": {"edd": {"variant": "perm20260802", "instance_id": "c12_replay_150_0165", "campus": 12, "size": 150, "track": "replay", "structure": "chain", "phi": 1.0, "eta": 1.0, "m": 0.6, "u_target": null, "u_realized": null, "method": "edd", "seed": 301, "twt": 84.0, "makespan": 60.8408, "mean_flow": 5.2301573333333335, "breach_share": 0.02666666666666667, "breach_p1": 0.11428571428571428, "breach_p2": 0.0, "breach_p3": 0.0, "breach_p4": 0.0, "decisions": 150, "latency_ms_per_decision": 0.01258916531999906, "replans": null, "validator_ok": 1, "runtime_s": 0.0018883747979998589}, "wspt": {"variant": "perm20260802", "instance_id": "c12_replay_150_0165", "campus": 12, "size": 150, "track": "replay", "structure": "chain", "phi": 1.0, "eta": 1.0, "m": 0.6, "u_target": null, "u_realized": null, "method": "wspt", "seed": 301, "twt": 84.0, "makespan": 60.8408, "mean_flow": 5.228252, "breach_share": 0.02666666666666667, "breach_p1": 0.11428571428571428, "breach_p2": 0.0, "breach_p3": 0.0, "breach_p4": 0.0, "decisions": 150, "latency_ms_per_decision": 0.012533136953910192, "replans": null, "validator_ok": 1, "runtime_s": 0.0018799705430865288}, "atc": {"variant": "perm20260802", "instance_id": "c12_replay_150_0165", "campus": 12, "size": 150, "track": "replay", "structure": "chain", "phi": 1.0, "eta": 1.0, "m": 0.6, "u_target": null, "u_realized": null, "method": "atc", "seed": 301, "twt": 84.0, "makespan": 60.8408, "mean_flow": 5.228252, "breach_share": 0.02666666666666667, "breach_p1": 0.11428571428571428, "breach_p2": 0.0, "breach_p3": 0.0, "breach_p4": 0.0, "decisions": 150, "latency_ms_per_decision": 0.03713463122646014, "replans": null, "validator_ok": 1, "runtime_s": 0.005570194683969021}, "pfifo": {"variant": "perm20260802", "instance_id": "c12_replay_150_0165", "campus": 12, "size": 150, "track": "replay", "structure": "chain", "phi": 1.0, "eta": 1.0, "m": 0.6, "u_target": null, "u_realized": null, "method": "pfifo", "seed": 301, "twt": 84.0, "makespan": 60.8408, "mean_flow": 5.2301573333333335, "breach_share": 0.02666666666666667, "breach_p1": 0.11428571428571428, "breach_p2": 0.0, "breach_p3": 0.0, "breach_p4": 0.0, "decisions": 150, "latency_ms_per_decision": 0.032972668608029686, "replans": null, "validator_ok": 1, "runtime_s": 0.0049459002912044525}, "mor": {"variant": "perm20260802", "instance_id": "c12_replay_150_0165", "campus": 12, "size": 150, "track": "replay", "structure": "chain", "phi": 1.0, "eta": 1.0, "m": 0.6, "u_target": null, "u_realized": null, "method": "mor", "seed": 301, "twt": 84.0, "makespan": 60.8408, "mean_flow": 5.233178, "breach_share": 0.02666666666666667, "breach_p1": 0.11428571428571428, "breach_p2": 0.0, "breach_p3": 0.0, "breach_p4": 0.0, "decisions": 150, "latency_ms_per_decision": 0.03235497201482455, "replans": null, "validator_ok": 1, "runtime_s": 0.004853245802223682}, "lfj_atc": {"variant": "perm20260802", "instance_id": "c12_replay_150_0165", "campus": 12, "size": 150, "track": "replay", "structure": "chain", "phi": 1.0, "eta": 1.0, "m": 0.6, "u_target": null, "u_realized": null, "method": "lfj_atc", "seed": 301, "twt": 84.0, "makespan": 60.8408, "mean_flow": 5.228252, "breach_share": 0.02666666666666667, "breach_p1": 0.11428571428571428, "breach_p2": 0.0, "breach_p3": 0.0, "breach_p4": 0.0, "decisions": 150, "latency_ms_per_decision": 0.03175515060623487, "replans": null, "validator_ok": 1, "runtime_s": 0.00476327259093523}, "atc_eta": {"variant": "perm20260802", "instance_id": "c12_replay_150_0165", "campus": 12, "size": 150, "track": "replay", "structure": "chain", "phi": 1.0, "eta": 1.0, "m": 0.6, "u_target": null, "u_realized": null, "method": "atc_eta", "seed": 301, "twt": 84.0, "makespan": 60.8408, "mean_flow": 5.228252, "breach_share": 0.02666666666666667, "breach_p1": 0.11428571428571428, "breach_p2": 0.0, "breach_p3": 0.0, "breach_p4": 0.0, "decisions": 150, "latency_ms_per_decision": 0.06343245506286621, "replans": null, "validator_ok": 1, "runtime_s": 0.009514868259429932}, "random": {"variant": "perm20260802", "instance_id": "c12_replay_150_0165", "campus": 12, "size": 150, "track": "replay", "structure": "chain", "phi": 1.0, "eta": 1.0, "m": 0.6, "u_target": null, "u_realized": null, "method": "random", "seed": 301, "twt": 84.0, "makespan": 60.8408, "mean_flow": 5.2301573333333335, "breach_share": 0.02666666666666667, "breach_p1": 0.11428571428571428, "breach_p2": 0.0, "breach_p3": 0.0, "breach_p4": 0.0, "decisions": 150, "latency_ms_per_decision": 0.032095350325107574, "replans": null, "validator_ok": 1, "runtime_s": 0.004814302548766136}}, "budget_B": 112, "headcount": 112, "chain_order": ["C10", "E10", "D20", "D90", "E20", "MISC", "D50", "D40", "B30", "D30", "B20", "C30", "UNK"]}