{"config_id": "c12_replay_400_0098__chain_adj_eta100", "rows": {"edd": {"variant": "chain_adj", "instance_id": "c12_replay_400_0098", "campus": 12, "size": 400, "track": "replay", "structure": "chain_adj", "phi": 1.0, "eta": 1.0, "m": 0.6, "u_target": null, "u_realized": null, "method": "edd", "seed": 301, "twt": 1011.2768000000001, "makespan": 79.4383, "mean_flow": 4.54778825, "breach_share": 0.0275, "breach_p1": 0.09090909090909091, "breach_p2": 0.019417475728155338, "breach_p3": 0.0, "breach_p4": 0.0, "decisions": 400, "latency_ms_per_decision": 0.016221581026911736, "replans": null, "validator_ok": 1, "runtime_s": 0.006488632410764694}, "wspt": {"variant": "chain_adj", "instance_id": "c12_replay_400_0098", "campus": 12, "size": 400, "track": "replay", "structure": "chain_adj", "phi": 1.0, "eta": 1.0, "m": 0.6, "u_target": null, "u_realized": null, "method": "wspt", "seed": 301, "twt": 1108.6708, "makespan": 79.4383, "mean_flow": 4.40015575, "breach_share": 0.03, "breach_p1": 0.10101010101010101, "breach_p2": 0.019417475728155338, "breach_p3": 0.0, "breach_p4": 0.0, "decisions": 400, "latency_ms_per_decision": 0.016644964925944805, "replans": null, "validator_ok": 1, "runtime_s": 0.006657985970377922}, "atc": {"variant": "chain_adj", "instance_id": "c12_replay_400_0098", "campus": 12, "size": 400, "track": "replay", "structure": "chain_adj", "phi": 1.0, "eta": 1.0, "m": 0.6, "u_target": null, "u_realized": null, "method": "atc", "seed": 301, "twt": 1072.0480000000002, "makespan": 79.4383, "mean_flow": 4.47259175, "breach_share": 0.03, "breach_p1": 0.10101010101010101, "breach_p2": 0.019417475728155338, "breach_p3": 0.0, "breach_p4": 0.0, "decisions": 400, "latency_ms_per_decision": 0.01973128877580166, "replans": null, "validator_ok": 1, "runtime_s": 0.007892515510320663}, "pfifo": {"variant": "chain_adj", "instance_id": "c12_replay_400_0098", "campus": 12, "size": 400, "track": "replay", "structure": "chain_adj", "phi": 1.0, "eta": 1.0, "m": 0.6, "u_target": null, "u_realized": null, "method": "pfifo", "seed": 301, "twt": 1011.2768000000001, "makespan": 79.4383, "mean_flow": 4.54778825, "breach_share": 0.0275, "breach_p1": 0.09090909090909091, "breach_p2": 0.019417475728155338, "breach_p3": 0.0, "breach_p4": 0.0, "decisions": 400, "latency_ms_per_decision": 0.02418734598904848, "replans": null, "validator_ok": 1, "runtime_s": 0.009674938395619392}, "mor": {"variant": "chain_adj", "instance_id": "c12_replay_400_0098", "campus": 12, "size": 400, "track": "replay", "structure": "chain_adj", "phi": 1.0, "eta": 1.0, "m": 0.6, "u_target": null, "u_realized": null, "method": "mor", "seed": 301, "twt": 977.688, "makespan": 79.4383, "mean_flow": 4.9396154999999995, "breach_share": 0.04, "breach_p1": 0.1414141414141414, "breach_p2": 0.019417475728155338, "breach_p3": 0.0, "breach_p4": 0.0, "decisions": 400, "latency_ms_per_decision": 0.016418443992733955, "replans": null, "validator_ok": 1, "runtime_s": 0.006567377597093582}, "lfj_atc": {"variant": "chain_adj", "instance_id": "c12_replay_400_0098", "campus": 12, "size": 400, "track": "replay", "structure": "chain_adj", "phi": 1.0, "eta": 1.0, "m": 0.6, "u_target": null, "u_realized": null, "method": "lfj_atc", "seed": 301, "twt": 1072.0480000000002, "makespan": 79.4383, "mean_flow": 4.47259175, "breach_share": 0.03, "breach_p1": 0.10101010101010101, "breach_p2": 0.019417475728155338, "breach_p3": 0.0, "breach_p4": 0.0, "decisions": 400, "latency_ms_per_decision": 0.0319433631375432, "replans": null, "validator_ok": 1, "runtime_s": 0.01277734525501728}, "atc_eta": {"variant": "chain_adj", "instance_id": "c12_replay_400_0098", "campus": 12, "size": 400, "track": "replay", "structure": "chain_adj", "phi": 1.0, "eta": 1.0, "m": 0.6, "u_target": null, "u_realized": null, "method": "atc_eta", "seed": 301, "twt": 1072.0480000000002, "makespan": 79.4383, "mean_flow": 4.47259175, "breach_share": 0.03, "breach_p1": 0.10101010101010101, "breach_p2": 0.019417475728155338, "breach_p3": 0.0, "breach_p4": 0.0, "decisions": 400, "latency_ms_per_decision": 0.05577996838837862, "replans": null, "validator_ok": 1, "runtime_s": 0.022311987355351448}, "random": {"variant": "chain_adj", "instance_id": "c12_replay_400_0098", "campus": 12, "size": 400, "track": "replay", "structure": "chain_adj", "phi": 1.0, "eta": 1.0, "m": 0.6, "u_target": null, "u_realized": null, "method": "random", "seed": 301, "twt": 1071.818, "makespan": 79.4383, "mean_flow": 4.58024675, "breach_share": 0.035, "breach_p1": 0.12121212121212122, "breach_p2": 0.019417475728155338, "breach_p3": 0.0, "breach_p4": 0.0, "decisions": 400, "latency_ms_per_decision": 0.01545339822769165, "replans": null, "validator_ok": 1, "runtime_s": 0.00618135929107666}}, "budget_B": 112, "headcount": 112, "chain_order": ["D30", "D20", "D90", "D40", "MISC", "E20", "E10", "UNK", "C30", "C10", "D50", "B20", "B30"]}