{"config_id": "c12_replay_400_0156__feas_eta080", "rows": {"edd": {"variant": "feas", "instance_id": "c12_replay_400_0156", "campus": 12, "size": 400, "track": "replay", "structure": "feas", "phi": 1.0, "eta": 0.8, "m": 0.6, "u_target": null, "u_realized": null, "method": "edd", "seed": 301, "twt": 997.1976, "makespan": 114.8694, "mean_flow": 6.122329500000001, "breach_share": 0.0425, "breach_p1": 0.2222222222222222, "breach_p2": 0.015384615384615385, "breach_p3": 0.0, "breach_p4": 0.0, "decisions": 400, "latency_ms_per_decision": 0.007128766737878323, "replans": null, "validator_ok": 1, "runtime_s": 0.002851506695151329}, "wspt": {"variant": "feas", "instance_id": "c12_replay_400_0156", "campus": 12, "size": 400, "track": "replay", "structure": "feas", "phi": 1.0, "eta": 0.8, "m": 0.6, "u_target": null, "u_realized": null, "method": "wspt", "seed": 301, "twt": 1014.84, "makespan": 114.8694, "mean_flow": 6.010679250000001, "breach_share": 0.0425, "breach_p1": 0.2222222222222222, "breach_p2": 0.015384615384615385, "breach_p3": 0.0, "breach_p4": 0.0, "decisions": 400, "latency_ms_per_decision": 0.007116391789168119, "replans": null, "validator_ok": 1, "runtime_s": 0.0028465567156672478}, "atc": {"variant": "feas", "instance_id": "c12_replay_400_0156", "campus": 12, "size": 400, "track": "replay", "structure": "feas", "phi": 1.0, "eta": 0.8, "m": 0.6, "u_target": null, "u_realized": null, "method": "atc", "seed": 301, "twt": 998.84, "makespan": 114.8694, "mean_flow": 6.0812855, "breach_share": 0.0425, "breach_p1": 0.2222222222222222, "breach_p2": 0.015384615384615385, "breach_p3": 0.0, "breach_p4": 0.0, "decisions": 400, "latency_ms_per_decision": 0.009684381075203419, "replans": null, "validator_ok": 1, "runtime_s": 0.0038737524300813675}, "pfifo": {"variant": "feas", "instance_id": "c12_replay_400_0156", "campus": 12, "size": 400, "track": "replay", "structure": "feas", "phi": 1.0, "eta": 0.8, "m": 0.6, "u_target": null, "u_realized": null, "method": "pfifo", "seed": 301, "twt": 997.1976, "makespan": 114.8694, "mean_flow": 6.122329500000001, "breach_share": 0.0425, "breach_p1": 0.2222222222222222, "breach_p2": 0.015384615384615385, "breach_p3": 0.0, "breach_p4": 0.0, "decisions": 400, "latency_ms_per_decision": 0.007479372434318066, "replans": null, "validator_ok": 1, "runtime_s": 0.0029917489737272263}, "mor": {"variant": "feas", "instance_id": "c12_replay_400_0156", "campus": 12, "size": 400, "track": "replay", "structure": "feas", "phi": 1.0, "eta": 0.8, "m": 0.6, "u_target": null, "u_realized": null, "method": "mor", "seed": 301, "twt": 1000.8264, "makespan": 114.8694, "mean_flow": 6.30941975, "breach_share": 0.0475, "breach_p1": 0.25, "breach_p2": 0.015384615384615385, "breach_p3": 0.0, "breach_p4": 0.0, "decisions": 400, "latency_ms_per_decision": 0.007216299418359995, "replans": null, "validator_ok": 1, "runtime_s": 0.002886519767343998}, "lfj_atc": {"variant": "feas", "instance_id": "c12_replay_400_0156", "campus": 12, "size": 400, "track": "replay", "structure": "feas", "phi": 1.0, "eta": 0.8, "m": 0.6, "u_target": null, "u_realized": null, "method": "lfj_atc", "seed": 301, "twt": 998.84, "makespan": 114.8694, "mean_flow": 6.0812855, "breach_share": 0.0425, "breach_p1": 0.2222222222222222, "breach_p2": 0.015384615384615385, "breach_p3": 0.0, "breach_p4": 0.0, "decisions": 400, "latency_ms_per_decision": 0.009927039500325918, "replans": null, "validator_ok": 1, "runtime_s": 0.003970815800130367}, "atc_eta": {"variant": "feas", "instance_id": "c12_replay_400_0156", "campus": 12, "size": 400, "track": "replay", "structure": "feas", "phi": 1.0, "eta": 0.8, "m": 0.6, "u_target": null, "u_realized": null, "method": "atc_eta", "seed": 301, "twt": 998.84, "makespan": 114.8694, "mean_flow": 6.0812855, "breach_share": 0.0425, "breach_p1": 0.2222222222222222, "breach_p2": 0.015384615384615385, "breach_p3": 0.0, "breach_p4": 0.0, "decisions": 400, "latency_ms_per_decision": 0.017276904545724392, "replans": null, "validator_ok": 1, "runtime_s": 0.006910761818289757}, "random": {"variant": "feas", "instance_id": "c12_replay_400_0156", "campus": 12, "size": 400, "track": "replay", "structure": "feas", "phi": 1.0, "eta": 0.8, "m": 0.6, "u_target": null, "u_realized": null, "method": "random", "seed": 301, "twt": 998.84, "makespan": 114.8694, "mean_flow": 6.07083475, "breach_share": 0.045, "breach_p1": 0.2361111111111111, "breach_p2": 0.015384615384615385, "breach_p3": 0.0, "breach_p4": 0.0, "decisions": 400, "latency_ms_per_decision": 0.006715971976518631, "replans": null, "validator_ok": 1, "runtime_s": 0.0026863887906074524}}, "budget_B": 112, "headcount": 112, "chain_order": ["D30", "D20", "D90", "D40", "MISC", "E20", "E10", "UNK", "C30", "C10", "D50", "B20", "B30"]}