{"config_id": "c12_replay_400_0089__pairs_eta080", "rows": {"edd": {"variant": "pairs", "instance_id": "c12_replay_400_0089", "campus": 12, "size": 400, "track": "replay", "structure": "pairs", "phi": 1.0, "eta": 0.8, "m": 0.6, "u_target": null, "u_realized": null, "method": "edd", "seed": 301, "twt": 1758.0, "makespan": 123.1744, "mean_flow": 7.707510999999999, "breach_share": 0.0475, "breach_p1": 0.2236842105263158, "breach_p2": 0.03076923076923077, "breach_p3": 0.0, "breach_p4": 0.0, "decisions": 400, "latency_ms_per_decision": 0.009260694496333599, "replans": null, "validator_ok": 1, "runtime_s": 0.0037042777985334396}, "wspt": {"variant": "pairs", "instance_id": "c12_replay_400_0089", "campus": 12, "size": 400, "track": "replay", "structure": "pairs", "phi": 1.0, "eta": 0.8, "m": 0.6, "u_target": null, "u_realized": null, "method": "wspt", "seed": 301, "twt": 1858.04, "makespan": 107.849, "mean_flow": 7.4872615, "breach_share": 0.0525, "breach_p1": 0.23684210526315788, "breach_p2": 0.046153846153846156, "breach_p3": 0.0, "breach_p4": 0.0, "decisions": 400, "latency_ms_per_decision": 0.00928346998989582, "replans": null, "validator_ok": 1, "runtime_s": 0.0037133879959583282}, "atc": {"variant": "pairs", "instance_id": "c12_replay_400_0089", "campus": 12, "size": 400, "track": "replay", "structure": "pairs", "phi": 1.0, "eta": 0.8, "m": 0.6, "u_target": null, "u_realized": null, "method": "atc", "seed": 301, "twt": 1846.08, "makespan": 107.849, "mean_flow": 7.5505189999999995, "breach_share": 0.05, "breach_p1": 0.23684210526315788, "breach_p2": 0.03076923076923077, "breach_p3": 0.0, "breach_p4": 0.0, "decisions": 400, "latency_ms_per_decision": 0.011652796529233456, "replans": null, "validator_ok": 1, "runtime_s": 0.004661118611693382}, "pfifo": {"variant": "pairs", "instance_id": "c12_replay_400_0089", "campus": 12, "size": 400, "track": "replay", "structure": "pairs", "phi": 1.0, "eta": 0.8, "m": 0.6, "u_target": null, "u_realized": null, "method": "pfifo", "seed": 301, "twt": 1758.0, "makespan": 123.1744, "mean_flow": 7.707510999999999, "breach_share": 0.0475, "breach_p1": 0.2236842105263158, "breach_p2": 0.03076923076923077, "breach_p3": 0.0, "breach_p4": 0.0, "decisions": 400, "latency_ms_per_decision": 0.009604138322174549, "replans": null, "validator_ok": 1, "runtime_s": 0.0038416553288698196}, "mor": {"variant": "pairs", "instance_id": "c12_replay_400_0089", "campus": 12, "size": 400, "track": "replay", "structure": "pairs", "phi": 1.0, "eta": 0.8, "m": 0.6, "u_target": null, "u_realized": null, "method": "mor", "seed": 301, "twt": 1758.0, "makespan": 123.1744, "mean_flow": 7.901128, "breach_share": 0.0475, "breach_p1": 0.2236842105263158, "breach_p2": 0.03076923076923077, "breach_p3": 0.0, "breach_p4": 0.0, "decisions": 400, "latency_ms_per_decision": 0.009260890074074268, "replans": null, "validator_ok": 1, "runtime_s": 0.0037043560296297073}, "lfj_atc": {"variant": "pairs", "instance_id": "c12_replay_400_0089", "campus": 12, "size": 400, "track": "replay", "structure": "pairs", "phi": 1.0, "eta": 0.8, "m": 0.6, "u_target": null, "u_realized": null, "method": "lfj_atc", "seed": 301, "twt": 1846.08, "makespan": 107.849, "mean_flow": 7.550519, "breach_share": 0.05, "breach_p1": 0.23684210526315788, "breach_p2": 0.03076923076923077, "breach_p3": 0.0, "breach_p4": 0.0, "decisions": 400, "latency_ms_per_decision": 0.012763761915266514, "replans": null, "validator_ok": 1, "runtime_s": 0.0051055047661066055}, "atc_eta": {"variant": "pairs", "instance_id": "c12_replay_400_0089", "campus": 12, "size": 400, "track": "replay", "structure": "pairs", "phi": 1.0, "eta": 0.8, "m": 0.6, "u_target": null, "u_realized": null, "method": "atc_eta", "seed": 301, "twt": 1846.08, "makespan": 107.849, "mean_flow": 7.5505189999999995, "breach_share": 0.05, "breach_p1": 0.23684210526315788, "breach_p2": 0.03076923076923077, "breach_p3": 0.0, "breach_p4": 0.0, "decisions": 400, "latency_ms_per_decision": 0.02145488280802965, "replans": null, "validator_ok": 1, "runtime_s": 0.00858195312321186}, "random": {"variant": "pairs", "instance_id": "c12_replay_400_0089", "campus": 12, "size": 400, "track": "replay", "structure": "pairs", "phi": 1.0, "eta": 0.8, "m": 0.6, "u_target": null, "u_realized": null, "method": "random", "seed": 301, "twt": 1888.9135999999999, "makespan": 107.849, "mean_flow": 7.589138, "breach_share": 0.05, "breach_p1": 0.2236842105263158, "breach_p2": 0.046153846153846156, "breach_p3": 0.0, "breach_p4": 0.0, "decisions": 400, "latency_ms_per_decision": 0.009122132323682308, "replans": null, "validator_ok": 1, "runtime_s": 0.0036488529294729233}}, "budget_B": 112, "headcount": 112, "chain_order": ["D30", "D20", "D50", "C30", "MISC", "C10", "D90", "E20", "B20", "E10", "D40", "B30", "UNK"]}