{"config_id": "c12_replay_400_0084__tsel20260823", "rows": {"edd": {"variant": "tsel20260823", "instance_id": "c12_replay_400_0084", "campus": 12, "size": 400, "track": "replay", "structure": "chain", "phi": 0.5, "eta": 1.0, "m": 0.6, "u_target": null, "u_realized": null, "method": "edd", "seed": 301, "twt": 1247.9348, "makespan": 106.8648, "mean_flow": 4.71901475, "breach_share": 0.0275, "breach_p1": 0.1038961038961039, "breach_p2": 0.04225352112676056, "breach_p3": 0.0, "breach_p4": 0.0, "decisions": 400, "latency_ms_per_decision": 0.011493596248328686, "replans": null, "validator_ok": 1, "runtime_s": 0.004597438499331474}, "wspt": {"variant": "tsel20260823", "instance_id": "c12_replay_400_0084", "campus": 12, "size": 400, "track": "replay", "structure": "chain", "phi": 0.5, "eta": 1.0, "m": 0.6, "u_target": null, "u_realized": null, "method": "wspt", "seed": 301, "twt": 1275.034, "makespan": 106.8648, "mean_flow": 4.593572999999999, "breach_share": 0.0275, "breach_p1": 0.1038961038961039, "breach_p2": 0.04225352112676056, "breach_p3": 0.0, "breach_p4": 0.0, "decisions": 400, "latency_ms_per_decision": 0.011897580698132515, "replans": null, "validator_ok": 1, "runtime_s": 0.004759032279253006}, "atc": {"variant": "tsel20260823", "instance_id": "c12_replay_400_0084", "campus": 12, "size": 400, "track": "replay", "structure": "chain", "phi": 0.5, "eta": 1.0, "m": 0.6, "u_target": null, "u_realized": null, "method": "atc", "seed": 301, "twt": 1249.5788000000002, "makespan": 106.8648, "mean_flow": 4.747287, "breach_share": 0.0275, "breach_p1": 0.1038961038961039, "breach_p2": 0.04225352112676056, "breach_p3": 0.0, "breach_p4": 0.0, "decisions": 400, "latency_ms_per_decision": 0.01805948093533516, "replans": null, "validator_ok": 1, "runtime_s": 0.007223792374134064}, "pfifo": {"variant": "tsel20260823", "instance_id": "c12_replay_400_0084", "campus": 12, "size": 400, "track": "replay", "structure": "chain", "phi": 0.5, "eta": 1.0, "m": 0.6, "u_target": null, "u_realized": null, "method": "pfifo", "seed": 301, "twt": 1247.9348, "makespan": 106.8648, "mean_flow": 4.71901475, "breach_share": 0.0275, "breach_p1": 0.1038961038961039, "breach_p2": 0.04225352112676056, "breach_p3": 0.0, "breach_p4": 0.0, "decisions": 400, "latency_ms_per_decision": 0.012379244435578585, "replans": null, "validator_ok": 1, "runtime_s": 0.004951697774231434}, "mor": {"variant": "tsel20260823", "instance_id": "c12_replay_400_0084", "campus": 12, "size": 400, "track": "replay", "structure": "chain", "phi": 0.5, "eta": 1.0, "m": 0.6, "u_target": null, "u_realized": null, "method": "mor", "seed": 301, "twt": 1250.7636000000002, "makespan": 106.8648, "mean_flow": 4.8964325, "breach_share": 0.0275, "breach_p1": 0.1038961038961039, "breach_p2": 0.04225352112676056, "breach_p3": 0.0, "breach_p4": 0.0, "decisions": 400, "latency_ms_per_decision": 0.011602710001170635, "replans": null, "validator_ok": 1, "runtime_s": 0.004641084000468254}, "lfj_atc": {"variant": "tsel20260823", "instance_id": "c12_replay_400_0084", "campus": 12, "size": 400, "track": "replay", "structure": "chain", "phi": 0.5, "eta": 1.0, "m": 0.6, "u_target": null, "u_realized": null, "method": "lfj_atc", "seed": 301, "twt": 1249.5788000000002, "makespan": 106.8648, "mean_flow": 4.747287, "breach_share": 0.0275, "breach_p1": 0.1038961038961039, "breach_p2": 0.04225352112676056, "breach_p3": 0.0, "breach_p4": 0.0, "decisions": 400, "latency_ms_per_decision": 0.019126986153423786, "replans": null, "validator_ok": 1, "runtime_s": 0.0076507944613695145}, "atc_eta": {"variant": "tsel20260823", "instance_id": "c12_replay_400_0084", "campus": 12, "size": 400, "track": "replay", "structure": "chain", "phi": 0.5, "eta": 1.0, "m": 0.6, "u_target": null, "u_realized": null, "method": "atc_eta", "seed": 301, "twt": 1249.5788000000002, "makespan": 106.8648, "mean_flow": 4.747287, "breach_share": 0.0275, "breach_p1": 0.1038961038961039, "breach_p2": 0.04225352112676056, "breach_p3": 0.0, "breach_p4": 0.0, "decisions": 400, "latency_ms_per_decision": 0.035337330773472786, "replans": null, "validator_ok": 1, "runtime_s": 0.014134932309389114}, "random": {"variant": "tsel20260823", "instance_id": "c12_replay_400_0084", "campus": 12, "size": 400, "track": "replay", "structure": "chain", "phi": 0.5, "eta": 1.0, "m": 0.6, "u_target": null, "u_realized": null, "method": "random", "seed": 301, "twt": 1268.8296, "makespan": 106.8648, "mean_flow": 4.6902335, "breach_share": 0.0275, "breach_p1": 0.1038961038961039, "breach_p2": 0.04225352112676056, "breach_p3": 0.0, "breach_p4": 0.0, "decisions": 400, "latency_ms_per_decision": 0.009767340961843729, "replans": null, "validator_ok": 1, "runtime_s": 0.003906936384737492}}, "budget_B": 60, "headcount": 112, "chain_order": ["D30", "D20", "D50", "C30", "MISC", "C10", "D90", "E20", "B20", "E10", "D40", "B30", "UNK"]}