{"config_id": "c12_replay_150_0124__opt_eta100", "rows": {"edd": {"variant": "opt", "instance_id": "c12_replay_150_0124", "campus": 12, "size": 150, "track": "replay", "structure": "opt", "phi": 1.0, "eta": 1.0, "m": 0.6, "u_target": null, "u_realized": null, "method": "edd", "seed": 301, "twt": 208.0, "makespan": 67.25, "mean_flow": 6.347788666666667, "breach_share": 0.02, "breach_p1": 0.1111111111111111, "breach_p2": 0.045454545454545456, "breach_p3": 0.0, "breach_p4": 0.0, "decisions": 150, "latency_ms_per_decision": 0.012133071819941202, "replans": null, "validator_ok": 1, "runtime_s": 0.0018199607729911804}, "wspt": {"variant": "opt", "instance_id": "c12_replay_150_0124", "campus": 12, "size": 150, "track": "replay", "structure": "opt", "phi": 1.0, "eta": 1.0, "m": 0.6, "u_target": null, "u_realized": null, "method": "wspt", "seed": 301, "twt": 208.0, "makespan": 67.25, "mean_flow": 6.3361220000000005, "breach_share": 0.02, "breach_p1": 0.1111111111111111, "breach_p2": 0.045454545454545456, "breach_p3": 0.0, "breach_p4": 0.0, "decisions": 150, "latency_ms_per_decision": 0.012446455657482147, "replans": null, "validator_ok": 1, "runtime_s": 0.001866968348622322}, "atc": {"variant": "opt", "instance_id": "c12_replay_150_0124", "campus": 12, "size": 150, "track": "replay", "structure": "opt", "phi": 1.0, "eta": 1.0, "m": 0.6, "u_target": null, "u_realized": null, "method": "atc", "seed": 301, "twt": 208.0, "makespan": 67.25, "mean_flow": 6.326831333333333, "breach_share": 0.02, "breach_p1": 0.1111111111111111, "breach_p2": 0.045454545454545456, "breach_p3": 0.0, "breach_p4": 0.0, "decisions": 150, "latency_ms_per_decision": 0.01690761496623357, "replans": null, "validator_ok": 1, "runtime_s": 0.0025361422449350357}, "pfifo": {"variant": "opt", "instance_id": "c12_replay_150_0124", "campus": 12, "size": 150, "track": "replay", "structure": "opt", "phi": 1.0, "eta": 1.0, "m": 0.6, "u_target": null, "u_realized": null, "method": "pfifo", "seed": 301, "twt": 208.0, "makespan": 67.25, "mean_flow": 6.347788666666667, "breach_share": 0.02, "breach_p1": 0.1111111111111111, "breach_p2": 0.045454545454545456, "breach_p3": 0.0, "breach_p4": 0.0, "decisions": 150, "latency_ms_per_decision": 0.012676653762658438, "replans": null, "validator_ok": 1, "runtime_s": 0.0019014980643987656}, "mor": {"variant": "opt", "instance_id": "c12_replay_150_0124", "campus": 12, "size": 150, "track": "replay", "structure": "opt", "phi": 1.0, "eta": 1.0, "m": 0.6, "u_target": null, "u_realized": null, "method": "mor", "seed": 301, "twt": 208.0, "makespan": 67.25, "mean_flow": 6.4436366666666665, "breach_share": 0.02, "breach_p1": 0.1111111111111111, "breach_p2": 0.045454545454545456, "breach_p3": 0.0, "breach_p4": 0.0, "decisions": 150, "latency_ms_per_decision": 0.011988431215286255, "replans": null, "validator_ok": 1, "runtime_s": 0.0017982646822929382}, "lfj_atc": {"variant": "opt", "instance_id": "c12_replay_150_0124", "campus": 12, "size": 150, "track": "replay", "structure": "opt", "phi": 1.0, "eta": 1.0, "m": 0.6, "u_target": null, "u_realized": null, "method": "lfj_atc", "seed": 301, "twt": 208.0, "makespan": 67.25, "mean_flow": 6.326831333333333, "breach_share": 0.02, "breach_p1": 0.1111111111111111, "breach_p2": 0.045454545454545456, "breach_p3": 0.0, "breach_p4": 0.0, "decisions": 150, "latency_ms_per_decision": 0.0181382584075133, "replans": null, "validator_ok": 1, "runtime_s": 0.002720738761126995}, "atc_eta": {"variant": "opt", "instance_id": "c12_replay_150_0124", "campus": 12, "size": 150, "track": "replay", "structure": "opt", "phi": 1.0, "eta": 1.0, "m": 0.6, "u_target": null, "u_realized": null, "method": "atc_eta", "seed": 301, "twt": 208.0, "makespan": 67.25, "mean_flow": 6.326831333333333, "breach_share": 0.02, "breach_p1": 0.1111111111111111, "breach_p2": 0.045454545454545456, "breach_p3": 0.0, "breach_p4": 0.0, "decisions": 150, "latency_ms_per_decision": 0.039161971459786095, "replans": null, "validator_ok": 1, "runtime_s": 0.005874295718967915}, "random": {"variant": "opt", "instance_id": "c12_replay_150_0124", "campus": 12, "size": 150, "track": "replay", "structure": "opt", "phi": 1.0, "eta": 1.0, "m": 0.6, "u_target": null, "u_realized": null, "method": "random", "seed": 301, "twt": 208.0, "makespan": 67.25, "mean_flow": 6.327264666666666, "breach_share": 0.02, "breach_p1": 0.1111111111111111, "breach_p2": 0.045454545454545456, "breach_p3": 0.0, "breach_p4": 0.0, "decisions": 150, "latency_ms_per_decision": 0.010982298602660498, "replans": null, "validator_ok": 1, "runtime_s": 0.0016473447903990746}}, "budget_B": 112, "headcount": 112, "chain_order": ["D30", "D20", "D50", "C30", "MISC", "C10", "D90", "E20", "B20", "E10", "D40", "B30", "UNK"]}