{"config_id": "c12_replay_150_0158__feasnorm_eta080", "rows": {"edd": {"variant": "feasnorm", "instance_id": "c12_replay_150_0158", "campus": 12, "size": 150, "track": "replay", "structure": "feasnorm", "phi": 1.0, "eta": 0.8, "m": 0.6, "u_target": null, "u_realized": null, "method": "edd", "seed": 301, "twt": 300.0, "makespan": 98.8648, "mean_flow": 6.662523333333334, "breach_share": 0.02666666666666667, "breach_p1": 0.17391304347826086, "breach_p2": 0.0, "breach_p3": 0.0, "breach_p4": 0.0, "decisions": 150, "latency_ms_per_decision": 0.008072052150964737, "replans": null, "validator_ok": 1, "runtime_s": 0.0012108078226447105}, "wspt": {"variant": "feasnorm", "instance_id": "c12_replay_150_0158", "campus": 12, "size": 150, "track": "replay", "structure": "feasnorm", "phi": 1.0, "eta": 0.8, "m": 0.6, "u_target": null, "u_realized": null, "method": "wspt", "seed": 301, "twt": 300.0, "makespan": 98.8648, "mean_flow": 6.657725333333333, "breach_share": 0.02666666666666667, "breach_p1": 0.17391304347826086, "breach_p2": 0.0, "breach_p3": 0.0, "breach_p4": 0.0, "decisions": 150, "latency_ms_per_decision": 0.008173678070306778, "replans": null, "validator_ok": 1, "runtime_s": 0.0012260517105460167}, "atc": {"variant": "feasnorm", "instance_id": "c12_replay_150_0158", "campus": 12, "size": 150, "track": "replay", "structure": "feasnorm", "phi": 1.0, "eta": 0.8, "m": 0.6, "u_target": null, "u_realized": null, "method": "atc", "seed": 301, "twt": 300.0, "makespan": 98.8648, "mean_flow": 6.657725333333334, "breach_share": 0.02666666666666667, "breach_p1": 0.17391304347826086, "breach_p2": 0.0, "breach_p3": 0.0, "breach_p4": 0.0, "decisions": 150, "latency_ms_per_decision": 0.010093295325835546, "replans": null, "validator_ok": 1, "runtime_s": 0.0015139942988753319}, "pfifo": {"variant": "feasnorm", "instance_id": "c12_replay_150_0158", "campus": 12, "size": 150, "track": "replay", "structure": "feasnorm", "phi": 1.0, "eta": 0.8, "m": 0.6, "u_target": null, "u_realized": null, "method": "pfifo", "seed": 301, "twt": 300.0, "makespan": 98.8648, "mean_flow": 6.662523333333334, "breach_share": 0.02666666666666667, "breach_p1": 0.17391304347826086, "breach_p2": 0.0, "breach_p3": 0.0, "breach_p4": 0.0, "decisions": 150, "latency_ms_per_decision": 0.009746855745712915, "replans": null, "validator_ok": 1, "runtime_s": 0.0014620283618569374}, "mor": {"variant": "feasnorm", "instance_id": "c12_replay_150_0158", "campus": 12, "size": 150, "track": "replay", "structure": "feasnorm", "phi": 1.0, "eta": 0.8, "m": 0.6, "u_target": null, "u_realized": null, "method": "mor", "seed": 301, "twt": 300.0, "makespan": 98.8648, "mean_flow": 6.6643859999999995, "breach_share": 0.02666666666666667, "breach_p1": 0.17391304347826086, "breach_p2": 0.0, "breach_p3": 0.0, "breach_p4": 0.0, "decisions": 150, "latency_ms_per_decision": 0.008075367659330368, "replans": null, "validator_ok": 1, "runtime_s": 0.0012113051488995552}, "lfj_atc": {"variant": "feasnorm", "instance_id": "c12_replay_150_0158", "campus": 12, "size": 150, "track": "replay", "structure": "feasnorm", "phi": 1.0, "eta": 0.8, "m": 0.6, "u_target": null, "u_realized": null, "method": "lfj_atc", "seed": 301, "twt": 300.0, "makespan": 98.8648, "mean_flow": 6.657725333333333, "breach_share": 0.02666666666666667, "breach_p1": 0.17391304347826086, "breach_p2": 0.0, "breach_p3": 0.0, "breach_p4": 0.0, "decisions": 150, "latency_ms_per_decision": 0.010900720953941345, "replans": null, "validator_ok": 1, "runtime_s": 0.0016351081430912018}, "atc_eta": {"variant": "feasnorm", "instance_id": "c12_replay_150_0158", "campus": 12, "size": 150, "track": "replay", "structure": "feasnorm", "phi": 1.0, "eta": 0.8, "m": 0.6, "u_target": null, "u_realized": null, "method": "atc_eta", "seed": 301, "twt": 300.0, "makespan": 98.8648, "mean_flow": 6.657725333333334, "breach_share": 0.02666666666666667, "breach_p1": 0.17391304347826086, "breach_p2": 0.0, "breach_p3": 0.0, "breach_p4": 0.0, "decisions": 150, "latency_ms_per_decision": 0.02226436510682106, "replans": null, "validator_ok": 1, "runtime_s": 0.003339654766023159}, "random": {"variant": "feasnorm", "instance_id": "c12_replay_150_0158", "campus": 12, "size": 150, "track": "replay", "structure": "feasnorm", "phi": 1.0, "eta": 0.8, "m": 0.6, "u_target": null, "u_realized": null, "method": "random", "seed": 301, "twt": 300.0, "makespan": 98.8648, "mean_flow": 6.6610526666666665, "breach_share": 0.02666666666666667, "breach_p1": 0.17391304347826086, "breach_p2": 0.0, "breach_p3": 0.0, "breach_p4": 0.0, "decisions": 150, "latency_ms_per_decision": 0.007890978207190832, "replans": null, "validator_ok": 1, "runtime_s": 0.0011836467310786247}}, "budget_B": 112, "headcount": 112, "chain_order": ["D30", "D20", "D90", "D40", "MISC", "E20", "E10", "UNK", "C30", "C10", "D50", "B20", "B30"]}