{"config_id": "c12_replay_400_0150__feasnorm_eta080", "rows": {"edd": {"variant": "feasnorm", "instance_id": "c12_replay_400_0150", "campus": 12, "size": 400, "track": "replay", "structure": "feasnorm", "phi": 1.0, "eta": 0.8, "m": 0.6, "u_target": null, "u_realized": null, "method": "edd", "seed": 301, "twt": 1867.2759999999998, "makespan": 105.6173, "mean_flow": 6.066667499999999, "breach_share": 0.04, "breach_p1": 0.1625, "breach_p2": 0.061224489795918366, "breach_p3": 0.0, "breach_p4": 0.0, "decisions": 400, "latency_ms_per_decision": 0.007000509649515152, "replans": null, "validator_ok": 1, "runtime_s": 0.002800203859806061}, "wspt": {"variant": "feasnorm", "instance_id": "c12_replay_400_0150", "campus": 12, "size": 400, "track": "replay", "structure": "feasnorm", "phi": 1.0, "eta": 0.8, "m": 0.6, "u_target": null, "u_realized": null, "method": "wspt", "seed": 301, "twt": 1937.2223999999997, "makespan": 105.6173, "mean_flow": 6.06540025, "breach_share": 0.0375, "breach_p1": 0.15, "breach_p2": 0.061224489795918366, "breach_p3": 0.0, "breach_p4": 0.0, "decisions": 400, "latency_ms_per_decision": 0.007335224654525518, "replans": null, "validator_ok": 1, "runtime_s": 0.0029340898618102074}, "atc": {"variant": "feasnorm", "instance_id": "c12_replay_400_0150", "campus": 12, "size": 400, "track": "replay", "structure": "feasnorm", "phi": 1.0, "eta": 0.8, "m": 0.6, "u_target": null, "u_realized": null, "method": "atc", "seed": 301, "twt": 2020.7471999999998, "makespan": 109.25, "mean_flow": 6.1016075, "breach_share": 0.0375, "breach_p1": 0.15, "breach_p2": 0.061224489795918366, "breach_p3": 0.0, "breach_p4": 0.0, "decisions": 400, "latency_ms_per_decision": 0.00981779070571065, "replans": null, "validator_ok": 1, "runtime_s": 0.00392711628228426}, "pfifo": {"variant": "feasnorm", "instance_id": "c12_replay_400_0150", "campus": 12, "size": 400, "track": "replay", "structure": "feasnorm", "phi": 1.0, "eta": 0.8, "m": 0.6, "u_target": null, "u_realized": null, "method": "pfifo", "seed": 301, "twt": 1867.2759999999998, "makespan": 105.6173, "mean_flow": 6.066667499999999, "breach_share": 0.04, "breach_p1": 0.1625, "breach_p2": 0.061224489795918366, "breach_p3": 0.0, "breach_p4": 0.0, "decisions": 400, "latency_ms_per_decision": 0.007260018028318882, "replans": null, "validator_ok": 1, "runtime_s": 0.002904007211327553}, "mor": {"variant": "feasnorm", "instance_id": "c12_replay_400_0150", "campus": 12, "size": 400, "track": "replay", "structure": "feasnorm", "phi": 1.0, "eta": 0.8, "m": 0.6, "u_target": null, "u_realized": null, "method": "mor", "seed": 301, "twt": 1872.6848, "makespan": 123.47, "mean_flow": 6.3886415, "breach_share": 0.035, "breach_p1": 0.15, "breach_p2": 0.04081632653061224, "breach_p3": 0.0, "breach_p4": 0.0, "decisions": 400, "latency_ms_per_decision": 0.0072535499930381775, "replans": null, "validator_ok": 1, "runtime_s": 0.002901419997215271}, "lfj_atc": {"variant": "feasnorm", "instance_id": "c12_replay_400_0150", "campus": 12, "size": 400, "track": "replay", "structure": "feasnorm", "phi": 1.0, "eta": 0.8, "m": 0.6, "u_target": null, "u_realized": null, "method": "lfj_atc", "seed": 301, "twt": 2020.7471999999998, "makespan": 109.25, "mean_flow": 6.1016075, "breach_share": 0.0375, "breach_p1": 0.15, "breach_p2": 0.061224489795918366, "breach_p3": 0.0, "breach_p4": 0.0, "decisions": 400, "latency_ms_per_decision": 0.010799691081047058, "replans": null, "validator_ok": 1, "runtime_s": 0.004319876432418823}, "atc_eta": {"variant": "feasnorm", "instance_id": "c12_replay_400_0150", "campus": 12, "size": 400, "track": "replay", "structure": "feasnorm", "phi": 1.0, "eta": 0.8, "m": 0.6, "u_target": null, "u_realized": null, "method": "atc_eta", "seed": 301, "twt": 2020.7471999999998, "makespan": 109.25, "mean_flow": 6.1016075, "breach_share": 0.0375, "breach_p1": 0.15, "breach_p2": 0.061224489795918366, "breach_p3": 0.0, "breach_p4": 0.0, "decisions": 400, "latency_ms_per_decision": 0.018532476387917995, "replans": null, "validator_ok": 1, "runtime_s": 0.007412990555167198}, "random": {"variant": "feasnorm", "instance_id": "c12_replay_400_0150", "campus": 12, "size": 400, "track": "replay", "structure": "feasnorm", "phi": 1.0, "eta": 0.8, "m": 0.6, "u_target": null, "u_realized": null, "method": "random", "seed": 301, "twt": 1928.0352, "makespan": 123.09, "mean_flow": 6.12404125, "breach_share": 0.035, "breach_p1": 0.15, "breach_p2": 0.04081632653061224, "breach_p3": 0.0, "breach_p4": 0.0, "decisions": 400, "latency_ms_per_decision": 0.0064240070059895515, "replans": null, "validator_ok": 1, "runtime_s": 0.0025696028023958206}}, "budget_B": 112, "headcount": 112, "chain_order": ["D30", "D20", "D90", "D40", "MISC", "E20", "E10", "UNK", "C30", "C10", "D50", "B20", "B30"]}