{"config_id": "c12_replay_150_0105__perm20260801", "rows": {"edd": {"variant": "perm20260801", "instance_id": "c12_replay_150_0105", "campus": 12, "size": 150, "track": "replay", "structure": "chain", "phi": 1.0, "eta": 1.0, "m": 0.6, "u_target": null, "u_realized": null, "method": "edd", "seed": 301, "twt": 163.4592, "makespan": 92.1662, "mean_flow": 7.888419333333334, "breach_share": 0.02666666666666667, "breach_p1": 0.08, "breach_p2": 0.0, "breach_p3": 0.05263157894736842, "breach_p4": 0.0, "decisions": 150, "latency_ms_per_decision": 0.030034432808558147, "replans": null, "validator_ok": 1, "runtime_s": 0.004505164921283722}, "wspt": {"variant": "perm20260801", "instance_id": "c12_replay_150_0105", "campus": 12, "size": 150, "track": "replay", "structure": "chain", "phi": 1.0, "eta": 1.0, "m": 0.6, "u_target": null, "u_realized": null, "method": "wspt", "seed": 301, "twt": 163.4592, "makespan": 92.1662, "mean_flow": 7.888419333333334, "breach_share": 0.02666666666666667, "breach_p1": 0.08, "breach_p2": 0.0, "breach_p3": 0.05263157894736842, "breach_p4": 0.0, "decisions": 150, "latency_ms_per_decision": 0.00957769031325976, "replans": null, "validator_ok": 1, "runtime_s": 0.001436653546988964}, "atc": {"variant": "perm20260801", "instance_id": "c12_replay_150_0105", "campus": 12, "size": 150, "track": "replay", "structure": "chain", "phi": 1.0, "eta": 1.0, "m": 0.6, "u_target": null, "u_realized": null, "method": "atc", "seed": 301, "twt": 163.4592, "makespan": 92.1662, "mean_flow": 7.888419333333334, "breach_share": 0.02666666666666667, "breach_p1": 0.08, "breach_p2": 0.0, "breach_p3": 0.05263157894736842, "breach_p4": 0.0, "decisions": 150, "latency_ms_per_decision": 0.011720868448416391, "replans": null, "validator_ok": 1, "runtime_s": 0.0017581302672624588}, "pfifo": {"variant": "perm20260801", "instance_id": "c12_replay_150_0105", "campus": 12, "size": 150, "track": "replay", "structure": "chain", "phi": 1.0, "eta": 1.0, "m": 0.6, "u_target": null, "u_realized": null, "method": "pfifo", "seed": 301, "twt": 163.4592, "makespan": 92.1662, "mean_flow": 7.888419333333334, "breach_share": 0.02666666666666667, "breach_p1": 0.08, "breach_p2": 0.0, "breach_p3": 0.05263157894736842, "breach_p4": 0.0, "decisions": 150, "latency_ms_per_decision": 0.05019356186191241, "replans": null, "validator_ok": 1, "runtime_s": 0.007529034279286861}, "mor": {"variant": "perm20260801", "instance_id": "c12_replay_150_0105", "campus": 12, "size": 150, "track": "replay", "structure": "chain", "phi": 1.0, "eta": 1.0, "m": 0.6, "u_target": null, "u_realized": null, "method": "mor", "seed": 301, "twt": 163.4592, "makespan": 92.1662, "mean_flow": 7.888419333333334, "breach_share": 0.02666666666666667, "breach_p1": 0.08, "breach_p2": 0.0, "breach_p3": 0.05263157894736842, "breach_p4": 0.0, "decisions": 150, "latency_ms_per_decision": 0.009422519554694494, "replans": null, "validator_ok": 1, "runtime_s": 0.001413377933204174}, "lfj_atc": {"variant": "perm20260801", "instance_id": "c12_replay_150_0105", "campus": 12, "size": 150, "track": "replay", "structure": "chain", "phi": 1.0, "eta": 1.0, "m": 0.6, "u_target": null, "u_realized": null, "method": "lfj_atc", "seed": 301, "twt": 163.4592, "makespan": 92.1662, "mean_flow": 7.888419333333334, "breach_share": 0.02666666666666667, "breach_p1": 0.08, "breach_p2": 0.0, "breach_p3": 0.05263157894736842, "breach_p4": 0.0, "decisions": 150, "latency_ms_per_decision": 0.05310434848070145, "replans": null, "validator_ok": 1, "runtime_s": 0.007965652272105217}, "atc_eta": {"variant": "perm20260801", "instance_id": "c12_replay_150_0105", "campus": 12, "size": 150, "track": "replay", "structure": "chain", "phi": 1.0, "eta": 1.0, "m": 0.6, "u_target": null, "u_realized": null, "method": "atc_eta", "seed": 301, "twt": 163.4592, "makespan": 92.1662, "mean_flow": 7.888419333333334, "breach_share": 0.02666666666666667, "breach_p1": 0.08, "breach_p2": 0.0, "breach_p3": 0.05263157894736842, "breach_p4": 0.0, "decisions": 150, "latency_ms_per_decision": 0.0665365718305111, "replans": null, "validator_ok": 1, "runtime_s": 0.009980485774576664}, "random": {"variant": "perm20260801", "instance_id": "c12_replay_150_0105", "campus": 12, "size": 150, "track": "replay", "structure": "chain", "phi": 1.0, "eta": 1.0, "m": 0.6, "u_target": null, "u_realized": null, "method": "random", "seed": 301, "twt": 163.4592, "makespan": 92.1662, "mean_flow": 7.888419333333334, "breach_share": 0.02666666666666667, "breach_p1": 0.08, "breach_p2": 0.0, "breach_p3": 0.05263157894736842, "breach_p4": 0.0, "decisions": 150, "latency_ms_per_decision": 0.009444157282511393, "replans": null, "validator_ok": 1, "runtime_s": 0.001416623592376709}}, "budget_B": 112, "headcount": 112, "chain_order": ["C30", "E10", "D90", "E20", "D20", "C10", "D30", "D50", "UNK", "MISC", "D40", "B30", "B20"]}