{"config_id": "c12_replay_150_0145__rand1_20260901", "rows": {"edd": {"variant": "rand1_20260901", "instance_id": "c12_replay_150_0145", "campus": 12, "size": 150, "track": "replay", "structure": "rand1", "phi": 1.0, "eta": 1.0, "m": 0.6, "u_target": null, "u_realized": null, "method": "edd", "seed": 301, "twt": 780.5, "makespan": 97.6342, "mean_flow": 6.500765333333334, "breach_share": 0.04666666666666667, "breach_p1": 0.17857142857142858, "breach_p2": 0.038461538461538464, "breach_p3": 0.022222222222222223, "breach_p4": 0.0, "decisions": 150, "latency_ms_per_decision": 0.008712025980154673, "replans": null, "validator_ok": 1, "runtime_s": 0.001306803897023201}, "wspt": {"variant": "rand1_20260901", "instance_id": "c12_replay_150_0145", "campus": 12, "size": 150, "track": "replay", "structure": "rand1", "phi": 1.0, "eta": 1.0, "m": 0.6, "u_target": null, "u_realized": null, "method": "wspt", "seed": 301, "twt": 780.5, "makespan": 97.6342, "mean_flow": 6.500765333333334, "breach_share": 0.04666666666666667, "breach_p1": 0.17857142857142858, "breach_p2": 0.038461538461538464, "breach_p3": 0.022222222222222223, "breach_p4": 0.0, "decisions": 150, "latency_ms_per_decision": 0.008471254259347916, "replans": null, "validator_ok": 1, "runtime_s": 0.0012706881389021873}, "atc": {"variant": "rand1_20260901", "instance_id": "c12_replay_150_0145", "campus": 12, "size": 150, "track": "replay", "structure": "rand1", "phi": 1.0, "eta": 1.0, "m": 0.6, "u_target": null, "u_realized": null, "method": "atc", "seed": 301, "twt": 780.5, "makespan": 97.6342, "mean_flow": 6.500765333333334, "breach_share": 0.04666666666666667, "breach_p1": 0.17857142857142858, "breach_p2": 0.038461538461538464, "breach_p3": 0.022222222222222223, "breach_p4": 0.0, "decisions": 150, "latency_ms_per_decision": 0.010558416446050009, "replans": null, "validator_ok": 1, "runtime_s": 0.0015837624669075012}, "pfifo": {"variant": "rand1_20260901", "instance_id": "c12_replay_150_0145", "campus": 12, "size": 150, "track": "replay", "structure": "rand1", "phi": 1.0, "eta": 1.0, "m": 0.6, "u_target": null, "u_realized": null, "method": "pfifo", "seed": 301, "twt": 780.5, "makespan": 97.6342, "mean_flow": 6.500765333333334, "breach_share": 0.04666666666666667, "breach_p1": 0.17857142857142858, "breach_p2": 0.038461538461538464, "breach_p3": 0.022222222222222223, "breach_p4": 0.0, "decisions": 150, "latency_ms_per_decision": 0.00852938120563825, "replans": null, "validator_ok": 1, "runtime_s": 0.0012794071808457375}, "mor": {"variant": "rand1_20260901", "instance_id": "c12_replay_150_0145", "campus": 12, "size": 150, "track": "replay", "structure": "rand1", "phi": 1.0, "eta": 1.0, "m": 0.6, "u_target": null, "u_realized": null, "method": "mor", "seed": 301, "twt": 780.5, "makespan": 97.6342, "mean_flow": 6.500765333333334, "breach_share": 0.04666666666666667, "breach_p1": 0.17857142857142858, "breach_p2": 0.038461538461538464, "breach_p3": 0.022222222222222223, "breach_p4": 0.0, "decisions": 150, "latency_ms_per_decision": 0.008454596002896627, "replans": null, "validator_ok": 1, "runtime_s": 0.001268189400434494}, "lfj_atc": {"variant": "rand1_20260901", "instance_id": "c12_replay_150_0145", "campus": 12, "size": 150, "track": "replay", "structure": "rand1", "phi": 1.0, "eta": 1.0, "m": 0.6, "u_target": null, "u_realized": null, "method": "lfj_atc", "seed": 301, "twt": 780.5, "makespan": 97.6342, "mean_flow": 6.500765333333334, "breach_share": 0.04666666666666667, "breach_p1": 0.17857142857142858, "breach_p2": 0.038461538461538464, "breach_p3": 0.022222222222222223, "breach_p4": 0.0, "decisions": 150, "latency_ms_per_decision": 0.011681088556845983, "replans": null, "validator_ok": 1, "runtime_s": 0.0017521632835268974}, "atc_eta": {"variant": "rand1_20260901", "instance_id": "c12_replay_150_0145", "campus": 12, "size": 150, "track": "replay", "structure": "rand1", "phi": 1.0, "eta": 1.0, "m": 0.6, "u_target": null, "u_realized": null, "method": "atc_eta", "seed": 301, "twt": 780.5, "makespan": 97.6342, "mean_flow": 6.500765333333334, "breach_share": 0.04666666666666667, "breach_p1": 0.17857142857142858, "breach_p2": 0.038461538461538464, "breach_p3": 0.022222222222222223, "breach_p4": 0.0, "decisions": 150, "latency_ms_per_decision": 0.025253457327683766, "replans": null, "validator_ok": 1, "runtime_s": 0.003788018599152565}, "random": {"variant": "rand1_20260901", "instance_id": "c12_replay_150_0145", "campus": 12, "size": 150, "track": "replay", "structure": "rand1", "phi": 1.0, "eta": 1.0, "m": 0.6, "u_target": null, "u_realized": null, "method": "random", "seed": 301, "twt": 780.5, "makespan": 97.6342, "mean_flow": 6.500765333333334, "breach_share": 0.04666666666666667, "breach_p1": 0.17857142857142858, "breach_p2": 0.038461538461538464, "breach_p3": 0.022222222222222223, "breach_p4": 0.0, "decisions": 150, "latency_ms_per_decision": 0.009160730987787247, "replans": null, "validator_ok": 1, "runtime_s": 0.001374109648168087}}, "budget_B": 112, "headcount": 112, "chain_order": ["D30", "D20", "D50", "C30", "MISC", "C10", "D90", "E20", "B20", "E10", "D40", "B30", "UNK"]}