{"config_id": "c12_replay_150_0138__perm20260809", "rows": {"edd": {"variant": "perm20260809", "instance_id": "c12_replay_150_0138", "campus": 12, "size": 150, "track": "replay", "structure": "chain", "phi": 1.0, "eta": 1.0, "m": 0.6, "u_target": null, "u_realized": null, "method": "edd", "seed": 301, "twt": 810.0, "makespan": 90.8648, "mean_flow": 5.332782666666667, "breach_share": 0.07333333333333333, "breach_p1": 0.2903225806451613, "breach_p2": 0.10526315789473684, "breach_p3": 0.0, "breach_p4": 0.0, "decisions": 150, "latency_ms_per_decision": 0.03677560637394587, "replans": null, "validator_ok": 1, "runtime_s": 0.005516340956091881}, "wspt": {"variant": "perm20260809", "instance_id": "c12_replay_150_0138", "campus": 12, "size": 150, "track": "replay", "structure": "chain", "phi": 1.0, "eta": 1.0, "m": 0.6, "u_target": null, "u_realized": null, "method": "wspt", "seed": 301, "twt": 810.0, "makespan": 90.8648, "mean_flow": 5.330546, "breach_share": 0.07333333333333333, "breach_p1": 0.2903225806451613, "breach_p2": 0.10526315789473684, "breach_p3": 0.0, "breach_p4": 0.0, "decisions": 150, "latency_ms_per_decision": 0.06261253729462624, "replans": null, "validator_ok": 1, "runtime_s": 0.009391880594193935}, "atc": {"variant": "perm20260809", "instance_id": "c12_replay_150_0138", "campus": 12, "size": 150, "track": "replay", "structure": "chain", "phi": 1.0, "eta": 1.0, "m": 0.6, "u_target": null, "u_realized": null, "method": "atc", "seed": 301, "twt": 810.0, "makespan": 90.8648, "mean_flow": 5.332160666666667, "breach_share": 0.07333333333333333, "breach_p1": 0.2903225806451613, "breach_p2": 0.10526315789473684, "breach_p3": 0.0, "breach_p4": 0.0, "decisions": 150, "latency_ms_per_decision": 0.012145694345235825, "replans": null, "validator_ok": 1, "runtime_s": 0.0018218541517853737}, "pfifo": {"variant": "perm20260809", "instance_id": "c12_replay_150_0138", "campus": 12, "size": 150, "track": "replay", "structure": "chain", "phi": 1.0, "eta": 1.0, "m": 0.6, "u_target": null, "u_realized": null, "method": "pfifo", "seed": 301, "twt": 810.0, "makespan": 90.8648, "mean_flow": 5.332782666666667, "breach_share": 0.07333333333333333, "breach_p1": 0.2903225806451613, "breach_p2": 0.10526315789473684, "breach_p3": 0.0, "breach_p4": 0.0, "decisions": 150, "latency_ms_per_decision": 0.04956334208448728, "replans": null, "validator_ok": 1, "runtime_s": 0.007434501312673092}, "mor": {"variant": "perm20260809", "instance_id": "c12_replay_150_0138", "campus": 12, "size": 150, "track": "replay", "structure": "chain", "phi": 1.0, "eta": 1.0, "m": 0.6, "u_target": null, "u_realized": null, "method": "mor", "seed": 301, "twt": 810.0, "makespan": 90.8648, "mean_flow": 5.351692, "breach_share": 0.07333333333333333, "breach_p1": 0.2903225806451613, "breach_p2": 0.10526315789473684, "breach_p3": 0.0, "breach_p4": 0.0, "decisions": 150, "latency_ms_per_decision": 0.008758784582217535, "replans": null, "validator_ok": 1, "runtime_s": 0.0013138176873326302}, "lfj_atc": {"variant": "perm20260809", "instance_id": "c12_replay_150_0138", "campus": 12, "size": 150, "track": "replay", "structure": "chain", "phi": 1.0, "eta": 1.0, "m": 0.6, "u_target": null, "u_realized": null, "method": "lfj_atc", "seed": 301, "twt": 810.0, "makespan": 90.8648, "mean_flow": 5.332160666666667, "breach_share": 0.07333333333333333, "breach_p1": 0.2903225806451613, "breach_p2": 0.10526315789473684, "breach_p3": 0.0, "breach_p4": 0.0, "decisions": 150, "latency_ms_per_decision": 0.05326466013987859, "replans": null, "validator_ok": 1, "runtime_s": 0.007989699020981789}, "atc_eta": {"variant": "perm20260809", "instance_id": "c12_replay_150_0138", "campus": 12, "size": 150, "track": "replay", "structure": "chain", "phi": 1.0, "eta": 1.0, "m": 0.6, "u_target": null, "u_realized": null, "method": "atc_eta", "seed": 301, "twt": 810.0, "makespan": 90.8648, "mean_flow": 5.332160666666667, "breach_share": 0.07333333333333333, "breach_p1": 0.2903225806451613, "breach_p2": 0.10526315789473684, "breach_p3": 0.0, "breach_p4": 0.0, "decisions": 150, "latency_ms_per_decision": 0.10836591323216756, "replans": null, "validator_ok": 1, "runtime_s": 0.016254886984825134}, "random": {"variant": "perm20260809", "instance_id": "c12_replay_150_0138", "campus": 12, "size": 150, "track": "replay", "structure": "chain", "phi": 1.0, "eta": 1.0, "m": 0.6, "u_target": null, "u_realized": null, "method": "random", "seed": 301, "twt": 810.0, "makespan": 90.8648, "mean_flow": 5.336724, "breach_share": 0.07333333333333333, "breach_p1": 0.2903225806451613, "breach_p2": 0.10526315789473684, "breach_p3": 0.0, "breach_p4": 0.0, "decisions": 150, "latency_ms_per_decision": 0.00829249620437622, "replans": null, "validator_ok": 1, "runtime_s": 0.001243874430656433}}, "budget_B": 112, "headcount": 112, "chain_order": ["C30", "C10", "B30", "D50", "E10", "D40", "MISC", "B20", "E20", "UNK", "D30", "D90", "D20"]}