{"config_id": "c12_replay_400_0157__rand1_20260902", "rows": {"edd": {"variant": "rand1_20260902", "instance_id": "c12_replay_400_0157", "campus": 12, "size": 400, "track": "replay", "structure": "rand1", "phi": 1.0, "eta": 1.0, "m": 0.6, "u_target": null, "u_realized": null, "method": "edd", "seed": 301, "twt": 1001.946, "makespan": 103.83370000000001, "mean_flow": 6.14215175, "breach_share": 0.04, "breach_p1": 0.14457831325301204, "breach_p2": 0.047619047619047616, "breach_p3": 0.009523809523809525, "breach_p4": 0.0, "decisions": 400, "latency_ms_per_decision": 0.009663784876465797, "replans": null, "validator_ok": 1, "runtime_s": 0.003865513950586319}, "wspt": {"variant": "rand1_20260902", "instance_id": "c12_replay_400_0157", "campus": 12, "size": 400, "track": "replay", "structure": "rand1", "phi": 1.0, "eta": 1.0, "m": 0.6, "u_target": null, "u_realized": null, "method": "wspt", "seed": 301, "twt": 1011.0296000000001, "makespan": 103.83370000000001, "mean_flow": 6.12011325, "breach_share": 0.04, "breach_p1": 0.14457831325301204, "breach_p2": 0.047619047619047616, "breach_p3": 0.009523809523809525, "breach_p4": 0.0, "decisions": 400, "latency_ms_per_decision": 0.009520843159407377, "replans": null, "validator_ok": 1, "runtime_s": 0.003808337263762951}, "atc": {"variant": "rand1_20260902", "instance_id": "c12_replay_400_0157", "campus": 12, "size": 400, "track": "replay", "structure": "rand1", "phi": 1.0, "eta": 1.0, "m": 0.6, "u_target": null, "u_realized": null, "method": "atc", "seed": 301, "twt": 1008.6496, "makespan": 103.83370000000001, "mean_flow": 6.12393275, "breach_share": 0.04, "breach_p1": 0.14457831325301204, "breach_p2": 0.047619047619047616, "breach_p3": 0.009523809523809525, "breach_p4": 0.0, "decisions": 400, "latency_ms_per_decision": 0.012115738354623318, "replans": null, "validator_ok": 1, "runtime_s": 0.004846295341849327}, "pfifo": {"variant": "rand1_20260902", "instance_id": "c12_replay_400_0157", "campus": 12, "size": 400, "track": "replay", "structure": "rand1", "phi": 1.0, "eta": 1.0, "m": 0.6, "u_target": null, "u_realized": null, "method": "pfifo", "seed": 301, "twt": 1001.946, "makespan": 103.83370000000001, "mean_flow": 6.14215175, "breach_share": 0.04, "breach_p1": 0.14457831325301204, "breach_p2": 0.047619047619047616, "breach_p3": 0.009523809523809525, "breach_p4": 0.0, "decisions": 400, "latency_ms_per_decision": 0.009629132691770792, "replans": null, "validator_ok": 1, "runtime_s": 0.003851653076708317}, "mor": {"variant": "rand1_20260902", "instance_id": "c12_replay_400_0157", "campus": 12, "size": 400, "track": "replay", "structure": "rand1", "phi": 1.0, "eta": 1.0, "m": 0.6, "u_target": null, "u_realized": null, "method": "mor", "seed": 301, "twt": 996.0148, "makespan": 103.83370000000001, "mean_flow": 6.203932749999999, "breach_share": 0.04, "breach_p1": 0.14457831325301204, "breach_p2": 0.047619047619047616, "breach_p3": 0.009523809523809525, "breach_p4": 0.0, "decisions": 400, "latency_ms_per_decision": 0.009681733790785074, "replans": null, "validator_ok": 1, "runtime_s": 0.0038726935163140297}, "lfj_atc": {"variant": "rand1_20260902", "instance_id": "c12_replay_400_0157", "campus": 12, "size": 400, "track": "replay", "structure": "rand1", "phi": 1.0, "eta": 1.0, "m": 0.6, "u_target": null, "u_realized": null, "method": "lfj_atc", "seed": 301, "twt": 1008.6496, "makespan": 103.83370000000001, "mean_flow": 6.12393275, "breach_share": 0.04, "breach_p1": 0.14457831325301204, "breach_p2": 0.047619047619047616, "breach_p3": 0.009523809523809525, "breach_p4": 0.0, "decisions": 400, "latency_ms_per_decision": 0.013220456894487143, "replans": null, "validator_ok": 1, "runtime_s": 0.005288182757794857}, "atc_eta": {"variant": "rand1_20260902", "instance_id": "c12_replay_400_0157", "campus": 12, "size": 400, "track": "replay", "structure": "rand1", "phi": 1.0, "eta": 1.0, "m": 0.6, "u_target": null, "u_realized": null, "method": "atc_eta", "seed": 301, "twt": 1008.6496, "makespan": 103.83370000000001, "mean_flow": 6.12393275, "breach_share": 0.04, "breach_p1": 0.14457831325301204, "breach_p2": 0.047619047619047616, "breach_p3": 0.009523809523809525, "breach_p4": 0.0, "decisions": 400, "latency_ms_per_decision": 0.023067896254360676, "replans": null, "validator_ok": 1, "runtime_s": 0.00922715850174427}, "random": {"variant": "rand1_20260902", "instance_id": "c12_replay_400_0157", "campus": 12, "size": 400, "track": "replay", "structure": "rand1", "phi": 1.0, "eta": 1.0, "m": 0.6, "u_target": null, "u_realized": null, "method": "random", "seed": 301, "twt": 1012.1484, "makespan": 103.83370000000001, "mean_flow": 6.134409, "breach_share": 0.04, "breach_p1": 0.14457831325301204, "breach_p2": 0.047619047619047616, "breach_p3": 0.009523809523809525, "breach_p4": 0.0, "decisions": 400, "latency_ms_per_decision": 0.009112902916967869, "replans": null, "validator_ok": 1, "runtime_s": 0.0036451611667871475}}, "budget_B": 112, "headcount": 112, "chain_order": ["D30", "D20", "D50", "C30", "MISC", "C10", "D90", "E20", "B20", "E10", "D40", "B30", "UNK"]}