{"config_id": "c12_replay_150_0160__perm20260808", "rows": {"edd": {"variant": "perm20260808", "instance_id": "c12_replay_150_0160", "campus": 12, "size": 150, "track": "replay", "structure": "chain", "phi": 1.0, "eta": 1.0, "m": 0.6, "u_target": null, "u_realized": null, "method": "edd", "seed": 301, "twt": 695.4592, "makespan": 91.1506, "mean_flow": 5.308098666666666, "breach_share": 0.04, "breach_p1": 0.14705882352941177, "breach_p2": 0.043478260869565216, "breach_p3": 0.0, "breach_p4": 0.0, "decisions": 150, "latency_ms_per_decision": 0.012170871098836264, "replans": null, "validator_ok": 1, "runtime_s": 0.0018256306648254395}, "wspt": {"variant": "perm20260808", "instance_id": "c12_replay_150_0160", "campus": 12, "size": 150, "track": "replay", "structure": "chain", "phi": 1.0, "eta": 1.0, "m": 0.6, "u_target": null, "u_realized": null, "method": "wspt", "seed": 301, "twt": 695.4592, "makespan": 91.1506, "mean_flow": 5.301432, "breach_share": 0.04, "breach_p1": 0.14705882352941177, "breach_p2": 0.043478260869565216, "breach_p3": 0.0, "breach_p4": 0.0, "decisions": 150, "latency_ms_per_decision": 0.03298671295245489, "replans": null, "validator_ok": 1, "runtime_s": 0.004948006942868233}, "atc": {"variant": "perm20260808", "instance_id": "c12_replay_150_0160", "campus": 12, "size": 150, "track": "replay", "structure": "chain", "phi": 1.0, "eta": 1.0, "m": 0.6, "u_target": null, "u_realized": null, "method": "atc", "seed": 301, "twt": 695.4592, "makespan": 91.1506, "mean_flow": 5.301432, "breach_share": 0.04, "breach_p1": 0.14705882352941177, "breach_p2": 0.043478260869565216, "breach_p3": 0.0, "breach_p4": 0.0, "decisions": 150, "latency_ms_per_decision": 0.03524404019117355, "replans": null, "validator_ok": 1, "runtime_s": 0.005286606028676033}, "pfifo": {"variant": "perm20260808", "instance_id": "c12_replay_150_0160", "campus": 12, "size": 150, "track": "replay", "structure": "chain", "phi": 1.0, "eta": 1.0, "m": 0.6, "u_target": null, "u_realized": null, "method": "pfifo", "seed": 301, "twt": 695.4592, "makespan": 91.1506, "mean_flow": 5.308098666666666, "breach_share": 0.04, "breach_p1": 0.14705882352941177, "breach_p2": 0.043478260869565216, "breach_p3": 0.0, "breach_p4": 0.0, "decisions": 150, "latency_ms_per_decision": 0.03284258767962456, "replans": null, "validator_ok": 1, "runtime_s": 0.004926388151943684}, "mor": {"variant": "perm20260808", "instance_id": "c12_replay_150_0160", "campus": 12, "size": 150, "track": "replay", "structure": "chain", "phi": 1.0, "eta": 1.0, "m": 0.6, "u_target": null, "u_realized": null, "method": "mor", "seed": 301, "twt": 695.4592, "makespan": 91.1506, "mean_flow": 5.314765333333333, "breach_share": 0.04, "breach_p1": 0.14705882352941177, "breach_p2": 0.043478260869565216, "breach_p3": 0.0, "breach_p4": 0.0, "decisions": 150, "latency_ms_per_decision": 0.012296593437592188, "replans": null, "validator_ok": 1, "runtime_s": 0.0018444890156388283}, "lfj_atc": {"variant": "perm20260808", "instance_id": "c12_replay_150_0160", "campus": 12, "size": 150, "track": "replay", "structure": "chain", "phi": 1.0, "eta": 1.0, "m": 0.6, "u_target": null, "u_realized": null, "method": "lfj_atc", "seed": 301, "twt": 695.4592, "makespan": 91.1506, "mean_flow": 5.301432, "breach_share": 0.04, "breach_p1": 0.14705882352941177, "breach_p2": 0.043478260869565216, "breach_p3": 0.0, "breach_p4": 0.0, "decisions": 150, "latency_ms_per_decision": 0.03676247472564379, "replans": null, "validator_ok": 1, "runtime_s": 0.005514371208846569}, "atc_eta": {"variant": "perm20260808", "instance_id": "c12_replay_150_0160", "campus": 12, "size": 150, "track": "replay", "structure": "chain", "phi": 1.0, "eta": 1.0, "m": 0.6, "u_target": null, "u_realized": null, "method": "atc_eta", "seed": 301, "twt": 695.4592, "makespan": 91.1506, "mean_flow": 5.301432, "breach_share": 0.04, "breach_p1": 0.14705882352941177, "breach_p2": 0.043478260869565216, "breach_p3": 0.0, "breach_p4": 0.0, "decisions": 150, "latency_ms_per_decision": 0.07267143577337265, "replans": null, "validator_ok": 1, "runtime_s": 0.010900715366005898}, "random": {"variant": "perm20260808", "instance_id": "c12_replay_150_0160", "campus": 12, "size": 150, "track": "replay", "structure": "chain", "phi": 1.0, "eta": 1.0, "m": 0.6, "u_target": null, "u_realized": null, "method": "random", "seed": 301, "twt": 695.4592, "makespan": 91.1506, "mean_flow": 5.311432, "breach_share": 0.04, "breach_p1": 0.14705882352941177, "breach_p2": 0.043478260869565216, "breach_p3": 0.0, "breach_p4": 0.0, "decisions": 150, "latency_ms_per_decision": 0.022942995031674702, "replans": null, "validator_ok": 1, "runtime_s": 0.0034414492547512054}}, "budget_B": 112, "headcount": 112, "chain_order": ["MISC", "E20", "B30", "D90", "C30", "E10", "D20", "UNK", "D50", "C10", "D30", "B20", "D40"]}