{"config_id": "c12_replay_150_0103__rand1_20260903", "rows": {"edd": {"variant": "rand1_20260903", "instance_id": "c12_replay_150_0103", "campus": 12, "size": 150, "track": "replay", "structure": "rand1", "phi": 1.0, "eta": 1.0, "m": 0.6, "u_target": null, "u_realized": null, "method": "edd", "seed": 301, "twt": 1095.3184, "makespan": 91.854, "mean_flow": 6.195148666666667, "breach_share": 0.03333333333333333, "breach_p1": 0.13333333333333333, "breach_p2": 0.038461538461538464, "breach_p3": 0.0, "breach_p4": 0.0, "decisions": 150, "latency_ms_per_decision": 0.007820973793665567, "replans": null, "validator_ok": 1, "runtime_s": 0.0011731460690498352}, "wspt": {"variant": "rand1_20260903", "instance_id": "c12_replay_150_0103", "campus": 12, "size": 150, "track": "replay", "structure": "rand1", "phi": 1.0, "eta": 1.0, "m": 0.6, "u_target": null, "u_realized": null, "method": "wspt", "seed": 301, "twt": 1095.3184, "makespan": 91.854, "mean_flow": 6.195148666666667, "breach_share": 0.03333333333333333, "breach_p1": 0.13333333333333333, "breach_p2": 0.038461538461538464, "breach_p3": 0.0, "breach_p4": 0.0, "decisions": 150, "latency_ms_per_decision": 0.007952439288298288, "replans": null, "validator_ok": 1, "runtime_s": 0.0011928658932447433}, "atc": {"variant": "rand1_20260903", "instance_id": "c12_replay_150_0103", "campus": 12, "size": 150, "track": "replay", "structure": "rand1", "phi": 1.0, "eta": 1.0, "m": 0.6, "u_target": null, "u_realized": null, "method": "atc", "seed": 301, "twt": 1095.3184, "makespan": 91.854, "mean_flow": 6.195148666666666, "breach_share": 0.03333333333333333, "breach_p1": 0.13333333333333333, "breach_p2": 0.038461538461538464, "breach_p3": 0.0, "breach_p4": 0.0, "decisions": 150, "latency_ms_per_decision": 0.009637723366419474, "replans": null, "validator_ok": 1, "runtime_s": 0.0014456585049629211}, "pfifo": {"variant": "rand1_20260903", "instance_id": "c12_replay_150_0103", "campus": 12, "size": 150, "track": "replay", "structure": "rand1", "phi": 1.0, "eta": 1.0, "m": 0.6, "u_target": null, "u_realized": null, "method": "pfifo", "seed": 301, "twt": 1095.3184, "makespan": 91.854, "mean_flow": 6.195148666666667, "breach_share": 0.03333333333333333, "breach_p1": 0.13333333333333333, "breach_p2": 0.038461538461538464, "breach_p3": 0.0, "breach_p4": 0.0, "decisions": 150, "latency_ms_per_decision": 0.007815646628538767, "replans": null, "validator_ok": 1, "runtime_s": 0.0011723469942808151}, "mor": {"variant": "rand1_20260903", "instance_id": "c12_replay_150_0103", "campus": 12, "size": 150, "track": "replay", "structure": "rand1", "phi": 1.0, "eta": 1.0, "m": 0.6, "u_target": null, "u_realized": null, "method": "mor", "seed": 301, "twt": 1095.3184, "makespan": 91.854, "mean_flow": 6.195148666666666, "breach_share": 0.03333333333333333, "breach_p1": 0.13333333333333333, "breach_p2": 0.038461538461538464, "breach_p3": 0.0, "breach_p4": 0.0, "decisions": 150, "latency_ms_per_decision": 0.007611270993947983, "replans": null, "validator_ok": 1, "runtime_s": 0.0011416906490921974}, "lfj_atc": {"variant": "rand1_20260903", "instance_id": "c12_replay_150_0103", "campus": 12, "size": 150, "track": "replay", "structure": "rand1", "phi": 1.0, "eta": 1.0, "m": 0.6, "u_target": null, "u_realized": null, "method": "lfj_atc", "seed": 301, "twt": 1095.3184, "makespan": 91.854, "mean_flow": 6.195148666666666, "breach_share": 0.03333333333333333, "breach_p1": 0.13333333333333333, "breach_p2": 0.038461538461538464, "breach_p3": 0.0, "breach_p4": 0.0, "decisions": 150, "latency_ms_per_decision": 0.010549457122882208, "replans": null, "validator_ok": 1, "runtime_s": 0.001582418568432331}, "atc_eta": {"variant": "rand1_20260903", "instance_id": "c12_replay_150_0103", "campus": 12, "size": 150, "track": "replay", "structure": "rand1", "phi": 1.0, "eta": 1.0, "m": 0.6, "u_target": null, "u_realized": null, "method": "atc_eta", "seed": 301, "twt": 1095.3184, "makespan": 91.854, "mean_flow": 6.195148666666666, "breach_share": 0.03333333333333333, "breach_p1": 0.13333333333333333, "breach_p2": 0.038461538461538464, "breach_p3": 0.0, "breach_p4": 0.0, "decisions": 150, "latency_ms_per_decision": 0.01954751710096995, "replans": null, "validator_ok": 1, "runtime_s": 0.0029321275651454926}, "random": {"variant": "rand1_20260903", "instance_id": "c12_replay_150_0103", "campus": 12, "size": 150, "track": "replay", "structure": "rand1", "phi": 1.0, "eta": 1.0, "m": 0.6, "u_target": null, "u_realized": null, "method": "random", "seed": 301, "twt": 1095.3184, "makespan": 91.854, "mean_flow": 6.195148666666667, "breach_share": 0.03333333333333333, "breach_p1": 0.13333333333333333, "breach_p2": 0.038461538461538464, "breach_p3": 0.0, "breach_p4": 0.0, "decisions": 150, "latency_ms_per_decision": 0.007653503368298213, "replans": null, "validator_ok": 1, "runtime_s": 0.001148025505244732}}, "budget_B": 112, "headcount": 112, "chain_order": ["D30", "D20", "D50", "C30", "MISC", "C10", "D90", "E20", "B20", "E10", "D40", "B30", "UNK"]}