{"config_id": "c12_replay_400_0154__pairs_eta080", "rows": {"edd": {"variant": "pairs", "instance_id": "c12_replay_400_0154", "campus": 12, "size": 400, "track": "replay", "structure": "pairs", "phi": 1.0, "eta": 0.8, "m": 0.6, "u_target": null, "u_realized": null, "method": "edd", "seed": 301, "twt": 1971.5983999999999, "makespan": 107.2401, "mean_flow": 6.807868000000001, "breach_share": 0.045, "breach_p1": 0.19480519480519481, "breach_p2": 0.041666666666666664, "breach_p3": 0.0, "breach_p4": 0.0, "decisions": 400, "latency_ms_per_decision": 0.010431990958750248, "replans": null, "validator_ok": 1, "runtime_s": 0.004172796383500099}, "wspt": {"variant": "pairs", "instance_id": "c12_replay_400_0154", "campus": 12, "size": 400, "track": "replay", "structure": "pairs", "phi": 1.0, "eta": 0.8, "m": 0.6, "u_target": null, "u_realized": null, "method": "wspt", "seed": 301, "twt": 2138.3184, "makespan": 107.2401, "mean_flow": 6.89016175, "breach_share": 0.0475, "breach_p1": 0.19480519480519481, "breach_p2": 0.05555555555555555, "breach_p3": 0.0, "breach_p4": 0.0, "decisions": 400, "latency_ms_per_decision": 0.010510694701224566, "replans": null, "validator_ok": 1, "runtime_s": 0.004204277880489826}, "atc": {"variant": "pairs", "instance_id": "c12_replay_400_0154", "campus": 12, "size": 400, "track": "replay", "structure": "pairs", "phi": 1.0, "eta": 0.8, "m": 0.6, "u_target": null, "u_realized": null, "method": "atc", "seed": 301, "twt": 1971.5984, "makespan": 107.2401, "mean_flow": 6.8140875, "breach_share": 0.045, "breach_p1": 0.19480519480519481, "breach_p2": 0.041666666666666664, "breach_p3": 0.0, "breach_p4": 0.0, "decisions": 400, "latency_ms_per_decision": 0.013981296215206385, "replans": null, "validator_ok": 1, "runtime_s": 0.005592518486082554}, "pfifo": {"variant": "pairs", "instance_id": "c12_replay_400_0154", "campus": 12, "size": 400, "track": "replay", "structure": "pairs", "phi": 1.0, "eta": 0.8, "m": 0.6, "u_target": null, "u_realized": null, "method": "pfifo", "seed": 301, "twt": 1971.5983999999999, "makespan": 107.2401, "mean_flow": 6.807868000000001, "breach_share": 0.045, "breach_p1": 0.19480519480519481, "breach_p2": 0.041666666666666664, "breach_p3": 0.0, "breach_p4": 0.0, "decisions": 400, "latency_ms_per_decision": 0.010782210156321526, "replans": null, "validator_ok": 1, "runtime_s": 0.00431288406252861}, "mor": {"variant": "pairs", "instance_id": "c12_replay_400_0154", "campus": 12, "size": 400, "track": "replay", "structure": "pairs", "phi": 1.0, "eta": 0.8, "m": 0.6, "u_target": null, "u_realized": null, "method": "mor", "seed": 301, "twt": 1971.5984, "makespan": 107.2401, "mean_flow": 6.814455499999999, "breach_share": 0.045, "breach_p1": 0.19480519480519481, "breach_p2": 0.041666666666666664, "breach_p3": 0.0, "breach_p4": 0.0, "decisions": 400, "latency_ms_per_decision": 0.010345196351408958, "replans": null, "validator_ok": 1, "runtime_s": 0.004138078540563583}, "lfj_atc": {"variant": "pairs", "instance_id": "c12_replay_400_0154", "campus": 12, "size": 400, "track": "replay", "structure": "pairs", "phi": 1.0, "eta": 0.8, "m": 0.6, "u_target": null, "u_realized": null, "method": "lfj_atc", "seed": 301, "twt": 1971.5984, "makespan": 107.2401, "mean_flow": 6.8140875, "breach_share": 0.045, "breach_p1": 0.19480519480519481, "breach_p2": 0.041666666666666664, "breach_p3": 0.0, "breach_p4": 0.0, "decisions": 400, "latency_ms_per_decision": 0.01513398252427578, "replans": null, "validator_ok": 1, "runtime_s": 0.006053593009710312}, "atc_eta": {"variant": "pairs", "instance_id": "c12_replay_400_0154", "campus": 12, "size": 400, "track": "replay", "structure": "pairs", "phi": 1.0, "eta": 0.8, "m": 0.6, "u_target": null, "u_realized": null, "method": "atc_eta", "seed": 301, "twt": 1971.5984, "makespan": 107.2401, "mean_flow": 6.8140875, "breach_share": 0.045, "breach_p1": 0.19480519480519481, "breach_p2": 0.041666666666666664, "breach_p3": 0.0, "breach_p4": 0.0, "decisions": 400, "latency_ms_per_decision": 0.027954131364822388, "replans": null, "validator_ok": 1, "runtime_s": 0.011181652545928955}, "random": {"variant": "pairs", "instance_id": "c12_replay_400_0154", "campus": 12, "size": 400, "track": "replay", "structure": "pairs", "phi": 1.0, "eta": 0.8, "m": 0.6, "u_target": null, "u_realized": null, "method": "random", "seed": 301, "twt": 1975.5984, "makespan": 107.2401, "mean_flow": 6.807993, "breach_share": 0.045, "breach_p1": 0.19480519480519481, "breach_p2": 0.041666666666666664, "breach_p3": 0.0, "breach_p4": 0.0, "decisions": 400, "latency_ms_per_decision": 0.01000699121505022, "replans": null, "validator_ok": 1, "runtime_s": 0.004002796486020088}}, "budget_B": 112, "headcount": 112, "chain_order": ["D30", "D20", "D50", "C30", "MISC", "C10", "D90", "E20", "B20", "E10", "D40", "B30", "UNK"]}