{"config_id": "c12_replay_400_0078__rand1_20260903", "rows": {"edd": {"variant": "rand1_20260903", "instance_id": "c12_replay_400_0078", "campus": 12, "size": 400, "track": "replay", "structure": "rand1", "phi": 1.0, "eta": 1.0, "m": 0.6, "u_target": null, "u_realized": null, "method": "edd", "seed": 301, "twt": 1863.3604, "makespan": 110.3648, "mean_flow": 5.9212265, "breach_share": 0.035, "breach_p1": 0.18571428571428572, "breach_p2": 0.019230769230769232, "breach_p3": 0.0, "breach_p4": 0.0, "decisions": 400, "latency_ms_per_decision": 0.009997165761888027, "replans": null, "validator_ok": 1, "runtime_s": 0.003998866304755211}, "wspt": {"variant": "rand1_20260903", "instance_id": "c12_replay_400_0078", "campus": 12, "size": 400, "track": "replay", "structure": "rand1", "phi": 1.0, "eta": 1.0, "m": 0.6, "u_target": null, "u_realized": null, "method": "wspt", "seed": 301, "twt": 1906.424, "makespan": 109.8648, "mean_flow": 5.8753165, "breach_share": 0.035, "breach_p1": 0.18571428571428572, "breach_p2": 0.019230769230769232, "breach_p3": 0.0, "breach_p4": 0.0, "decisions": 400, "latency_ms_per_decision": 0.009838065598160028, "replans": null, "validator_ok": 1, "runtime_s": 0.003935226239264011}, "atc": {"variant": "rand1_20260903", "instance_id": "c12_replay_400_0078", "campus": 12, "size": 400, "track": "replay", "structure": "rand1", "phi": 1.0, "eta": 1.0, "m": 0.6, "u_target": null, "u_realized": null, "method": "atc", "seed": 301, "twt": 1887.8020000000001, "makespan": 109.8648, "mean_flow": 5.8723645, "breach_share": 0.035, "breach_p1": 0.18571428571428572, "breach_p2": 0.019230769230769232, "breach_p3": 0.0, "breach_p4": 0.0, "decisions": 400, "latency_ms_per_decision": 0.01287244725972414, "replans": null, "validator_ok": 1, "runtime_s": 0.005148978903889656}, "pfifo": {"variant": "rand1_20260903", "instance_id": "c12_replay_400_0078", "campus": 12, "size": 400, "track": "replay", "structure": "rand1", "phi": 1.0, "eta": 1.0, "m": 0.6, "u_target": null, "u_realized": null, "method": "pfifo", "seed": 301, "twt": 1863.3604, "makespan": 110.3648, "mean_flow": 5.9212265, "breach_share": 0.035, "breach_p1": 0.18571428571428572, "breach_p2": 0.019230769230769232, "breach_p3": 0.0, "breach_p4": 0.0, "decisions": 400, "latency_ms_per_decision": 0.009966297075152397, "replans": null, "validator_ok": 1, "runtime_s": 0.003986518830060959}, "mor": {"variant": "rand1_20260903", "instance_id": "c12_replay_400_0078", "campus": 12, "size": 400, "track": "replay", "structure": "rand1", "phi": 1.0, "eta": 1.0, "m": 0.6, "u_target": null, "u_realized": null, "method": "mor", "seed": 301, "twt": 1878.0424000000003, "makespan": 107.5604, "mean_flow": 6.2917907500000005, "breach_share": 0.04, "breach_p1": 0.21428571428571427, "breach_p2": 0.019230769230769232, "breach_p3": 0.0, "breach_p4": 0.0, "decisions": 400, "latency_ms_per_decision": 0.009714169427752495, "replans": null, "validator_ok": 1, "runtime_s": 0.003885667771100998}, "lfj_atc": {"variant": "rand1_20260903", "instance_id": "c12_replay_400_0078", "campus": 12, "size": 400, "track": "replay", "structure": "rand1", "phi": 1.0, "eta": 1.0, "m": 0.6, "u_target": null, "u_realized": null, "method": "lfj_atc", "seed": 301, "twt": 1887.8020000000001, "makespan": 109.8648, "mean_flow": 5.8723645, "breach_share": 0.035, "breach_p1": 0.18571428571428572, "breach_p2": 0.019230769230769232, "breach_p3": 0.0, "breach_p4": 0.0, "decisions": 400, "latency_ms_per_decision": 0.014190683141350746, "replans": null, "validator_ok": 1, "runtime_s": 0.0056762732565402985}, "atc_eta": {"variant": "rand1_20260903", "instance_id": "c12_replay_400_0078", "campus": 12, "size": 400, "track": "replay", "structure": "rand1", "phi": 1.0, "eta": 1.0, "m": 0.6, "u_target": null, "u_realized": null, "method": "atc_eta", "seed": 301, "twt": 1887.8020000000001, "makespan": 109.8648, "mean_flow": 5.8723645, "breach_share": 0.035, "breach_p1": 0.18571428571428572, "breach_p2": 0.019230769230769232, "breach_p3": 0.0, "breach_p4": 0.0, "decisions": 400, "latency_ms_per_decision": 0.024366644211113453, "replans": null, "validator_ok": 1, "runtime_s": 0.009746657684445381}, "random": {"variant": "rand1_20260903", "instance_id": "c12_replay_400_0078", "campus": 12, "size": 400, "track": "replay", "structure": "rand1", "phi": 1.0, "eta": 1.0, "m": 0.6, "u_target": null, "u_realized": null, "method": "random", "seed": 301, "twt": 1903.1176, "makespan": 110.3648, "mean_flow": 5.927922499999999, "breach_share": 0.035, "breach_p1": 0.18571428571428572, "breach_p2": 0.019230769230769232, "breach_p3": 0.0, "breach_p4": 0.0, "decisions": 400, "latency_ms_per_decision": 0.009103899355977774, "replans": null, "validator_ok": 1, "runtime_s": 0.0036415597423911095}}, "budget_B": 112, "headcount": 112, "chain_order": ["D30", "D20", "D50", "C30", "MISC", "C10", "D90", "E20", "B20", "E10", "D40", "B30", "UNK"]}