{"config_id": "c12_replay_400_0157__pairs_eta100", "rows": {"edd": {"variant": "pairs", "instance_id": "c12_replay_400_0157", "campus": 12, "size": 400, "track": "replay", "structure": "pairs", "phi": 1.0, "eta": 1.0, "m": 0.6, "u_target": null, "u_realized": null, "method": "edd", "seed": 301, "twt": 987.1672, "makespan": 103.83370000000001, "mean_flow": 6.0152607499999995, "breach_share": 0.04, "breach_p1": 0.14457831325301204, "breach_p2": 0.047619047619047616, "breach_p3": 0.009523809523809525, "breach_p4": 0.0, "decisions": 400, "latency_ms_per_decision": 0.007660703267902136, "replans": null, "validator_ok": 1, "runtime_s": 0.0030642813071608543}, "wspt": {"variant": "pairs", "instance_id": "c12_replay_400_0157", "campus": 12, "size": 400, "track": "replay", "structure": "pairs", "phi": 1.0, "eta": 1.0, "m": 0.6, "u_target": null, "u_realized": null, "method": "wspt", "seed": 301, "twt": 995.5824, "makespan": 103.83370000000001, "mean_flow": 6.01211075, "breach_share": 0.04, "breach_p1": 0.14457831325301204, "breach_p2": 0.047619047619047616, "breach_p3": 0.009523809523809525, "breach_p4": 0.0, "decisions": 400, "latency_ms_per_decision": 0.0076266261748969555, "replans": null, "validator_ok": 1, "runtime_s": 0.003050650469958782}, "atc": {"variant": "pairs", "instance_id": "c12_replay_400_0157", "campus": 12, "size": 400, "track": "replay", "structure": "pairs", "phi": 1.0, "eta": 1.0, "m": 0.6, "u_target": null, "u_realized": null, "method": "atc", "seed": 301, "twt": 988.3496, "makespan": 103.83370000000001, "mean_flow": 6.0152607499999995, "breach_share": 0.04, "breach_p1": 0.14457831325301204, "breach_p2": 0.047619047619047616, "breach_p3": 0.009523809523809525, "breach_p4": 0.0, "decisions": 400, "latency_ms_per_decision": 0.009852703660726547, "replans": null, "validator_ok": 1, "runtime_s": 0.003941081464290619}, "pfifo": {"variant": "pairs", "instance_id": "c12_replay_400_0157", "campus": 12, "size": 400, "track": "replay", "structure": "pairs", "phi": 1.0, "eta": 1.0, "m": 0.6, "u_target": null, "u_realized": null, "method": "pfifo", "seed": 301, "twt": 987.1672, "makespan": 103.83370000000001, "mean_flow": 6.0152607499999995, "breach_share": 0.04, "breach_p1": 0.14457831325301204, "breach_p2": 0.047619047619047616, "breach_p3": 0.009523809523809525, "breach_p4": 0.0, "decisions": 400, "latency_ms_per_decision": 0.007939403876662254, "replans": null, "validator_ok": 1, "runtime_s": 0.0031757615506649017}, "mor": {"variant": "pairs", "instance_id": "c12_replay_400_0157", "campus": 12, "size": 400, "track": "replay", "structure": "pairs", "phi": 1.0, "eta": 1.0, "m": 0.6, "u_target": null, "u_realized": null, "method": "mor", "seed": 301, "twt": 986.3196, "makespan": 103.83370000000001, "mean_flow": 6.02619975, "breach_share": 0.04, "breach_p1": 0.14457831325301204, "breach_p2": 0.047619047619047616, "breach_p3": 0.009523809523809525, "breach_p4": 0.0, "decisions": 400, "latency_ms_per_decision": 0.007220178376883268, "replans": null, "validator_ok": 1, "runtime_s": 0.0028880713507533073}, "lfj_atc": {"variant": "pairs", "instance_id": "c12_replay_400_0157", "campus": 12, "size": 400, "track": "replay", "structure": "pairs", "phi": 1.0, "eta": 1.0, "m": 0.6, "u_target": null, "u_realized": null, "method": "lfj_atc", "seed": 301, "twt": 988.3496, "makespan": 103.83370000000001, "mean_flow": 6.0152607499999995, "breach_share": 0.04, "breach_p1": 0.14457831325301204, "breach_p2": 0.047619047619047616, "breach_p3": 0.009523809523809525, "breach_p4": 0.0, "decisions": 400, "latency_ms_per_decision": 0.010209090542048216, "replans": null, "validator_ok": 1, "runtime_s": 0.004083636216819286}, "atc_eta": {"variant": "pairs", "instance_id": "c12_replay_400_0157", "campus": 12, "size": 400, "track": "replay", "structure": "pairs", "phi": 1.0, "eta": 1.0, "m": 0.6, "u_target": null, "u_realized": null, "method": "atc_eta", "seed": 301, "twt": 988.3496, "makespan": 103.83370000000001, "mean_flow": 6.0152607499999995, "breach_share": 0.04, "breach_p1": 0.14457831325301204, "breach_p2": 0.047619047619047616, "breach_p3": 0.009523809523809525, "breach_p4": 0.0, "decisions": 400, "latency_ms_per_decision": 0.018840341363102198, "replans": null, "validator_ok": 1, "runtime_s": 0.007536136545240879}, "random": {"variant": "pairs", "instance_id": "c12_replay_400_0157", "campus": 12, "size": 400, "track": "replay", "structure": "pairs", "phi": 1.0, "eta": 1.0, "m": 0.6, "u_target": null, "u_realized": null, "method": "random", "seed": 301, "twt": 987.9484, "makespan": 103.83370000000001, "mean_flow": 6.014185, "breach_share": 0.04, "breach_p1": 0.14457831325301204, "breach_p2": 0.047619047619047616, "breach_p3": 0.009523809523809525, "breach_p4": 0.0, "decisions": 400, "latency_ms_per_decision": 0.007132960017770529, "replans": null, "validator_ok": 1, "runtime_s": 0.0028531840071082115}}, "budget_B": 112, "headcount": 112, "chain_order": ["D30", "D20", "D50", "C30", "MISC", "C10", "D90", "E20", "B20", "E10", "D40", "B30", "UNK"]}