{"config_id": "c12_replay_150_0140__perm20260805", "rows": {"edd": {"variant": "perm20260805", "instance_id": "c12_replay_150_0140", "campus": 12, "size": 150, "track": "replay", "structure": "chain", "phi": 1.0, "eta": 1.0, "m": 0.6, "u_target": null, "u_realized": null, "method": "edd", "seed": 301, "twt": 616.0, "makespan": 92.2954, "mean_flow": 5.0685080000000005, "breach_share": 0.05333333333333334, "breach_p1": 0.16326530612244897, "breach_p2": 0.0, "breach_p3": 0.0, "breach_p4": 0.0, "decisions": 150, "latency_ms_per_decision": 0.009067667027314505, "replans": null, "validator_ok": 1, "runtime_s": 0.0013601500540971756}, "wspt": {"variant": "perm20260805", "instance_id": "c12_replay_150_0140", "campus": 12, "size": 150, "track": "replay", "structure": "chain", "phi": 1.0, "eta": 1.0, "m": 0.6, "u_target": null, "u_realized": null, "method": "wspt", "seed": 301, "twt": 620.0, "makespan": 92.2954, "mean_flow": 5.075174666666666, "breach_share": 0.05333333333333334, "breach_p1": 0.16326530612244897, "breach_p2": 0.0, "breach_p3": 0.0, "breach_p4": 0.0, "decisions": 150, "latency_ms_per_decision": 0.02935240666071574, "replans": null, "validator_ok": 1, "runtime_s": 0.004402860999107361}, "atc": {"variant": "perm20260805", "instance_id": "c12_replay_150_0140", "campus": 12, "size": 150, "track": "replay", "structure": "chain", "phi": 1.0, "eta": 1.0, "m": 0.6, "u_target": null, "u_realized": null, "method": "atc", "seed": 301, "twt": 616.0, "makespan": 92.2954, "mean_flow": 5.0685080000000005, "breach_share": 0.05333333333333334, "breach_p1": 0.16326530612244897, "breach_p2": 0.0, "breach_p3": 0.0, "breach_p4": 0.0, "decisions": 150, "latency_ms_per_decision": 0.011759549379348755, "replans": null, "validator_ok": 1, "runtime_s": 0.0017639324069023132}, "pfifo": {"variant": "perm20260805", "instance_id": "c12_replay_150_0140", "campus": 12, "size": 150, "track": "replay", "structure": "chain", "phi": 1.0, "eta": 1.0, "m": 0.6, "u_target": null, "u_realized": null, "method": "pfifo", "seed": 301, "twt": 616.0, "makespan": 92.2954, "mean_flow": 5.0685080000000005, "breach_share": 0.05333333333333334, "breach_p1": 0.16326530612244897, "breach_p2": 0.0, "breach_p3": 0.0, "breach_p4": 0.0, "decisions": 150, "latency_ms_per_decision": 0.029552833487590153, "replans": null, "validator_ok": 1, "runtime_s": 0.004432925023138523}, "mor": {"variant": "perm20260805", "instance_id": "c12_replay_150_0140", "campus": 12, "size": 150, "track": "replay", "structure": "chain", "phi": 1.0, "eta": 1.0, "m": 0.6, "u_target": null, "u_realized": null, "method": "mor", "seed": 301, "twt": 616.0, "makespan": 92.2954, "mean_flow": 5.086511333333333, "breach_share": 0.05333333333333334, "breach_p1": 0.16326530612244897, "breach_p2": 0.0, "breach_p3": 0.0, "breach_p4": 0.0, "decisions": 150, "latency_ms_per_decision": 0.009293965995311737, "replans": null, "validator_ok": 1, "runtime_s": 0.0013940948992967606}, "lfj_atc": {"variant": "perm20260805", "instance_id": "c12_replay_150_0140", "campus": 12, "size": 150, "track": "replay", "structure": "chain", "phi": 1.0, "eta": 1.0, "m": 0.6, "u_target": null, "u_realized": null, "method": "lfj_atc", "seed": 301, "twt": 616.0, "makespan": 92.2954, "mean_flow": 5.0685080000000005, "breach_share": 0.05333333333333334, "breach_p1": 0.16326530612244897, "breach_p2": 0.0, "breach_p3": 0.0, "breach_p4": 0.0, "decisions": 150, "latency_ms_per_decision": 0.012463064243396124, "replans": null, "validator_ok": 1, "runtime_s": 0.0018694596365094185}, "atc_eta": {"variant": "perm20260805", "instance_id": "c12_replay_150_0140", "campus": 12, "size": 150, "track": "replay", "structure": "chain", "phi": 1.0, "eta": 1.0, "m": 0.6, "u_target": null, "u_realized": null, "method": "atc_eta", "seed": 301, "twt": 616.0, "makespan": 92.2954, "mean_flow": 5.0685080000000005, "breach_share": 0.05333333333333334, "breach_p1": 0.16326530612244897, "breach_p2": 0.0, "breach_p3": 0.0, "breach_p4": 0.0, "decisions": 150, "latency_ms_per_decision": 0.055881316463152565, "replans": null, "validator_ok": 1, "runtime_s": 0.008382197469472885}, "random": {"variant": "perm20260805", "instance_id": "c12_replay_150_0140", "campus": 12, "size": 150, "track": "replay", "structure": "chain", "phi": 1.0, "eta": 1.0, "m": 0.6, "u_target": null, "u_realized": null, "method": "random", "seed": 301, "twt": 616.0, "makespan": 92.2954, "mean_flow": 5.077365333333333, "breach_share": 0.05333333333333334, "breach_p1": 0.16326530612244897, "breach_p2": 0.0, "breach_p3": 0.0, "breach_p4": 0.0, "decisions": 150, "latency_ms_per_decision": 0.009037771572669348, "replans": null, "validator_ok": 1, "runtime_s": 0.001355665735900402}}, "budget_B": 112, "headcount": 112, "chain_order": ["C30", "MISC", "C10", "D30", "D20", "E10", "D90", "E20", "UNK", "D40", "D50", "B30", "B20"]}