{"config_id": "c12_replay_150_0130__feasnorm_eta100", "rows": {"edd": {"variant": "feasnorm", "instance_id": "c12_replay_150_0130", "campus": 12, "size": 150, "track": "replay", "structure": "feasnorm", "phi": 1.0, "eta": 1.0, "m": 0.6, "u_target": null, "u_realized": null, "method": "edd", "seed": 301, "twt": 1534.5184, "makespan": 95.0795, "mean_flow": 5.774678000000001, "breach_share": 0.05333333333333334, "breach_p1": 0.14814814814814814, "breach_p2": 0.0, "breach_p3": 0.0, "breach_p4": 0.0, "decisions": 150, "latency_ms_per_decision": 0.008244880785544714, "replans": null, "validator_ok": 1, "runtime_s": 0.001236732117831707}, "wspt": {"variant": "feasnorm", "instance_id": "c12_replay_150_0130", "campus": 12, "size": 150, "track": "replay", "structure": "feasnorm", "phi": 1.0, "eta": 1.0, "m": 0.6, "u_target": null, "u_realized": null, "method": "wspt", "seed": 301, "twt": 1549.3336, "makespan": 95.0795, "mean_flow": 5.774678000000001, "breach_share": 0.05333333333333334, "breach_p1": 0.14814814814814814, "breach_p2": 0.0, "breach_p3": 0.0, "breach_p4": 0.0, "decisions": 150, "latency_ms_per_decision": 0.008667061726252237, "replans": null, "validator_ok": 1, "runtime_s": 0.0013000592589378357}, "atc": {"variant": "feasnorm", "instance_id": "c12_replay_150_0130", "campus": 12, "size": 150, "track": "replay", "structure": "feasnorm", "phi": 1.0, "eta": 1.0, "m": 0.6, "u_target": null, "u_realized": null, "method": "atc", "seed": 301, "twt": 1546.5184, "makespan": 95.0795, "mean_flow": 5.774678, "breach_share": 0.05333333333333334, "breach_p1": 0.14814814814814814, "breach_p2": 0.0, "breach_p3": 0.0, "breach_p4": 0.0, "decisions": 150, "latency_ms_per_decision": 0.011397122095028559, "replans": null, "validator_ok": 1, "runtime_s": 0.001709568314254284}, "pfifo": {"variant": "feasnorm", "instance_id": "c12_replay_150_0130", "campus": 12, "size": 150, "track": "replay", "structure": "feasnorm", "phi": 1.0, "eta": 1.0, "m": 0.6, "u_target": null, "u_realized": null, "method": "pfifo", "seed": 301, "twt": 1534.5184, "makespan": 95.0795, "mean_flow": 5.774678000000001, "breach_share": 0.05333333333333334, "breach_p1": 0.14814814814814814, "breach_p2": 0.0, "breach_p3": 0.0, "breach_p4": 0.0, "decisions": 150, "latency_ms_per_decision": 0.008603651076555252, "replans": null, "validator_ok": 1, "runtime_s": 0.0012905476614832878}, "mor": {"variant": "feasnorm", "instance_id": "c12_replay_150_0130", "campus": 12, "size": 150, "track": "replay", "structure": "feasnorm", "phi": 1.0, "eta": 1.0, "m": 0.6, "u_target": null, "u_realized": null, "method": "mor", "seed": 301, "twt": 1534.5184, "makespan": 95.0795, "mean_flow": 5.784678, "breach_share": 0.05333333333333334, "breach_p1": 0.14814814814814814, "breach_p2": 0.0, "breach_p3": 0.0, "breach_p4": 0.0, "decisions": 150, "latency_ms_per_decision": 0.008599702268838882, "replans": null, "validator_ok": 1, "runtime_s": 0.0012899553403258324}, "lfj_atc": {"variant": "feasnorm", "instance_id": "c12_replay_150_0130", "campus": 12, "size": 150, "track": "replay", "structure": "feasnorm", "phi": 1.0, "eta": 1.0, "m": 0.6, "u_target": null, "u_realized": null, "method": "lfj_atc", "seed": 301, "twt": 1546.5184, "makespan": 95.0795, "mean_flow": 5.774678, "breach_share": 0.05333333333333334, "breach_p1": 0.14814814814814814, "breach_p2": 0.0, "breach_p3": 0.0, "breach_p4": 0.0, "decisions": 150, "latency_ms_per_decision": 0.012574164817730585, "replans": null, "validator_ok": 1, "runtime_s": 0.0018861247226595879}, "atc_eta": {"variant": "feasnorm", "instance_id": "c12_replay_150_0130", "campus": 12, "size": 150, "track": "replay", "structure": "feasnorm", "phi": 1.0, "eta": 1.0, "m": 0.6, "u_target": null, "u_realized": null, "method": "atc_eta", "seed": 301, "twt": 1546.5184, "makespan": 95.0795, "mean_flow": 5.774678, "breach_share": 0.05333333333333334, "breach_p1": 0.14814814814814814, "breach_p2": 0.0, "breach_p3": 0.0, "breach_p4": 0.0, "decisions": 150, "latency_ms_per_decision": 0.026369821280241013, "replans": null, "validator_ok": 1, "runtime_s": 0.003955473192036152}, "random": {"variant": "feasnorm", "instance_id": "c12_replay_150_0130", "campus": 12, "size": 150, "track": "replay", "structure": "feasnorm", "phi": 1.0, "eta": 1.0, "m": 0.6, "u_target": null, "u_realized": null, "method": "random", "seed": 301, "twt": 1542.5184, "makespan": 95.0795, "mean_flow": 5.784244666666667, "breach_share": 0.06, "breach_p1": 0.16666666666666666, "breach_p2": 0.0, "breach_p3": 0.0, "breach_p4": 0.0, "decisions": 150, "latency_ms_per_decision": 0.007909623285134634, "replans": null, "validator_ok": 1, "runtime_s": 0.001186443492770195}}, "budget_B": 112, "headcount": 112, "chain_order": ["D30", "D20", "D90", "D40", "MISC", "E20", "E10", "UNK", "C30", "C10", "D50", "B20", "B30"]}