{"config_id": "c12_replay_400_0125__opt_eta080", "rows": {"edd": {"variant": "opt", "instance_id": "c12_replay_400_0125", "campus": 12, "size": 400, "track": "replay", "structure": "opt", "phi": 1.0, "eta": 0.8, "m": 0.6, "u_target": null, "u_realized": null, "method": "edd", "seed": 301, "twt": 922.6992, "makespan": 121.6525, "mean_flow": 7.6190735, "breach_share": 0.035, "breach_p1": 0.1346153846153846, "breach_p2": 0.07142857142857142, "breach_p3": 0.024193548387096774, "breach_p4": 0.0, "decisions": 400, "latency_ms_per_decision": 0.007538453210145235, "replans": null, "validator_ok": 1, "runtime_s": 0.003015381284058094}, "wspt": {"variant": "opt", "instance_id": "c12_replay_400_0125", "campus": 12, "size": 400, "track": "replay", "structure": "opt", "phi": 1.0, "eta": 0.8, "m": 0.6, "u_target": null, "u_realized": null, "method": "wspt", "seed": 301, "twt": 1076.7792, "makespan": 121.6525, "mean_flow": 7.6535305, "breach_share": 0.035, "breach_p1": 0.1346153846153846, "breach_p2": 0.07142857142857142, "breach_p3": 0.024193548387096774, "breach_p4": 0.0, "decisions": 400, "latency_ms_per_decision": 0.007579491939395666, "replans": null, "validator_ok": 1, "runtime_s": 0.0030317967757582664}, "atc": {"variant": "opt", "instance_id": "c12_replay_400_0125", "campus": 12, "size": 400, "track": "replay", "structure": "opt", "phi": 1.0, "eta": 0.8, "m": 0.6, "u_target": null, "u_realized": null, "method": "atc", "seed": 301, "twt": 944.6992, "makespan": 121.6525, "mean_flow": 7.617730249999999, "breach_share": 0.035, "breach_p1": 0.1346153846153846, "breach_p2": 0.07142857142857142, "breach_p3": 0.024193548387096774, "breach_p4": 0.0, "decisions": 400, "latency_ms_per_decision": 0.009238275233656168, "replans": null, "validator_ok": 1, "runtime_s": 0.003695310093462467}, "pfifo": {"variant": "opt", "instance_id": "c12_replay_400_0125", "campus": 12, "size": 400, "track": "replay", "structure": "opt", "phi": 1.0, "eta": 0.8, "m": 0.6, "u_target": null, "u_realized": null, "method": "pfifo", "seed": 301, "twt": 922.6992, "makespan": 121.6525, "mean_flow": 7.6190735, "breach_share": 0.035, "breach_p1": 0.1346153846153846, "breach_p2": 0.07142857142857142, "breach_p3": 0.024193548387096774, "breach_p4": 0.0, "decisions": 400, "latency_ms_per_decision": 0.007469963748008013, "replans": null, "validator_ok": 1, "runtime_s": 0.002987985499203205}, "mor": {"variant": "opt", "instance_id": "c12_replay_400_0125", "campus": 12, "size": 400, "track": "replay", "structure": "opt", "phi": 1.0, "eta": 0.8, "m": 0.6, "u_target": null, "u_realized": null, "method": "mor", "seed": 301, "twt": 896.6591999999999, "makespan": 121.6525, "mean_flow": 7.5689775, "breach_share": 0.03, "breach_p1": 0.11538461538461539, "breach_p2": 0.07142857142857142, "breach_p3": 0.016129032258064516, "breach_p4": 0.0, "decisions": 400, "latency_ms_per_decision": 0.007263985462486744, "replans": null, "validator_ok": 1, "runtime_s": 0.0029055941849946976}, "lfj_atc": {"variant": "opt", "instance_id": "c12_replay_400_0125", "campus": 12, "size": 400, "track": "replay", "structure": "opt", "phi": 1.0, "eta": 0.8, "m": 0.6, "u_target": null, "u_realized": null, "method": "lfj_atc", "seed": 301, "twt": 944.6992, "makespan": 121.6525, "mean_flow": 7.617730249999999, "breach_share": 0.035, "breach_p1": 0.1346153846153846, "breach_p2": 0.07142857142857142, "breach_p3": 0.024193548387096774, "breach_p4": 0.0, "decisions": 400, "latency_ms_per_decision": 0.010058486368507147, "replans": null, "validator_ok": 1, "runtime_s": 0.004023394547402859}, "atc_eta": {"variant": "opt", "instance_id": "c12_replay_400_0125", "campus": 12, "size": 400, "track": "replay", "structure": "opt", "phi": 1.0, "eta": 0.8, "m": 0.6, "u_target": null, "u_realized": null, "method": "atc_eta", "seed": 301, "twt": 944.6992, "makespan": 121.6525, "mean_flow": 7.622363, "breach_share": 0.035, "breach_p1": 0.1346153846153846, "breach_p2": 0.07142857142857142, "breach_p3": 0.024193548387096774, "breach_p4": 0.0, "decisions": 400, "latency_ms_per_decision": 0.016572177410125732, "replans": null, "validator_ok": 1, "runtime_s": 0.006628870964050293}, "random": {"variant": "opt", "instance_id": "c12_replay_400_0125", "campus": 12, "size": 400, "track": "replay", "structure": "opt", "phi": 1.0, "eta": 0.8, "m": 0.6, "u_target": null, "u_realized": null, "method": "random", "seed": 301, "twt": 949.6991999999999, "makespan": 121.6525, "mean_flow": 7.580986, "breach_share": 0.03, "breach_p1": 0.11538461538461539, "breach_p2": 0.07142857142857142, "breach_p3": 0.016129032258064516, "breach_p4": 0.0, "decisions": 400, "latency_ms_per_decision": 0.007165127899497747, "replans": null, "validator_ok": 1, "runtime_s": 0.002866051159799099}}, "budget_B": 112, "headcount": 112, "chain_order": ["D30", "D20", "D50", "C30", "MISC", "C10", "D90", "E20", "B20", "E10", "D40", "B30", "UNK"]}