{"config_id": "c12_replay_400_0060__rand1_20260903", "rows": {"edd": {"variant": "rand1_20260903", "instance_id": "c12_replay_400_0060", "campus": 12, "size": 400, "track": "replay", "structure": "rand1", "phi": 1.0, "eta": 1.0, "m": 0.6, "u_target": null, "u_realized": null, "method": "edd", "seed": 301, "twt": 1312.5991999999999, "makespan": 117.1148, "mean_flow": 7.201895500000001, "breach_share": 0.035, "breach_p1": 0.15476190476190477, "breach_p2": 0.021739130434782608, "breach_p3": 0.0, "breach_p4": 0.0, "decisions": 400, "latency_ms_per_decision": 0.009769177995622158, "replans": null, "validator_ok": 1, "runtime_s": 0.003907671198248863}, "wspt": {"variant": "rand1_20260903", "instance_id": "c12_replay_400_0060", "campus": 12, "size": 400, "track": "replay", "structure": "rand1", "phi": 1.0, "eta": 1.0, "m": 0.6, "u_target": null, "u_realized": null, "method": "wspt", "seed": 301, "twt": 1309.4679999999998, "makespan": 116.1148, "mean_flow": 7.191389999999999, "breach_share": 0.0325, "breach_p1": 0.14285714285714285, "breach_p2": 0.021739130434782608, "breach_p3": 0.0, "breach_p4": 0.0, "decisions": 400, "latency_ms_per_decision": 0.00959878321737051, "replans": null, "validator_ok": 1, "runtime_s": 0.003839513286948204}, "atc": {"variant": "rand1_20260903", "instance_id": "c12_replay_400_0060", "campus": 12, "size": 400, "track": "replay", "structure": "rand1", "phi": 1.0, "eta": 1.0, "m": 0.6, "u_target": null, "u_realized": null, "method": "atc", "seed": 301, "twt": 1306.4591999999998, "makespan": 116.1148, "mean_flow": 7.193794250000001, "breach_share": 0.0325, "breach_p1": 0.14285714285714285, "breach_p2": 0.021739130434782608, "breach_p3": 0.0, "breach_p4": 0.0, "decisions": 400, "latency_ms_per_decision": 0.011461575049906969, "replans": null, "validator_ok": 1, "runtime_s": 0.004584630019962788}, "pfifo": {"variant": "rand1_20260903", "instance_id": "c12_replay_400_0060", "campus": 12, "size": 400, "track": "replay", "structure": "rand1", "phi": 1.0, "eta": 1.0, "m": 0.6, "u_target": null, "u_realized": null, "method": "pfifo", "seed": 301, "twt": 1312.5991999999999, "makespan": 117.1148, "mean_flow": 7.201895500000001, "breach_share": 0.035, "breach_p1": 0.15476190476190477, "breach_p2": 0.021739130434782608, "breach_p3": 0.0, "breach_p4": 0.0, "decisions": 400, "latency_ms_per_decision": 0.009783953428268433, "replans": null, "validator_ok": 1, "runtime_s": 0.003913581371307373}, "mor": {"variant": "rand1_20260903", "instance_id": "c12_replay_400_0060", "campus": 12, "size": 400, "track": "replay", "structure": "rand1", "phi": 1.0, "eta": 1.0, "m": 0.6, "u_target": null, "u_realized": null, "method": "mor", "seed": 301, "twt": 1301.4712, "makespan": 115.8648, "mean_flow": 7.3031335, "breach_share": 0.035, "breach_p1": 0.15476190476190477, "breach_p2": 0.021739130434782608, "breach_p3": 0.0, "breach_p4": 0.0, "decisions": 400, "latency_ms_per_decision": 0.009588431566953659, "replans": null, "validator_ok": 1, "runtime_s": 0.0038353726267814636}, "lfj_atc": {"variant": "rand1_20260903", "instance_id": "c12_replay_400_0060", "campus": 12, "size": 400, "track": "replay", "structure": "rand1", "phi": 1.0, "eta": 1.0, "m": 0.6, "u_target": null, "u_realized": null, "method": "lfj_atc", "seed": 301, "twt": 1306.4591999999998, "makespan": 116.1148, "mean_flow": 7.193794250000001, "breach_share": 0.0325, "breach_p1": 0.14285714285714285, "breach_p2": 0.021739130434782608, "breach_p3": 0.0, "breach_p4": 0.0, "decisions": 400, "latency_ms_per_decision": 0.012505734339356422, "replans": null, "validator_ok": 1, "runtime_s": 0.005002293735742569}, "atc_eta": {"variant": "rand1_20260903", "instance_id": "c12_replay_400_0060", "campus": 12, "size": 400, "track": "replay", "structure": "rand1", "phi": 1.0, "eta": 1.0, "m": 0.6, "u_target": null, "u_realized": null, "method": "atc_eta", "seed": 301, "twt": 1306.4591999999998, "makespan": 116.1148, "mean_flow": 7.193794250000001, "breach_share": 0.0325, "breach_p1": 0.14285714285714285, "breach_p2": 0.021739130434782608, "breach_p3": 0.0, "breach_p4": 0.0, "decisions": 400, "latency_ms_per_decision": 0.022062836214900017, "replans": null, "validator_ok": 1, "runtime_s": 0.008825134485960007}, "random": {"variant": "rand1_20260903", "instance_id": "c12_replay_400_0060", "campus": 12, "size": 400, "track": "replay", "structure": "rand1", "phi": 1.0, "eta": 1.0, "m": 0.6, "u_target": null, "u_realized": null, "method": "random", "seed": 301, "twt": 1324.0703999999998, "makespan": 115.8648, "mean_flow": 7.199501250000001, "breach_share": 0.035, "breach_p1": 0.15476190476190477, "breach_p2": 0.021739130434782608, "breach_p3": 0.0, "breach_p4": 0.0, "decisions": 400, "latency_ms_per_decision": 0.009577330201864243, "replans": null, "validator_ok": 1, "runtime_s": 0.003830932080745697}}, "budget_B": 112, "headcount": 112, "chain_order": ["D30", "D20", "D50", "C30", "MISC", "C10", "D90", "E20", "B20", "E10", "D40", "B30", "UNK"]}