{"config_id": "c12_replay_400_0150__perm20260803", "rows": {"edd": {"variant": "perm20260803", "instance_id": "c12_replay_400_0150", "campus": 12, "size": 400, "track": "replay", "structure": "chain", "phi": 1.0, "eta": 1.0, "m": 0.6, "u_target": null, "u_realized": null, "method": "edd", "seed": 301, "twt": 1852.3088, "makespan": 105.6173, "mean_flow": 5.7328997500000005, "breach_share": 0.035, "breach_p1": 0.15, "breach_p2": 0.04081632653061224, "breach_p3": 0.0, "breach_p4": 0.0, "decisions": 400, "latency_ms_per_decision": 0.023075107019394636, "replans": null, "validator_ok": 1, "runtime_s": 0.009230042807757854}, "wspt": {"variant": "perm20260803", "instance_id": "c12_replay_400_0150", "campus": 12, "size": 400, "track": "replay", "structure": "chain", "phi": 1.0, "eta": 1.0, "m": 0.6, "u_target": null, "u_realized": null, "method": "wspt", "seed": 301, "twt": 1864.3088, "makespan": 105.6173, "mean_flow": 5.708386250000001, "breach_share": 0.035, "breach_p1": 0.15, "breach_p2": 0.04081632653061224, "breach_p3": 0.0, "breach_p4": 0.0, "decisions": 400, "latency_ms_per_decision": 0.02309866715222597, "replans": null, "validator_ok": 1, "runtime_s": 0.009239466860890388}, "atc": {"variant": "perm20260803", "instance_id": "c12_replay_400_0150", "campus": 12, "size": 400, "track": "replay", "structure": "chain", "phi": 1.0, "eta": 1.0, "m": 0.6, "u_target": null, "u_realized": null, "method": "atc", "seed": 301, "twt": 1852.3088, "makespan": 105.6173, "mean_flow": 5.714149749999999, "breach_share": 0.035, "breach_p1": 0.15, "breach_p2": 0.04081632653061224, "breach_p3": 0.0, "breach_p4": 0.0, "decisions": 400, "latency_ms_per_decision": 0.04049019189551473, "replans": null, "validator_ok": 1, "runtime_s": 0.01619607675820589}, "pfifo": {"variant": "perm20260803", "instance_id": "c12_replay_400_0150", "campus": 12, "size": 400, "track": "replay", "structure": "chain", "phi": 1.0, "eta": 1.0, "m": 0.6, "u_target": null, "u_realized": null, "method": "pfifo", "seed": 301, "twt": 1852.3088, "makespan": 105.6173, "mean_flow": 5.7328997500000005, "breach_share": 0.035, "breach_p1": 0.15, "breach_p2": 0.04081632653061224, "breach_p3": 0.0, "breach_p4": 0.0, "decisions": 400, "latency_ms_per_decision": 0.015726196579635143, "replans": null, "validator_ok": 1, "runtime_s": 0.006290478631854057}, "mor": {"variant": "perm20260803", "instance_id": "c12_replay_400_0150", "campus": 12, "size": 400, "track": "replay", "structure": "chain", "phi": 1.0, "eta": 1.0, "m": 0.6, "u_target": null, "u_realized": null, "method": "mor", "seed": 301, "twt": 1852.3088, "makespan": 105.6173, "mean_flow": 5.773016, "breach_share": 0.035, "breach_p1": 0.15, "breach_p2": 0.04081632653061224, "breach_p3": 0.0, "breach_p4": 0.0, "decisions": 400, "latency_ms_per_decision": 0.030447235330939293, "replans": null, "validator_ok": 1, "runtime_s": 0.012178894132375717}, "lfj_atc": {"variant": "perm20260803", "instance_id": "c12_replay_400_0150", "campus": 12, "size": 400, "track": "replay", "structure": "chain", "phi": 1.0, "eta": 1.0, "m": 0.6, "u_target": null, "u_realized": null, "method": "lfj_atc", "seed": 301, "twt": 1852.3088, "makespan": 105.6173, "mean_flow": 5.714149749999999, "breach_share": 0.035, "breach_p1": 0.15, "breach_p2": 0.04081632653061224, "breach_p3": 0.0, "breach_p4": 0.0, "decisions": 400, "latency_ms_per_decision": 0.04131973721086979, "replans": null, "validator_ok": 1, "runtime_s": 0.016527894884347916}, "atc_eta": {"variant": "perm20260803", "instance_id": "c12_replay_400_0150", "campus": 12, "size": 400, "track": "replay", "structure": "chain", "phi": 1.0, "eta": 1.0, "m": 0.6, "u_target": null, "u_realized": null, "method": "atc_eta", "seed": 301, "twt": 1852.3088, "makespan": 105.6173, "mean_flow": 5.714149749999999, "breach_share": 0.035, "breach_p1": 0.15, "breach_p2": 0.04081632653061224, "breach_p3": 0.0, "breach_p4": 0.0, "decisions": 400, "latency_ms_per_decision": 0.06580739747732878, "replans": null, "validator_ok": 1, "runtime_s": 0.02632295899093151}, "random": {"variant": "perm20260803", "instance_id": "c12_replay_400_0150", "campus": 12, "size": 400, "track": "replay", "structure": "chain", "phi": 1.0, "eta": 1.0, "m": 0.6, "u_target": null, "u_realized": null, "method": "random", "seed": 301, "twt": 1852.0, "makespan": 105.6173, "mean_flow": 5.713617250000001, "breach_share": 0.035, "breach_p1": 0.15, "breach_p2": 0.04081632653061224, "breach_p3": 0.0, "breach_p4": 0.0, "decisions": 400, "latency_ms_per_decision": 0.02234935062006116, "replans": null, "validator_ok": 1, "runtime_s": 0.008939740248024464}}, "budget_B": 112, "headcount": 112, "chain_order": ["D30", "D40", "B30", "E20", "UNK", "E10", "D90", "MISC", "D20", "C10", "B20", "C30", "D50"]}