{"config_id": "c12_replay_400_0097__feas_eta100", "rows": {"edd": {"variant": "feas", "instance_id": "c12_replay_400_0097", "campus": 12, "size": 400, "track": "replay", "structure": "feas", "phi": 1.0, "eta": 1.0, "m": 0.6, "u_target": null, "u_realized": null, "method": "edd", "seed": 301, "twt": 3179.7972, "makespan": 104.8648, "mean_flow": 8.1359185, "breach_share": 0.0625, "breach_p1": 0.19626168224299065, "breach_p2": 0.04, "breach_p3": 0.011494252873563218, "breach_p4": 0.0, "decisions": 400, "latency_ms_per_decision": 0.006628544069826603, "replans": null, "validator_ok": 1, "runtime_s": 0.002651417627930641}, "wspt": {"variant": "feas", "instance_id": "c12_replay_400_0097", "campus": 12, "size": 400, "track": "replay", "structure": "feas", "phi": 1.0, "eta": 1.0, "m": 0.6, "u_target": null, "u_realized": null, "method": "wspt", "seed": 301, "twt": 3513.2644, "makespan": 104.8648, "mean_flow": 7.8531575, "breach_share": 0.0725, "breach_p1": 0.2336448598130841, "breach_p2": 0.04, "breach_p3": 0.011494252873563218, "breach_p4": 0.0, "decisions": 400, "latency_ms_per_decision": 0.006840538699179888, "replans": null, "validator_ok": 1, "runtime_s": 0.002736215479671955}, "atc": {"variant": "feas", "instance_id": "c12_replay_400_0097", "campus": 12, "size": 400, "track": "replay", "structure": "feas", "phi": 1.0, "eta": 1.0, "m": 0.6, "u_target": null, "u_realized": null, "method": "atc", "seed": 301, "twt": 3328.01, "makespan": 104.8648, "mean_flow": 8.074693250000001, "breach_share": 0.065, "breach_p1": 0.205607476635514, "breach_p2": 0.04, "breach_p3": 0.011494252873563218, "breach_p4": 0.0, "decisions": 400, "latency_ms_per_decision": 0.009499657899141312, "replans": null, "validator_ok": 1, "runtime_s": 0.0037998631596565247}, "pfifo": {"variant": "feas", "instance_id": "c12_replay_400_0097", "campus": 12, "size": 400, "track": "replay", "structure": "feas", "phi": 1.0, "eta": 1.0, "m": 0.6, "u_target": null, "u_realized": null, "method": "pfifo", "seed": 301, "twt": 3179.7972, "makespan": 104.8648, "mean_flow": 8.1359185, "breach_share": 0.0625, "breach_p1": 0.19626168224299065, "breach_p2": 0.04, "breach_p3": 0.011494252873563218, "breach_p4": 0.0, "decisions": 400, "latency_ms_per_decision": 0.007052253931760788, "replans": null, "validator_ok": 1, "runtime_s": 0.002820901572704315}, "mor": {"variant": "feas", "instance_id": "c12_replay_400_0097", "campus": 12, "size": 400, "track": "replay", "structure": "feas", "phi": 1.0, "eta": 1.0, "m": 0.6, "u_target": null, "u_realized": null, "method": "mor", "seed": 301, "twt": 4936.220400000002, "makespan": 98.8648, "mean_flow": 9.667577, "breach_share": 0.1425, "breach_p1": 0.4953271028037383, "breach_p2": 0.04, "breach_p3": 0.011494252873563218, "breach_p4": 0.0, "decisions": 400, "latency_ms_per_decision": 0.007087413687258959, "replans": null, "validator_ok": 1, "runtime_s": 0.0028349654749035835}, "lfj_atc": {"variant": "feas", "instance_id": "c12_replay_400_0097", "campus": 12, "size": 400, "track": "replay", "structure": "feas", "phi": 1.0, "eta": 1.0, "m": 0.6, "u_target": null, "u_realized": null, "method": "lfj_atc", "seed": 301, "twt": 3328.01, "makespan": 104.8648, "mean_flow": 8.074693250000001, "breach_share": 0.065, "breach_p1": 0.205607476635514, "breach_p2": 0.04, "breach_p3": 0.011494252873563218, "breach_p4": 0.0, "decisions": 400, "latency_ms_per_decision": 0.010523861274123192, "replans": null, "validator_ok": 1, "runtime_s": 0.004209544509649277}, "atc_eta": {"variant": "feas", "instance_id": "c12_replay_400_0097", "campus": 12, "size": 400, "track": "replay", "structure": "feas", "phi": 1.0, "eta": 1.0, "m": 0.6, "u_target": null, "u_realized": null, "method": "atc_eta", "seed": 301, "twt": 3328.01, "makespan": 104.8648, "mean_flow": 8.074693250000001, "breach_share": 0.065, "breach_p1": 0.205607476635514, "breach_p2": 0.04, "breach_p3": 0.011494252873563218, "breach_p4": 0.0, "decisions": 400, "latency_ms_per_decision": 0.016933672595769167, "replans": null, "validator_ok": 1, "runtime_s": 0.006773469038307667}, "random": {"variant": "feas", "instance_id": "c12_replay_400_0097", "campus": 12, "size": 400, "track": "replay", "structure": "feas", "phi": 1.0, "eta": 1.0, "m": 0.6, "u_target": null, "u_realized": null, "method": "random", "seed": 301, "twt": 3591.1980000000012, "makespan": 98.8648, "mean_flow": 8.28994825, "breach_share": 0.0925, "breach_p1": 0.308411214953271, "breach_p2": 0.04, "breach_p3": 0.011494252873563218, "breach_p4": 0.0, "decisions": 400, "latency_ms_per_decision": 0.006144095677882433, "replans": null, "validator_ok": 1, "runtime_s": 0.002457638271152973}}, "budget_B": 112, "headcount": 112, "chain_order": ["D30", "D20", "D90", "D40", "MISC", "E20", "E10", "UNK", "C30", "C10", "D50", "B20", "B30"]}