{"config_id": "c12_replay_400_0105__perm20260803", "rows": {"edd": {"variant": "perm20260803", "instance_id": "c12_replay_400_0105", "campus": 12, "size": 400, "track": "replay", "structure": "chain", "phi": 1.0, "eta": 1.0, "m": 0.6, "u_target": null, "u_realized": null, "method": "edd", "seed": 301, "twt": 1037.0592000000001, "makespan": 107.0019, "mean_flow": 5.198201, "breach_share": 0.0275, "breach_p1": 0.09876543209876543, "breach_p2": 0.03773584905660377, "breach_p3": 0.010309278350515464, "breach_p4": 0.0, "decisions": 400, "latency_ms_per_decision": 0.023889385629445314, "replans": null, "validator_ok": 1, "runtime_s": 0.009555754251778126}, "wspt": {"variant": "perm20260803", "instance_id": "c12_replay_400_0105", "campus": 12, "size": 400, "track": "replay", "structure": "chain", "phi": 1.0, "eta": 1.0, "m": 0.6, "u_target": null, "u_realized": null, "method": "wspt", "seed": 301, "twt": 1047.0592000000001, "makespan": 107.0019, "mean_flow": 5.18725875, "breach_share": 0.03, "breach_p1": 0.1111111111111111, "breach_p2": 0.03773584905660377, "breach_p3": 0.010309278350515464, "breach_p4": 0.0, "decisions": 400, "latency_ms_per_decision": 0.016852691769599915, "replans": null, "validator_ok": 1, "runtime_s": 0.006741076707839966}, "atc": {"variant": "perm20260803", "instance_id": "c12_replay_400_0105", "campus": 12, "size": 400, "track": "replay", "structure": "chain", "phi": 1.0, "eta": 1.0, "m": 0.6, "u_target": null, "u_realized": null, "method": "atc", "seed": 301, "twt": 1037.0592000000001, "makespan": 107.0019, "mean_flow": 5.1921615, "breach_share": 0.0275, "breach_p1": 0.09876543209876543, "breach_p2": 0.03773584905660377, "breach_p3": 0.010309278350515464, "breach_p4": 0.0, "decisions": 400, "latency_ms_per_decision": 0.02704678103327751, "replans": null, "validator_ok": 1, "runtime_s": 0.010818712413311005}, "pfifo": {"variant": "perm20260803", "instance_id": "c12_replay_400_0105", "campus": 12, "size": 400, "track": "replay", "structure": "chain", "phi": 1.0, "eta": 1.0, "m": 0.6, "u_target": null, "u_realized": null, "method": "pfifo", "seed": 301, "twt": 1037.0592000000001, "makespan": 107.0019, "mean_flow": 5.198201, "breach_share": 0.0275, "breach_p1": 0.09876543209876543, "breach_p2": 0.03773584905660377, "breach_p3": 0.010309278350515464, "breach_p4": 0.0, "decisions": 400, "latency_ms_per_decision": 0.016713652294129133, "replans": null, "validator_ok": 1, "runtime_s": 0.006685460917651653}, "mor": {"variant": "perm20260803", "instance_id": "c12_replay_400_0105", "campus": 12, "size": 400, "track": "replay", "structure": "chain", "phi": 1.0, "eta": 1.0, "m": 0.6, "u_target": null, "u_realized": null, "method": "mor", "seed": 301, "twt": 1037.0592000000001, "makespan": 107.0019, "mean_flow": 5.22040625, "breach_share": 0.0275, "breach_p1": 0.09876543209876543, "breach_p2": 0.03773584905660377, "breach_p3": 0.010309278350515464, "breach_p4": 0.0, "decisions": 400, "latency_ms_per_decision": 0.024006091989576817, "replans": null, "validator_ok": 1, "runtime_s": 0.009602436795830727}, "lfj_atc": {"variant": "perm20260803", "instance_id": "c12_replay_400_0105", "campus": 12, "size": 400, "track": "replay", "structure": "chain", "phi": 1.0, "eta": 1.0, "m": 0.6, "u_target": null, "u_realized": null, "method": "lfj_atc", "seed": 301, "twt": 1037.0592000000001, "makespan": 107.0019, "mean_flow": 5.1921615, "breach_share": 0.0275, "breach_p1": 0.09876543209876543, "breach_p2": 0.03773584905660377, "breach_p3": 0.010309278350515464, "breach_p4": 0.0, "decisions": 400, "latency_ms_per_decision": 0.020443403627723455, "replans": null, "validator_ok": 1, "runtime_s": 0.008177361451089382}, "atc_eta": {"variant": "perm20260803", "instance_id": "c12_replay_400_0105", "campus": 12, "size": 400, "track": "replay", "structure": "chain", "phi": 1.0, "eta": 1.0, "m": 0.6, "u_target": null, "u_realized": null, "method": "atc_eta", "seed": 301, "twt": 1037.0592000000001, "makespan": 107.0019, "mean_flow": 5.1921615, "breach_share": 0.0275, "breach_p1": 0.09876543209876543, "breach_p2": 0.03773584905660377, "breach_p3": 0.010309278350515464, "breach_p4": 0.0, "decisions": 400, "latency_ms_per_decision": 0.04791950806975365, "replans": null, "validator_ok": 1, "runtime_s": 0.01916780322790146}, "random": {"variant": "perm20260803", "instance_id": "c12_replay_400_0105", "campus": 12, "size": 400, "track": "replay", "structure": "chain", "phi": 1.0, "eta": 1.0, "m": 0.6, "u_target": null, "u_realized": null, "method": "random", "seed": 301, "twt": 1041.0592000000001, "makespan": 107.0019, "mean_flow": 5.192576, "breach_share": 0.0275, "breach_p1": 0.09876543209876543, "breach_p2": 0.03773584905660377, "breach_p3": 0.010309278350515464, "breach_p4": 0.0, "decisions": 400, "latency_ms_per_decision": 0.015750103630125523, "replans": null, "validator_ok": 1, "runtime_s": 0.006300041452050209}}, "budget_B": 112, "headcount": 112, "chain_order": ["D30", "D40", "B30", "E20", "UNK", "E10", "D90", "MISC", "D20", "C10", "B20", "C30", "D50"]}