{"config_id": "c05_replay_400_0177__c05_l0_eta100_m100", "rows": {"v2wmlp701": {"instance_id": "c05_replay_400_0177", "campus": 5, "size": 400, "track": "replay", "structure": "dedicated", "phi": null, "eta": 1.0, "m": 1.0, "u_target": null, "u_realized": null, "method": "v2wmlp701", "seed": 701, "twt": 21.729600000000005, "makespan": 108.0048, "mean_flow": 24.617641, "breach_share": 0.0025, "breach_p1": null, "breach_p2": null, "breach_p3": 0.0025380710659898475, "breach_p4": 0.0, "decisions": 400, "latency_ms_per_decision": 1.9434751872904599, "replans": null, "validator_ok": 1, "runtime_s": 0.777390074916184, "waits": 451}, "v2wmlp702": {"instance_id": "c05_replay_400_0177", "campus": 5, "size": 400, "track": "replay", "structure": "dedicated", "phi": null, "eta": 1.0, "m": 1.0, "u_target": null, "u_realized": null, "method": "v2wmlp702", "seed": 702, "twt": 21.729600000000005, "makespan": 111.5048, "mean_flow": 28.2380215, "breach_share": 0.0025, "breach_p1": null, "breach_p2": null, "breach_p3": 0.0025380710659898475, "breach_p4": 0.0, "decisions": 400, "latency_ms_per_decision": 3.317125679459423, "replans": null, "validator_ok": 1, "runtime_s": 1.3268502717837691, "waits": 409}, "v2wmlp703": {"instance_id": "c05_replay_400_0177", "campus": 5, "size": 400, "track": "replay", "structure": "dedicated", "phi": null, "eta": 1.0, "m": 1.0, "u_target": null, "u_realized": null, "method": "v2wmlp703", "seed": 703, "twt": 31.188000000000017, "makespan": 112.73400000000001, "mean_flow": 4.0344325, "breach_share": 0.0025, "breach_p1": null, "breach_p2": null, "breach_p3": 0.0025380710659898475, "breach_p4": 0.0, "decisions": 400, "latency_ms_per_decision": 0.1725720870308578, "replans": null, "validator_ok": 1, "runtime_s": 0.06902883481234312, "waits": 62}, "v2wmlp704": {"instance_id": "c05_replay_400_0177", "campus": 5, "size": 400, "track": "replay", "structure": "dedicated", "phi": null, "eta": 1.0, "m": 1.0, "u_target": null, "u_realized": null, "method": "v2wmlp704", "seed": 704, "twt": 21.729600000000005, "makespan": 108.0048, "mean_flow": 49.03467475, "breach_share": 0.0025, "breach_p1": null, "breach_p2": null, "breach_p3": 0.0025380710659898475, "breach_p4": 0.0, "decisions": 400, "latency_ms_per_decision": 1.9783487962558866, "replans": null, "validator_ok": 1, "runtime_s": 0.7913395185023546, "waits": 444}, "v2wmlp705": {"instance_id": "c05_replay_400_0177", "campus": 5, "size": 400, "track": "replay", "structure": "dedicated", "phi": null, "eta": 1.0, "m": 1.0, "u_target": null, "u_realized": null, "method": "v2wmlp705", "seed": 705, "twt": 21.729600000000005, "makespan": 108.0048, "mean_flow": 25.47365825, "breach_share": 0.0025, "breach_p1": null, "breach_p2": null, "breach_p3": 0.0025380710659898475, "breach_p4": 0.0, "decisions": 400, "latency_ms_per_decision": 2.314394155982882, "replans": null, "validator_ok": 1, "runtime_s": 0.9257576623931527, "waits": 521}, "v2wmlp706": {"instance_id": "c05_replay_400_0177", "campus": 5, "size": 400, "track": "replay", "structure": "dedicated", "phi": null, "eta": 1.0, "m": 1.0, "u_target": null, "u_realized": null, "method": "v2wmlp706", "seed": 706, "twt": 21.729600000000005, "makespan": 108.0048, "mean_flow": 5.71352375, "breach_share": 0.0025, "breach_p1": null, "breach_p2": null, "breach_p3": 0.0025380710659898475, "breach_p4": 0.0, "decisions": 400, "latency_ms_per_decision": 0.6239484110847116, "replans": null, "validator_ok": 1, "runtime_s": 0.24957936443388462, "waits": 247}, "v2wmlp707": {"instance_id": "c05_replay_400_0177", "campus": 5, "size": 400, "track": "replay", "structure": "dedicated", "phi": null, "eta": 1.0, "m": 1.0, "u_target": null, "u_realized": null, "method": "v2wmlp707", "seed": 707, "twt": 21.729600000000005, "makespan": 108.0048, "mean_flow": 4.487553, "breach_share": 0.0025, "breach_p1": null, "breach_p2": null, "breach_p3": 0.0025380710659898475, "breach_p4": 0.0, "decisions": 400, "latency_ms_per_decision": 0.32960945973172784, "replans": null, "validator_ok": 1, "runtime_s": 0.13184378389269114, "waits": 93}, "v2wmlp708": {"instance_id": "c05_replay_400_0177", "campus": 5, "size": 400, "track": "replay", "structure": "dedicated", "phi": null, "eta": 1.0, "m": 1.0, "u_target": null, "u_realized": null, "method": "v2wmlp708", "seed": 708, "twt": 21.729600000000005, "makespan": 108.0048, "mean_flow": 8.0848075, "breach_share": 0.0025, "breach_p1": null, "breach_p2": null, "breach_p3": 0.0025380710659898475, "breach_p4": 0.0, "decisions": 400, "latency_ms_per_decision": 0.7063729455694556, "replans": null, "validator_ok": 1, "runtime_s": 0.28254917822778225, "waits": 341}, "v2wmlp709": {"instance_id": "c05_replay_400_0177", "campus": 5, "size": 400, "track": "replay", "structure": "dedicated", "phi": null, "eta": 1.0, "m": 1.0, "u_target": null, "u_realized": null, "method": "v2wmlp709", "seed": 709, "twt": 21.729600000000005, "makespan": 108.0048, "mean_flow": 5.311946000000001, "breach_share": 0.0025, "breach_p1": null, "breach_p2": null, "breach_p3": 0.0025380710659898475, "breach_p4": 0.0, "decisions": 400, "latency_ms_per_decision": 0.5823798454366624, "replans": null, "validator_ok": 1, "runtime_s": 0.23295193817466497, "waits": 413}, "v2wmlp710": {"instance_id": "c05_replay_400_0177", "campus": 5, "size": 400, "track": "replay", "structure": "dedicated", "phi": null, "eta": 1.0, "m": 1.0, "u_target": null, "u_realized": null, "method": "v2wmlp710", "seed": 710, "twt": 21.729600000000005, "makespan": 108.0048, "mean_flow": 8.3195255, "breach_share": 0.0025, "breach_p1": null, "breach_p2": null, "breach_p3": 0.0025380710659898475, "breach_p4": 0.0, "decisions": 400, "latency_ms_per_decision": 0.8697476657107472, "replans": null, "validator_ok": 1, "runtime_s": 0.3478990662842989, "waits": 413}}}