{"config_id": "c05_replay_400_0105__c05_chain_phi100_eta100_m080", "rows": {"v2wmlp701": {"instance_id": "c05_replay_400_0105", "campus": 5, "size": 400, "track": "replay", "structure": "chain", "phi": 1.0, "eta": 1.0, "m": 0.8, "u_target": null, "u_realized": null, "method": "v2wmlp701", "seed": 701, "twt": 22.114000000000004, "makespan": 111.1395, "mean_flow": 22.9026145, "breach_share": 0.0025, "breach_p1": null, "breach_p2": null, "breach_p3": 0.009615384615384616, "breach_p4": 0.0, "decisions": 400, "latency_ms_per_decision": 0.5728941969573498, "replans": null, "validator_ok": 1, "runtime_s": 0.2291576787829399, "waits": 108}, "v2wmlp702": {"instance_id": "c05_replay_400_0105", "campus": 5, "size": 400, "track": "replay", "structure": "chain", "phi": 1.0, "eta": 1.0, "m": 0.8, "u_target": null, "u_realized": null, "method": "v2wmlp702", "seed": 702, "twt": 21.729600000000005, "makespan": 114.4473, "mean_flow": 54.078457, "breach_share": 0.0025, "breach_p1": null, "breach_p2": null, "breach_p3": 0.009615384615384616, "breach_p4": 0.0, "decisions": 400, "latency_ms_per_decision": 1.7587497574277222, "replans": null, "validator_ok": 1, "runtime_s": 0.7034999029710889, "waits": 271}, "v2wmlp703": {"instance_id": "c05_replay_400_0105", "campus": 5, "size": 400, "track": "replay", "structure": "chain", "phi": 1.0, "eta": 1.0, "m": 0.8, "u_target": null, "u_realized": null, "method": "v2wmlp703", "seed": 703, "twt": 49.18020000000001, "makespan": 117.6726, "mean_flow": 30.07773025, "breach_share": 0.0025, "breach_p1": null, "breach_p2": null, "breach_p3": 0.009615384615384616, "breach_p4": 0.0, "decisions": 400, "latency_ms_per_decision": 1.2103263335302472, "replans": null, "validator_ok": 1, "runtime_s": 0.4841305334120989, "waits": 238}, "v2wmlp704": {"instance_id": "c05_replay_400_0105", "campus": 5, "size": 400, "track": "replay", "structure": "chain", "phi": 1.0, "eta": 1.0, "m": 0.8, "u_target": null, "u_realized": null, "method": "v2wmlp704", "seed": 704, "twt": 21.729600000000005, "makespan": 108.4356, "mean_flow": 48.548204999999996, "breach_share": 0.0025, "breach_p1": null, "breach_p2": null, "breach_p3": 0.009615384615384616, "breach_p4": 0.0, "decisions": 400, "latency_ms_per_decision": 2.2108910558745265, "replans": null, "validator_ok": 1, "runtime_s": 0.8843564223498106, "waits": 365}, "v2wmlp705": {"instance_id": "c05_replay_400_0105", "campus": 5, "size": 400, "track": "replay", "structure": "chain", "phi": 1.0, "eta": 1.0, "m": 0.8, "u_target": null, "u_realized": null, "method": "v2wmlp705", "seed": 705, "twt": 22.121200000000016, "makespan": 104.1431, "mean_flow": 19.163666999999997, "breach_share": 0.0025, "breach_p1": null, "breach_p2": null, "breach_p3": 0.009615384615384616, "breach_p4": 0.0, "decisions": 400, "latency_ms_per_decision": 0.8227489492855966, "replans": null, "validator_ok": 1, "runtime_s": 0.32909957971423864, "waits": 287}, "v2wmlp706": {"instance_id": "c05_replay_400_0105", "campus": 5, "size": 400, "track": "replay", "structure": "chain", "phi": 1.0, "eta": 1.0, "m": 0.8, "u_target": null, "u_realized": null, "method": "v2wmlp706", "seed": 706, "twt": 22.114000000000004, "makespan": 104.1395, "mean_flow": 19.031299249999996, "breach_share": 0.0025, "breach_p1": null, "breach_p2": null, "breach_p3": 0.009615384615384616, "breach_p4": 0.0, "decisions": 400, "latency_ms_per_decision": 0.37620634073391557, "replans": null, "validator_ok": 1, "runtime_s": 0.15048253629356623, "waits": 0}, "v2wmlp707": {"instance_id": "c05_replay_400_0105", "campus": 5, "size": 400, "track": "replay", "structure": "chain", "phi": 1.0, "eta": 1.0, "m": 0.8, "u_target": null, "u_realized": null, "method": "v2wmlp707", "seed": 707, "twt": 22.114000000000004, "makespan": 133.6729, "mean_flow": 32.00555025, "breach_share": 0.0025, "breach_p1": null, "breach_p2": null, "breach_p3": 0.009615384615384616, "breach_p4": 0.0, "decisions": 400, "latency_ms_per_decision": 0.5788650177419186, "replans": null, "validator_ok": 1, "runtime_s": 0.23154600709676743, "waits": 85}, "v2wmlp708": {"instance_id": "c05_replay_400_0105", "campus": 5, "size": 400, "track": "replay", "structure": "chain", "phi": 1.0, "eta": 1.0, "m": 0.8, "u_target": null, "u_realized": null, "method": "v2wmlp708", "seed": 708, "twt": 21.729600000000005, "makespan": 144.96699999999998, "mean_flow": 79.78027775, "breach_share": 0.0025, "breach_p1": null, "breach_p2": null, "breach_p3": 0.009615384615384616, "breach_p4": 0.0, "decisions": 400, "latency_ms_per_decision": 2.1110850456170738, "replans": null, "validator_ok": 1, "runtime_s": 0.8444340182468295, "waits": 300}, "v2wmlp709": {"instance_id": "c05_replay_400_0105", "campus": 5, "size": 400, "track": "replay", "structure": "chain", "phi": 1.0, "eta": 1.0, "m": 0.8, "u_target": null, "u_realized": null, "method": "v2wmlp709", "seed": 709, "twt": 21.729600000000005, "makespan": 103.9473, "mean_flow": 29.967188750000002, "breach_share": 0.0025, "breach_p1": null, "breach_p2": null, "breach_p3": 0.009615384615384616, "breach_p4": 0.0, "decisions": 400, "latency_ms_per_decision": 1.6741799027659, "replans": null, "validator_ok": 1, "runtime_s": 0.66967196110636, "waits": 377}, "v2wmlp710": {"instance_id": "c05_replay_400_0105", "campus": 5, "size": 400, "track": "replay", "structure": "chain", "phi": 1.0, "eta": 1.0, "m": 0.8, "u_target": null, "u_realized": null, "method": "v2wmlp710", "seed": 710, "twt": 21.729600000000005, "makespan": 103.9473, "mean_flow": 32.9451075, "breach_share": 0.0025, "breach_p1": null, "breach_p2": null, "breach_p3": 0.009615384615384616, "breach_p4": 0.0, "decisions": 400, "latency_ms_per_decision": 1.2523203482851386, "replans": null, "validator_ok": 1, "runtime_s": 0.5009281393140554, "waits": 290}}}