{"config_id": "c05_replay_150_0138__c05_chain_phi100_eta100_m100", "rows": {"v2wmlp701": {"instance_id": "c05_replay_150_0138", "campus": 5, "size": 150, "track": "replay", "structure": "chain", "phi": 1.0, "eta": 1.0, "m": 1.0, "u_target": null, "u_realized": null, "method": "v2wmlp701", "seed": 701, "twt": 21.729600000000005, "makespan": 90.8648, "mean_flow": 5.711577999999999, "breach_share": 0.006666666666666667, "breach_p1": null, "breach_p2": null, "breach_p3": 0.010526315789473684, "breach_p4": 0.0, "decisions": 150, "latency_ms_per_decision": 0.36852816740671795, "replans": null, "validator_ok": 1, "runtime_s": 0.05527922511100769, "waits": 5}, "v2wmlp702": {"instance_id": "c05_replay_150_0138", "campus": 5, "size": 150, "track": "replay", "structure": "chain", "phi": 1.0, "eta": 1.0, "m": 1.0, "u_target": null, "u_realized": null, "method": "v2wmlp702", "seed": 702, "twt": 21.729600000000005, "makespan": 97.8648, "mean_flow": 42.922627333333345, "breach_share": 0.006666666666666667, "breach_p1": null, "breach_p2": null, "breach_p3": 0.010526315789473684, "breach_p4": 0.0, "decisions": 150, "latency_ms_per_decision": 1.6110974984864395, "replans": null, "validator_ok": 1, "runtime_s": 0.2416646247729659, "waits": 120}, "v2wmlp703": {"instance_id": "c05_replay_150_0138", "campus": 5, "size": 150, "track": "replay", "structure": "chain", "phi": 1.0, "eta": 1.0, "m": 1.0, "u_target": null, "u_realized": null, "method": "v2wmlp703", "seed": 703, "twt": 21.729600000000005, "makespan": 90.8648, "mean_flow": 5.595556, "breach_share": 0.006666666666666667, "breach_p1": null, "breach_p2": null, "breach_p3": 0.010526315789473684, "breach_p4": 0.0, "decisions": 150, "latency_ms_per_decision": 0.3361400403082371, "replans": null, "validator_ok": 1, "runtime_s": 0.05042100604623556, "waits": 0}, "v2wmlp704": {"instance_id": "c05_replay_150_0138", "campus": 5, "size": 150, "track": "replay", "structure": "chain", "phi": 1.0, "eta": 1.0, "m": 1.0, "u_target": null, "u_realized": null, "method": "v2wmlp704", "seed": 704, "twt": 21.729600000000005, "makespan": 97.8648, "mean_flow": 41.80187466666668, "breach_share": 0.006666666666666667, "breach_p1": null, "breach_p2": null, "breach_p3": 0.010526315789473684, "breach_p4": 0.0, "decisions": 150, "latency_ms_per_decision": 1.7701940114299457, "replans": null, "validator_ok": 1, "runtime_s": 0.26552910171449184, "waits": 116}, "v2wmlp705": {"instance_id": "c05_replay_150_0138", "campus": 5, "size": 150, "track": "replay", "structure": "chain", "phi": 1.0, "eta": 1.0, "m": 1.0, "u_target": null, "u_realized": null, "method": "v2wmlp705", "seed": 705, "twt": 21.729600000000005, "makespan": 90.8648, "mean_flow": 7.351410666666667, "breach_share": 0.006666666666666667, "breach_p1": null, "breach_p2": null, "breach_p3": 0.010526315789473684, "breach_p4": 0.0, "decisions": 150, "latency_ms_per_decision": 0.712081640958786, "replans": null, "validator_ok": 1, "runtime_s": 0.1068122461438179, "waits": 65}, "v2wmlp706": {"instance_id": "c05_replay_150_0138", "campus": 5, "size": 150, "track": "replay", "structure": "chain", "phi": 1.0, "eta": 1.0, "m": 1.0, "u_target": null, "u_realized": null, "method": "v2wmlp706", "seed": 706, "twt": 21.729600000000005, "makespan": 90.8648, "mean_flow": 5.638485999999999, "breach_share": 0.006666666666666667, "breach_p1": null, "breach_p2": null, "breach_p3": 0.010526315789473684, "breach_p4": 0.0, "decisions": 150, "latency_ms_per_decision": 0.3369697742164135, "replans": null, "validator_ok": 1, "runtime_s": 0.050545466132462025, "waits": 0}, "v2wmlp707": {"instance_id": "c05_replay_150_0138", "campus": 5, "size": 150, "track": "replay", "structure": "chain", "phi": 1.0, "eta": 1.0, "m": 1.0, "u_target": null, "u_realized": null, "method": "v2wmlp707", "seed": 707, "twt": 21.729600000000005, "makespan": 90.8648, "mean_flow": 5.794980666666667, "breach_share": 0.006666666666666667, "breach_p1": null, "breach_p2": null, "breach_p3": 0.010526315789473684, "breach_p4": 0.0, "decisions": 150, "latency_ms_per_decision": 0.34197911620140076, "replans": null, "validator_ok": 1, "runtime_s": 0.051296867430210114, "waits": 5}, "v2wmlp708": {"instance_id": "c05_replay_150_0138", "campus": 5, "size": 150, "track": "replay", "structure": "chain", "phi": 1.0, "eta": 1.0, "m": 1.0, "u_target": null, "u_realized": null, "method": "v2wmlp708", "seed": 708, "twt": 21.729600000000005, "makespan": 108.8648, "mean_flow": 49.76985400000001, "breach_share": 0.006666666666666667, "breach_p1": null, "breach_p2": null, "breach_p3": 0.010526315789473684, "breach_p4": 0.0, "decisions": 150, "latency_ms_per_decision": 1.3959325725833576, "replans": null, "validator_ok": 1, "runtime_s": 0.20938988588750362, "waits": 121}, "v2wmlp709": {"instance_id": "c05_replay_150_0138", "campus": 5, "size": 150, "track": "replay", "structure": "chain", "phi": 1.0, "eta": 1.0, "m": 1.0, "u_target": null, "u_realized": null, "method": "v2wmlp709", "seed": 709, "twt": 21.729600000000005, "makespan": 97.8648, "mean_flow": 39.51038066666667, "breach_share": 0.006666666666666667, "breach_p1": null, "breach_p2": null, "breach_p3": 0.010526315789473684, "breach_p4": 0.0, "decisions": 150, "latency_ms_per_decision": 1.5831528355677922, "replans": null, "validator_ok": 1, "runtime_s": 0.23747292533516884, "waits": 139}, "v2wmlp710": {"instance_id": "c05_replay_150_0138", "campus": 5, "size": 150, "track": "replay", "structure": "chain", "phi": 1.0, "eta": 1.0, "m": 1.0, "u_target": null, "u_realized": null, "method": "v2wmlp710", "seed": 710, "twt": 21.729600000000005, "makespan": 90.8648, "mean_flow": 5.844185333333333, "breach_share": 0.006666666666666667, "breach_p1": null, "breach_p2": null, "breach_p3": 0.010526315789473684, "breach_p4": 0.0, "decisions": 150, "latency_ms_per_decision": 0.42798395579059917, "replans": null, "validator_ok": 1, "runtime_s": 0.06419759336858988, "waits": 24}}}