{"config_id": "c09_replay_150_0193__c09_full_eta080_m100", "rows": {"v2wmlp701": {"instance_id": "c09_replay_150_0193", "campus": 9, "size": 150, "track": "replay", "structure": "full", "phi": null, "eta": 0.8, "m": 1.0, "u_target": null, "u_realized": null, "method": "v2wmlp701", "seed": 701, "twt": 0.28000000000000114, "makespan": 80.19330000000001, "mean_flow": 16.359632666666666, "breach_share": 0.006666666666666667, "breach_p1": 0.0, "breach_p2": 0.02564102564102564, "breach_p3": 0.0, "breach_p4": 0.0, "decisions": 150, "latency_ms_per_decision": 1.7967394304772217, "replans": null, "validator_ok": 1, "runtime_s": 0.26951091457158327, "waits": 124}, "v2wmlp702": {"instance_id": "c09_replay_150_0193", "campus": 9, "size": 150, "track": "replay", "structure": "full", "phi": null, "eta": 0.8, "m": 1.0, "u_target": null, "u_realized": null, "method": "v2wmlp702", "seed": 702, "twt": 0.0, "makespan": 96.0, "mean_flow": 50.233378666666674, "breach_share": 0.0, "breach_p1": 0.0, "breach_p2": 0.0, "breach_p3": 0.0, "breach_p4": 0.0, "decisions": 150, "latency_ms_per_decision": 6.17217347646753, "replans": null, "validator_ok": 1, "runtime_s": 0.9258260214701295, "waits": 134}, "v2wmlp703": {"instance_id": "c09_replay_150_0193", "campus": 9, "size": 150, "track": "replay", "structure": "full", "phi": null, "eta": 0.8, "m": 1.0, "u_target": null, "u_realized": null, "method": "v2wmlp703", "seed": 703, "twt": 0.28000000000000114, "makespan": 45.5, "mean_flow": 4.027333333333333, "breach_share": 0.006666666666666667, "breach_p1": 0.0, "breach_p2": 0.02564102564102564, "breach_p3": 0.0, "breach_p4": 0.0, "decisions": 150, "latency_ms_per_decision": 0.5813771300017834, "replans": null, "validator_ok": 1, "runtime_s": 0.0872065695002675, "waits": 0}, "v2wmlp704": {"instance_id": "c09_replay_150_0193", "campus": 9, "size": 150, "track": "replay", "structure": "full", "phi": null, "eta": 0.8, "m": 1.0, "u_target": null, "u_realized": null, "method": "v2wmlp704", "seed": 704, "twt": 0.28000000000000114, "makespan": 103.0, "mean_flow": 56.30017866666667, "breach_share": 0.006666666666666667, "breach_p1": 0.0, "breach_p2": 0.02564102564102564, "breach_p3": 0.0, "breach_p4": 0.0, "decisions": 150, "latency_ms_per_decision": 6.036309966196616, "replans": null, "validator_ok": 1, "runtime_s": 0.9054464949294925, "waits": 139}, "v2wmlp705": {"instance_id": "c09_replay_150_0193", "campus": 9, "size": 150, "track": "replay", "structure": "full", "phi": null, "eta": 0.8, "m": 1.0, "u_target": null, "u_realized": null, "method": "v2wmlp705", "seed": 705, "twt": 0.28000000000000114, "makespan": 49.13, "mean_flow": 7.676268000000001, "breach_share": 0.006666666666666667, "breach_p1": 0.0, "breach_p2": 0.02564102564102564, "breach_p3": 0.0, "breach_p4": 0.0, "decisions": 150, "latency_ms_per_decision": 1.8300242784122627, "replans": null, "validator_ok": 1, "runtime_s": 0.2745036417618394, "waits": 72}, "v2wmlp706": {"instance_id": "c09_replay_150_0193", "campus": 9, "size": 150, "track": "replay", "structure": "full", "phi": null, "eta": 0.8, "m": 1.0, "u_target": null, "u_realized": null, "method": "v2wmlp706", "seed": 706, "twt": 0.0, "makespan": 50.879999999999995, "mean_flow": 3.924866666666667, "breach_share": 0.0, "breach_p1": 0.0, "breach_p2": 0.0, "breach_p3": 0.0, "breach_p4": 0.0, "decisions": 150, "latency_ms_per_decision": 0.5706763081252575, "replans": null, "validator_ok": 1, "runtime_s": 0.08560144621878862, "waits": 0}, "v2wmlp707": {"instance_id": "c09_replay_150_0193", "campus": 9, "size": 150, "track": "replay", "structure": "full", "phi": null, "eta": 0.8, "m": 1.0, "u_target": null, "u_realized": null, "method": "v2wmlp707", "seed": 707, "twt": 0.28000000000000114, "makespan": 50.879999999999995, "mean_flow": 4.217266666666666, "breach_share": 0.006666666666666667, "breach_p1": 0.0, "breach_p2": 0.02564102564102564, "breach_p3": 0.0, "breach_p4": 0.0, "decisions": 150, "latency_ms_per_decision": 0.5878045844535033, "replans": null, "validator_ok": 1, "runtime_s": 0.0881706876680255, "waits": 0}, "v2wmlp708": {"instance_id": "c09_replay_150_0193", "campus": 9, "size": 150, "track": "replay", "structure": "full", "phi": null, "eta": 0.8, "m": 1.0, "u_target": null, "u_realized": null, "method": "v2wmlp708", "seed": 708, "twt": 0.28000000000000114, "makespan": 48.13, "mean_flow": 4.1684, "breach_share": 0.006666666666666667, "breach_p1": 0.0, "breach_p2": 0.02564102564102564, "breach_p3": 0.0, "breach_p4": 0.0, "decisions": 150, "latency_ms_per_decision": 0.5680340466399988, "replans": null, "validator_ok": 1, "runtime_s": 0.08520510699599981, "waits": 0}, "v2wmlp709": {"instance_id": "c09_replay_150_0193", "campus": 9, "size": 150, "track": "replay", "structure": "full", "phi": null, "eta": 0.8, "m": 1.0, "u_target": null, "u_realized": null, "method": "v2wmlp709", "seed": 709, "twt": 0.0, "makespan": 95.13, "mean_flow": 44.75944733333333, "breach_share": 0.0, "breach_p1": 0.0, "breach_p2": 0.0, "breach_p3": 0.0, "breach_p4": 0.0, "decisions": 150, "latency_ms_per_decision": 3.4882511757314205, "replans": null, "validator_ok": 1, "runtime_s": 0.5232376763597131, "waits": 104}, "v2wmlp710": {"instance_id": "c09_replay_150_0193", "campus": 9, "size": 150, "track": "replay", "structure": "full", "phi": null, "eta": 0.8, "m": 1.0, "u_target": null, "u_realized": null, "method": "v2wmlp710", "seed": 710, "twt": 18.600000000000023, "makespan": 110.96000000000001, "mean_flow": 57.28729066666667, "breach_share": 0.013333333333333334, "breach_p1": 0.0, "breach_p2": 0.05128205128205128, "breach_p3": 0.0, "breach_p4": 0.0, "decisions": 150, "latency_ms_per_decision": 2.9408816744883857, "replans": null, "validator_ok": 1, "runtime_s": 0.44113225117325783, "waits": 97}}}