{"config_id": "c09_replay_150_0153__c09_full_eta100_m080", "rows": {"v2wmlp701": {"instance_id": "c09_replay_150_0153", "campus": 9, "size": 150, "track": "replay", "structure": "full", "phi": null, "eta": 1.0, "m": 0.8, "u_target": null, "u_realized": null, "method": "v2wmlp701", "seed": 701, "twt": 247.0, "makespan": 84.4833, "mean_flow": 7.557894666666668, "breach_share": 0.013333333333333334, "breach_p1": 0.0, "breach_p2": 0.047619047619047616, "breach_p3": null, "breach_p4": 0.0, "decisions": 150, "latency_ms_per_decision": 1.2619157694280148, "replans": null, "validator_ok": 1, "runtime_s": 0.1892873654142022, "waits": 126}, "v2wmlp702": {"instance_id": "c09_replay_150_0153", "campus": 9, "size": 150, "track": "replay", "structure": "full", "phi": null, "eta": 1.0, "m": 0.8, "u_target": null, "u_realized": null, "method": "v2wmlp702", "seed": 702, "twt": 247.0, "makespan": 91.5, "mean_flow": 51.32488933333334, "breach_share": 0.013333333333333334, "breach_p1": 0.0, "breach_p2": 0.047619047619047616, "breach_p3": null, "breach_p4": 0.0, "decisions": 150, "latency_ms_per_decision": 1.9353024413188298, "replans": null, "validator_ok": 1, "runtime_s": 0.2902953661978245, "waits": 118}, "v2wmlp703": {"instance_id": "c09_replay_150_0153", "campus": 9, "size": 150, "track": "replay", "structure": "full", "phi": null, "eta": 1.0, "m": 0.8, "u_target": null, "u_realized": null, "method": "v2wmlp703", "seed": 703, "twt": 247.0, "makespan": 84.4833, "mean_flow": 4.221666666666667, "breach_share": 0.013333333333333334, "breach_p1": 0.0, "breach_p2": 0.047619047619047616, "breach_p3": null, "breach_p4": 0.0, "decisions": 150, "latency_ms_per_decision": 0.41082989424467087, "replans": null, "validator_ok": 1, "runtime_s": 0.06162448413670063, "waits": 0}, "v2wmlp704": {"instance_id": "c09_replay_150_0153", "campus": 9, "size": 150, "track": "replay", "structure": "full", "phi": null, "eta": 1.0, "m": 0.8, "u_target": null, "u_realized": null, "method": "v2wmlp704", "seed": 704, "twt": 247.0, "makespan": 126.75, "mean_flow": 60.00755533333334, "breach_share": 0.013333333333333334, "breach_p1": 0.0, "breach_p2": 0.047619047619047616, "breach_p3": null, "breach_p4": 0.0, "decisions": 150, "latency_ms_per_decision": 2.0044581529994807, "replans": null, "validator_ok": 1, "runtime_s": 0.3006687229499221, "waits": 121}, "v2wmlp705": {"instance_id": "c09_replay_150_0153", "campus": 9, "size": 150, "track": "replay", "structure": "full", "phi": null, "eta": 1.0, "m": 0.8, "u_target": null, "u_realized": null, "method": "v2wmlp705", "seed": 705, "twt": 247.0, "makespan": 85.8667, "mean_flow": 8.384564666666668, "breach_share": 0.013333333333333334, "breach_p1": 0.0, "breach_p2": 0.047619047619047616, "breach_p3": null, "breach_p4": 0.0, "decisions": 150, "latency_ms_per_decision": 2.683766639480988, "replans": null, "validator_ok": 1, "runtime_s": 0.4025649959221482, "waits": 99}, "v2wmlp706": {"instance_id": "c09_replay_150_0153", "campus": 9, "size": 150, "track": "replay", "structure": "full", "phi": null, "eta": 1.0, "m": 0.8, "u_target": null, "u_realized": null, "method": "v2wmlp706", "seed": 706, "twt": 428.0, "makespan": 117.75, "mean_flow": 8.426222000000001, "breach_share": 0.013333333333333334, "breach_p1": 0.0, "breach_p2": 0.047619047619047616, "breach_p3": null, "breach_p4": 0.0, "decisions": 150, "latency_ms_per_decision": 1.6662280696133773, "replans": null, "validator_ok": 1, "runtime_s": 0.2499342104420066, "waits": 125}, "v2wmlp707": {"instance_id": "c09_replay_150_0153", "campus": 9, "size": 150, "track": "replay", "structure": "full", "phi": null, "eta": 1.0, "m": 0.8, "u_target": null, "u_realized": null, "method": "v2wmlp707", "seed": 707, "twt": 247.0, "makespan": 84.4833, "mean_flow": 4.221666666666667, "breach_share": 0.013333333333333334, "breach_p1": 0.0, "breach_p2": 0.047619047619047616, "breach_p3": null, "breach_p4": 0.0, "decisions": 150, "latency_ms_per_decision": 0.6261747827132543, "replans": null, "validator_ok": 1, "runtime_s": 0.09392621740698814, "waits": 0}, "v2wmlp708": {"instance_id": "c09_replay_150_0153", "campus": 9, "size": 150, "track": "replay", "structure": "full", "phi": null, "eta": 1.0, "m": 0.8, "u_target": null, "u_realized": null, "method": "v2wmlp708", "seed": 708, "twt": 247.0, "makespan": 84.4833, "mean_flow": 4.221666666666667, "breach_share": 0.013333333333333334, "breach_p1": 0.0, "breach_p2": 0.047619047619047616, "breach_p3": null, "breach_p4": 0.0, "decisions": 150, "latency_ms_per_decision": 0.6198936887085438, "replans": null, "validator_ok": 1, "runtime_s": 0.09298405330628157, "waits": 0}, "v2wmlp709": {"instance_id": "c09_replay_150_0153", "campus": 9, "size": 150, "track": "replay", "structure": "full", "phi": null, "eta": 1.0, "m": 0.8, "u_target": null, "u_realized": null, "method": "v2wmlp709", "seed": 709, "twt": 247.0, "makespan": 126.75, "mean_flow": 37.224556, "breach_share": 0.013333333333333334, "breach_p1": 0.0, "breach_p2": 0.047619047619047616, "breach_p3": null, "breach_p4": 0.0, "decisions": 150, "latency_ms_per_decision": 3.9531495918830237, "replans": null, "validator_ok": 1, "runtime_s": 0.5929724387824535, "waits": 111}, "v2wmlp710": {"instance_id": "c09_replay_150_0153", "campus": 9, "size": 150, "track": "replay", "structure": "full", "phi": null, "eta": 1.0, "m": 0.8, "u_target": null, "u_realized": null, "method": "v2wmlp710", "seed": 710, "twt": 247.0, "makespan": 97.0333, "mean_flow": 37.95067066666667, "breach_share": 0.013333333333333334, "breach_p1": 0.0, "breach_p2": 0.047619047619047616, "breach_p3": null, "breach_p4": 0.0, "decisions": 150, "latency_ms_per_decision": 5.065886005759239, "replans": null, "validator_ok": 1, "runtime_s": 0.7598829008638859, "waits": 138}}}