{"config_id": "c09_replay_150_0198__c09_l0_eta100_m080", "rows": {"v2wmlp701": {"instance_id": "c09_replay_150_0198", "campus": 9, "size": 150, "track": "replay", "structure": "dedicated", "phi": null, "eta": 1.0, "m": 0.8, "u_target": null, "u_realized": null, "method": "v2wmlp701", "seed": 701, "twt": 72.0, "makespan": 70.25, "mean_flow": 6.407350666666667, "breach_share": 0.02, "breach_p1": 0.6666666666666666, "breach_p2": 0.021739130434782608, "breach_p3": null, "breach_p4": 0.0, "decisions": 150, "latency_ms_per_decision": 0.2832127548754215, "replans": null, "validator_ok": 1, "runtime_s": 0.04248191323131323, "waits": 11}, "v2wmlp702": {"instance_id": "c09_replay_150_0198", "campus": 9, "size": 150, "track": "replay", "structure": "dedicated", "phi": null, "eta": 1.0, "m": 0.8, "u_target": null, "u_realized": null, "method": "v2wmlp702", "seed": 702, "twt": 72.0, "makespan": 71.75, "mean_flow": 27.857668, "breach_share": 0.02, "breach_p1": 0.6666666666666666, "breach_p2": 0.021739130434782608, "breach_p3": null, "breach_p4": 0.0, "decisions": 150, "latency_ms_per_decision": 1.138387310008208, "replans": null, "validator_ok": 1, "runtime_s": 0.1707580965012312, "waits": 140}, "v2wmlp703": {"instance_id": "c09_replay_150_0198", "campus": 9, "size": 150, "track": "replay", "structure": "dedicated", "phi": null, "eta": 1.0, "m": 0.8, "u_target": null, "u_realized": null, "method": "v2wmlp703", "seed": 703, "twt": 107.0, "makespan": 90.91669999999999, "mean_flow": 16.870243999999996, "breach_share": 0.02666666666666667, "breach_p1": 0.6666666666666666, "breach_p2": 0.043478260869565216, "breach_p3": null, "breach_p4": 0.0, "decisions": 150, "latency_ms_per_decision": 0.8024736245473226, "replans": null, "validator_ok": 1, "runtime_s": 0.12037104368209839, "waits": 92}, "v2wmlp704": {"instance_id": "c09_replay_150_0198", "campus": 9, "size": 150, "track": "replay", "structure": "dedicated", "phi": null, "eta": 1.0, "m": 0.8, "u_target": null, "u_realized": null, "method": "v2wmlp704", "seed": 704, "twt": 72.0, "makespan": 102.3167, "mean_flow": 51.635578666666675, "breach_share": 0.02, "breach_p1": 0.6666666666666666, "breach_p2": 0.021739130434782608, "breach_p3": null, "breach_p4": 0.0, "decisions": 150, "latency_ms_per_decision": 1.01859870677193, "replans": null, "validator_ok": 1, "runtime_s": 0.1527898060157895, "waits": 130}, "v2wmlp705": {"instance_id": "c09_replay_150_0198", "campus": 9, "size": 150, "track": "replay", "structure": "dedicated", "phi": null, "eta": 1.0, "m": 0.8, "u_target": null, "u_realized": null, "method": "v2wmlp705", "seed": 705, "twt": 72.0, "makespan": 70.25, "mean_flow": 4.389778, "breach_share": 0.02, "breach_p1": 0.6666666666666666, "breach_p2": 0.021739130434782608, "breach_p3": null, "breach_p4": 0.0, "decisions": 150, "latency_ms_per_decision": 0.24040255695581436, "replans": null, "validator_ok": 1, "runtime_s": 0.036060383543372154, "waits": 0}, "v2wmlp706": {"instance_id": "c09_replay_150_0198", "campus": 9, "size": 150, "track": "replay", "structure": "dedicated", "phi": null, "eta": 1.0, "m": 0.8, "u_target": null, "u_realized": null, "method": "v2wmlp706", "seed": 706, "twt": 72.0, "makespan": 70.25, "mean_flow": 11.190009333333334, "breach_share": 0.02, "breach_p1": 0.6666666666666666, "breach_p2": 0.021739130434782608, "breach_p3": null, "breach_p4": 0.0, "decisions": 150, "latency_ms_per_decision": 0.6871487013995647, "replans": null, "validator_ok": 1, "runtime_s": 0.10307230520993471, "waits": 129}, "v2wmlp707": {"instance_id": "c09_replay_150_0198", "campus": 9, "size": 150, "track": "replay", "structure": "dedicated", "phi": null, "eta": 1.0, "m": 0.8, "u_target": null, "u_realized": null, "method": "v2wmlp707", "seed": 707, "twt": 72.0, "makespan": 120.25, "mean_flow": 23.501890666666668, "breach_share": 0.02, "breach_p1": 0.6666666666666666, "breach_p2": 0.021739130434782608, "breach_p3": null, "breach_p4": 0.0, "decisions": 150, "latency_ms_per_decision": 0.6638548026482264, "replans": null, "validator_ok": 1, "runtime_s": 0.09957822039723396, "waits": 118}, "v2wmlp708": {"instance_id": "c09_replay_150_0198", "campus": 9, "size": 150, "track": "replay", "structure": "dedicated", "phi": null, "eta": 1.0, "m": 0.8, "u_target": null, "u_realized": null, "method": "v2wmlp708", "seed": 708, "twt": 72.0, "makespan": 144.5667, "mean_flow": 79.39780466666663, "breach_share": 0.02, "breach_p1": 0.6666666666666666, "breach_p2": 0.021739130434782608, "breach_p3": null, "breach_p4": 0.0, "decisions": 150, "latency_ms_per_decision": 0.9297115541994572, "replans": null, "validator_ok": 1, "runtime_s": 0.13945673312991858, "waits": 101}, "v2wmlp709": {"instance_id": "c09_replay_150_0198", "campus": 9, "size": 150, "track": "replay", "structure": "dedicated", "phi": null, "eta": 1.0, "m": 0.8, "u_target": null, "u_realized": null, "method": "v2wmlp709", "seed": 709, "twt": 72.0, "makespan": 79.5, "mean_flow": 28.270903999999998, "breach_share": 0.02, "breach_p1": 0.6666666666666666, "breach_p2": 0.021739130434782608, "breach_p3": null, "breach_p4": 0.0, "decisions": 150, "latency_ms_per_decision": 1.0476430505514145, "replans": null, "validator_ok": 1, "runtime_s": 0.15714645758271217, "waits": 146}, "v2wmlp710": {"instance_id": "c09_replay_150_0198", "campus": 9, "size": 150, "track": "replay", "structure": "dedicated", "phi": null, "eta": 1.0, "m": 0.8, "u_target": null, "u_realized": null, "method": "v2wmlp710", "seed": 710, "twt": 72.0, "makespan": 78.3167, "mean_flow": 17.130118666666668, "breach_share": 0.02, "breach_p1": 0.6666666666666666, "breach_p2": 0.021739130434782608, "breach_p3": null, "breach_p4": 0.0, "decisions": 150, "latency_ms_per_decision": 0.661457801858584, "replans": null, "validator_ok": 1, "runtime_s": 0.09921867027878761, "waits": 126}}}