{"config_id": "c09_replay_400_0128__c09_chain_phi100_eta080_m060", "rows": {"v2wmlp701": {"instance_id": "c09_replay_400_0128", "campus": 9, "size": 400, "track": "replay", "structure": "chain", "phi": 1.0, "eta": 0.8, "m": 0.6, "u_target": null, "u_realized": null, "method": "v2wmlp701", "seed": 701, "twt": 17.559999999999974, "makespan": 53.1333, "mean_flow": 15.616357999999998, "breach_share": 0.005, "breach_p1": 0.07142857142857142, "breach_p2": 0.023255813953488372, "breach_p3": 0.0, "breach_p4": 0.0, "decisions": 400, "latency_ms_per_decision": 0.8637854387052357, "replans": null, "validator_ok": 1, "runtime_s": 0.3455141754820943, "waits": 73}, "v2wmlp702": {"instance_id": "c09_replay_400_0128", "campus": 9, "size": 400, "track": "replay", "structure": "chain", "phi": 1.0, "eta": 0.8, "m": 0.6, "u_target": null, "u_realized": null, "method": "v2wmlp702", "seed": 702, "twt": 16.0, "makespan": 71.35999999999999, "mean_flow": 37.515550250000004, "breach_share": 0.005, "breach_p1": 0.07142857142857142, "breach_p2": 0.023255813953488372, "breach_p3": 0.0, "breach_p4": 0.0, "decisions": 400, "latency_ms_per_decision": 1.9754599244333804, "replans": null, "validator_ok": 1, "runtime_s": 0.7901839697733521, "waits": 291}, "v2wmlp703": {"instance_id": "c09_replay_400_0128", "campus": 9, "size": 400, "track": "replay", "structure": "chain", "phi": 1.0, "eta": 0.8, "m": 0.6, "u_target": null, "u_realized": null, "method": "v2wmlp703", "seed": 703, "twt": 81.37240000000007, "makespan": 75.4733, "mean_flow": 38.19004075, "breach_share": 0.025, "breach_p1": 0.14285714285714285, "breach_p2": 0.18604651162790697, "breach_p3": 0.0, "breach_p4": 0.0, "decisions": 400, "latency_ms_per_decision": 1.7287427326664329, "replans": null, "validator_ok": 1, "runtime_s": 0.6914970930665731, "waits": 254}, "v2wmlp704": {"instance_id": "c09_replay_400_0128", "campus": 9, "size": 400, "track": "replay", "structure": "chain", "phi": 1.0, "eta": 0.8, "m": 0.6, "u_target": null, "u_realized": null, "method": "v2wmlp704", "seed": 704, "twt": 16.0, "makespan": 118.29999999999995, "mean_flow": 72.64108374999999, "breach_share": 0.005, "breach_p1": 0.07142857142857142, "breach_p2": 0.023255813953488372, "breach_p3": 0.0, "breach_p4": 0.0, "decisions": 400, "latency_ms_per_decision": 2.2004024242050946, "replans": null, "validator_ok": 1, "runtime_s": 0.8801609696820378, "waits": 198}, "v2wmlp705": {"instance_id": "c09_replay_400_0128", "campus": 9, "size": 400, "track": "replay", "structure": "chain", "phi": 1.0, "eta": 0.8, "m": 0.6, "u_target": null, "u_realized": null, "method": "v2wmlp705", "seed": 705, "twt": 33.67999999999998, "makespan": 53.1333, "mean_flow": 7.17949075, "breach_share": 0.0075, "breach_p1": 0.14285714285714285, "breach_p2": 0.023255813953488372, "breach_p3": 0.0, "breach_p4": 0.0, "decisions": 400, "latency_ms_per_decision": 0.540604623965919, "replans": null, "validator_ok": 1, "runtime_s": 0.2162418495863676, "waits": 0}, "v2wmlp706": {"instance_id": "c09_replay_400_0128", "campus": 9, "size": 400, "track": "replay", "structure": "chain", "phi": 1.0, "eta": 0.8, "m": 0.6, "u_target": null, "u_realized": null, "method": "v2wmlp706", "seed": 706, "twt": 24.560000000000002, "makespan": 53.1333, "mean_flow": 16.165634, "breach_share": 0.0075, "breach_p1": 0.14285714285714285, "breach_p2": 0.023255813953488372, "breach_p3": 0.0, "breach_p4": 0.0, "decisions": 400, "latency_ms_per_decision": 1.2016113009303808, "replans": null, "validator_ok": 1, "runtime_s": 0.48064452037215233, "waits": 215}, "v2wmlp707": {"instance_id": "c09_replay_400_0128", "campus": 9, "size": 400, "track": "replay", "structure": "chain", "phi": 1.0, "eta": 0.8, "m": 0.6, "u_target": null, "u_realized": null, "method": "v2wmlp707", "seed": 707, "twt": 16.519999999999982, "makespan": 112.93329999999992, "mean_flow": 18.672296, "breach_share": 0.005, "breach_p1": 0.07142857142857142, "breach_p2": 0.023255813953488372, "breach_p3": 0.0, "breach_p4": 0.0, "decisions": 400, "latency_ms_per_decision": 1.0820703534409404, "replans": null, "validator_ok": 1, "runtime_s": 0.43282814137637615, "waits": 197}, "v2wmlp708": {"instance_id": "c09_replay_400_0128", "campus": 9, "size": 400, "track": "replay", "structure": "chain", "phi": 1.0, "eta": 0.8, "m": 0.6, "u_target": null, "u_realized": null, "method": "v2wmlp708", "seed": 708, "twt": 16.0, "makespan": 136.01, "mean_flow": 85.89458325, "breach_share": 0.005, "breach_p1": 0.07142857142857142, "breach_p2": 0.023255813953488372, "breach_p3": 0.0, "breach_p4": 0.0, "decisions": 400, "latency_ms_per_decision": 2.1685103280469775, "replans": null, "validator_ok": 1, "runtime_s": 0.867404131218791, "waits": 188}, "v2wmlp709": {"instance_id": "c09_replay_400_0128", "campus": 9, "size": 400, "track": "replay", "structure": "chain", "phi": 1.0, "eta": 0.8, "m": 0.6, "u_target": null, "u_realized": null, "method": "v2wmlp709", "seed": 709, "twt": 16.0, "makespan": 81.00999999999999, "mean_flow": 25.3507685, "breach_share": 0.005, "breach_p1": 0.07142857142857142, "breach_p2": 0.023255813953488372, "breach_p3": 0.0, "breach_p4": 0.0, "decisions": 400, "latency_ms_per_decision": 1.9597123563289642, "replans": null, "validator_ok": 1, "runtime_s": 0.7838849425315857, "waits": 245}, "v2wmlp710": {"instance_id": "c09_replay_400_0128", "campus": 9, "size": 400, "track": "replay", "structure": "chain", "phi": 1.0, "eta": 0.8, "m": 0.6, "u_target": null, "u_realized": null, "method": "v2wmlp710", "seed": 710, "twt": 24.560000000000002, "makespan": 70.25, "mean_flow": 18.488692999999998, "breach_share": 0.0075, "breach_p1": 0.14285714285714285, "breach_p2": 0.023255813953488372, "breach_p3": 0.0, "breach_p4": 0.0, "decisions": 400, "latency_ms_per_decision": 1.5040659415535629, "replans": null, "validator_ok": 1, "runtime_s": 0.6016263766214252, "waits": 251}}}