{"config_id": "c09_replay_400_0160__c09_chain_phi100_eta080_m060", "rows": {"v2wmlp701": {"instance_id": "c09_replay_400_0160", "campus": 9, "size": 400, "track": "replay", "structure": "chain", "phi": 1.0, "eta": 0.8, "m": 0.6, "u_target": null, "u_realized": null, "method": "v2wmlp701", "seed": 701, "twt": 648.0, "makespan": 75.08330000000001, "mean_flow": 4.339966, "breach_share": 0.015, "breach_p1": 0.25, "breach_p2": 0.020833333333333332, "breach_p3": 0.0, "breach_p4": 0.0, "decisions": 400, "latency_ms_per_decision": 0.21219572983682156, "replans": null, "validator_ok": 1, "runtime_s": 0.08487829193472862, "waits": 2}, "v2wmlp702": {"instance_id": "c09_replay_400_0160", "campus": 9, "size": 400, "track": "replay", "structure": "chain", "phi": 1.0, "eta": 0.8, "m": 0.6, "u_target": null, "u_realized": null, "method": "v2wmlp702", "seed": 702, "twt": 648.0, "makespan": 97.0633, "mean_flow": 30.375912500000005, "breach_share": 0.015, "breach_p1": 0.25, "breach_p2": 0.020833333333333332, "breach_p3": 0.0, "breach_p4": 0.0, "decisions": 400, "latency_ms_per_decision": 1.777818265836686, "replans": null, "validator_ok": 1, "runtime_s": 0.7111273063346744, "waits": 389}, "v2wmlp703": {"instance_id": "c09_replay_400_0160", "campus": 9, "size": 400, "track": "replay", "structure": "chain", "phi": 1.0, "eta": 0.8, "m": 0.6, "u_target": null, "u_realized": null, "method": "v2wmlp703", "seed": 703, "twt": 649.0664, "makespan": 75.08330000000001, "mean_flow": 4.316349, "breach_share": 0.015, "breach_p1": 0.25, "breach_p2": 0.020833333333333332, "breach_p3": 0.0, "breach_p4": 0.0, "decisions": 400, "latency_ms_per_decision": 0.21247614175081253, "replans": null, "validator_ok": 1, "runtime_s": 0.08499045670032501, "waits": 5}, "v2wmlp704": {"instance_id": "c09_replay_400_0160", "campus": 9, "size": 400, "track": "replay", "structure": "chain", "phi": 1.0, "eta": 0.8, "m": 0.6, "u_target": null, "u_realized": null, "method": "v2wmlp704", "seed": 704, "twt": 648.0, "makespan": 102.7267, "mean_flow": 32.69947175, "breach_share": 0.015, "breach_p1": 0.25, "breach_p2": 0.020833333333333332, "breach_p3": 0.0, "breach_p4": 0.0, "decisions": 400, "latency_ms_per_decision": 1.8473192816600204, "replans": null, "validator_ok": 1, "runtime_s": 0.7389277126640081, "waits": 376}, "v2wmlp705": {"instance_id": "c09_replay_400_0160", "campus": 9, "size": 400, "track": "replay", "structure": "chain", "phi": 1.0, "eta": 0.8, "m": 0.6, "u_target": null, "u_realized": null, "method": "v2wmlp705", "seed": 705, "twt": 648.0, "makespan": 75.08330000000001, "mean_flow": 4.403501, "breach_share": 0.015, "breach_p1": 0.25, "breach_p2": 0.020833333333333332, "breach_p3": 0.0, "breach_p4": 0.0, "decisions": 400, "latency_ms_per_decision": 0.20273136673495173, "replans": null, "validator_ok": 1, "runtime_s": 0.0810925466939807, "waits": 0}, "v2wmlp706": {"instance_id": "c09_replay_400_0160", "campus": 9, "size": 400, "track": "replay", "structure": "chain", "phi": 1.0, "eta": 0.8, "m": 0.6, "u_target": null, "u_realized": null, "method": "v2wmlp706", "seed": 706, "twt": 722.8268, "makespan": 86.51, "mean_flow": 7.810408, "breach_share": 0.015, "breach_p1": 0.25, "breach_p2": 0.020833333333333332, "breach_p3": 0.0, "breach_p4": 0.0, "decisions": 400, "latency_ms_per_decision": 0.44963440392166376, "replans": null, "validator_ok": 1, "runtime_s": 0.1798537615686655, "waits": 126}, "v2wmlp707": {"instance_id": "c09_replay_400_0160", "campus": 9, "size": 400, "track": "replay", "structure": "chain", "phi": 1.0, "eta": 0.8, "m": 0.6, "u_target": null, "u_realized": null, "method": "v2wmlp707", "seed": 707, "twt": 722.7468, "makespan": 141.25999999999996, "mean_flow": 9.57977575, "breach_share": 0.015, "breach_p1": 0.25, "breach_p2": 0.020833333333333332, "breach_p3": 0.0, "breach_p4": 0.0, "decisions": 400, "latency_ms_per_decision": 0.3299027727916837, "replans": null, "validator_ok": 1, "runtime_s": 0.13196110911667347, "waits": 108}, "v2wmlp708": {"instance_id": "c09_replay_400_0160", "campus": 9, "size": 400, "track": "replay", "structure": "chain", "phi": 1.0, "eta": 0.8, "m": 0.6, "u_target": null, "u_realized": null, "method": "v2wmlp708", "seed": 708, "twt": 648.0, "makespan": 146.73, "mean_flow": 56.4573245, "breach_share": 0.015, "breach_p1": 0.25, "breach_p2": 0.020833333333333332, "breach_p3": 0.0, "breach_p4": 0.0, "decisions": 400, "latency_ms_per_decision": 1.5561174671165645, "replans": null, "validator_ok": 1, "runtime_s": 0.6224469868466258, "waits": 341}, "v2wmlp709": {"instance_id": "c09_replay_400_0160", "campus": 9, "size": 400, "track": "replay", "structure": "chain", "phi": 1.0, "eta": 0.8, "m": 0.6, "u_target": null, "u_realized": null, "method": "v2wmlp709", "seed": 709, "twt": 693.52, "makespan": 94.5, "mean_flow": 19.483407500000002, "breach_share": 0.015, "breach_p1": 0.25, "breach_p2": 0.020833333333333332, "breach_p3": 0.0, "breach_p4": 0.0, "decisions": 400, "latency_ms_per_decision": 1.3330116518773139, "replans": null, "validator_ok": 1, "runtime_s": 0.5332046607509255, "waits": 386}, "v2wmlp710": {"instance_id": "c09_replay_400_0160", "campus": 9, "size": 400, "track": "replay", "structure": "chain", "phi": 1.0, "eta": 0.8, "m": 0.6, "u_target": null, "u_realized": null, "method": "v2wmlp710", "seed": 710, "twt": 688.0, "makespan": 93.0933, "mean_flow": 19.88512575, "breach_share": 0.015, "breach_p1": 0.25, "breach_p2": 0.020833333333333332, "breach_p3": 0.0, "breach_p4": 0.0, "decisions": 400, "latency_ms_per_decision": 1.336220488883555, "replans": null, "validator_ok": 1, "runtime_s": 0.534488195553422, "waits": 361}}}