{"config_id": "c09_replay_150_0152__c09_full_eta080_m100", "rows": {"v2wmlp701": {"instance_id": "c09_replay_150_0152", "campus": 9, "size": 150, "track": "replay", "structure": "full", "phi": null, "eta": 0.8, "m": 1.0, "u_target": null, "u_realized": null, "method": "v2wmlp701", "seed": 701, "twt": 2.759999999999991, "makespan": 49.8633, "mean_flow": 10.25875, "breach_share": 0.006666666666666667, "breach_p1": 0.0, "breach_p2": 0.024390243902439025, "breach_p3": null, "breach_p4": 0.0, "decisions": 150, "latency_ms_per_decision": 2.1724769100546837, "replans": null, "validator_ok": 1, "runtime_s": 0.32587153650820255, "waits": 105}, "v2wmlp702": {"instance_id": "c09_replay_150_0152", "campus": 9, "size": 150, "track": "replay", "structure": "full", "phi": null, "eta": 0.8, "m": 1.0, "u_target": null, "u_realized": null, "method": "v2wmlp702", "seed": 702, "twt": 0.0, "makespan": 82.13, "mean_flow": 46.870487999999995, "breach_share": 0.0, "breach_p1": 0.0, "breach_p2": 0.0, "breach_p3": null, "breach_p4": 0.0, "decisions": 150, "latency_ms_per_decision": 3.012456310292085, "replans": null, "validator_ok": 1, "runtime_s": 0.45186844654381275, "waits": 119}, "v2wmlp703": {"instance_id": "c09_replay_150_0152", "campus": 9, "size": 150, "track": "replay", "structure": "full", "phi": null, "eta": 0.8, "m": 1.0, "u_target": null, "u_realized": null, "method": "v2wmlp703", "seed": 703, "twt": 2.759999999999991, "makespan": 40.4167, "mean_flow": 3.8420666666666663, "breach_share": 0.006666666666666667, "breach_p1": 0.0, "breach_p2": 0.024390243902439025, "breach_p3": null, "breach_p4": 0.0, "decisions": 150, "latency_ms_per_decision": 0.707565595706304, "replans": null, "validator_ok": 1, "runtime_s": 0.10613483935594559, "waits": 0}, "v2wmlp704": {"instance_id": "c09_replay_150_0152", "campus": 9, "size": 150, "track": "replay", "structure": "full", "phi": null, "eta": 0.8, "m": 1.0, "u_target": null, "u_realized": null, "method": "v2wmlp704", "seed": 704, "twt": 2.759999999999991, "makespan": 108.13, "mean_flow": 63.12873266666667, "breach_share": 0.006666666666666667, "breach_p1": 0.0, "breach_p2": 0.024390243902439025, "breach_p3": null, "breach_p4": 0.0, "decisions": 150, "latency_ms_per_decision": 2.8928315142790475, "replans": null, "validator_ok": 1, "runtime_s": 0.43392472714185715, "waits": 111}, "v2wmlp705": {"instance_id": "c09_replay_150_0152", "campus": 9, "size": 150, "track": "replay", "structure": "full", "phi": null, "eta": 0.8, "m": 1.0, "u_target": null, "u_realized": null, "method": "v2wmlp705", "seed": 705, "twt": 0.0, "makespan": 40.4167, "mean_flow": 6.430685333333333, "breach_share": 0.0, "breach_p1": 0.0, "breach_p2": 0.0, "breach_p3": null, "breach_p4": 0.0, "decisions": 150, "latency_ms_per_decision": 2.9822846750418344, "replans": null, "validator_ok": 1, "runtime_s": 0.4473427012562752, "waits": 43}, "v2wmlp706": {"instance_id": "c09_replay_150_0152", "campus": 9, "size": 150, "track": "replay", "structure": "full", "phi": null, "eta": 0.8, "m": 1.0, "u_target": null, "u_realized": null, "method": "v2wmlp706", "seed": 706, "twt": 2.759999999999991, "makespan": 40.4167, "mean_flow": 3.772, "breach_share": 0.006666666666666667, "breach_p1": 0.0, "breach_p2": 0.024390243902439025, "breach_p3": null, "breach_p4": 0.0, "decisions": 150, "latency_ms_per_decision": 1.126468162983656, "replans": null, "validator_ok": 1, "runtime_s": 0.1689702244475484, "waits": 0}, "v2wmlp707": {"instance_id": "c09_replay_150_0152", "campus": 9, "size": 150, "track": "replay", "structure": "full", "phi": null, "eta": 0.8, "m": 1.0, "u_target": null, "u_realized": null, "method": "v2wmlp707", "seed": 707, "twt": 2.759999999999991, "makespan": 40.4167, "mean_flow": 3.9412666666666665, "breach_share": 0.006666666666666667, "breach_p1": 0.0, "breach_p2": 0.024390243902439025, "breach_p3": null, "breach_p4": 0.0, "decisions": 150, "latency_ms_per_decision": 1.2148063816130161, "replans": null, "validator_ok": 1, "runtime_s": 0.18222095724195242, "waits": 0}, "v2wmlp708": {"instance_id": "c09_replay_150_0152", "campus": 9, "size": 150, "track": "replay", "structure": "full", "phi": null, "eta": 0.8, "m": 1.0, "u_target": null, "u_realized": null, "method": "v2wmlp708", "seed": 708, "twt": 2.759999999999991, "makespan": 40.4167, "mean_flow": 3.897, "breach_share": 0.006666666666666667, "breach_p1": 0.0, "breach_p2": 0.024390243902439025, "breach_p3": null, "breach_p4": 0.0, "decisions": 150, "latency_ms_per_decision": 0.7694081154962381, "replans": null, "validator_ok": 1, "runtime_s": 0.11541121732443571, "waits": 0}, "v2wmlp709": {"instance_id": "c09_replay_150_0152", "campus": 9, "size": 150, "track": "replay", "structure": "full", "phi": null, "eta": 0.8, "m": 1.0, "u_target": null, "u_realized": null, "method": "v2wmlp709", "seed": 709, "twt": 0.0, "makespan": 72.25, "mean_flow": 35.854109333333334, "breach_share": 0.0, "breach_p1": 0.0, "breach_p2": 0.0, "breach_p3": null, "breach_p4": 0.0, "decisions": 150, "latency_ms_per_decision": 3.1706228169302144, "replans": null, "validator_ok": 1, "runtime_s": 0.4755934225395322, "waits": 103}, "v2wmlp710": {"instance_id": "c09_replay_150_0152", "campus": 9, "size": 150, "track": "replay", "structure": "full", "phi": null, "eta": 0.8, "m": 1.0, "u_target": null, "u_realized": null, "method": "v2wmlp710", "seed": 710, "twt": 3.613200000000006, "makespan": 81.87, "mean_flow": 39.32919733333333, "breach_share": 0.02, "breach_p1": 0.0, "breach_p2": 0.07317073170731707, "breach_p3": null, "breach_p4": 0.0, "decisions": 150, "latency_ms_per_decision": 4.101417387525241, "replans": null, "validator_ok": 1, "runtime_s": 0.6152126081287861, "waits": 88}}}