{"config_id": "c09_replay_400_0144__c09_chain_phi100_eta080_m060", "rows": {"v2wmlp701": {"instance_id": "c09_replay_400_0144", "campus": 9, "size": 400, "track": "replay", "structure": "chain", "phi": 1.0, "eta": 0.8, "m": 0.6, "u_target": null, "u_realized": null, "method": "v2wmlp701", "seed": 701, "twt": 409.52, "makespan": 67.5, "mean_flow": 20.2971565, "breach_share": 0.0075, "breach_p1": 0.6666666666666666, "breach_p2": 0.030303030303030304, "breach_p3": null, "breach_p4": 0.0, "decisions": 400, "latency_ms_per_decision": 0.8156438777223229, "replans": null, "validator_ok": 1, "runtime_s": 0.3262575510889292, "waits": 39}, "v2wmlp702": {"instance_id": "c09_replay_400_0144", "campus": 9, "size": 400, "track": "replay", "structure": "chain", "phi": 1.0, "eta": 0.8, "m": 0.6, "u_target": null, "u_realized": null, "method": "v2wmlp702", "seed": 702, "twt": 378.0, "makespan": 67.5, "mean_flow": 33.35257275, "breach_share": 0.0075, "breach_p1": 0.6666666666666666, "breach_p2": 0.030303030303030304, "breach_p3": null, "breach_p4": 0.0, "decisions": 400, "latency_ms_per_decision": 1.4233577833510935, "replans": null, "validator_ok": 1, "runtime_s": 0.5693431133404374, "waits": 228}, "v2wmlp703": {"instance_id": "c09_replay_400_0144", "campus": 9, "size": 400, "track": "replay", "structure": "chain", "phi": 1.0, "eta": 0.8, "m": 0.6, "u_target": null, "u_realized": null, "method": "v2wmlp703", "seed": 703, "twt": 384.9332, "makespan": 67.5, "mean_flow": 21.573860749999994, "breach_share": 0.01, "breach_p1": 0.6666666666666666, "breach_p2": 0.06060606060606061, "breach_p3": null, "breach_p4": 0.0, "decisions": 400, "latency_ms_per_decision": 0.9574097651056945, "replans": null, "validator_ok": 1, "runtime_s": 0.3829639060422778, "waits": 87}, "v2wmlp704": {"instance_id": "c09_replay_400_0144", "campus": 9, "size": 400, "track": "replay", "structure": "chain", "phi": 1.0, "eta": 0.8, "m": 0.6, "u_target": null, "u_realized": null, "method": "v2wmlp704", "seed": 704, "twt": 378.0, "makespan": 120.50999999999999, "mean_flow": 85.151741, "breach_share": 0.0075, "breach_p1": 0.6666666666666666, "breach_p2": 0.030303030303030304, "breach_p3": null, "breach_p4": 0.0, "decisions": 400, "latency_ms_per_decision": 1.4102120231837034, "replans": null, "validator_ok": 1, "runtime_s": 0.5640848092734814, "waits": 106}, "v2wmlp705": {"instance_id": "c09_replay_400_0144", "campus": 9, "size": 400, "track": "replay", "structure": "chain", "phi": 1.0, "eta": 0.8, "m": 0.6, "u_target": null, "u_realized": null, "method": "v2wmlp705", "seed": 705, "twt": 477.03999999999996, "makespan": 67.5, "mean_flow": 10.64717425, "breach_share": 0.0075, "breach_p1": 0.6666666666666666, "breach_p2": 0.030303030303030304, "breach_p3": null, "breach_p4": 0.0, "decisions": 400, "latency_ms_per_decision": 0.5750619107857347, "replans": null, "validator_ok": 1, "runtime_s": 0.23002476431429386, "waits": 0}, "v2wmlp706": {"instance_id": "c09_replay_400_0144", "campus": 9, "size": 400, "track": "replay", "structure": "chain", "phi": 1.0, "eta": 0.8, "m": 0.6, "u_target": null, "u_realized": null, "method": "v2wmlp706", "seed": 706, "twt": 505.03999999999996, "makespan": 76.0, "mean_flow": 34.25109475, "breach_share": 0.0075, "breach_p1": 0.6666666666666666, "breach_p2": 0.030303030303030304, "breach_p3": null, "breach_p4": 0.0, "decisions": 400, "latency_ms_per_decision": 1.2078400258906186, "replans": null, "validator_ok": 1, "runtime_s": 0.4831360103562474, "waits": 133}, "v2wmlp707": {"instance_id": "c09_replay_400_0144", "campus": 9, "size": 400, "track": "replay", "structure": "chain", "phi": 1.0, "eta": 0.8, "m": 0.6, "u_target": null, "u_realized": null, "method": "v2wmlp707", "seed": 707, "twt": 487.4136, "makespan": 131.06999999999994, "mean_flow": 31.336040499999985, "breach_share": 0.01, "breach_p1": 1.0, "breach_p2": 0.030303030303030304, "breach_p3": null, "breach_p4": 0.0, "decisions": 400, "latency_ms_per_decision": 0.9972236515022814, "replans": null, "validator_ok": 1, "runtime_s": 0.39888946060091257, "waits": 161}, "v2wmlp708": {"instance_id": "c09_replay_400_0144", "campus": 9, "size": 400, "track": "replay", "structure": "chain", "phi": 1.0, "eta": 0.8, "m": 0.6, "u_target": null, "u_realized": null, "method": "v2wmlp708", "seed": 708, "twt": 409.52, "makespan": 123.07999999999998, "mean_flow": 88.97303275, "breach_share": 0.0075, "breach_p1": 0.6666666666666666, "breach_p2": 0.030303030303030304, "breach_p3": null, "breach_p4": 0.0, "decisions": 400, "latency_ms_per_decision": 1.2919371761381626, "replans": null, "validator_ok": 1, "runtime_s": 0.516774870455265, "waits": 107}, "v2wmlp709": {"instance_id": "c09_replay_400_0144", "campus": 9, "size": 400, "track": "replay", "structure": "chain", "phi": 1.0, "eta": 0.8, "m": 0.6, "u_target": null, "u_realized": null, "method": "v2wmlp709", "seed": 709, "twt": 378.0, "makespan": 69.75999999999999, "mean_flow": 36.384440749999996, "breach_share": 0.0075, "breach_p1": 0.6666666666666666, "breach_p2": 0.030303030303030304, "breach_p3": null, "breach_p4": 0.0, "decisions": 400, "latency_ms_per_decision": 1.419771781656891, "replans": null, "validator_ok": 1, "runtime_s": 0.5679087126627564, "waits": 164}, "v2wmlp710": {"instance_id": "c09_replay_400_0144", "campus": 9, "size": 400, "track": "replay", "structure": "chain", "phi": 1.0, "eta": 0.8, "m": 0.6, "u_target": null, "u_realized": null, "method": "v2wmlp710", "seed": 710, "twt": 409.52, "makespan": 67.5, "mean_flow": 28.70472125, "breach_share": 0.0075, "breach_p1": 0.6666666666666666, "breach_p2": 0.030303030303030304, "breach_p3": null, "breach_p4": 0.0, "decisions": 400, "latency_ms_per_decision": 1.078274785540998, "replans": null, "validator_ok": 1, "runtime_s": 0.4313099142163992, "waits": 111}}}