{"config_id": "c09_replay_150_0109__c09_chain_phi100_eta100_m060", "rows": {"v2wmlp701": {"instance_id": "c09_replay_150_0109", "campus": 9, "size": 150, "track": "replay", "structure": "chain", "phi": 1.0, "eta": 1.0, "m": 0.6, "u_target": null, "u_realized": null, "method": "v2wmlp701", "seed": 701, "twt": 91.6004, "makespan": 69.0, "mean_flow": 5.848344666666667, "breach_share": 0.013333333333333334, "breach_p1": 0.0, "breach_p2": 0.0425531914893617, "breach_p3": null, "breach_p4": 0.0, "decisions": 150, "latency_ms_per_decision": 0.3314436785876751, "replans": null, "validator_ok": 1, "runtime_s": 0.049716551788151264, "waits": 3}, "v2wmlp702": {"instance_id": "c09_replay_150_0109", "campus": 9, "size": 150, "track": "replay", "structure": "chain", "phi": 1.0, "eta": 1.0, "m": 0.6, "u_target": null, "u_realized": null, "method": "v2wmlp702", "seed": 702, "twt": 68.99999999999999, "makespan": 69.0, "mean_flow": 29.376776666666665, "breach_share": 0.013333333333333334, "breach_p1": 0.0, "breach_p2": 0.0425531914893617, "breach_p3": null, "breach_p4": 0.0, "decisions": 150, "latency_ms_per_decision": 2.2928719595074654, "replans": null, "validator_ok": 1, "runtime_s": 0.3439307939261198, "waits": 117}, "v2wmlp703": {"instance_id": "c09_replay_150_0109", "campus": 9, "size": 150, "track": "replay", "structure": "chain", "phi": 1.0, "eta": 1.0, "m": 0.6, "u_target": null, "u_realized": null, "method": "v2wmlp703", "seed": 703, "twt": 68.99999999999999, "makespan": 69.0, "mean_flow": 4.394444666666667, "breach_share": 0.013333333333333334, "breach_p1": 0.0, "breach_p2": 0.0425531914893617, "breach_p3": null, "breach_p4": 0.0, "decisions": 150, "latency_ms_per_decision": 0.6000174271563689, "replans": null, "validator_ok": 1, "runtime_s": 0.09000261407345533, "waits": 3}, "v2wmlp704": {"instance_id": "c09_replay_150_0109", "campus": 9, "size": 150, "track": "replay", "structure": "chain", "phi": 1.0, "eta": 1.0, "m": 0.6, "u_target": null, "u_realized": null, "method": "v2wmlp704", "seed": 704, "twt": 68.99999999999999, "makespan": 104.0, "mean_flow": 54.52266666666667, "breach_share": 0.013333333333333334, "breach_p1": 0.0, "breach_p2": 0.0425531914893617, "breach_p3": null, "breach_p4": 0.0, "decisions": 150, "latency_ms_per_decision": 2.5678810042639575, "replans": null, "validator_ok": 1, "runtime_s": 0.3851821506395936, "waits": 117}, "v2wmlp705": {"instance_id": "c09_replay_150_0109", "campus": 9, "size": 150, "track": "replay", "structure": "chain", "phi": 1.0, "eta": 1.0, "m": 0.6, "u_target": null, "u_realized": null, "method": "v2wmlp705", "seed": 705, "twt": 68.99999999999999, "makespan": 69.0, "mean_flow": 4.460001333333333, "breach_share": 0.013333333333333334, "breach_p1": 0.0, "breach_p2": 0.0425531914893617, "breach_p3": null, "breach_p4": 0.0, "decisions": 150, "latency_ms_per_decision": 0.5693005584180355, "replans": null, "validator_ok": 1, "runtime_s": 0.08539508376270533, "waits": 0}, "v2wmlp706": {"instance_id": "c09_replay_150_0109", "campus": 9, "size": 150, "track": "replay", "structure": "chain", "phi": 1.0, "eta": 1.0, "m": 0.6, "u_target": null, "u_realized": null, "method": "v2wmlp706", "seed": 706, "twt": 68.99999999999999, "makespan": 69.0, "mean_flow": 5.251778666666666, "breach_share": 0.013333333333333334, "breach_p1": 0.0, "breach_p2": 0.0425531914893617, "breach_p3": null, "breach_p4": 0.0, "decisions": 150, "latency_ms_per_decision": 0.9524327516555786, "replans": null, "validator_ok": 1, "runtime_s": 0.1428649127483368, "waits": 110}, "v2wmlp707": {"instance_id": "c09_replay_150_0109", "campus": 9, "size": 150, "track": "replay", "structure": "chain", "phi": 1.0, "eta": 1.0, "m": 0.6, "u_target": null, "u_realized": null, "method": "v2wmlp707", "seed": 707, "twt": 90.46679999999999, "makespan": 70.0, "mean_flow": 7.554334666666667, "breach_share": 0.013333333333333334, "breach_p1": 0.0, "breach_p2": 0.0425531914893617, "breach_p3": null, "breach_p4": 0.0, "decisions": 150, "latency_ms_per_decision": 1.107155301918586, "replans": null, "validator_ok": 1, "runtime_s": 0.16607329528778791, "waits": 47}, "v2wmlp708": {"instance_id": "c09_replay_150_0109", "campus": 9, "size": 150, "track": "replay", "structure": "chain", "phi": 1.0, "eta": 1.0, "m": 0.6, "u_target": null, "u_realized": null, "method": "v2wmlp708", "seed": 708, "twt": 68.99999999999999, "makespan": 130.0, "mean_flow": 64.19166333333334, "breach_share": 0.013333333333333334, "breach_p1": 0.0, "breach_p2": 0.0425531914893617, "breach_p3": null, "breach_p4": 0.0, "decisions": 150, "latency_ms_per_decision": 2.5266829008857408, "replans": null, "validator_ok": 1, "runtime_s": 0.37900243513286114, "waits": 104}, "v2wmlp709": {"instance_id": "c09_replay_150_0109", "campus": 9, "size": 150, "track": "replay", "structure": "chain", "phi": 1.0, "eta": 1.0, "m": 0.6, "u_target": null, "u_realized": null, "method": "v2wmlp709", "seed": 709, "twt": 68.99999999999999, "makespan": 82.25, "mean_flow": 27.991650000000003, "breach_share": 0.013333333333333334, "breach_p1": 0.0, "breach_p2": 0.0425531914893617, "breach_p3": null, "breach_p4": 0.0, "decisions": 150, "latency_ms_per_decision": 2.5391302381952605, "replans": null, "validator_ok": 1, "runtime_s": 0.38086953572928905, "waits": 125}, "v2wmlp710": {"instance_id": "c09_replay_150_0109", "campus": 9, "size": 150, "track": "replay", "structure": "chain", "phi": 1.0, "eta": 1.0, "m": 0.6, "u_target": null, "u_realized": null, "method": "v2wmlp710", "seed": 710, "twt": 68.99999999999999, "makespan": 69.0, "mean_flow": 15.388333333333334, "breach_share": 0.013333333333333334, "breach_p1": 0.0, "breach_p2": 0.0425531914893617, "breach_p3": null, "breach_p4": 0.0, "decisions": 150, "latency_ms_per_decision": 1.2164433548847835, "replans": null, "validator_ok": 1, "runtime_s": 0.18246650323271751, "waits": 118}}}