{"config_id": "c09_replay_400_0118__c09_full_eta100_m100", "rows": {"v2wmlp701": {"instance_id": "c09_replay_400_0118", "campus": 9, "size": 400, "track": "replay", "structure": "full", "phi": null, "eta": 1.0, "m": 1.0, "u_target": null, "u_realized": null, "method": "v2wmlp701", "seed": 701, "twt": 151.0, "makespan": 122.75, "mean_flow": 47.704290500000006, "breach_share": 0.01, "breach_p1": 0.2857142857142857, "breach_p2": 0.020202020202020204, "breach_p3": 0.0, "breach_p4": 0.0, "decisions": 400, "latency_ms_per_decision": 3.9573158998973668, "replans": null, "validator_ok": 1, "runtime_s": 1.5829263599589467, "waits": 275}, "v2wmlp702": {"instance_id": "c09_replay_400_0118", "campus": 9, "size": 400, "track": "replay", "structure": "full", "phi": null, "eta": 1.0, "m": 1.0, "u_target": null, "u_realized": null, "method": "v2wmlp702", "seed": 702, "twt": 151.0, "makespan": 113.0, "mean_flow": 44.87187374999999, "breach_share": 0.01, "breach_p1": 0.2857142857142857, "breach_p2": 0.020202020202020204, "breach_p3": 0.0, "breach_p4": 0.0, "decisions": 400, "latency_ms_per_decision": 5.818160427734256, "replans": null, "validator_ok": 1, "runtime_s": 2.3272641710937023, "waits": 354}, "v2wmlp703": {"instance_id": "c09_replay_400_0118", "campus": 9, "size": 400, "track": "replay", "structure": "full", "phi": null, "eta": 1.0, "m": 1.0, "u_target": null, "u_realized": null, "method": "v2wmlp703", "seed": 703, "twt": 151.0, "makespan": 96.25, "mean_flow": 3.681875, "breach_share": 0.01, "breach_p1": 0.2857142857142857, "breach_p2": 0.020202020202020204, "breach_p3": 0.0, "breach_p4": 0.0, "decisions": 400, "latency_ms_per_decision": 0.5526099563576281, "replans": null, "validator_ok": 1, "runtime_s": 0.22104398254305124, "waits": 0}, "v2wmlp704": {"instance_id": "c09_replay_400_0118", "campus": 9, "size": 400, "track": "replay", "structure": "full", "phi": null, "eta": 1.0, "m": 1.0, "u_target": null, "u_realized": null, "method": "v2wmlp704", "seed": 704, "twt": 151.0, "makespan": 107.41669999999999, "mean_flow": 35.276680999999996, "breach_share": 0.01, "breach_p1": 0.2857142857142857, "breach_p2": 0.020202020202020204, "breach_p3": 0.0, "breach_p4": 0.0, "decisions": 400, "latency_ms_per_decision": 3.863819562830031, "replans": null, "validator_ok": 1, "runtime_s": 1.5455278251320124, "waits": 345}, "v2wmlp705": {"instance_id": "c09_replay_400_0118", "campus": 9, "size": 400, "track": "replay", "structure": "full", "phi": null, "eta": 1.0, "m": 1.0, "u_target": null, "u_realized": null, "method": "v2wmlp705", "seed": 705, "twt": 151.0, "makespan": 96.25, "mean_flow": 6.873287749999999, "breach_share": 0.01, "breach_p1": 0.2857142857142857, "breach_p2": 0.020202020202020204, "breach_p3": 0.0, "breach_p4": 0.0, "decisions": 400, "latency_ms_per_decision": 1.1618435522541404, "replans": null, "validator_ok": 1, "runtime_s": 0.46473742090165615, "waits": 129}, "v2wmlp706": {"instance_id": "c09_replay_400_0118", "campus": 9, "size": 400, "track": "replay", "structure": "full", "phi": null, "eta": 1.0, "m": 1.0, "u_target": null, "u_realized": null, "method": "v2wmlp706", "seed": 706, "twt": 151.0, "makespan": 96.25, "mean_flow": 3.681875, "breach_share": 0.01, "breach_p1": 0.2857142857142857, "breach_p2": 0.020202020202020204, "breach_p3": 0.0, "breach_p4": 0.0, "decisions": 400, "latency_ms_per_decision": 0.533756734803319, "replans": null, "validator_ok": 1, "runtime_s": 0.2135026939213276, "waits": 0}, "v2wmlp707": {"instance_id": "c09_replay_400_0118", "campus": 9, "size": 400, "track": "replay", "structure": "full", "phi": null, "eta": 1.0, "m": 1.0, "u_target": null, "u_realized": null, "method": "v2wmlp707", "seed": 707, "twt": 151.0, "makespan": 96.25, "mean_flow": 3.681875, "breach_share": 0.01, "breach_p1": 0.2857142857142857, "breach_p2": 0.020202020202020204, "breach_p3": 0.0, "breach_p4": 0.0, "decisions": 400, "latency_ms_per_decision": 0.5289780627936125, "replans": null, "validator_ok": 1, "runtime_s": 0.211591225117445, "waits": 0}, "v2wmlp708": {"instance_id": "c09_replay_400_0118", "campus": 9, "size": 400, "track": "replay", "structure": "full", "phi": null, "eta": 1.0, "m": 1.0, "u_target": null, "u_realized": null, "method": "v2wmlp708", "seed": 708, "twt": 151.0, "makespan": 96.25, "mean_flow": 5.187250000000001, "breach_share": 0.01, "breach_p1": 0.2857142857142857, "breach_p2": 0.020202020202020204, "breach_p3": 0.0, "breach_p4": 0.0, "decisions": 400, "latency_ms_per_decision": 0.6402065837755799, "replans": null, "validator_ok": 1, "runtime_s": 0.25608263351023197, "waits": 37}, "v2wmlp709": {"instance_id": "c09_replay_400_0118", "campus": 9, "size": 400, "track": "replay", "structure": "full", "phi": null, "eta": 1.0, "m": 1.0, "u_target": null, "u_realized": null, "method": "v2wmlp709", "seed": 709, "twt": 151.0, "makespan": 108.25, "mean_flow": 26.335331500000002, "breach_share": 0.01, "breach_p1": 0.2857142857142857, "breach_p2": 0.020202020202020204, "breach_p3": 0.0, "breach_p4": 0.0, "decisions": 400, "latency_ms_per_decision": 3.3365097478963435, "replans": null, "validator_ok": 1, "runtime_s": 1.3346038991585374, "waits": 322}, "v2wmlp710": {"instance_id": "c09_replay_400_0118", "campus": 9, "size": 400, "track": "replay", "structure": "full", "phi": null, "eta": 1.0, "m": 1.0, "u_target": null, "u_realized": null, "method": "v2wmlp710", "seed": 710, "twt": 151.0, "makespan": 126.75, "mean_flow": 40.36637674999999, "breach_share": 0.01, "breach_p1": 0.2857142857142857, "breach_p2": 0.020202020202020204, "breach_p3": 0.0, "breach_p4": 0.0, "decisions": 400, "latency_ms_per_decision": 4.098930447362363, "replans": null, "validator_ok": 1, "runtime_s": 1.6395721789449453, "waits": 342}}}