{"config_id": "c09_replay_150_0198__c09_full_eta080_m100", "rows": {"v2wmlp701": {"instance_id": "c09_replay_150_0198", "campus": 9, "size": 150, "track": "replay", "structure": "full", "phi": null, "eta": 0.8, "m": 1.0, "u_target": null, "u_realized": null, "method": "v2wmlp701", "seed": 701, "twt": 95.51999999999998, "makespan": 86.13, "mean_flow": 9.13091, "breach_share": 0.02, "breach_p1": 0.6666666666666666, "breach_p2": 0.021739130434782608, "breach_p3": null, "breach_p4": 0.0, "decisions": 150, "latency_ms_per_decision": 1.3407955939571063, "replans": null, "validator_ok": 1, "runtime_s": 0.20111933909356594, "waits": 127}, "v2wmlp702": {"instance_id": "c09_replay_150_0198", "campus": 9, "size": 150, "track": "replay", "structure": "full", "phi": null, "eta": 0.8, "m": 1.0, "u_target": null, "u_realized": null, "method": "v2wmlp702", "seed": 702, "twt": 72.0, "makespan": 95.25, "mean_flow": 47.57269066666667, "breach_share": 0.02, "breach_p1": 0.6666666666666666, "breach_p2": 0.021739130434782608, "breach_p3": null, "breach_p4": 0.0, "decisions": 150, "latency_ms_per_decision": 2.6530219117800393, "replans": null, "validator_ok": 1, "runtime_s": 0.3979532867670059, "waits": 142}, "v2wmlp703": {"instance_id": "c09_replay_150_0198", "campus": 9, "size": 150, "track": "replay", "structure": "full", "phi": null, "eta": 0.8, "m": 1.0, "u_target": null, "u_realized": null, "method": "v2wmlp703", "seed": 703, "twt": 90.0, "makespan": 86.13, "mean_flow": 5.035399999999999, "breach_share": 0.02, "breach_p1": 0.6666666666666666, "breach_p2": 0.021739130434782608, "breach_p3": null, "breach_p4": 0.0, "decisions": 150, "latency_ms_per_decision": 0.5072288525601228, "replans": null, "validator_ok": 1, "runtime_s": 0.07608432788401842, "waits": 0}, "v2wmlp704": {"instance_id": "c09_replay_150_0198", "campus": 9, "size": 150, "track": "replay", "structure": "full", "phi": null, "eta": 0.8, "m": 1.0, "u_target": null, "u_realized": null, "method": "v2wmlp704", "seed": 704, "twt": 72.0, "makespan": 107.57669999999999, "mean_flow": 59.08944666666665, "breach_share": 0.02, "breach_p1": 0.6666666666666666, "breach_p2": 0.021739130434782608, "breach_p3": null, "breach_p4": 0.0, "decisions": 150, "latency_ms_per_decision": 2.174668349325657, "replans": null, "validator_ok": 1, "runtime_s": 0.32620025239884853, "waits": 128}, "v2wmlp705": {"instance_id": "c09_replay_150_0198", "campus": 9, "size": 150, "track": "replay", "structure": "full", "phi": null, "eta": 0.8, "m": 1.0, "u_target": null, "u_realized": null, "method": "v2wmlp705", "seed": 705, "twt": 113.51999999999998, "makespan": 87.19669999999999, "mean_flow": 9.786068666666665, "breach_share": 0.02, "breach_p1": 0.6666666666666666, "breach_p2": 0.021739130434782608, "breach_p3": null, "breach_p4": 0.0, "decisions": 150, "latency_ms_per_decision": 1.552580955127875, "replans": null, "validator_ok": 1, "runtime_s": 0.23288714326918125, "waits": 115}, "v2wmlp706": {"instance_id": "c09_replay_150_0198", "campus": 9, "size": 150, "track": "replay", "structure": "full", "phi": null, "eta": 0.8, "m": 1.0, "u_target": null, "u_realized": null, "method": "v2wmlp706", "seed": 706, "twt": 95.51999999999998, "makespan": 86.13, "mean_flow": 4.964733333333333, "breach_share": 0.02, "breach_p1": 0.6666666666666666, "breach_p2": 0.021739130434782608, "breach_p3": null, "breach_p4": 0.0, "decisions": 150, "latency_ms_per_decision": 0.4605134079853694, "replans": null, "validator_ok": 1, "runtime_s": 0.0690770111978054, "waits": 0}, "v2wmlp707": {"instance_id": "c09_replay_150_0198", "campus": 9, "size": 150, "track": "replay", "structure": "full", "phi": null, "eta": 0.8, "m": 1.0, "u_target": null, "u_realized": null, "method": "v2wmlp707", "seed": 707, "twt": 146.04000000000002, "makespan": 86.13, "mean_flow": 5.252466666666666, "breach_share": 0.02, "breach_p1": 0.6666666666666666, "breach_p2": 0.021739130434782608, "breach_p3": null, "breach_p4": 0.0, "decisions": 150, "latency_ms_per_decision": 0.44726135830084485, "replans": null, "validator_ok": 1, "runtime_s": 0.06708920374512672, "waits": 0}, "v2wmlp708": {"instance_id": "c09_replay_150_0198", "campus": 9, "size": 150, "track": "replay", "structure": "full", "phi": null, "eta": 0.8, "m": 1.0, "u_target": null, "u_realized": null, "method": "v2wmlp708", "seed": 708, "twt": 113.51999999999998, "makespan": 86.13, "mean_flow": 5.196599999999999, "breach_share": 0.02, "breach_p1": 0.6666666666666666, "breach_p2": 0.021739130434782608, "breach_p3": null, "breach_p4": 0.0, "decisions": 150, "latency_ms_per_decision": 0.4703724881013234, "replans": null, "validator_ok": 1, "runtime_s": 0.07055587321519852, "waits": 0}, "v2wmlp709": {"instance_id": "c09_replay_150_0198", "campus": 9, "size": 150, "track": "replay", "structure": "full", "phi": null, "eta": 0.8, "m": 1.0, "u_target": null, "u_realized": null, "method": "v2wmlp709", "seed": 709, "twt": 72.0, "makespan": 116.8167, "mean_flow": 37.590246, "breach_share": 0.02, "breach_p1": 0.6666666666666666, "breach_p2": 0.021739130434782608, "breach_p3": null, "breach_p4": 0.0, "decisions": 150, "latency_ms_per_decision": 2.294705919921398, "replans": null, "validator_ok": 1, "runtime_s": 0.3442058879882097, "waits": 124}, "v2wmlp710": {"instance_id": "c09_replay_150_0198", "campus": 9, "size": 150, "track": "replay", "structure": "full", "phi": null, "eta": 0.8, "m": 1.0, "u_target": null, "u_realized": null, "method": "v2wmlp710", "seed": 710, "twt": 157.92000000000002, "makespan": 140.82670000000002, "mean_flow": 44.24902133333334, "breach_share": 0.02666666666666667, "breach_p1": 0.6666666666666666, "breach_p2": 0.043478260869565216, "breach_p3": null, "breach_p4": 0.0, "decisions": 150, "latency_ms_per_decision": 2.3849391750991344, "replans": null, "validator_ok": 1, "runtime_s": 0.35774087626487017, "waits": 153}}}