{"config_id": "c09_replay_400_0170__c09_l0_eta100_m100", "rows": {"v2wmlp701": {"instance_id": "c09_replay_400_0170", "campus": 9, "size": 400, "track": "replay", "structure": "dedicated", "phi": null, "eta": 1.0, "m": 1.0, "u_target": null, "u_realized": null, "method": "v2wmlp701", "seed": 701, "twt": 951.7188, "makespan": 122.8648, "mean_flow": 5.363283249999999, "breach_share": 0.0275, "breach_p1": 0.28125, "breach_p2": 0.020618556701030927, "breach_p3": 0.0, "breach_p4": 0.0, "decisions": 400, "latency_ms_per_decision": 0.33681121887639165, "replans": null, "validator_ok": 1, "runtime_s": 0.13472448755055666, "waits": 62}, "v2wmlp702": {"instance_id": "c09_replay_400_0170", "campus": 9, "size": 400, "track": "replay", "structure": "dedicated", "phi": null, "eta": 1.0, "m": 1.0, "u_target": null, "u_realized": null, "method": "v2wmlp702", "seed": 702, "twt": 869.9184, "makespan": 122.8648, "mean_flow": 27.030942749999998, "breach_share": 0.0125, "breach_p1": 0.09375, "breach_p2": 0.020618556701030927, "breach_p3": 0.0, "breach_p4": 0.0, "decisions": 400, "latency_ms_per_decision": 1.7515211505815387, "replans": null, "validator_ok": 1, "runtime_s": 0.7006084602326155, "waits": 390}, "v2wmlp703": {"instance_id": "c09_replay_400_0170", "campus": 9, "size": 400, "track": "replay", "structure": "dedicated", "phi": null, "eta": 1.0, "m": 1.0, "u_target": null, "u_realized": null, "method": "v2wmlp703", "seed": 703, "twt": 881.0516, "makespan": 122.8648, "mean_flow": 6.443534500000001, "breach_share": 0.0125, "breach_p1": 0.09375, "breach_p2": 0.020618556701030927, "breach_p3": 0.0, "breach_p4": 0.0, "decisions": 400, "latency_ms_per_decision": 0.4090634663589299, "replans": null, "validator_ok": 1, "runtime_s": 0.16362538654357195, "waits": 152}, "v2wmlp704": {"instance_id": "c09_replay_400_0170", "campus": 9, "size": 400, "track": "replay", "structure": "dedicated", "phi": null, "eta": 1.0, "m": 1.0, "u_target": null, "u_realized": null, "method": "v2wmlp704", "seed": 704, "twt": 869.9184, "makespan": 122.8648, "mean_flow": 26.5441195, "breach_share": 0.0125, "breach_p1": 0.09375, "breach_p2": 0.020618556701030927, "breach_p3": 0.0, "breach_p4": 0.0, "decisions": 400, "latency_ms_per_decision": 1.4322057529352605, "replans": null, "validator_ok": 1, "runtime_s": 0.5728823011741042, "waits": 391}, "v2wmlp705": {"instance_id": "c09_replay_400_0170", "campus": 9, "size": 400, "track": "replay", "structure": "dedicated", "phi": null, "eta": 1.0, "m": 1.0, "u_target": null, "u_realized": null, "method": "v2wmlp705", "seed": 705, "twt": 869.9184, "makespan": 122.8648, "mean_flow": 4.5107409999999994, "breach_share": 0.0125, "breach_p1": 0.09375, "breach_p2": 0.020618556701030927, "breach_p3": 0.0, "breach_p4": 0.0, "decisions": 400, "latency_ms_per_decision": 0.23930421099066734, "replans": null, "validator_ok": 1, "runtime_s": 0.09572168439626694, "waits": 3}, "v2wmlp706": {"instance_id": "c09_replay_400_0170", "campus": 9, "size": 400, "track": "replay", "structure": "dedicated", "phi": null, "eta": 1.0, "m": 1.0, "u_target": null, "u_realized": null, "method": "v2wmlp706", "seed": 706, "twt": 869.9184, "makespan": 122.8648, "mean_flow": 5.4013670000000005, "breach_share": 0.0125, "breach_p1": 0.09375, "breach_p2": 0.020618556701030927, "breach_p3": 0.0, "breach_p4": 0.0, "decisions": 400, "latency_ms_per_decision": 0.3769635083153844, "replans": null, "validator_ok": 1, "runtime_s": 0.15078540332615376, "waits": 158}, "v2wmlp707": {"instance_id": "c09_replay_400_0170", "campus": 9, "size": 400, "track": "replay", "structure": "dedicated", "phi": null, "eta": 1.0, "m": 1.0, "u_target": null, "u_realized": null, "method": "v2wmlp707", "seed": 707, "twt": 958.0519999999999, "makespan": 203.8648, "mean_flow": 57.815699, "breach_share": 0.03, "breach_p1": 0.3125, "breach_p2": 0.020618556701030927, "breach_p3": 0.0, "breach_p4": 0.0, "decisions": 400, "latency_ms_per_decision": 1.6485324339009821, "replans": null, "validator_ok": 1, "runtime_s": 0.6594129735603929, "waits": 374}, "v2wmlp708": {"instance_id": "c09_replay_400_0170", "campus": 9, "size": 400, "track": "replay", "structure": "dedicated", "phi": null, "eta": 1.0, "m": 1.0, "u_target": null, "u_realized": null, "method": "v2wmlp708", "seed": 708, "twt": 869.9184, "makespan": 153.0667, "mean_flow": 50.6043405, "breach_share": 0.0125, "breach_p1": 0.09375, "breach_p2": 0.020618556701030927, "breach_p3": 0.0, "breach_p4": 0.0, "decisions": 400, "latency_ms_per_decision": 3.046404062770307, "replans": null, "validator_ok": 1, "runtime_s": 1.2185616251081228, "waits": 364}, "v2wmlp709": {"instance_id": "c09_replay_400_0170", "campus": 9, "size": 400, "track": "replay", "structure": "dedicated", "phi": null, "eta": 1.0, "m": 1.0, "u_target": null, "u_realized": null, "method": "v2wmlp709", "seed": 709, "twt": 869.9184, "makespan": 122.8648, "mean_flow": 20.32911825, "breach_share": 0.0125, "breach_p1": 0.09375, "breach_p2": 0.020618556701030927, "breach_p3": 0.0, "breach_p4": 0.0, "decisions": 400, "latency_ms_per_decision": 1.1987256701104343, "replans": null, "validator_ok": 1, "runtime_s": 0.4794902680441737, "waits": 379}, "v2wmlp710": {"instance_id": "c09_replay_400_0170", "campus": 9, "size": 400, "track": "replay", "structure": "dedicated", "phi": null, "eta": 1.0, "m": 1.0, "u_target": null, "u_realized": null, "method": "v2wmlp710", "seed": 710, "twt": 869.9184, "makespan": 122.8648, "mean_flow": 16.22882375, "breach_share": 0.0125, "breach_p1": 0.09375, "breach_p2": 0.020618556701030927, "breach_p3": 0.0, "breach_p4": 0.0, "decisions": 400, "latency_ms_per_decision": 0.9738313453271985, "replans": null, "validator_ok": 1, "runtime_s": 0.3895325381308794, "waits": 331}}}