{"config_id": "c09_replay_150_0160__c09_chain_phi100_eta080_m100", "rows": {"v2wmlp701": {"instance_id": "c09_replay_150_0160", "campus": 9, "size": 150, "track": "replay", "structure": "chain", "phi": 1.0, "eta": 0.8, "m": 1.0, "u_target": null, "u_realized": null, "method": "v2wmlp701", "seed": 701, "twt": 49.0, "makespan": 44.25, "mean_flow": 5.984934666666667, "breach_share": 0.006666666666666667, "breach_p1": 0.0, "breach_p2": 0.024390243902439025, "breach_p3": 0.0, "breach_p4": 0.0, "decisions": 150, "latency_ms_per_decision": 0.5249013813833395, "replans": null, "validator_ok": 1, "runtime_s": 0.07873520720750093, "waits": 21}, "v2wmlp702": {"instance_id": "c09_replay_150_0160", "campus": 9, "size": 150, "track": "replay", "structure": "chain", "phi": 1.0, "eta": 0.8, "m": 1.0, "u_target": null, "u_realized": null, "method": "v2wmlp702", "seed": 702, "twt": 49.0, "makespan": 58.25, "mean_flow": 28.948220666666664, "breach_share": 0.006666666666666667, "breach_p1": 0.0, "breach_p2": 0.024390243902439025, "breach_p3": 0.0, "breach_p4": 0.0, "decisions": 150, "latency_ms_per_decision": 1.2231262649099033, "replans": null, "validator_ok": 1, "runtime_s": 0.18346893973648548, "waits": 97}, "v2wmlp703": {"instance_id": "c09_replay_150_0160", "campus": 9, "size": 150, "track": "replay", "structure": "chain", "phi": 1.0, "eta": 0.8, "m": 1.0, "u_target": null, "u_realized": null, "method": "v2wmlp703", "seed": 703, "twt": 49.0, "makespan": 44.25, "mean_flow": 3.895266666666666, "breach_share": 0.006666666666666667, "breach_p1": 0.0, "breach_p2": 0.024390243902439025, "breach_p3": 0.0, "breach_p4": 0.0, "decisions": 150, "latency_ms_per_decision": 0.3624970962603887, "replans": null, "validator_ok": 1, "runtime_s": 0.054374564439058304, "waits": 0}, "v2wmlp704": {"instance_id": "c09_replay_150_0160", "campus": 9, "size": 150, "track": "replay", "structure": "chain", "phi": 1.0, "eta": 0.8, "m": 1.0, "u_target": null, "u_realized": null, "method": "v2wmlp704", "seed": 704, "twt": 49.0, "makespan": 99.25, "mean_flow": 53.69608866666667, "breach_share": 0.006666666666666667, "breach_p1": 0.0, "breach_p2": 0.024390243902439025, "breach_p3": 0.0, "breach_p4": 0.0, "decisions": 150, "latency_ms_per_decision": 1.3518303384383519, "replans": null, "validator_ok": 1, "runtime_s": 0.2027745507657528, "waits": 98}, "v2wmlp705": {"instance_id": "c09_replay_150_0160", "campus": 9, "size": 150, "track": "replay", "structure": "chain", "phi": 1.0, "eta": 0.8, "m": 1.0, "u_target": null, "u_realized": null, "method": "v2wmlp705", "seed": 705, "twt": 50.04000000000002, "makespan": 44.25, "mean_flow": 4.206621999999999, "breach_share": 0.013333333333333334, "breach_p1": 0.3333333333333333, "breach_p2": 0.024390243902439025, "breach_p3": 0.0, "breach_p4": 0.0, "decisions": 150, "latency_ms_per_decision": 0.3715052517751853, "replans": null, "validator_ok": 1, "runtime_s": 0.05572578776627779, "waits": 0}, "v2wmlp706": {"instance_id": "c09_replay_150_0160", "campus": 9, "size": 150, "track": "replay", "structure": "chain", "phi": 1.0, "eta": 0.8, "m": 1.0, "u_target": null, "u_realized": null, "method": "v2wmlp706", "seed": 706, "twt": 50.04000000000002, "makespan": 44.25, "mean_flow": 5.764733999999999, "breach_share": 0.013333333333333334, "breach_p1": 0.3333333333333333, "breach_p2": 0.024390243902439025, "breach_p3": 0.0, "breach_p4": 0.0, "decisions": 150, "latency_ms_per_decision": 0.49430495748917264, "replans": null, "validator_ok": 1, "runtime_s": 0.07414574362337589, "waits": 50}, "v2wmlp707": {"instance_id": "c09_replay_150_0160", "campus": 9, "size": 150, "track": "replay", "structure": "chain", "phi": 1.0, "eta": 0.8, "m": 1.0, "u_target": null, "u_realized": null, "method": "v2wmlp707", "seed": 707, "twt": 50.04000000000002, "makespan": 142.51, "mean_flow": 84.74899933333333, "breach_share": 0.013333333333333334, "breach_p1": 0.3333333333333333, "breach_p2": 0.024390243902439025, "breach_p3": 0.0, "breach_p4": 0.0, "decisions": 150, "latency_ms_per_decision": 1.4069346028069656, "replans": null, "validator_ok": 1, "runtime_s": 0.21104019042104483, "waits": 80}, "v2wmlp708": {"instance_id": "c09_replay_150_0160", "campus": 9, "size": 150, "track": "replay", "structure": "chain", "phi": 1.0, "eta": 0.8, "m": 1.0, "u_target": null, "u_realized": null, "method": "v2wmlp708", "seed": 708, "twt": 49.0, "makespan": 115.75, "mean_flow": 55.16033333333334, "breach_share": 0.006666666666666667, "breach_p1": 0.0, "breach_p2": 0.024390243902439025, "breach_p3": 0.0, "breach_p4": 0.0, "decisions": 150, "latency_ms_per_decision": 1.0402873096366723, "replans": null, "validator_ok": 1, "runtime_s": 0.15604309644550085, "waits": 93}, "v2wmlp709": {"instance_id": "c09_replay_150_0160", "campus": 9, "size": 150, "track": "replay", "structure": "chain", "phi": 1.0, "eta": 0.8, "m": 1.0, "u_target": null, "u_realized": null, "method": "v2wmlp709", "seed": 709, "twt": 49.0, "makespan": 66.5, "mean_flow": 31.708545333333333, "breach_share": 0.006666666666666667, "breach_p1": 0.0, "breach_p2": 0.024390243902439025, "breach_p3": 0.0, "breach_p4": 0.0, "decisions": 150, "latency_ms_per_decision": 1.4150107776125271, "replans": null, "validator_ok": 1, "runtime_s": 0.21225161664187908, "waits": 113}, "v2wmlp710": {"instance_id": "c09_replay_150_0160", "campus": 9, "size": 150, "track": "replay", "structure": "chain", "phi": 1.0, "eta": 0.8, "m": 1.0, "u_target": null, "u_realized": null, "method": "v2wmlp710", "seed": 710, "twt": 64.04000000000002, "makespan": 52.6333, "mean_flow": 13.108347333333331, "breach_share": 0.02, "breach_p1": 0.3333333333333333, "breach_p2": 0.04878048780487805, "breach_p3": 0.0, "breach_p4": 0.0, "decisions": 150, "latency_ms_per_decision": 0.7692934696873029, "replans": null, "validator_ok": 1, "runtime_s": 0.11539402045309544, "waits": 80}}}