{"config_id": "c09_replay_150_0153__c09_chain_phi100_eta080_m060", "rows": {"v2wmlp701": {"instance_id": "c09_replay_150_0153", "campus": 9, "size": 150, "track": "replay", "structure": "chain", "phi": 1.0, "eta": 0.8, "m": 0.6, "u_target": null, "u_realized": null, "method": "v2wmlp701", "seed": 701, "twt": 316.28, "makespan": 89.82, "mean_flow": 10.71685133333333, "breach_share": 0.013333333333333334, "breach_p1": 0.0, "breach_p2": 0.047619047619047616, "breach_p3": null, "breach_p4": 0.0, "decisions": 150, "latency_ms_per_decision": 0.41011547048886615, "replans": null, "validator_ok": 1, "runtime_s": 0.061517320573329926, "waits": 25}, "v2wmlp702": {"instance_id": "c09_replay_150_0153", "campus": 9, "size": 150, "track": "replay", "structure": "chain", "phi": 1.0, "eta": 0.8, "m": 0.6, "u_target": null, "u_realized": null, "method": "v2wmlp702", "seed": 702, "twt": 247.0, "makespan": 84.4833, "mean_flow": 35.844712, "breach_share": 0.013333333333333334, "breach_p1": 0.0, "breach_p2": 0.047619047619047616, "breach_p3": null, "breach_p4": 0.0, "decisions": 150, "latency_ms_per_decision": 1.1617310903966427, "replans": null, "validator_ok": 1, "runtime_s": 0.1742596635594964, "waits": 115}, "v2wmlp703": {"instance_id": "c09_replay_150_0153", "campus": 9, "size": 150, "track": "replay", "structure": "chain", "phi": 1.0, "eta": 0.8, "m": 0.6, "u_target": null, "u_realized": null, "method": "v2wmlp703", "seed": 703, "twt": 316.28, "makespan": 104.7867, "mean_flow": 7.825245999999999, "breach_share": 0.013333333333333334, "breach_p1": 0.0, "breach_p2": 0.047619047619047616, "breach_p3": null, "breach_p4": 0.0, "decisions": 150, "latency_ms_per_decision": 0.36840039615829784, "replans": null, "validator_ok": 1, "runtime_s": 0.05526005942374468, "waits": 33}, "v2wmlp704": {"instance_id": "c09_replay_150_0153", "campus": 9, "size": 150, "track": "replay", "structure": "chain", "phi": 1.0, "eta": 0.8, "m": 0.6, "u_target": null, "u_realized": null, "method": "v2wmlp704", "seed": 704, "twt": 247.0, "makespan": 124.26329999999999, "mean_flow": 64.90482866666666, "breach_share": 0.013333333333333334, "breach_p1": 0.0, "breach_p2": 0.047619047619047616, "breach_p3": null, "breach_p4": 0.0, "decisions": 150, "latency_ms_per_decision": 1.4443819349010785, "replans": null, "validator_ok": 1, "runtime_s": 0.21665729023516178, "waits": 133}, "v2wmlp705": {"instance_id": "c09_replay_150_0153", "campus": 9, "size": 150, "track": "replay", "structure": "chain", "phi": 1.0, "eta": 0.8, "m": 0.6, "u_target": null, "u_realized": null, "method": "v2wmlp705", "seed": 705, "twt": 316.28, "makespan": 89.82, "mean_flow": 6.384754666666667, "breach_share": 0.013333333333333334, "breach_p1": 0.0, "breach_p2": 0.047619047619047616, "breach_p3": null, "breach_p4": 0.0, "decisions": 150, "latency_ms_per_decision": 0.3082936567564805, "replans": null, "validator_ok": 1, "runtime_s": 0.04624404851347208, "waits": 0}, "v2wmlp706": {"instance_id": "c09_replay_150_0153", "campus": 9, "size": 150, "track": "replay", "structure": "chain", "phi": 1.0, "eta": 0.8, "m": 0.6, "u_target": null, "u_realized": null, "method": "v2wmlp706", "seed": 706, "twt": 280.3332, "makespan": 89.8333, "mean_flow": 11.671432, "breach_share": 0.013333333333333334, "breach_p1": 0.0, "breach_p2": 0.047619047619047616, "breach_p3": null, "breach_p4": 0.0, "decisions": 150, "latency_ms_per_decision": 0.5676442136367162, "replans": null, "validator_ok": 1, "runtime_s": 0.08514663204550743, "waits": 108}, "v2wmlp707": {"instance_id": "c09_replay_150_0153", "campus": 9, "size": 150, "track": "replay", "structure": "chain", "phi": 1.0, "eta": 0.8, "m": 0.6, "u_target": null, "u_realized": null, "method": "v2wmlp707", "seed": 707, "twt": 247.0, "makespan": 132.89, "mean_flow": 18.916332666666666, "breach_share": 0.013333333333333334, "breach_p1": 0.0, "breach_p2": 0.047619047619047616, "breach_p3": null, "breach_p4": 0.0, "decisions": 150, "latency_ms_per_decision": 0.5207755789160728, "replans": null, "validator_ok": 1, "runtime_s": 0.07811633683741093, "waits": 48}, "v2wmlp708": {"instance_id": "c09_replay_150_0153", "campus": 9, "size": 150, "track": "replay", "structure": "chain", "phi": 1.0, "eta": 0.8, "m": 0.6, "u_target": null, "u_realized": null, "method": "v2wmlp708", "seed": 708, "twt": 247.0, "makespan": 121.63, "mean_flow": 67.59940066666667, "breach_share": 0.013333333333333334, "breach_p1": 0.0, "breach_p2": 0.047619047619047616, "breach_p3": null, "breach_p4": 0.0, "decisions": 150, "latency_ms_per_decision": 1.3733985958000023, "replans": null, "validator_ok": 1, "runtime_s": 0.20600978937000036, "waits": 135}, "v2wmlp709": {"instance_id": "c09_replay_150_0153", "campus": 9, "size": 150, "track": "replay", "structure": "chain", "phi": 1.0, "eta": 0.8, "m": 0.6, "u_target": null, "u_realized": null, "method": "v2wmlp709", "seed": 709, "twt": 247.0, "makespan": 93.7333, "mean_flow": 32.01242266666666, "breach_share": 0.013333333333333334, "breach_p1": 0.0, "breach_p2": 0.047619047619047616, "breach_p3": null, "breach_p4": 0.0, "decisions": 150, "latency_ms_per_decision": 1.386780912677447, "replans": null, "validator_ok": 1, "runtime_s": 0.20801713690161705, "waits": 143}, "v2wmlp710": {"instance_id": "c09_replay_150_0153", "campus": 9, "size": 150, "track": "replay", "structure": "chain", "phi": 1.0, "eta": 0.8, "m": 0.6, "u_target": null, "u_realized": null, "method": "v2wmlp710", "seed": 710, "twt": 247.0, "makespan": 104.0533, "mean_flow": 11.233713333333332, "breach_share": 0.013333333333333334, "breach_p1": 0.0, "breach_p2": 0.047619047619047616, "breach_p3": null, "breach_p4": 0.0, "decisions": 150, "latency_ms_per_decision": 0.7862659792105356, "replans": null, "validator_ok": 1, "runtime_s": 0.11793989688158035, "waits": 144}}}