{"config_id": "c09_replay_400_0114__c09_l0_eta100_m080", "rows": {"v2wmlp701": {"instance_id": "c09_replay_400_0114", "campus": 9, "size": 400, "track": "replay", "structure": "dedicated", "phi": null, "eta": 1.0, "m": 0.8, "u_target": null, "u_realized": null, "method": "v2wmlp701", "seed": 701, "twt": 230.39999999999998, "makespan": 82.0, "mean_flow": 5.65533525, "breach_share": 0.01, "breach_p1": 0.18181818181818182, "breach_p2": 0.020833333333333332, "breach_p3": 0.0, "breach_p4": 0.0, "decisions": 400, "latency_ms_per_decision": 0.3005463257431984, "replans": null, "validator_ok": 1, "runtime_s": 0.12021853029727936, "waits": 22}, "v2wmlp702": {"instance_id": "c09_replay_400_0114", "campus": 9, "size": 400, "track": "replay", "structure": "dedicated", "phi": null, "eta": 1.0, "m": 0.8, "u_target": null, "u_realized": null, "method": "v2wmlp702", "seed": 702, "twt": 196.0, "makespan": 82.25, "mean_flow": 30.1408765, "breach_share": 0.01, "breach_p1": 0.18181818181818182, "breach_p2": 0.020833333333333332, "breach_p3": 0.0, "breach_p4": 0.0, "decisions": 400, "latency_ms_per_decision": 2.7107762964442372, "replans": null, "validator_ok": 1, "runtime_s": 1.084310518577695, "waits": 296}, "v2wmlp703": {"instance_id": "c09_replay_400_0114", "campus": 9, "size": 400, "track": "replay", "structure": "dedicated", "phi": null, "eta": 1.0, "m": 0.8, "u_target": null, "u_realized": null, "method": "v2wmlp703", "seed": 703, "twt": 230.3332, "makespan": 124.25, "mean_flow": 25.44028575, "breach_share": 0.0175, "breach_p1": 0.18181818181818182, "breach_p2": 0.052083333333333336, "breach_p3": 0.0, "breach_p4": 0.0, "decisions": 400, "latency_ms_per_decision": 1.9666871265508235, "replans": null, "validator_ok": 1, "runtime_s": 0.7866748506203294, "waits": 239}, "v2wmlp704": {"instance_id": "c09_replay_400_0114", "campus": 9, "size": 400, "track": "replay", "structure": "dedicated", "phi": null, "eta": 1.0, "m": 0.8, "u_target": null, "u_realized": null, "method": "v2wmlp704", "seed": 704, "twt": 196.0, "makespan": 98.5, "mean_flow": 30.19241, "breach_share": 0.01, "breach_p1": 0.18181818181818182, "breach_p2": 0.020833333333333332, "breach_p3": 0.0, "breach_p4": 0.0, "decisions": 400, "latency_ms_per_decision": 2.7429073583334684, "replans": null, "validator_ok": 1, "runtime_s": 1.0971629433333874, "waits": 333}, "v2wmlp705": {"instance_id": "c09_replay_400_0114", "campus": 9, "size": 400, "track": "replay", "structure": "dedicated", "phi": null, "eta": 1.0, "m": 0.8, "u_target": null, "u_realized": null, "method": "v2wmlp705", "seed": 705, "twt": 196.0, "makespan": 83.5, "mean_flow": 4.3347085000000005, "breach_share": 0.01, "breach_p1": 0.18181818181818182, "breach_p2": 0.020833333333333332, "breach_p3": 0.0, "breach_p4": 0.0, "decisions": 400, "latency_ms_per_decision": 0.26443389244377613, "replans": null, "validator_ok": 1, "runtime_s": 0.10577355697751045, "waits": 0}, "v2wmlp706": {"instance_id": "c09_replay_400_0114", "campus": 9, "size": 400, "track": "replay", "structure": "dedicated", "phi": null, "eta": 1.0, "m": 0.8, "u_target": null, "u_realized": null, "method": "v2wmlp706", "seed": 706, "twt": 201.46640000000002, "makespan": 83.5, "mean_flow": 9.990791, "breach_share": 0.01, "breach_p1": 0.18181818181818182, "breach_p2": 0.020833333333333332, "breach_p3": 0.0, "breach_p4": 0.0, "decisions": 400, "latency_ms_per_decision": 0.5641529895365238, "replans": null, "validator_ok": 1, "runtime_s": 0.22566119581460953, "waits": 149}, "v2wmlp707": {"instance_id": "c09_replay_400_0114", "campus": 9, "size": 400, "track": "replay", "structure": "dedicated", "phi": null, "eta": 1.0, "m": 0.8, "u_target": null, "u_realized": null, "method": "v2wmlp707", "seed": 707, "twt": 223.60000000000002, "makespan": 168.25, "mean_flow": 25.8127875, "breach_share": 0.0125, "breach_p1": 0.2727272727272727, "breach_p2": 0.020833333333333332, "breach_p3": 0.0, "breach_p4": 0.0, "decisions": 400, "latency_ms_per_decision": 1.0439190245233476, "replans": null, "validator_ok": 1, "runtime_s": 0.41756760980933905, "waits": 301}, "v2wmlp708": {"instance_id": "c09_replay_400_0114", "campus": 9, "size": 400, "track": "replay", "structure": "dedicated", "phi": null, "eta": 1.0, "m": 0.8, "u_target": null, "u_realized": null, "method": "v2wmlp708", "seed": 708, "twt": 196.0, "makespan": 134.2, "mean_flow": 56.66541825, "breach_share": 0.01, "breach_p1": 0.18181818181818182, "breach_p2": 0.020833333333333332, "breach_p3": 0.0, "breach_p4": 0.0, "decisions": 400, "latency_ms_per_decision": 1.4863124419935048, "replans": null, "validator_ok": 1, "runtime_s": 0.5945249767974019, "waits": 286}, "v2wmlp709": {"instance_id": "c09_replay_400_0114", "campus": 9, "size": 400, "track": "replay", "structure": "dedicated", "phi": null, "eta": 1.0, "m": 0.8, "u_target": null, "u_realized": null, "method": "v2wmlp709", "seed": 709, "twt": 196.0, "makespan": 90.36670000000001, "mean_flow": 21.234137, "breach_share": 0.01, "breach_p1": 0.18181818181818182, "breach_p2": 0.020833333333333332, "breach_p3": 0.0, "breach_p4": 0.0, "decisions": 400, "latency_ms_per_decision": 1.1118730017915368, "replans": null, "validator_ok": 1, "runtime_s": 0.4447492007166147, "waits": 284}, "v2wmlp710": {"instance_id": "c09_replay_400_0114", "campus": 9, "size": 400, "track": "replay", "structure": "dedicated", "phi": null, "eta": 1.0, "m": 0.8, "u_target": null, "u_realized": null, "method": "v2wmlp710", "seed": 710, "twt": 196.0, "makespan": 89.5, "mean_flow": 17.630701000000002, "breach_share": 0.01, "breach_p1": 0.18181818181818182, "breach_p2": 0.020833333333333332, "breach_p3": 0.0, "breach_p4": 0.0, "decisions": 400, "latency_ms_per_decision": 1.0973856621421874, "replans": null, "validator_ok": 1, "runtime_s": 0.43895426485687494, "waits": 322}}}