{"config_id": "c09_replay_150_0129__c09_full_eta080_m100", "rows": {"v2wmlp701": {"instance_id": "c09_replay_150_0129", "campus": 9, "size": 150, "track": "replay", "structure": "full", "phi": null, "eta": 0.8, "m": 1.0, "u_target": null, "u_realized": null, "method": "v2wmlp701", "seed": 701, "twt": 42.0, "makespan": 95.19, "mean_flow": 14.178422000000003, "breach_share": 0.02, "breach_p1": 0.2857142857142857, "breach_p2": 0.034482758620689655, "breach_p3": null, "breach_p4": 0.0, "decisions": 150, "latency_ms_per_decision": 3.2959054162104926, "replans": null, "validator_ok": 1, "runtime_s": 0.49438581243157387, "waits": 106}, "v2wmlp702": {"instance_id": "c09_replay_150_0129", "campus": 9, "size": 150, "track": "replay", "structure": "full", "phi": null, "eta": 0.8, "m": 1.0, "u_target": null, "u_realized": null, "method": "v2wmlp702", "seed": 702, "twt": 18.0, "makespan": 96.25, "mean_flow": 56.039224666666684, "breach_share": 0.013333333333333334, "breach_p1": 0.14285714285714285, "breach_p2": 0.034482758620689655, "breach_p3": null, "breach_p4": 0.0, "decisions": 150, "latency_ms_per_decision": 4.048050908992688, "replans": null, "validator_ok": 1, "runtime_s": 0.6072076363489032, "waits": 100}, "v2wmlp703": {"instance_id": "c09_replay_150_0129", "campus": 9, "size": 150, "track": "replay", "structure": "full", "phi": null, "eta": 0.8, "m": 1.0, "u_target": null, "u_realized": null, "method": "v2wmlp703", "seed": 703, "twt": 68.52000000000001, "makespan": 95.19, "mean_flow": 4.215066666666667, "breach_share": 0.02, "breach_p1": 0.2857142857142857, "breach_p2": 0.034482758620689655, "breach_p3": null, "breach_p4": 0.0, "decisions": 150, "latency_ms_per_decision": 1.0365069843828678, "replans": null, "validator_ok": 1, "runtime_s": 0.15547604765743017, "waits": 0}, "v2wmlp704": {"instance_id": "c09_replay_150_0129", "campus": 9, "size": 150, "track": "replay", "structure": "full", "phi": null, "eta": 0.8, "m": 1.0, "u_target": null, "u_realized": null, "method": "v2wmlp704", "seed": 704, "twt": 50.52000000000001, "makespan": 117.38, "mean_flow": 72.21249066666665, "breach_share": 0.02, "breach_p1": 0.2857142857142857, "breach_p2": 0.034482758620689655, "breach_p3": null, "breach_p4": 0.0, "decisions": 150, "latency_ms_per_decision": 2.0331810663143792, "replans": null, "validator_ok": 1, "runtime_s": 0.3049771599471569, "waits": 94}, "v2wmlp705": {"instance_id": "c09_replay_150_0129", "campus": 9, "size": 150, "track": "replay", "structure": "full", "phi": null, "eta": 0.8, "m": 1.0, "u_target": null, "u_realized": null, "method": "v2wmlp705", "seed": 705, "twt": 42.0, "makespan": 98.19, "mean_flow": 7.766043333333332, "breach_share": 0.02, "breach_p1": 0.2857142857142857, "breach_p2": 0.034482758620689655, "breach_p3": null, "breach_p4": 0.0, "decisions": 150, "latency_ms_per_decision": 1.0819502857824166, "replans": null, "validator_ok": 1, "runtime_s": 0.1622925428673625, "waits": 61}, "v2wmlp706": {"instance_id": "c09_replay_150_0129", "campus": 9, "size": 150, "track": "replay", "structure": "full", "phi": null, "eta": 0.8, "m": 1.0, "u_target": null, "u_realized": null, "method": "v2wmlp706", "seed": 706, "twt": 18.0, "makespan": 95.19, "mean_flow": 4.0278, "breach_share": 0.013333333333333334, "breach_p1": 0.14285714285714285, "breach_p2": 0.034482758620689655, "breach_p3": null, "breach_p4": 0.0, "decisions": 150, "latency_ms_per_decision": 0.48827825114130974, "replans": null, "validator_ok": 1, "runtime_s": 0.07324173767119646, "waits": 0}, "v2wmlp707": {"instance_id": "c09_replay_150_0129", "campus": 9, "size": 150, "track": "replay", "structure": "full", "phi": null, "eta": 0.8, "m": 1.0, "u_target": null, "u_realized": null, "method": "v2wmlp707", "seed": 707, "twt": 68.52000000000001, "makespan": 95.19, "mean_flow": 4.231599999999999, "breach_share": 0.02, "breach_p1": 0.2857142857142857, "breach_p2": 0.034482758620689655, "breach_p3": null, "breach_p4": 0.0, "decisions": 150, "latency_ms_per_decision": 0.4188148056467374, "replans": null, "validator_ok": 1, "runtime_s": 0.06282222084701061, "waits": 0}, "v2wmlp708": {"instance_id": "c09_replay_150_0129", "campus": 9, "size": 150, "track": "replay", "structure": "full", "phi": null, "eta": 0.8, "m": 1.0, "u_target": null, "u_realized": null, "method": "v2wmlp708", "seed": 708, "twt": 68.52000000000001, "makespan": 95.19, "mean_flow": 4.231599999999999, "breach_share": 0.02, "breach_p1": 0.2857142857142857, "breach_p2": 0.034482758620689655, "breach_p3": null, "breach_p4": 0.0, "decisions": 150, "latency_ms_per_decision": 0.42236323778827983, "replans": null, "validator_ok": 1, "runtime_s": 0.06335448566824198, "waits": 0}, "v2wmlp709": {"instance_id": "c09_replay_150_0129", "campus": 9, "size": 150, "track": "replay", "structure": "full", "phi": null, "eta": 0.8, "m": 1.0, "u_target": null, "u_realized": null, "method": "v2wmlp709", "seed": 709, "twt": 24.0, "makespan": 135.38, "mean_flow": 82.52760199999999, "breach_share": 0.02, "breach_p1": 0.2857142857142857, "breach_p2": 0.034482758620689655, "breach_p3": null, "breach_p4": 0.0, "decisions": 150, "latency_ms_per_decision": 1.9756609884401162, "replans": null, "validator_ok": 1, "runtime_s": 0.29634914826601744, "waits": 84}, "v2wmlp710": {"instance_id": "c09_replay_150_0129", "campus": 9, "size": 150, "track": "replay", "structure": "full", "phi": null, "eta": 0.8, "m": 1.0, "u_target": null, "u_realized": null, "method": "v2wmlp710", "seed": 710, "twt": 68.52000000000001, "makespan": 99.66329999999999, "mean_flow": 39.37666799999999, "breach_share": 0.02, "breach_p1": 0.2857142857142857, "breach_p2": 0.034482758620689655, "breach_p3": null, "breach_p4": 0.0, "decisions": 150, "latency_ms_per_decision": 2.3815489187836647, "replans": null, "validator_ok": 1, "runtime_s": 0.3572323378175497, "waits": 130}}}