{"config_id": "c09_replay_150_0108__c09_chain_phi100_eta100_m080", "rows": {"v2wmlp701": {"instance_id": "c09_replay_150_0108", "campus": 9, "size": 150, "track": "replay", "structure": "chain", "phi": 1.0, "eta": 1.0, "m": 0.8, "u_target": null, "u_realized": null, "method": "v2wmlp701", "seed": 701, "twt": 10.799999999999997, "makespan": 33.5, "mean_flow": 7.408780666666667, "breach_share": 0.013333333333333334, "breach_p1": 0.0, "breach_p2": 0.044444444444444446, "breach_p3": 0.0, "breach_p4": 0.0, "decisions": 150, "latency_ms_per_decision": 0.6764699642856916, "replans": null, "validator_ok": 1, "runtime_s": 0.10147049464285374, "waits": 39}, "v2wmlp702": {"instance_id": "c09_replay_150_0108", "campus": 9, "size": 150, "track": "replay", "structure": "chain", "phi": 1.0, "eta": 1.0, "m": 0.8, "u_target": null, "u_realized": null, "method": "v2wmlp702", "seed": 702, "twt": 10.0, "makespan": 57.6167, "mean_flow": 29.052355333333338, "breach_share": 0.006666666666666667, "breach_p1": 0.0, "breach_p2": 0.022222222222222223, "breach_p3": 0.0, "breach_p4": 0.0, "decisions": 150, "latency_ms_per_decision": 1.3252413645386696, "replans": null, "validator_ok": 1, "runtime_s": 0.19878620468080044, "waits": 116}, "v2wmlp703": {"instance_id": "c09_replay_150_0108", "campus": 9, "size": 150, "track": "replay", "structure": "chain", "phi": 1.0, "eta": 1.0, "m": 0.8, "u_target": null, "u_realized": null, "method": "v2wmlp703", "seed": 703, "twt": 10.0, "makespan": 32.0, "mean_flow": 3.498443333333333, "breach_share": 0.006666666666666667, "breach_p1": 0.0, "breach_p2": 0.022222222222222223, "breach_p3": 0.0, "breach_p4": 0.0, "decisions": 150, "latency_ms_per_decision": 0.41638584186633426, "replans": null, "validator_ok": 1, "runtime_s": 0.06245787627995014, "waits": 37}, "v2wmlp704": {"instance_id": "c09_replay_150_0108", "campus": 9, "size": 150, "track": "replay", "structure": "chain", "phi": 1.0, "eta": 1.0, "m": 0.8, "u_target": null, "u_realized": null, "method": "v2wmlp704", "seed": 704, "twt": 10.0, "makespan": 95.5, "mean_flow": 48.81255533333333, "breach_share": 0.006666666666666667, "breach_p1": 0.0, "breach_p2": 0.022222222222222223, "breach_p3": 0.0, "breach_p4": 0.0, "decisions": 150, "latency_ms_per_decision": 1.5209987697501977, "replans": null, "validator_ok": 1, "runtime_s": 0.22814981546252966, "waits": 123}, "v2wmlp705": {"instance_id": "c09_replay_150_0108", "campus": 9, "size": 150, "track": "replay", "structure": "chain", "phi": 1.0, "eta": 1.0, "m": 0.8, "u_target": null, "u_realized": null, "method": "v2wmlp705", "seed": 705, "twt": 10.0, "makespan": 32.0, "mean_flow": 3.364778, "breach_share": 0.006666666666666667, "breach_p1": 0.0, "breach_p2": 0.022222222222222223, "breach_p3": 0.0, "breach_p4": 0.0, "decisions": 150, "latency_ms_per_decision": 0.35387979199488956, "replans": null, "validator_ok": 1, "runtime_s": 0.05308196879923344, "waits": 0}, "v2wmlp706": {"instance_id": "c09_replay_150_0108", "campus": 9, "size": 150, "track": "replay", "structure": "chain", "phi": 1.0, "eta": 1.0, "m": 0.8, "u_target": null, "u_realized": null, "method": "v2wmlp706", "seed": 706, "twt": 10.0, "makespan": 32.0, "mean_flow": 3.3436666666666666, "breach_share": 0.006666666666666667, "breach_p1": 0.0, "breach_p2": 0.022222222222222223, "breach_p3": 0.0, "breach_p4": 0.0, "decisions": 150, "latency_ms_per_decision": 0.3441285341978073, "replans": null, "validator_ok": 1, "runtime_s": 0.0516192801296711, "waits": 0}, "v2wmlp707": {"instance_id": "c09_replay_150_0108", "campus": 9, "size": 150, "track": "replay", "structure": "chain", "phi": 1.0, "eta": 1.0, "m": 0.8, "u_target": null, "u_realized": null, "method": "v2wmlp707", "seed": 707, "twt": 10.799999999999997, "makespan": 73.0, "mean_flow": 11.541558666666667, "breach_share": 0.013333333333333334, "breach_p1": 0.0, "breach_p2": 0.044444444444444446, "breach_p3": 0.0, "breach_p4": 0.0, "decisions": 150, "latency_ms_per_decision": 0.9801146139701208, "replans": null, "validator_ok": 1, "runtime_s": 0.1470171920955181, "waits": 85}, "v2wmlp708": {"instance_id": "c09_replay_150_0108", "campus": 9, "size": 150, "track": "replay", "structure": "chain", "phi": 1.0, "eta": 1.0, "m": 0.8, "u_target": null, "u_realized": null, "method": "v2wmlp708", "seed": 708, "twt": 10.0, "makespan": 110.75, "mean_flow": 63.184667999999995, "breach_share": 0.006666666666666667, "breach_p1": 0.0, "breach_p2": 0.022222222222222223, "breach_p3": 0.0, "breach_p4": 0.0, "decisions": 150, "latency_ms_per_decision": 1.5694858009616535, "replans": null, "validator_ok": 1, "runtime_s": 0.235422870144248, "waits": 114}, "v2wmlp709": {"instance_id": "c09_replay_150_0108", "campus": 9, "size": 150, "track": "replay", "structure": "chain", "phi": 1.0, "eta": 1.0, "m": 0.8, "u_target": null, "u_realized": null, "method": "v2wmlp709", "seed": 709, "twt": 10.0, "makespan": 64.5, "mean_flow": 30.265444000000002, "breach_share": 0.006666666666666667, "breach_p1": 0.0, "breach_p2": 0.022222222222222223, "breach_p3": 0.0, "breach_p4": 0.0, "decisions": 150, "latency_ms_per_decision": 2.09097716336449, "replans": null, "validator_ok": 1, "runtime_s": 0.3136465745046735, "waits": 121}, "v2wmlp710": {"instance_id": "c09_replay_150_0108", "campus": 9, "size": 150, "track": "replay", "structure": "chain", "phi": 1.0, "eta": 1.0, "m": 0.8, "u_target": null, "u_realized": null, "method": "v2wmlp710", "seed": 710, "twt": 10.0, "makespan": 45.0, "mean_flow": 7.425888666666666, "breach_share": 0.006666666666666667, "breach_p1": 0.0, "breach_p2": 0.022222222222222223, "breach_p3": 0.0, "breach_p4": 0.0, "decisions": 150, "latency_ms_per_decision": 0.7506023223201433, "replans": null, "validator_ok": 1, "runtime_s": 0.11259034834802151, "waits": 95}}}