{"config_id": "c09_replay_150_0181__c09_chain_phi100_eta100_m060", "rows": {"v2wmlp701": {"instance_id": "c09_replay_150_0181", "campus": 9, "size": 150, "track": "replay", "structure": "chain", "phi": 1.0, "eta": 1.0, "m": 0.6, "u_target": null, "u_realized": null, "method": "v2wmlp701", "seed": 701, "twt": 139.0, "makespan": 65.05, "mean_flow": 6.4834266666666664, "breach_share": 0.02, "breach_p1": 0.2857142857142857, "breach_p2": 0.01818181818181818, "breach_p3": null, "breach_p4": 0.0, "decisions": 150, "latency_ms_per_decision": 0.24474071338772774, "replans": null, "validator_ok": 1, "runtime_s": 0.03671110700815916, "waits": 5}, "v2wmlp702": {"instance_id": "c09_replay_150_0181", "campus": 9, "size": 150, "track": "replay", "structure": "chain", "phi": 1.0, "eta": 1.0, "m": 0.6, "u_target": null, "u_realized": null, "method": "v2wmlp702", "seed": 702, "twt": 139.0, "makespan": 71.8, "mean_flow": 30.17311133333334, "breach_share": 0.02, "breach_p1": 0.2857142857142857, "breach_p2": 0.01818181818181818, "breach_p3": null, "breach_p4": 0.0, "decisions": 150, "latency_ms_per_decision": 0.6551282604535421, "replans": null, "validator_ok": 1, "runtime_s": 0.09826923906803131, "waits": 69}, "v2wmlp703": {"instance_id": "c09_replay_150_0181", "campus": 9, "size": 150, "track": "replay", "structure": "chain", "phi": 1.0, "eta": 1.0, "m": 0.6, "u_target": null, "u_realized": null, "method": "v2wmlp703", "seed": 703, "twt": 139.0, "makespan": 59.5, "mean_flow": 4.331666666666667, "breach_share": 0.02, "breach_p1": 0.2857142857142857, "breach_p2": 0.01818181818181818, "breach_p3": null, "breach_p4": 0.0, "decisions": 150, "latency_ms_per_decision": 0.22115073477228483, "replans": null, "validator_ok": 1, "runtime_s": 0.033172610215842724, "waits": 0}, "v2wmlp704": {"instance_id": "c09_replay_150_0181", "campus": 9, "size": 150, "track": "replay", "structure": "chain", "phi": 1.0, "eta": 1.0, "m": 0.6, "u_target": null, "u_realized": null, "method": "v2wmlp704", "seed": 704, "twt": 139.0, "makespan": 97.5, "mean_flow": 41.76166666666666, "breach_share": 0.02, "breach_p1": 0.2857142857142857, "breach_p2": 0.01818181818181818, "breach_p3": null, "breach_p4": 0.0, "decisions": 150, "latency_ms_per_decision": 0.7899590830008189, "replans": null, "validator_ok": 1, "runtime_s": 0.11849386245012283, "waits": 106}, "v2wmlp705": {"instance_id": "c09_replay_150_0181", "campus": 9, "size": 150, "track": "replay", "structure": "chain", "phi": 1.0, "eta": 1.0, "m": 0.6, "u_target": null, "u_realized": null, "method": "v2wmlp705", "seed": 705, "twt": 139.0, "makespan": 59.5, "mean_flow": 4.3354446666666675, "breach_share": 0.02, "breach_p1": 0.2857142857142857, "breach_p2": 0.01818181818181818, "breach_p3": null, "breach_p4": 0.0, "decisions": 150, "latency_ms_per_decision": 0.24162956203023592, "replans": null, "validator_ok": 1, "runtime_s": 0.03624443430453539, "waits": 0}, "v2wmlp706": {"instance_id": "c09_replay_150_0181", "campus": 9, "size": 150, "track": "replay", "structure": "chain", "phi": 1.0, "eta": 1.0, "m": 0.6, "u_target": null, "u_realized": null, "method": "v2wmlp706", "seed": 706, "twt": 139.0, "makespan": 59.5, "mean_flow": 4.609110666666666, "breach_share": 0.02, "breach_p1": 0.2857142857142857, "breach_p2": 0.01818181818181818, "breach_p3": null, "breach_p4": 0.0, "decisions": 150, "latency_ms_per_decision": 0.2349714438120524, "replans": null, "validator_ok": 1, "runtime_s": 0.03524571657180786, "waits": 13}, "v2wmlp707": {"instance_id": "c09_replay_150_0181", "campus": 9, "size": 150, "track": "replay", "structure": "chain", "phi": 1.0, "eta": 1.0, "m": 0.6, "u_target": null, "u_realized": null, "method": "v2wmlp707", "seed": 707, "twt": 139.0, "makespan": 135.6, "mean_flow": 32.60922266666666, "breach_share": 0.02, "breach_p1": 0.2857142857142857, "breach_p2": 0.01818181818181818, "breach_p3": null, "breach_p4": 0.0, "decisions": 150, "latency_ms_per_decision": 0.5960076550642649, "replans": null, "validator_ok": 1, "runtime_s": 0.08940114825963974, "waits": 95}, "v2wmlp708": {"instance_id": "c09_replay_150_0181", "campus": 9, "size": 150, "track": "replay", "structure": "chain", "phi": 1.0, "eta": 1.0, "m": 0.6, "u_target": null, "u_realized": null, "method": "v2wmlp708", "seed": 708, "twt": 139.0, "makespan": 118.5, "mean_flow": 55.619444, "breach_share": 0.02, "breach_p1": 0.2857142857142857, "breach_p2": 0.01818181818181818, "breach_p3": null, "breach_p4": 0.0, "decisions": 150, "latency_ms_per_decision": 0.6966044194996357, "replans": null, "validator_ok": 1, "runtime_s": 0.10449066292494535, "waits": 87}, "v2wmlp709": {"instance_id": "c09_replay_150_0181", "campus": 9, "size": 150, "track": "replay", "structure": "chain", "phi": 1.0, "eta": 1.0, "m": 0.6, "u_target": null, "u_realized": null, "method": "v2wmlp709", "seed": 709, "twt": 139.0, "makespan": 73.3167, "mean_flow": 25.037111333333332, "breach_share": 0.02, "breach_p1": 0.2857142857142857, "breach_p2": 0.01818181818181818, "breach_p3": null, "breach_p4": 0.0, "decisions": 150, "latency_ms_per_decision": 0.805781235297521, "replans": null, "validator_ok": 1, "runtime_s": 0.12086718529462814, "waits": 106}, "v2wmlp710": {"instance_id": "c09_replay_150_0181", "campus": 9, "size": 150, "track": "replay", "structure": "chain", "phi": 1.0, "eta": 1.0, "m": 0.6, "u_target": null, "u_realized": null, "method": "v2wmlp710", "seed": 710, "twt": 139.0, "makespan": 61.3, "mean_flow": 12.926333333333332, "breach_share": 0.02, "breach_p1": 0.2857142857142857, "breach_p2": 0.01818181818181818, "breach_p3": null, "breach_p4": 0.0, "decisions": 150, "latency_ms_per_decision": 0.4122671050330003, "replans": null, "validator_ok": 1, "runtime_s": 0.06184006575495005, "waits": 78}}}