{"config_id": "c09_replay_150_0165__c09_chain_phi100_eta080_m060", "rows": {"v2wmlp701": {"instance_id": "c09_replay_150_0165", "campus": 9, "size": 150, "track": "replay", "structure": "chain", "phi": 1.0, "eta": 0.8, "m": 0.6, "u_target": null, "u_realized": null, "method": "v2wmlp701", "seed": 701, "twt": 6.466399999999993, "makespan": 41.7233, "mean_flow": 6.988717999999999, "breach_share": 0.013333333333333334, "breach_p1": 0.0, "breach_p2": 0.045454545454545456, "breach_p3": 0.0, "breach_p4": 0.0, "decisions": 150, "latency_ms_per_decision": 0.31328170249859494, "replans": null, "validator_ok": 1, "runtime_s": 0.04699225537478924, "waits": 8}, "v2wmlp702": {"instance_id": "c09_replay_150_0165", "campus": 9, "size": 150, "track": "replay", "structure": "chain", "phi": 1.0, "eta": 0.8, "m": 0.6, "u_target": null, "u_realized": null, "method": "v2wmlp702", "seed": 702, "twt": 6.0, "makespan": 58.879999999999995, "mean_flow": 29.445800666666667, "breach_share": 0.006666666666666667, "breach_p1": 0.0, "breach_p2": 0.022727272727272728, "breach_p3": 0.0, "breach_p4": 0.0, "decisions": 150, "latency_ms_per_decision": 1.325928984830777, "replans": null, "validator_ok": 1, "runtime_s": 0.19888934772461653, "waits": 142}, "v2wmlp703": {"instance_id": "c09_replay_150_0165", "campus": 9, "size": 150, "track": "replay", "structure": "chain", "phi": 1.0, "eta": 0.8, "m": 0.6, "u_target": null, "u_realized": null, "method": "v2wmlp703", "seed": 703, "twt": 20.0, "makespan": 40.5, "mean_flow": 4.9904893333333336, "breach_share": 0.013333333333333334, "breach_p1": 0.0, "breach_p2": 0.045454545454545456, "breach_p3": 0.0, "breach_p4": 0.0, "decisions": 150, "latency_ms_per_decision": 0.3110320183138053, "replans": null, "validator_ok": 1, "runtime_s": 0.04665480274707079, "waits": 28}, "v2wmlp704": {"instance_id": "c09_replay_150_0165", "campus": 9, "size": 150, "track": "replay", "structure": "chain", "phi": 1.0, "eta": 0.8, "m": 0.6, "u_target": null, "u_realized": null, "method": "v2wmlp704", "seed": 704, "twt": 6.0, "makespan": 101.0, "mean_flow": 52.12011, "breach_share": 0.006666666666666667, "breach_p1": 0.0, "breach_p2": 0.022727272727272728, "breach_p3": 0.0, "breach_p4": 0.0, "decisions": 150, "latency_ms_per_decision": 1.480305517713229, "replans": null, "validator_ok": 1, "runtime_s": 0.22204582765698433, "waits": 138}, "v2wmlp705": {"instance_id": "c09_replay_150_0165", "campus": 9, "size": 150, "track": "replay", "structure": "chain", "phi": 1.0, "eta": 0.8, "m": 0.6, "u_target": null, "u_realized": null, "method": "v2wmlp705", "seed": 705, "twt": 20.0, "makespan": 40.0, "mean_flow": 4.959488666666668, "breach_share": 0.013333333333333334, "breach_p1": 0.0, "breach_p2": 0.045454545454545456, "breach_p3": 0.0, "breach_p4": 0.0, "decisions": 150, "latency_ms_per_decision": 0.258376927425464, "replans": null, "validator_ok": 1, "runtime_s": 0.0387565391138196, "waits": 0}, "v2wmlp706": {"instance_id": "c09_replay_150_0165", "campus": 9, "size": 150, "track": "replay", "structure": "chain", "phi": 1.0, "eta": 0.8, "m": 0.6, "u_target": null, "u_realized": null, "method": "v2wmlp706", "seed": 706, "twt": 6.0, "makespan": 39.5, "mean_flow": 8.87298, "breach_share": 0.006666666666666667, "breach_p1": 0.0, "breach_p2": 0.022727272727272728, "breach_p3": 0.0, "breach_p4": 0.0, "decisions": 150, "latency_ms_per_decision": 0.8166102816661199, "replans": null, "validator_ok": 1, "runtime_s": 0.12249154224991798, "waits": 118}, "v2wmlp707": {"instance_id": "c09_replay_150_0165", "campus": 9, "size": 150, "track": "replay", "structure": "chain", "phi": 1.0, "eta": 0.8, "m": 0.6, "u_target": null, "u_realized": null, "method": "v2wmlp707", "seed": 707, "twt": 6.333200000000005, "makespan": 107.48999999999998, "mean_flow": 15.448436000000001, "breach_share": 0.013333333333333334, "breach_p1": 0.0, "breach_p2": 0.045454545454545456, "breach_p3": 0.0, "breach_p4": 0.0, "decisions": 150, "latency_ms_per_decision": 0.6957287217179934, "replans": null, "validator_ok": 1, "runtime_s": 0.10435930825769901, "waits": 85}, "v2wmlp708": {"instance_id": "c09_replay_150_0165", "campus": 9, "size": 150, "track": "replay", "structure": "chain", "phi": 1.0, "eta": 0.8, "m": 0.6, "u_target": null, "u_realized": null, "method": "v2wmlp708", "seed": 708, "twt": 20.0, "makespan": 118.38, "mean_flow": 64.21753466666667, "breach_share": 0.013333333333333334, "breach_p1": 0.0, "breach_p2": 0.045454545454545456, "breach_p3": 0.0, "breach_p4": 0.0, "decisions": 150, "latency_ms_per_decision": 1.6845375796159108, "replans": null, "validator_ok": 1, "runtime_s": 0.2526806369423866, "waits": 125}, "v2wmlp709": {"instance_id": "c09_replay_150_0165", "campus": 9, "size": 150, "track": "replay", "structure": "chain", "phi": 1.0, "eta": 0.8, "m": 0.6, "u_target": null, "u_realized": null, "method": "v2wmlp709", "seed": 709, "twt": 20.0, "makespan": 62.75, "mean_flow": 30.11986733333333, "breach_share": 0.013333333333333334, "breach_p1": 0.0, "breach_p2": 0.045454545454545456, "breach_p3": 0.0, "breach_p4": 0.0, "decisions": 150, "latency_ms_per_decision": 2.115859563151995, "replans": null, "validator_ok": 1, "runtime_s": 0.3173789344727993, "waits": 141}, "v2wmlp710": {"instance_id": "c09_replay_150_0165", "campus": 9, "size": 150, "track": "replay", "structure": "chain", "phi": 1.0, "eta": 0.8, "m": 0.6, "u_target": null, "u_realized": null, "method": "v2wmlp710", "seed": 710, "twt": 20.0, "makespan": 50.38, "mean_flow": 11.898871333333334, "breach_share": 0.013333333333333334, "breach_p1": 0.0, "breach_p2": 0.045454545454545456, "breach_p3": 0.0, "breach_p4": 0.0, "decisions": 150, "latency_ms_per_decision": 0.8936923618117968, "replans": null, "validator_ok": 1, "runtime_s": 0.13405385427176952, "waits": 138}}}