{"config_id": "c09_replay_150_0179__c09_full_eta100_m100", "rows": {"v2wmlp701": {"instance_id": "c09_replay_150_0179", "campus": 9, "size": 150, "track": "replay", "structure": "full", "phi": null, "eta": 1.0, "m": 1.0, "u_target": null, "u_realized": null, "method": "v2wmlp701", "seed": 701, "twt": 34.0, "makespan": 56.8667, "mean_flow": 11.768998666666665, "breach_share": 0.006666666666666667, "breach_p1": 0.3333333333333333, "breach_p2": 0.0, "breach_p3": null, "breach_p4": 0.0, "decisions": 150, "latency_ms_per_decision": 1.897632498294115, "replans": null, "validator_ok": 1, "runtime_s": 0.28464487474411726, "waits": 76}, "v2wmlp702": {"instance_id": "c09_replay_150_0179", "campus": 9, "size": 150, "track": "replay", "structure": "full", "phi": null, "eta": 1.0, "m": 1.0, "u_target": null, "u_realized": null, "method": "v2wmlp702", "seed": 702, "twt": 34.0, "makespan": 91.25, "mean_flow": 52.91055333333334, "breach_share": 0.006666666666666667, "breach_p1": 0.3333333333333333, "breach_p2": 0.0, "breach_p3": null, "breach_p4": 0.0, "decisions": 150, "latency_ms_per_decision": 1.9206308325131733, "replans": null, "validator_ok": 1, "runtime_s": 0.288094624876976, "waits": 102}, "v2wmlp703": {"instance_id": "c09_replay_150_0179", "campus": 9, "size": 150, "track": "replay", "structure": "full", "phi": null, "eta": 1.0, "m": 1.0, "u_target": null, "u_realized": null, "method": "v2wmlp703", "seed": 703, "twt": 34.0, "makespan": 53.25, "mean_flow": 3.5516666666666667, "breach_share": 0.006666666666666667, "breach_p1": 0.3333333333333333, "breach_p2": 0.0, "breach_p3": null, "breach_p4": 0.0, "decisions": 150, "latency_ms_per_decision": 0.5080724693834782, "replans": null, "validator_ok": 1, "runtime_s": 0.07621087040752172, "waits": 0}, "v2wmlp704": {"instance_id": "c09_replay_150_0179", "campus": 9, "size": 150, "track": "replay", "structure": "full", "phi": null, "eta": 1.0, "m": 1.0, "u_target": null, "u_realized": null, "method": "v2wmlp704", "seed": 704, "twt": 34.0, "makespan": 116.25, "mean_flow": 70.99544266666666, "breach_share": 0.006666666666666667, "breach_p1": 0.3333333333333333, "breach_p2": 0.0, "breach_p3": null, "breach_p4": 0.0, "decisions": 150, "latency_ms_per_decision": 1.9026701835294564, "replans": null, "validator_ok": 1, "runtime_s": 0.28540052752941847, "waits": 90}, "v2wmlp705": {"instance_id": "c09_replay_150_0179", "campus": 9, "size": 150, "track": "replay", "structure": "full", "phi": null, "eta": 1.0, "m": 1.0, "u_target": null, "u_realized": null, "method": "v2wmlp705", "seed": 705, "twt": 34.0, "makespan": 62.5167, "mean_flow": 7.944133333333332, "breach_share": 0.006666666666666667, "breach_p1": 0.3333333333333333, "breach_p2": 0.0, "breach_p3": null, "breach_p4": 0.0, "decisions": 150, "latency_ms_per_decision": 1.074135856082042, "replans": null, "validator_ok": 1, "runtime_s": 0.1611203784123063, "waits": 43}, "v2wmlp706": {"instance_id": "c09_replay_150_0179", "campus": 9, "size": 150, "track": "replay", "structure": "full", "phi": null, "eta": 1.0, "m": 1.0, "u_target": null, "u_realized": null, "method": "v2wmlp706", "seed": 706, "twt": 34.0, "makespan": 53.25, "mean_flow": 3.5516666666666667, "breach_share": 0.006666666666666667, "breach_p1": 0.3333333333333333, "breach_p2": 0.0, "breach_p3": null, "breach_p4": 0.0, "decisions": 150, "latency_ms_per_decision": 0.5351711933811506, "replans": null, "validator_ok": 1, "runtime_s": 0.08027567900717258, "waits": 0}, "v2wmlp707": {"instance_id": "c09_replay_150_0179", "campus": 9, "size": 150, "track": "replay", "structure": "full", "phi": null, "eta": 1.0, "m": 1.0, "u_target": null, "u_realized": null, "method": "v2wmlp707", "seed": 707, "twt": 34.0, "makespan": 53.25, "mean_flow": 3.5516666666666667, "breach_share": 0.006666666666666667, "breach_p1": 0.3333333333333333, "breach_p2": 0.0, "breach_p3": null, "breach_p4": 0.0, "decisions": 150, "latency_ms_per_decision": 0.52748695636789, "replans": null, "validator_ok": 1, "runtime_s": 0.0791230434551835, "waits": 0}, "v2wmlp708": {"instance_id": "c09_replay_150_0179", "campus": 9, "size": 150, "track": "replay", "structure": "full", "phi": null, "eta": 1.0, "m": 1.0, "u_target": null, "u_realized": null, "method": "v2wmlp708", "seed": 708, "twt": 34.0, "makespan": 53.25, "mean_flow": 3.5516666666666667, "breach_share": 0.006666666666666667, "breach_p1": 0.3333333333333333, "breach_p2": 0.0, "breach_p3": null, "breach_p4": 0.0, "decisions": 150, "latency_ms_per_decision": 0.5217512510716915, "replans": null, "validator_ok": 1, "runtime_s": 0.07826268766075373, "waits": 0}, "v2wmlp709": {"instance_id": "c09_replay_150_0179", "campus": 9, "size": 150, "track": "replay", "structure": "full", "phi": null, "eta": 1.0, "m": 1.0, "u_target": null, "u_realized": null, "method": "v2wmlp709", "seed": 709, "twt": 34.0, "makespan": 116.25, "mean_flow": 59.471776000000006, "breach_share": 0.006666666666666667, "breach_p1": 0.3333333333333333, "breach_p2": 0.0, "breach_p3": null, "breach_p4": 0.0, "decisions": 150, "latency_ms_per_decision": 1.6808206401765347, "replans": null, "validator_ok": 1, "runtime_s": 0.2521230960264802, "waits": 62}, "v2wmlp710": {"instance_id": "c09_replay_150_0179", "campus": 9, "size": 150, "track": "replay", "structure": "full", "phi": null, "eta": 1.0, "m": 1.0, "u_target": null, "u_realized": null, "method": "v2wmlp710", "seed": 710, "twt": 44.0, "makespan": 118.38329999999999, "mean_flow": 61.30141333333333, "breach_share": 0.013333333333333334, "breach_p1": 0.6666666666666666, "breach_p2": 0.0, "breach_p3": null, "breach_p4": 0.0, "decisions": 150, "latency_ms_per_decision": 1.9845823819438617, "replans": null, "validator_ok": 1, "runtime_s": 0.29768735729157925, "waits": 71}}}