{"config_id": "c09_replay_150_0179__c09_l0_eta100_m060", "rows": {"v2wmlp701": {"instance_id": "c09_replay_150_0179", "campus": 9, "size": 150, "track": "replay", "structure": "dedicated", "phi": null, "eta": 1.0, "m": 0.6, "u_target": null, "u_realized": null, "method": "v2wmlp701", "seed": 701, "twt": 34.0, "makespan": 56.8667, "mean_flow": 6.307220666666666, "breach_share": 0.006666666666666667, "breach_p1": 0.3333333333333333, "breach_p2": 0.0, "breach_p3": null, "breach_p4": 0.0, "decisions": 150, "latency_ms_per_decision": 0.2927037576834361, "replans": null, "validator_ok": 1, "runtime_s": 0.04390556365251541, "waits": 11}, "v2wmlp702": {"instance_id": "c09_replay_150_0179", "campus": 9, "size": 150, "track": "replay", "structure": "dedicated", "phi": null, "eta": 1.0, "m": 0.6, "u_target": null, "u_realized": null, "method": "v2wmlp702", "seed": 702, "twt": 48.66640000000001, "makespan": 53.25, "mean_flow": 28.669219333333338, "breach_share": 0.013333333333333334, "breach_p1": 0.6666666666666666, "breach_p2": 0.0, "breach_p3": null, "breach_p4": 0.0, "decisions": 150, "latency_ms_per_decision": 0.7878929997483889, "replans": null, "validator_ok": 1, "runtime_s": 0.11818394996225834, "waits": 111}, "v2wmlp703": {"instance_id": "c09_replay_150_0179", "campus": 9, "size": 150, "track": "replay", "structure": "dedicated", "phi": null, "eta": 1.0, "m": 0.6, "u_target": null, "u_realized": null, "method": "v2wmlp703", "seed": 703, "twt": 175.66840000000008, "makespan": 90.11670000000001, "mean_flow": 29.584585333333337, "breach_share": 0.08, "breach_p1": 0.6666666666666666, "breach_p2": 0.3125, "breach_p3": null, "breach_p4": 0.0, "decisions": 150, "latency_ms_per_decision": 0.7892297767102718, "replans": null, "validator_ok": 1, "runtime_s": 0.11838446650654078, "waits": 95}, "v2wmlp704": {"instance_id": "c09_replay_150_0179", "campus": 9, "size": 150, "track": "replay", "structure": "dedicated", "phi": null, "eta": 1.0, "m": 0.6, "u_target": null, "u_realized": null, "method": "v2wmlp704", "seed": 704, "twt": 34.0, "makespan": 114.25, "mean_flow": 61.762221333333336, "breach_share": 0.006666666666666667, "breach_p1": 0.3333333333333333, "breach_p2": 0.0, "breach_p3": null, "breach_p4": 0.0, "decisions": 150, "latency_ms_per_decision": 0.8516373671591282, "replans": null, "validator_ok": 1, "runtime_s": 0.12774560507386923, "waits": 103}, "v2wmlp705": {"instance_id": "c09_replay_150_0179", "campus": 9, "size": 150, "track": "replay", "structure": "dedicated", "phi": null, "eta": 1.0, "m": 0.6, "u_target": null, "u_realized": null, "method": "v2wmlp705", "seed": 705, "twt": 48.66640000000001, "makespan": 53.25, "mean_flow": 4.016220666666666, "breach_share": 0.013333333333333334, "breach_p1": 0.6666666666666666, "breach_p2": 0.0, "breach_p3": null, "breach_p4": 0.0, "decisions": 150, "latency_ms_per_decision": 0.2480265498161316, "replans": null, "validator_ok": 1, "runtime_s": 0.03720398247241974, "waits": 0}, "v2wmlp706": {"instance_id": "c09_replay_150_0179", "campus": 9, "size": 150, "track": "replay", "structure": "dedicated", "phi": null, "eta": 1.0, "m": 0.6, "u_target": null, "u_realized": null, "method": "v2wmlp706", "seed": 706, "twt": 34.0, "makespan": 54.0, "mean_flow": 17.652773333333336, "breach_share": 0.006666666666666667, "breach_p1": 0.3333333333333333, "breach_p2": 0.0, "breach_p3": null, "breach_p4": 0.0, "decisions": 150, "latency_ms_per_decision": 0.7283922346929709, "replans": null, "validator_ok": 1, "runtime_s": 0.10925883520394564, "waits": 99}, "v2wmlp707": {"instance_id": "c09_replay_150_0179", "campus": 9, "size": 150, "track": "replay", "structure": "dedicated", "phi": null, "eta": 1.0, "m": 0.6, "u_target": null, "u_realized": null, "method": "v2wmlp707", "seed": 707, "twt": 34.0, "makespan": 133.01670000000001, "mean_flow": 31.64946933333334, "breach_share": 0.006666666666666667, "breach_p1": 0.3333333333333333, "breach_p2": 0.0, "breach_p3": null, "breach_p4": 0.0, "decisions": 150, "latency_ms_per_decision": 0.4977949522435665, "replans": null, "validator_ok": 1, "runtime_s": 0.07466924283653498, "waits": 98}, "v2wmlp708": {"instance_id": "c09_replay_150_0179", "campus": 9, "size": 150, "track": "replay", "structure": "dedicated", "phi": null, "eta": 1.0, "m": 0.6, "u_target": null, "u_realized": null, "method": "v2wmlp708", "seed": 708, "twt": 34.0, "makespan": 117.25, "mean_flow": 73.55933200000001, "breach_share": 0.006666666666666667, "breach_p1": 0.3333333333333333, "breach_p2": 0.0, "breach_p3": null, "breach_p4": 0.0, "decisions": 150, "latency_ms_per_decision": 1.0644877329468727, "replans": null, "validator_ok": 1, "runtime_s": 0.1596731599420309, "waits": 100}, "v2wmlp709": {"instance_id": "c09_replay_150_0179", "campus": 9, "size": 150, "track": "replay", "structure": "dedicated", "phi": null, "eta": 1.0, "m": 0.6, "u_target": null, "u_realized": null, "method": "v2wmlp709", "seed": 709, "twt": 34.0, "makespan": 64.0, "mean_flow": 32.16830733333333, "breach_share": 0.006666666666666667, "breach_p1": 0.3333333333333333, "breach_p2": 0.0, "breach_p3": null, "breach_p4": 0.0, "decisions": 150, "latency_ms_per_decision": 0.9277070499956608, "replans": null, "validator_ok": 1, "runtime_s": 0.13915605749934912, "waits": 120}, "v2wmlp710": {"instance_id": "c09_replay_150_0179", "campus": 9, "size": 150, "track": "replay", "structure": "dedicated", "phi": null, "eta": 1.0, "m": 0.6, "u_target": null, "u_realized": null, "method": "v2wmlp710", "seed": 710, "twt": 34.0, "makespan": 53.25, "mean_flow": 11.87211, "breach_share": 0.006666666666666667, "breach_p1": 0.3333333333333333, "breach_p2": 0.0, "breach_p3": null, "breach_p4": 0.0, "decisions": 150, "latency_ms_per_decision": 0.6809375373025736, "replans": null, "validator_ok": 1, "runtime_s": 0.10214063059538603, "waits": 103}}}