{"config_id": "c09_replay_150_0138__c09_chain_phi100_eta080_m100", "rows": {"v2wmlp701": {"instance_id": "c09_replay_150_0138", "campus": 9, "size": 150, "track": "replay", "structure": "chain", "phi": 1.0, "eta": 0.8, "m": 1.0, "u_target": null, "u_realized": null, "method": "v2wmlp701", "seed": 701, "twt": 382.5064, "makespan": 51.05, "mean_flow": 5.6942200000000005, "breach_share": 0.03333333333333333, "breach_p1": 0.75, "breach_p2": 0.03636363636363636, "breach_p3": null, "breach_p4": 0.0, "decisions": 150, "latency_ms_per_decision": 0.4112051489452521, "replans": null, "validator_ok": 1, "runtime_s": 0.061680772341787815, "waits": 15}, "v2wmlp702": {"instance_id": "c09_replay_150_0138", "campus": 9, "size": 150, "track": "replay", "structure": "chain", "phi": 1.0, "eta": 0.8, "m": 1.0, "u_target": null, "u_realized": null, "method": "v2wmlp702", "seed": 702, "twt": 336.0, "makespan": 66.75, "mean_flow": 28.962221333333332, "breach_share": 0.02666666666666667, "breach_p1": 0.5, "breach_p2": 0.03636363636363636, "breach_p3": null, "breach_p4": 0.0, "decisions": 150, "latency_ms_per_decision": 1.4124939901133378, "replans": null, "validator_ok": 1, "runtime_s": 0.21187409851700068, "waits": 124}, "v2wmlp703": {"instance_id": "c09_replay_150_0138", "campus": 9, "size": 150, "track": "replay", "structure": "chain", "phi": 1.0, "eta": 0.8, "m": 1.0, "u_target": null, "u_realized": null, "method": "v2wmlp703", "seed": 703, "twt": 336.0, "makespan": 60.18000000000001, "mean_flow": 4.022132666666667, "breach_share": 0.02666666666666667, "breach_p1": 0.5, "breach_p2": 0.03636363636363636, "breach_p3": null, "breach_p4": 0.0, "decisions": 150, "latency_ms_per_decision": 0.37111671641469, "replans": null, "validator_ok": 1, "runtime_s": 0.0556675074622035, "waits": 3}, "v2wmlp704": {"instance_id": "c09_replay_150_0138", "campus": 9, "size": 150, "track": "replay", "structure": "chain", "phi": 1.0, "eta": 0.8, "m": 1.0, "u_target": null, "u_realized": null, "method": "v2wmlp704", "seed": 704, "twt": 336.0, "makespan": 118.75, "mean_flow": 51.53602133333332, "breach_share": 0.02666666666666667, "breach_p1": 0.5, "breach_p2": 0.03636363636363636, "breach_p3": null, "breach_p4": 0.0, "decisions": 150, "latency_ms_per_decision": 1.4244971796870232, "replans": null, "validator_ok": 1, "runtime_s": 0.21367457695305347, "waits": 114}, "v2wmlp705": {"instance_id": "c09_replay_150_0138", "campus": 9, "size": 150, "track": "replay", "structure": "chain", "phi": 1.0, "eta": 0.8, "m": 1.0, "u_target": null, "u_realized": null, "method": "v2wmlp705", "seed": 705, "twt": 434.0, "makespan": 60.18000000000001, "mean_flow": 4.345488666666667, "breach_share": 0.02666666666666667, "breach_p1": 0.5, "breach_p2": 0.03636363636363636, "breach_p3": null, "breach_p4": 0.0, "decisions": 150, "latency_ms_per_decision": 0.35031525418162346, "replans": null, "validator_ok": 1, "runtime_s": 0.05254728812724352, "waits": 0}, "v2wmlp706": {"instance_id": "c09_replay_150_0138", "campus": 9, "size": 150, "track": "replay", "structure": "chain", "phi": 1.0, "eta": 0.8, "m": 1.0, "u_target": null, "u_realized": null, "method": "v2wmlp706", "seed": 706, "twt": 436.9336, "makespan": 60.18000000000001, "mean_flow": 6.027300000000001, "breach_share": 0.02666666666666667, "breach_p1": 0.5, "breach_p2": 0.03636363636363636, "breach_p3": null, "breach_p4": 0.0, "decisions": 150, "latency_ms_per_decision": 0.6180642979840437, "replans": null, "validator_ok": 1, "runtime_s": 0.09270964469760656, "waits": 54}, "v2wmlp707": {"instance_id": "c09_replay_150_0138", "campus": 9, "size": 150, "track": "replay", "structure": "chain", "phi": 1.0, "eta": 0.8, "m": 1.0, "u_target": null, "u_realized": null, "method": "v2wmlp707", "seed": 707, "twt": 424.24, "makespan": 129.83999999999997, "mean_flow": 36.083712, "breach_share": 0.04, "breach_p1": 1.0, "breach_p2": 0.03636363636363636, "breach_p3": null, "breach_p4": 0.0, "decisions": 150, "latency_ms_per_decision": 1.4449417963624, "replans": null, "validator_ok": 1, "runtime_s": 0.21674126945436, "waits": 135}, "v2wmlp708": {"instance_id": "c09_replay_150_0138", "campus": 9, "size": 150, "track": "replay", "structure": "chain", "phi": 1.0, "eta": 0.8, "m": 1.0, "u_target": null, "u_realized": null, "method": "v2wmlp708", "seed": 708, "twt": 404.0, "makespan": 135.75, "mean_flow": 66.38573266666667, "breach_share": 0.02666666666666667, "breach_p1": 0.5, "breach_p2": 0.03636363636363636, "breach_p3": null, "breach_p4": 0.0, "decisions": 150, "latency_ms_per_decision": 1.2220242122809093, "replans": null, "validator_ok": 1, "runtime_s": 0.18330363184213638, "waits": 91}, "v2wmlp709": {"instance_id": "c09_replay_150_0138", "campus": 9, "size": 150, "track": "replay", "structure": "chain", "phi": 1.0, "eta": 0.8, "m": 1.0, "u_target": null, "u_realized": null, "method": "v2wmlp709", "seed": 709, "twt": 336.0, "makespan": 84.5, "mean_flow": 28.222221333333326, "breach_share": 0.02666666666666667, "breach_p1": 0.5, "breach_p2": 0.03636363636363636, "breach_p3": null, "breach_p4": 0.0, "decisions": 150, "latency_ms_per_decision": 1.4950404812892277, "replans": null, "validator_ok": 1, "runtime_s": 0.22425607219338417, "waits": 123}, "v2wmlp710": {"instance_id": "c09_replay_150_0138", "campus": 9, "size": 150, "track": "replay", "structure": "chain", "phi": 1.0, "eta": 0.8, "m": 1.0, "u_target": null, "u_realized": null, "method": "v2wmlp710", "seed": 710, "twt": 340.0, "makespan": 60.18000000000001, "mean_flow": 8.243510666666666, "breach_share": 0.03333333333333333, "breach_p1": 0.5, "breach_p2": 0.05454545454545454, "breach_p3": null, "breach_p4": 0.0, "decisions": 150, "latency_ms_per_decision": 0.7441987531880537, "replans": null, "validator_ok": 1, "runtime_s": 0.11162981297820807, "waits": 94}}}