{"config_id": "c10_replay_150_0179__c10_chain_phi100_eta080_m080", "rows": {"v2wmlp701": {"instance_id": "c10_replay_150_0179", "campus": 10, "size": 150, "track": "replay", "structure": "chain", "phi": 1.0, "eta": 0.8, "m": 0.8, "u_target": null, "u_realized": null, "method": "v2wmlp701", "seed": 701, "twt": 26.0, "makespan": 120.8236, "mean_flow": 11.229464666666667, "breach_share": 0.006666666666666667, "breach_p1": 0.16666666666666666, "breach_p2": 0.0, "breach_p3": 0.0, "breach_p4": 0.0, "decisions": 150, "latency_ms_per_decision": 0.6906078693767389, "replans": null, "validator_ok": 1, "runtime_s": 0.10359118040651083, "waits": 61}, "v2wmlp702": {"instance_id": "c10_replay_150_0179", "campus": 10, "size": 150, "track": "replay", "structure": "chain", "phi": 1.0, "eta": 0.8, "m": 0.8, "u_target": null, "u_realized": null, "method": "v2wmlp702", "seed": 702, "twt": 26.0, "makespan": 114.3294, "mean_flow": 29.728316666666665, "breach_share": 0.006666666666666667, "breach_p1": 0.16666666666666666, "breach_p2": 0.0, "breach_p3": 0.0, "breach_p4": 0.0, "decisions": 150, "latency_ms_per_decision": 1.2756308416525524, "replans": null, "validator_ok": 1, "runtime_s": 0.19134462624788284, "waits": 156}, "v2wmlp703": {"instance_id": "c10_replay_150_0179", "campus": 10, "size": 150, "track": "replay", "structure": "chain", "phi": 1.0, "eta": 0.8, "m": 0.8, "u_target": null, "u_realized": null, "method": "v2wmlp703", "seed": 703, "twt": 26.0, "makespan": 98.0984, "mean_flow": 8.298252666666666, "breach_share": 0.006666666666666667, "breach_p1": 0.16666666666666666, "breach_p2": 0.0, "breach_p3": 0.0, "breach_p4": 0.0, "decisions": 150, "latency_ms_per_decision": 0.3185139161845048, "replans": null, "validator_ok": 1, "runtime_s": 0.047777087427675724, "waits": 47}, "v2wmlp704": {"instance_id": "c10_replay_150_0179", "campus": 10, "size": 150, "track": "replay", "structure": "chain", "phi": 1.0, "eta": 0.8, "m": 0.8, "u_target": null, "u_realized": null, "method": "v2wmlp704", "seed": 704, "twt": 26.0, "makespan": 114.3294, "mean_flow": 44.87220533333334, "breach_share": 0.006666666666666667, "breach_p1": 0.16666666666666666, "breach_p2": 0.0, "breach_p3": 0.0, "breach_p4": 0.0, "decisions": 150, "latency_ms_per_decision": 1.3425847453375657, "replans": null, "validator_ok": 1, "runtime_s": 0.20138771180063486, "waits": 135}, "v2wmlp705": {"instance_id": "c10_replay_150_0179", "campus": 10, "size": 150, "track": "replay", "structure": "chain", "phi": 1.0, "eta": 0.8, "m": 0.8, "u_target": null, "u_realized": null, "method": "v2wmlp705", "seed": 705, "twt": 26.0, "makespan": 114.3294, "mean_flow": 8.762621333333334, "breach_share": 0.006666666666666667, "breach_p1": 0.16666666666666666, "breach_p2": 0.0, "breach_p3": 0.0, "breach_p4": 0.0, "decisions": 150, "latency_ms_per_decision": 0.20673266922434172, "replans": null, "validator_ok": 1, "runtime_s": 0.031009900383651257, "waits": 0}, "v2wmlp706": {"instance_id": "c10_replay_150_0179", "campus": 10, "size": 150, "track": "replay", "structure": "chain", "phi": 1.0, "eta": 0.8, "m": 0.8, "u_target": null, "u_realized": null, "method": "v2wmlp706", "seed": 706, "twt": 26.0, "makespan": 120.8236, "mean_flow": 9.067007333333333, "breach_share": 0.006666666666666667, "breach_p1": 0.16666666666666666, "breach_p2": 0.0, "breach_p3": 0.0, "breach_p4": 0.0, "decisions": 150, "latency_ms_per_decision": 0.20814998696247736, "replans": null, "validator_ok": 1, "runtime_s": 0.031222498044371605, "waits": 0}, "v2wmlp707": {"instance_id": "c10_replay_150_0179", "campus": 10, "size": 150, "track": "replay", "structure": "chain", "phi": 1.0, "eta": 0.8, "m": 0.8, "u_target": null, "u_realized": null, "method": "v2wmlp707", "seed": 707, "twt": 26.0, "makespan": 120.82310000000001, "mean_flow": 11.9166, "breach_share": 0.006666666666666667, "breach_p1": 0.16666666666666666, "breach_p2": 0.0, "breach_p3": 0.0, "breach_p4": 0.0, "decisions": 150, "latency_ms_per_decision": 0.9485793051620325, "replans": null, "validator_ok": 1, "runtime_s": 0.14228689577430487, "waits": 79}, "v2wmlp708": {"instance_id": "c10_replay_150_0179", "campus": 10, "size": 150, "track": "replay", "structure": "chain", "phi": 1.0, "eta": 0.8, "m": 0.8, "u_target": null, "u_realized": null, "method": "v2wmlp708", "seed": 708, "twt": 26.0, "makespan": 118.6481, "mean_flow": 38.07277533333334, "breach_share": 0.006666666666666667, "breach_p1": 0.16666666666666666, "breach_p2": 0.0, "breach_p3": 0.0, "breach_p4": 0.0, "decisions": 150, "latency_ms_per_decision": 1.0217783910532792, "replans": null, "validator_ok": 1, "runtime_s": 0.1532667586579919, "waits": 168}, "v2wmlp709": {"instance_id": "c10_replay_150_0179", "campus": 10, "size": 150, "track": "replay", "structure": "chain", "phi": 1.0, "eta": 0.8, "m": 0.8, "u_target": null, "u_realized": null, "method": "v2wmlp709", "seed": 709, "twt": 26.0, "makespan": 102.3648, "mean_flow": 25.595498666666668, "breach_share": 0.006666666666666667, "breach_p1": 0.16666666666666666, "breach_p2": 0.0, "breach_p3": 0.0, "breach_p4": 0.0, "decisions": 150, "latency_ms_per_decision": 1.4042267389595509, "replans": null, "validator_ok": 1, "runtime_s": 0.21063401084393263, "waits": 160}, "v2wmlp710": {"instance_id": "c10_replay_150_0179", "campus": 10, "size": 150, "track": "replay", "structure": "chain", "phi": 1.0, "eta": 0.8, "m": 0.8, "u_target": null, "u_realized": null, "method": "v2wmlp710", "seed": 710, "twt": 26.0, "makespan": 120.8236, "mean_flow": 10.244171999999999, "breach_share": 0.006666666666666667, "breach_p1": 0.16666666666666666, "breach_p2": 0.0, "breach_p3": 0.0, "breach_p4": 0.0, "decisions": 150, "latency_ms_per_decision": 0.5234931161006292, "replans": null, "validator_ok": 1, "runtime_s": 0.07852396741509438, "waits": 157}}}