{"config_id": "c10_replay_400_0181__c10_full_eta080_m060", "rows": {"v2wmlp701": {"instance_id": "c10_replay_400_0181", "campus": 10, "size": 400, "track": "replay", "structure": "full", "phi": null, "eta": 0.8, "m": 0.6, "u_target": null, "u_realized": null, "method": "v2wmlp701", "seed": 701, "twt": 607.76, "makespan": 118.1597, "mean_flow": 34.623801, "breach_share": 0.01, "breach_p1": 0.14285714285714285, "breach_p2": 0.06382978723404255, "breach_p3": 0.0, "breach_p4": 0.0, "decisions": 400, "latency_ms_per_decision": 5.298330406658351, "replans": null, "validator_ok": 1, "runtime_s": 2.1193321626633406, "waits": 227}, "v2wmlp702": {"instance_id": "c10_replay_400_0181", "campus": 10, "size": 400, "track": "replay", "structure": "full", "phi": null, "eta": 0.8, "m": 0.6, "u_target": null, "u_realized": null, "method": "v2wmlp702", "seed": 702, "twt": 547.0, "makespan": 134.59, "mean_flow": 52.76493775, "breach_share": 0.01, "breach_p1": 0.14285714285714285, "breach_p2": 0.06382978723404255, "breach_p3": 0.0, "breach_p4": 0.0, "decisions": 400, "latency_ms_per_decision": 5.326817398890853, "replans": null, "validator_ok": 1, "runtime_s": 2.130726959556341, "waits": 332}, "v2wmlp703": {"instance_id": "c10_replay_400_0181", "campus": 10, "size": 400, "track": "replay", "structure": "full", "phi": null, "eta": 0.8, "m": 0.6, "u_target": null, "u_realized": null, "method": "v2wmlp703", "seed": 703, "twt": 577.76, "makespan": 117.3197, "mean_flow": 7.2038709999999995, "breach_share": 0.01, "breach_p1": 0.14285714285714285, "breach_p2": 0.06382978723404255, "breach_p3": 0.0, "breach_p4": 0.0, "decisions": 400, "latency_ms_per_decision": 0.7445017341524363, "replans": null, "validator_ok": 1, "runtime_s": 0.2978006936609745, "waits": 12}, "v2wmlp704": {"instance_id": "c10_replay_400_0181", "campus": 10, "size": 400, "track": "replay", "structure": "full", "phi": null, "eta": 0.8, "m": 0.6, "u_target": null, "u_realized": null, "method": "v2wmlp704", "seed": 704, "twt": 577.76, "makespan": 128.3492, "mean_flow": 49.19590975000001, "breach_share": 0.01, "breach_p1": 0.14285714285714285, "breach_p2": 0.06382978723404255, "breach_p3": 0.0, "breach_p4": 0.0, "decisions": 400, "latency_ms_per_decision": 7.99631423316896, "replans": null, "validator_ok": 1, "runtime_s": 3.198525693267584, "waits": 342}, "v2wmlp705": {"instance_id": "c10_replay_400_0181", "campus": 10, "size": 400, "track": "replay", "structure": "full", "phi": null, "eta": 0.8, "m": 0.6, "u_target": null, "u_realized": null, "method": "v2wmlp705", "seed": 705, "twt": 771.8, "makespan": 127.8222, "mean_flow": 16.524617250000002, "breach_share": 0.01, "breach_p1": 0.14285714285714285, "breach_p2": 0.06382978723404255, "breach_p3": 0.0, "breach_p4": 0.0, "decisions": 400, "latency_ms_per_decision": 4.64670920278877, "replans": null, "validator_ok": 1, "runtime_s": 1.858683681115508, "waits": 232}, "v2wmlp706": {"instance_id": "c10_replay_400_0181", "campus": 10, "size": 400, "track": "replay", "structure": "full", "phi": null, "eta": 0.8, "m": 0.6, "u_target": null, "u_realized": null, "method": "v2wmlp706", "seed": 706, "twt": 789.3912, "makespan": 128.3522, "mean_flow": 8.00802275, "breach_share": 0.01, "breach_p1": 0.14285714285714285, "breach_p2": 0.06382978723404255, "breach_p3": 0.0, "breach_p4": 0.0, "decisions": 400, "latency_ms_per_decision": 0.5118313990533352, "replans": null, "validator_ok": 1, "runtime_s": 0.20473255962133408, "waits": 170}, "v2wmlp707": {"instance_id": "c10_replay_400_0181", "campus": 10, "size": 400, "track": "replay", "structure": "full", "phi": null, "eta": 0.8, "m": 0.6, "u_target": null, "u_realized": null, "method": "v2wmlp707", "seed": 707, "twt": 742.8, "makespan": 117.3197, "mean_flow": 8.1536865, "breach_share": 0.01, "breach_p1": 0.14285714285714285, "breach_p2": 0.06382978723404255, "breach_p3": 0.0, "breach_p4": 0.0, "decisions": 400, "latency_ms_per_decision": 0.27080918196588755, "replans": null, "validator_ok": 1, "runtime_s": 0.10832367278635502, "waits": 0}, "v2wmlp708": {"instance_id": "c10_replay_400_0181", "campus": 10, "size": 400, "track": "replay", "structure": "full", "phi": null, "eta": 0.8, "m": 0.6, "u_target": null, "u_realized": null, "method": "v2wmlp708", "seed": 708, "twt": 577.76, "makespan": 117.3197, "mean_flow": 40.3505695, "breach_share": 0.01, "breach_p1": 0.14285714285714285, "breach_p2": 0.06382978723404255, "breach_p3": 0.0, "breach_p4": 0.0, "decisions": 400, "latency_ms_per_decision": 0.7326836418360472, "replans": null, "validator_ok": 1, "runtime_s": 0.29307345673441887, "waits": 80}, "v2wmlp709": {"instance_id": "c10_replay_400_0181", "campus": 10, "size": 400, "track": "replay", "structure": "full", "phi": null, "eta": 0.8, "m": 0.6, "u_target": null, "u_realized": null, "method": "v2wmlp709", "seed": 709, "twt": 577.76, "makespan": 128.2369, "mean_flow": 33.53974025, "breach_share": 0.01, "breach_p1": 0.14285714285714285, "breach_p2": 0.06382978723404255, "breach_p3": 0.0, "breach_p4": 0.0, "decisions": 400, "latency_ms_per_decision": 2.372114867903292, "replans": null, "validator_ok": 1, "runtime_s": 0.9488459471613169, "waits": 310}, "v2wmlp710": {"instance_id": "c10_replay_400_0181", "campus": 10, "size": 400, "track": "replay", "structure": "full", "phi": null, "eta": 0.8, "m": 0.6, "u_target": null, "u_realized": null, "method": "v2wmlp710", "seed": 710, "twt": 771.8, "makespan": 152.6783, "mean_flow": 50.066947, "breach_share": 0.01, "breach_p1": 0.14285714285714285, "breach_p2": 0.06382978723404255, "breach_p3": 0.0, "breach_p4": 0.0, "decisions": 400, "latency_ms_per_decision": 3.3093080716207623, "replans": null, "validator_ok": 1, "runtime_s": 1.323723228648305, "waits": 302}}}