{"config_id": "c10_replay_150_0163__c10_chain_phi100_eta100_m060", "rows": {"v2wmlp701": {"instance_id": "c10_replay_150_0163", "campus": 10, "size": 150, "track": "replay", "structure": "chain", "phi": 1.0, "eta": 1.0, "m": 0.6, "u_target": null, "u_realized": null, "method": "v2wmlp701", "seed": 701, "twt": 42.0, "makespan": 97.2154, "mean_flow": 2.8314513333333333, "breach_share": 0.006666666666666667, "breach_p1": 0.07142857142857142, "breach_p2": 0.0, "breach_p3": 0.0, "breach_p4": 0.0, "decisions": 150, "latency_ms_per_decision": 0.41476812213659286, "replans": null, "validator_ok": 1, "runtime_s": 0.06221521832048893, "waits": 121}, "v2wmlp702": {"instance_id": "c10_replay_150_0163", "campus": 10, "size": 150, "track": "replay", "structure": "chain", "phi": 1.0, "eta": 1.0, "m": 0.6, "u_target": null, "u_realized": null, "method": "v2wmlp702", "seed": 702, "twt": 42.0, "makespan": 102.7154, "mean_flow": 48.130032666666665, "breach_share": 0.006666666666666667, "breach_p1": 0.07142857142857142, "breach_p2": 0.0, "breach_p3": 0.0, "breach_p4": 0.0, "decisions": 150, "latency_ms_per_decision": 0.6330682213107744, "replans": null, "validator_ok": 1, "runtime_s": 0.09496023319661617, "waits": 126}, "v2wmlp703": {"instance_id": "c10_replay_150_0163", "campus": 10, "size": 150, "track": "replay", "structure": "chain", "phi": 1.0, "eta": 1.0, "m": 0.6, "u_target": null, "u_realized": null, "method": "v2wmlp703", "seed": 703, "twt": 42.0, "makespan": 104.0898, "mean_flow": 2.91384, "breach_share": 0.006666666666666667, "breach_p1": 0.07142857142857142, "breach_p2": 0.0, "breach_p3": 0.0, "breach_p4": 0.0, "decisions": 150, "latency_ms_per_decision": 0.3571552410721779, "replans": null, "validator_ok": 1, "runtime_s": 0.05357328616082668, "waits": 66}, "v2wmlp704": {"instance_id": "c10_replay_150_0163", "campus": 10, "size": 150, "track": "replay", "structure": "chain", "phi": 1.0, "eta": 1.0, "m": 0.6, "u_target": null, "u_realized": null, "method": "v2wmlp704", "seed": 704, "twt": 110.83500000000006, "makespan": 103.32539999999999, "mean_flow": 55.15552466666666, "breach_share": 0.06, "breach_p1": 0.07142857142857142, "breach_p2": 0.0, "breach_p3": 0.38095238095238093, "breach_p4": 0.0, "decisions": 150, "latency_ms_per_decision": 1.6569294780492783, "replans": null, "validator_ok": 1, "runtime_s": 0.24853942170739174, "waits": 141}, "v2wmlp705": {"instance_id": "c10_replay_150_0163", "campus": 10, "size": 150, "track": "replay", "structure": "chain", "phi": 1.0, "eta": 1.0, "m": 0.6, "u_target": null, "u_realized": null, "method": "v2wmlp705", "seed": 705, "twt": 42.0, "makespan": 97.2154, "mean_flow": 1.9347253333333334, "breach_share": 0.006666666666666667, "breach_p1": 0.07142857142857142, "breach_p2": 0.0, "breach_p3": 0.0, "breach_p4": 0.0, "decisions": 150, "latency_ms_per_decision": 0.24612294510006905, "replans": null, "validator_ok": 1, "runtime_s": 0.03691844176501036, "waits": 0}, "v2wmlp706": {"instance_id": "c10_replay_150_0163", "campus": 10, "size": 150, "track": "replay", "structure": "chain", "phi": 1.0, "eta": 1.0, "m": 0.6, "u_target": null, "u_realized": null, "method": "v2wmlp706", "seed": 706, "twt": 42.0, "makespan": 97.2154, "mean_flow": 4.912005333333334, "breach_share": 0.006666666666666667, "breach_p1": 0.07142857142857142, "breach_p2": 0.0, "breach_p3": 0.0, "breach_p4": 0.0, "decisions": 150, "latency_ms_per_decision": 0.7623461571832498, "replans": null, "validator_ok": 1, "runtime_s": 0.11435192357748747, "waits": 14}, "v2wmlp707": {"instance_id": "c10_replay_150_0163", "campus": 10, "size": 150, "track": "replay", "structure": "chain", "phi": 1.0, "eta": 1.0, "m": 0.6, "u_target": null, "u_realized": null, "method": "v2wmlp707", "seed": 707, "twt": 557.2266000000002, "makespan": 136.06540000000027, "mean_flow": 80.61761266666669, "breach_share": 0.14666666666666667, "breach_p1": 0.07142857142857142, "breach_p2": 0.0, "breach_p3": 1.0, "breach_p4": 0.0, "decisions": 150, "latency_ms_per_decision": 2.454946842044592, "replans": null, "validator_ok": 1, "runtime_s": 0.3682420263066888, "waits": 189}, "v2wmlp708": {"instance_id": "c10_replay_150_0163", "campus": 10, "size": 150, "track": "replay", "structure": "chain", "phi": 1.0, "eta": 1.0, "m": 0.6, "u_target": null, "u_realized": null, "method": "v2wmlp708", "seed": 708, "twt": 43.11580000000001, "makespan": 110.8254, "mean_flow": 52.350734666666675, "breach_share": 0.013333333333333334, "breach_p1": 0.07142857142857142, "breach_p2": 0.0, "breach_p3": 0.047619047619047616, "breach_p4": 0.0, "decisions": 150, "latency_ms_per_decision": 1.5169446480770905, "replans": null, "validator_ok": 1, "runtime_s": 0.2275416972115636, "waits": 105}, "v2wmlp709": {"instance_id": "c10_replay_150_0163", "campus": 10, "size": 150, "track": "replay", "structure": "chain", "phi": 1.0, "eta": 1.0, "m": 0.6, "u_target": null, "u_realized": null, "method": "v2wmlp709", "seed": 709, "twt": 42.0, "makespan": 107.052, "mean_flow": 47.65297666666668, "breach_share": 0.006666666666666667, "breach_p1": 0.07142857142857142, "breach_p2": 0.0, "breach_p3": 0.0, "breach_p4": 0.0, "decisions": 150, "latency_ms_per_decision": 1.0416903719305992, "replans": null, "validator_ok": 1, "runtime_s": 0.15625355578958988, "waits": 134}, "v2wmlp710": {"instance_id": "c10_replay_150_0163", "campus": 10, "size": 150, "track": "replay", "structure": "chain", "phi": 1.0, "eta": 1.0, "m": 0.6, "u_target": null, "u_realized": null, "method": "v2wmlp710", "seed": 710, "twt": 42.0, "makespan": 100.9654, "mean_flow": 44.39562266666667, "breach_share": 0.006666666666666667, "breach_p1": 0.07142857142857142, "breach_p2": 0.0, "breach_p3": 0.0, "breach_p4": 0.0, "decisions": 150, "latency_ms_per_decision": 0.7987303473055363, "replans": null, "validator_ok": 1, "runtime_s": 0.11980955209583044, "waits": 121}}}