{"config_id": "c10_replay_150_0102__c10_full_eta080_m080", "rows": {"v2wmlp701": {"instance_id": "c10_replay_150_0102", "campus": 10, "size": 150, "track": "replay", "structure": "full", "phi": null, "eta": 0.8, "m": 0.8, "u_target": null, "u_realized": null, "method": "v2wmlp701", "seed": 701, "twt": 662.9184, "makespan": 157.44670000000002, "mean_flow": 39.559523333333324, "breach_share": 0.006666666666666667, "breach_p1": 0.3333333333333333, "breach_p2": 0.0, "breach_p3": 0.0, "breach_p4": 0.0, "decisions": 150, "latency_ms_per_decision": 4.981757750113805, "replans": null, "validator_ok": 1, "runtime_s": 0.7472636625170708, "waits": 170}, "v2wmlp702": {"instance_id": "c10_replay_150_0102", "campus": 10, "size": 150, "track": "replay", "structure": "full", "phi": null, "eta": 0.8, "m": 0.8, "u_target": null, "u_realized": null, "method": "v2wmlp702", "seed": 702, "twt": 664.0661, "makespan": 174.8244, "mean_flow": 56.839151333333334, "breach_share": 0.013333333333333334, "breach_p1": 0.3333333333333333, "breach_p2": 0.0, "breach_p3": 0.0, "breach_p4": 0.017857142857142856, "decisions": 150, "latency_ms_per_decision": 7.565250173211098, "replans": null, "validator_ok": 1, "runtime_s": 1.1347875259816647, "waits": 165}, "v2wmlp703": {"instance_id": "c10_replay_150_0102", "campus": 10, "size": 150, "track": "replay", "structure": "full", "phi": null, "eta": 0.8, "m": 0.8, "u_target": null, "u_realized": null, "method": "v2wmlp703", "seed": 703, "twt": 662.9184, "makespan": 115.86670000000001, "mean_flow": 8.191194666666666, "breach_share": 0.006666666666666667, "breach_p1": 0.3333333333333333, "breach_p2": 0.0, "breach_p3": 0.0, "breach_p4": 0.0, "decisions": 150, "latency_ms_per_decision": 0.9695981318751971, "replans": null, "validator_ok": 1, "runtime_s": 0.14543971978127956, "waits": 0}, "v2wmlp704": {"instance_id": "c10_replay_150_0102", "campus": 10, "size": 150, "track": "replay", "structure": "full", "phi": null, "eta": 0.8, "m": 0.8, "u_target": null, "u_realized": null, "method": "v2wmlp704", "seed": 704, "twt": 662.9184, "makespan": 127.8983, "mean_flow": 36.83468, "breach_share": 0.006666666666666667, "breach_p1": 0.3333333333333333, "breach_p2": 0.0, "breach_p3": 0.0, "breach_p4": 0.0, "decisions": 150, "latency_ms_per_decision": 7.148186365763347, "replans": null, "validator_ok": 1, "runtime_s": 1.072227954864502, "waits": 184}, "v2wmlp705": {"instance_id": "c10_replay_150_0102", "campus": 10, "size": 150, "track": "replay", "structure": "full", "phi": null, "eta": 0.8, "m": 0.8, "u_target": null, "u_realized": null, "method": "v2wmlp705", "seed": 705, "twt": 844.72, "makespan": 136.5067, "mean_flow": 26.598361999999995, "breach_share": 0.006666666666666667, "breach_p1": 0.3333333333333333, "breach_p2": 0.0, "breach_p3": 0.0, "breach_p4": 0.0, "decisions": 150, "latency_ms_per_decision": 4.101623930037022, "replans": null, "validator_ok": 1, "runtime_s": 0.6152435895055532, "waits": 134}, "v2wmlp706": {"instance_id": "c10_replay_150_0102", "campus": 10, "size": 150, "track": "replay", "structure": "full", "phi": null, "eta": 0.8, "m": 0.8, "u_target": null, "u_realized": null, "method": "v2wmlp706", "seed": 706, "twt": 1577.952, "makespan": 206.7315, "mean_flow": 8.939256, "breach_share": 0.006666666666666667, "breach_p1": 0.3333333333333333, "breach_p2": 0.0, "breach_p3": 0.0, "breach_p4": 0.0, "decisions": 150, "latency_ms_per_decision": 0.8625389511386553, "replans": null, "validator_ok": 1, "runtime_s": 0.1293808426707983, "waits": 180}, "v2wmlp707": {"instance_id": "c10_replay_150_0102", "campus": 10, "size": 150, "track": "replay", "structure": "full", "phi": null, "eta": 0.8, "m": 0.8, "u_target": null, "u_realized": null, "method": "v2wmlp707", "seed": 707, "twt": 844.72, "makespan": 116.1683, "mean_flow": 9.623266666666666, "breach_share": 0.006666666666666667, "breach_p1": 0.3333333333333333, "breach_p2": 0.0, "breach_p3": 0.0, "breach_p4": 0.0, "decisions": 150, "latency_ms_per_decision": 0.4574994308253129, "replans": null, "validator_ok": 1, "runtime_s": 0.06862491462379694, "waits": 0}, "v2wmlp708": {"instance_id": "c10_replay_150_0102", "campus": 10, "size": 150, "track": "replay", "structure": "full", "phi": null, "eta": 0.8, "m": 0.8, "u_target": null, "u_realized": null, "method": "v2wmlp708", "seed": 708, "twt": 662.9184, "makespan": 116.1683, "mean_flow": 8.568229333333333, "breach_share": 0.006666666666666667, "breach_p1": 0.3333333333333333, "breach_p2": 0.0, "breach_p3": 0.0, "breach_p4": 0.0, "decisions": 150, "latency_ms_per_decision": 0.7791938198109468, "replans": null, "validator_ok": 1, "runtime_s": 0.11687907297164202, "waits": 0}, "v2wmlp709": {"instance_id": "c10_replay_150_0102", "campus": 10, "size": 150, "track": "replay", "structure": "full", "phi": null, "eta": 0.8, "m": 0.8, "u_target": null, "u_realized": null, "method": "v2wmlp709", "seed": 709, "twt": 662.9184, "makespan": 122.9017, "mean_flow": 25.162275333333337, "breach_share": 0.006666666666666667, "breach_p1": 0.3333333333333333, "breach_p2": 0.0, "breach_p3": 0.0, "breach_p4": 0.0, "decisions": 150, "latency_ms_per_decision": 5.2344210011263685, "replans": null, "validator_ok": 1, "runtime_s": 0.7851631501689553, "waits": 170}, "v2wmlp710": {"instance_id": "c10_replay_150_0102", "campus": 10, "size": 150, "track": "replay", "structure": "full", "phi": null, "eta": 0.8, "m": 0.8, "u_target": null, "u_realized": null, "method": "v2wmlp710", "seed": 710, "twt": 662.9184, "makespan": 151.82670000000002, "mean_flow": 42.49311266666666, "breach_share": 0.006666666666666667, "breach_p1": 0.3333333333333333, "breach_p2": 0.0, "breach_p3": 0.0, "breach_p4": 0.0, "decisions": 150, "latency_ms_per_decision": 6.982683346917232, "replans": null, "validator_ok": 1, "runtime_s": 1.0474025020375848, "waits": 168}}}