{"config_id": "c10_replay_400_0156__c10_l0_eta100_m080", "rows": {"v2wmlp701": {"instance_id": "c10_replay_400_0156", "campus": 10, "size": 400, "track": "replay", "structure": "dedicated", "phi": null, "eta": 1.0, "m": 0.8, "u_target": null, "u_realized": null, "method": "v2wmlp701", "seed": 701, "twt": 270.7248, "makespan": 96.16590000000001, "mean_flow": 7.740184500000001, "breach_share": 0.005, "breach_p1": 0.0, "breach_p2": 0.038461538461538464, "breach_p3": 0.016129032258064516, "breach_p4": 0.0, "decisions": 400, "latency_ms_per_decision": 0.8835702738724649, "replans": null, "validator_ok": 1, "runtime_s": 0.35342810954898596, "waits": 69}, "v2wmlp702": {"instance_id": "c10_replay_400_0156", "campus": 10, "size": 400, "track": "replay", "structure": "dedicated", "phi": null, "eta": 1.0, "m": 0.8, "u_target": null, "u_realized": null, "method": "v2wmlp702", "seed": 702, "twt": 269.4592, "makespan": 96.16590000000001, "mean_flow": 40.592851, "breach_share": 0.005, "breach_p1": 0.0, "breach_p2": 0.038461538461538464, "breach_p3": 0.016129032258064516, "breach_p4": 0.0, "decisions": 400, "latency_ms_per_decision": 1.5680448152124882, "replans": null, "validator_ok": 1, "runtime_s": 0.6272179260849953, "waits": 261}, "v2wmlp703": {"instance_id": "c10_replay_400_0156", "campus": 10, "size": 400, "track": "replay", "structure": "dedicated", "phi": null, "eta": 1.0, "m": 0.8, "u_target": null, "u_realized": null, "method": "v2wmlp703", "seed": 703, "twt": 470.48759999999993, "makespan": 116.3737, "mean_flow": 28.413967000000003, "breach_share": 0.0325, "breach_p1": 0.75, "breach_p2": 0.34615384615384615, "breach_p3": 0.016129032258064516, "breach_p4": 0.0, "decisions": 400, "latency_ms_per_decision": 1.7037202371284366, "replans": null, "validator_ok": 1, "runtime_s": 0.6814880948513746, "waits": 166}, "v2wmlp704": {"instance_id": "c10_replay_400_0156", "campus": 10, "size": 400, "track": "replay", "structure": "dedicated", "phi": null, "eta": 1.0, "m": 0.8, "u_target": null, "u_realized": null, "method": "v2wmlp704", "seed": 704, "twt": 269.4592, "makespan": 107.5089, "mean_flow": 63.21672850000001, "breach_share": 0.005, "breach_p1": 0.0, "breach_p2": 0.038461538461538464, "breach_p3": 0.016129032258064516, "breach_p4": 0.0, "decisions": 400, "latency_ms_per_decision": 1.9117190479300916, "replans": null, "validator_ok": 1, "runtime_s": 0.7646876191720366, "waits": 170}, "v2wmlp705": {"instance_id": "c10_replay_400_0156", "campus": 10, "size": 400, "track": "replay", "structure": "dedicated", "phi": null, "eta": 1.0, "m": 0.8, "u_target": null, "u_realized": null, "method": "v2wmlp705", "seed": 705, "twt": 269.4592, "makespan": 96.16590000000001, "mean_flow": 5.48700775, "breach_share": 0.005, "breach_p1": 0.0, "breach_p2": 0.038461538461538464, "breach_p3": 0.016129032258064516, "breach_p4": 0.0, "decisions": 400, "latency_ms_per_decision": 0.9957309253513813, "replans": null, "validator_ok": 1, "runtime_s": 0.3982923701405525, "waits": 212}, "v2wmlp706": {"instance_id": "c10_replay_400_0156", "campus": 10, "size": 400, "track": "replay", "structure": "dedicated", "phi": null, "eta": 1.0, "m": 0.8, "u_target": null, "u_realized": null, "method": "v2wmlp706", "seed": 706, "twt": 273.1892, "makespan": 96.16590000000001, "mean_flow": 6.054356, "breach_share": 0.005, "breach_p1": 0.0, "breach_p2": 0.038461538461538464, "breach_p3": 0.016129032258064516, "breach_p4": 0.0, "decisions": 400, "latency_ms_per_decision": 0.7256820751354098, "replans": null, "validator_ok": 1, "runtime_s": 0.29027283005416393, "waits": 32}, "v2wmlp707": {"instance_id": "c10_replay_400_0156", "campus": 10, "size": 400, "track": "replay", "structure": "dedicated", "phi": null, "eta": 1.0, "m": 0.8, "u_target": null, "u_realized": null, "method": "v2wmlp707", "seed": 707, "twt": 269.4592, "makespan": 117.1659, "mean_flow": 18.1005435, "breach_share": 0.005, "breach_p1": 0.0, "breach_p2": 0.038461538461538464, "breach_p3": 0.016129032258064516, "breach_p4": 0.0, "decisions": 400, "latency_ms_per_decision": 0.7214239309541881, "replans": null, "validator_ok": 1, "runtime_s": 0.28856957238167524, "waits": 64}, "v2wmlp708": {"instance_id": "c10_replay_400_0156", "campus": 10, "size": 400, "track": "replay", "structure": "dedicated", "phi": null, "eta": 1.0, "m": 0.8, "u_target": null, "u_realized": null, "method": "v2wmlp708", "seed": 708, "twt": 269.4592, "makespan": 143.5, "mean_flow": 78.383332, "breach_share": 0.005, "breach_p1": 0.0, "breach_p2": 0.038461538461538464, "breach_p3": 0.016129032258064516, "breach_p4": 0.0, "decisions": 400, "latency_ms_per_decision": 2.0579106733202934, "replans": null, "validator_ok": 1, "runtime_s": 0.8231642693281174, "waits": 328}, "v2wmlp709": {"instance_id": "c10_replay_400_0156", "campus": 10, "size": 400, "track": "replay", "structure": "dedicated", "phi": null, "eta": 1.0, "m": 0.8, "u_target": null, "u_realized": null, "method": "v2wmlp709", "seed": 709, "twt": 269.4592, "makespan": 96.8442, "mean_flow": 24.897379, "breach_share": 0.005, "breach_p1": 0.0, "breach_p2": 0.038461538461538464, "breach_p3": 0.016129032258064516, "breach_p4": 0.0, "decisions": 400, "latency_ms_per_decision": 1.8436365062370896, "replans": null, "validator_ok": 1, "runtime_s": 0.7374546024948359, "waits": 282}, "v2wmlp710": {"instance_id": "c10_replay_400_0156", "campus": 10, "size": 400, "track": "replay", "structure": "dedicated", "phi": null, "eta": 1.0, "m": 0.8, "u_target": null, "u_realized": null, "method": "v2wmlp710", "seed": 710, "twt": 269.4592, "makespan": 96.16590000000001, "mean_flow": 5.87993075, "breach_share": 0.005, "breach_p1": 0.0, "breach_p2": 0.038461538461538464, "breach_p3": 0.016129032258064516, "breach_p4": 0.0, "decisions": 400, "latency_ms_per_decision": 0.6923672230914235, "replans": null, "validator_ok": 1, "runtime_s": 0.2769468892365694, "waits": 137}}}