{"config_id": "c10_replay_150_0106__c10_full_eta100_m080", "rows": {"v2wmlp701": {"instance_id": "c10_replay_150_0106", "campus": 10, "size": 150, "track": "replay", "structure": "full", "phi": null, "eta": 1.0, "m": 0.8, "u_target": null, "u_realized": null, "method": "v2wmlp701", "seed": 701, "twt": 3535.5538000000006, "makespan": 209.4815, "mean_flow": 98.495136, "breach_share": 0.3466666666666667, "breach_p1": 0.4, "breach_p2": 0.0, "breach_p3": 0.8627450980392157, "breach_p4": 0.0821917808219178, "decisions": 150, "latency_ms_per_decision": 2.307370975613594, "replans": null, "validator_ok": 1, "runtime_s": 0.3461056463420391, "waits": 118}, "v2wmlp702": {"instance_id": "c10_replay_150_0106", "campus": 10, "size": 150, "track": "replay", "structure": "full", "phi": null, "eta": 1.0, "m": 0.8, "u_target": null, "u_realized": null, "method": "v2wmlp702", "seed": 702, "twt": 144.0, "makespan": 123.5019, "mean_flow": 54.79158266666666, "breach_share": 0.013333333333333334, "breach_p1": 0.4, "breach_p2": 0.0, "breach_p3": 0.0, "breach_p4": 0.0, "decisions": 150, "latency_ms_per_decision": 2.7225670653084912, "replans": null, "validator_ok": 1, "runtime_s": 0.4083850597962737, "waits": 135}, "v2wmlp703": {"instance_id": "c10_replay_150_0106", "campus": 10, "size": 150, "track": "replay", "structure": "full", "phi": null, "eta": 1.0, "m": 0.8, "u_target": null, "u_realized": null, "method": "v2wmlp703", "seed": 703, "twt": 144.0, "makespan": 95.5112, "mean_flow": 7.137597333333333, "breach_share": 0.013333333333333334, "breach_p1": 0.4, "breach_p2": 0.0, "breach_p3": 0.0, "breach_p4": 0.0, "decisions": 150, "latency_ms_per_decision": 0.2976130197445552, "replans": null, "validator_ok": 1, "runtime_s": 0.04464195296168327, "waits": 0}, "v2wmlp704": {"instance_id": "c10_replay_150_0106", "campus": 10, "size": 150, "track": "replay", "structure": "full", "phi": null, "eta": 1.0, "m": 0.8, "u_target": null, "u_realized": null, "method": "v2wmlp704", "seed": 704, "twt": 144.0, "makespan": 110.7404, "mean_flow": 43.275574666666664, "breach_share": 0.013333333333333334, "breach_p1": 0.4, "breach_p2": 0.0, "breach_p3": 0.0, "breach_p4": 0.0, "decisions": 150, "latency_ms_per_decision": 2.9299033619463444, "replans": null, "validator_ok": 1, "runtime_s": 0.43948550429195166, "waits": 154}, "v2wmlp705": {"instance_id": "c10_replay_150_0106", "campus": 10, "size": 150, "track": "replay", "structure": "full", "phi": null, "eta": 1.0, "m": 0.8, "u_target": null, "u_realized": null, "method": "v2wmlp705", "seed": 705, "twt": 144.0, "makespan": 112.36670000000001, "mean_flow": 24.442227999999997, "breach_share": 0.013333333333333334, "breach_p1": 0.4, "breach_p2": 0.0, "breach_p3": 0.0, "breach_p4": 0.0, "decisions": 150, "latency_ms_per_decision": 2.784677588691314, "replans": null, "validator_ok": 1, "runtime_s": 0.4177016383036971, "waits": 127}, "v2wmlp706": {"instance_id": "c10_replay_150_0106", "campus": 10, "size": 150, "track": "replay", "structure": "full", "phi": null, "eta": 1.0, "m": 0.8, "u_target": null, "u_realized": null, "method": "v2wmlp706", "seed": 706, "twt": 144.0, "makespan": 95.5112, "mean_flow": 7.137597333333333, "breach_share": 0.013333333333333334, "breach_p1": 0.4, "breach_p2": 0.0, "breach_p3": 0.0, "breach_p4": 0.0, "decisions": 150, "latency_ms_per_decision": 0.38194327304760617, "replans": null, "validator_ok": 1, "runtime_s": 0.05729149095714092, "waits": 0}, "v2wmlp707": {"instance_id": "c10_replay_150_0106", "campus": 10, "size": 150, "track": "replay", "structure": "full", "phi": null, "eta": 1.0, "m": 0.8, "u_target": null, "u_realized": null, "method": "v2wmlp707", "seed": 707, "twt": 144.0, "makespan": 95.5112, "mean_flow": 7.137597333333333, "breach_share": 0.013333333333333334, "breach_p1": 0.4, "breach_p2": 0.0, "breach_p3": 0.0, "breach_p4": 0.0, "decisions": 150, "latency_ms_per_decision": 0.3645475395023823, "replans": null, "validator_ok": 1, "runtime_s": 0.05468213092535734, "waits": 0}, "v2wmlp708": {"instance_id": "c10_replay_150_0106", "campus": 10, "size": 150, "track": "replay", "structure": "full", "phi": null, "eta": 1.0, "m": 0.8, "u_target": null, "u_realized": null, "method": "v2wmlp708", "seed": 708, "twt": 144.0, "makespan": 95.5112, "mean_flow": 7.137597333333333, "breach_share": 0.013333333333333334, "breach_p1": 0.4, "breach_p2": 0.0, "breach_p3": 0.0, "breach_p4": 0.0, "decisions": 150, "latency_ms_per_decision": 0.27654577046632767, "replans": null, "validator_ok": 1, "runtime_s": 0.04148186556994915, "waits": 0}, "v2wmlp709": {"instance_id": "c10_replay_150_0106", "campus": 10, "size": 150, "track": "replay", "structure": "full", "phi": null, "eta": 1.0, "m": 0.8, "u_target": null, "u_realized": null, "method": "v2wmlp709", "seed": 709, "twt": 144.0, "makespan": 113.852, "mean_flow": 27.313060666666672, "breach_share": 0.013333333333333334, "breach_p1": 0.4, "breach_p2": 0.0, "breach_p3": 0.0, "breach_p4": 0.0, "decisions": 150, "latency_ms_per_decision": 3.071858324110508, "replans": null, "validator_ok": 1, "runtime_s": 0.4607787486165762, "waits": 164}, "v2wmlp710": {"instance_id": "c10_replay_150_0106", "campus": 10, "size": 150, "track": "replay", "structure": "full", "phi": null, "eta": 1.0, "m": 0.8, "u_target": null, "u_realized": null, "method": "v2wmlp710", "seed": 710, "twt": 144.0, "makespan": 126.7423, "mean_flow": 40.42978333333334, "breach_share": 0.013333333333333334, "breach_p1": 0.4, "breach_p2": 0.0, "breach_p3": 0.0, "breach_p4": 0.0, "decisions": 150, "latency_ms_per_decision": 2.867339365184307, "replans": null, "validator_ok": 1, "runtime_s": 0.43010090477764606, "waits": 139}}}