{"config_id": "c10_replay_150_0124__c10_l0_eta100_m100", "rows": {"v2wmlp701": {"instance_id": "c10_replay_150_0124", "campus": 10, "size": 150, "track": "replay", "structure": "dedicated", "phi": null, "eta": 1.0, "m": 1.0, "u_target": null, "u_realized": null, "method": "v2wmlp701", "seed": 701, "twt": 60.0, "makespan": 95.2262, "mean_flow": 15.399983333333337, "breach_share": 0.013333333333333334, "breach_p1": 0.2857142857142857, "breach_p2": 0.0, "breach_p3": 0.0, "breach_p4": 0.0, "decisions": 150, "latency_ms_per_decision": 1.7870913073420525, "replans": null, "validator_ok": 1, "runtime_s": 0.26806369610130787, "waits": 55}, "v2wmlp702": {"instance_id": "c10_replay_150_0124", "campus": 10, "size": 150, "track": "replay", "structure": "dedicated", "phi": null, "eta": 1.0, "m": 1.0, "u_target": null, "u_realized": null, "method": "v2wmlp702", "seed": 702, "twt": 60.0, "makespan": 95.2262, "mean_flow": 36.98495066666666, "breach_share": 0.013333333333333334, "breach_p1": 0.2857142857142857, "breach_p2": 0.0, "breach_p3": 0.0, "breach_p4": 0.0, "decisions": 150, "latency_ms_per_decision": 4.390691587080558, "replans": null, "validator_ok": 1, "runtime_s": 0.6586037380620837, "waits": 100}, "v2wmlp703": {"instance_id": "c10_replay_150_0124", "campus": 10, "size": 150, "track": "replay", "structure": "dedicated", "phi": null, "eta": 1.0, "m": 1.0, "u_target": null, "u_realized": null, "method": "v2wmlp703", "seed": 703, "twt": 273.27680000000004, "makespan": 117.94290000000001, "mean_flow": 20.908310000000004, "breach_share": 0.04, "breach_p1": 0.7142857142857143, "breach_p2": 0.04, "breach_p3": 0.0, "breach_p4": 0.0, "decisions": 150, "latency_ms_per_decision": 0.6243386926750342, "replans": null, "validator_ok": 1, "runtime_s": 0.09365080390125513, "waits": 98}, "v2wmlp704": {"instance_id": "c10_replay_150_0124", "campus": 10, "size": 150, "track": "replay", "structure": "dedicated", "phi": null, "eta": 1.0, "m": 1.0, "u_target": null, "u_realized": null, "method": "v2wmlp704", "seed": 704, "twt": 60.0, "makespan": 102.5, "mean_flow": 49.87571333333333, "breach_share": 0.013333333333333334, "breach_p1": 0.2857142857142857, "breach_p2": 0.0, "breach_p3": 0.0, "breach_p4": 0.0, "decisions": 150, "latency_ms_per_decision": 0.8907809356848398, "replans": null, "validator_ok": 1, "runtime_s": 0.13361714035272598, "waits": 99}, "v2wmlp705": {"instance_id": "c10_replay_150_0124", "campus": 10, "size": 150, "track": "replay", "structure": "dedicated", "phi": null, "eta": 1.0, "m": 1.0, "u_target": null, "u_realized": null, "method": "v2wmlp705", "seed": 705, "twt": 60.0, "makespan": 95.2262, "mean_flow": 11.246793333333335, "breach_share": 0.013333333333333334, "breach_p1": 0.2857142857142857, "breach_p2": 0.0, "breach_p3": 0.0, "breach_p4": 0.0, "decisions": 150, "latency_ms_per_decision": 0.3152472712099552, "replans": null, "validator_ok": 1, "runtime_s": 0.04728709068149328, "waits": 38}, "v2wmlp706": {"instance_id": "c10_replay_150_0124", "campus": 10, "size": 150, "track": "replay", "structure": "dedicated", "phi": null, "eta": 1.0, "m": 1.0, "u_target": null, "u_realized": null, "method": "v2wmlp706", "seed": 706, "twt": 60.0, "makespan": 95.2262, "mean_flow": 10.84716, "breach_share": 0.013333333333333334, "breach_p1": 0.2857142857142857, "breach_p2": 0.0, "breach_p3": 0.0, "breach_p4": 0.0, "decisions": 150, "latency_ms_per_decision": 0.2166906495889028, "replans": null, "validator_ok": 1, "runtime_s": 0.03250359743833542, "waits": 0}, "v2wmlp707": {"instance_id": "c10_replay_150_0124", "campus": 10, "size": 150, "track": "replay", "structure": "dedicated", "phi": null, "eta": 1.0, "m": 1.0, "u_target": null, "u_realized": null, "method": "v2wmlp707", "seed": 707, "twt": 60.0, "makespan": 134.36079999999998, "mean_flow": 72.0399006666667, "breach_share": 0.013333333333333334, "breach_p1": 0.2857142857142857, "breach_p2": 0.0, "breach_p3": 0.0, "breach_p4": 0.0, "decisions": 150, "latency_ms_per_decision": 1.6047840068737667, "replans": null, "validator_ok": 1, "runtime_s": 0.240717601031065, "waits": 119}, "v2wmlp708": {"instance_id": "c10_replay_150_0124", "campus": 10, "size": 150, "track": "replay", "structure": "dedicated", "phi": null, "eta": 1.0, "m": 1.0, "u_target": null, "u_realized": null, "method": "v2wmlp708", "seed": 708, "twt": 61.841199999999986, "makespan": 164.3603, "mean_flow": 61.44751666666667, "breach_share": 0.02666666666666667, "breach_p1": 0.2857142857142857, "breach_p2": 0.0, "breach_p3": 0.06451612903225806, "breach_p4": 0.0, "decisions": 150, "latency_ms_per_decision": 2.684971143802007, "replans": null, "validator_ok": 1, "runtime_s": 0.40274567157030106, "waits": 133}, "v2wmlp709": {"instance_id": "c10_replay_150_0124", "campus": 10, "size": 150, "track": "replay", "structure": "dedicated", "phi": null, "eta": 1.0, "m": 1.0, "u_target": null, "u_realized": null, "method": "v2wmlp709", "seed": 709, "twt": 60.0, "makespan": 99.2248, "mean_flow": 31.965711333333328, "breach_share": 0.013333333333333334, "breach_p1": 0.2857142857142857, "breach_p2": 0.0, "breach_p3": 0.0, "breach_p4": 0.0, "decisions": 150, "latency_ms_per_decision": 4.975145986924569, "replans": null, "validator_ok": 1, "runtime_s": 0.7462718980386853, "waits": 117}, "v2wmlp710": {"instance_id": "c10_replay_150_0124", "campus": 10, "size": 150, "track": "replay", "structure": "dedicated", "phi": null, "eta": 1.0, "m": 1.0, "u_target": null, "u_realized": null, "method": "v2wmlp710", "seed": 710, "twt": 60.0, "makespan": 95.2262, "mean_flow": 10.992091333333331, "breach_share": 0.013333333333333334, "breach_p1": 0.2857142857142857, "breach_p2": 0.0, "breach_p3": 0.0, "breach_p4": 0.0, "decisions": 150, "latency_ms_per_decision": 0.8478205092251301, "replans": null, "validator_ok": 1, "runtime_s": 0.1271730763837695, "waits": 47}}}