{"config_id": "c10_replay_150_0165__c10_chain_phi100_eta100_m080", "rows": {"v2wmlp701": {"instance_id": "c10_replay_150_0165", "campus": 10, "size": 150, "track": "replay", "structure": "chain", "phi": 1.0, "eta": 1.0, "m": 0.8, "u_target": null, "u_realized": null, "method": "v2wmlp701", "seed": 701, "twt": 549.0, "makespan": 73.7044, "mean_flow": 4.925943333333333, "breach_share": 0.013333333333333334, "breach_p1": 0.5, "breach_p2": 0.0196078431372549, "breach_p3": 0.0, "breach_p4": 0.0, "decisions": 150, "latency_ms_per_decision": 0.5860630547006925, "replans": null, "validator_ok": 1, "runtime_s": 0.08790945820510387, "waits": 41}, "v2wmlp702": {"instance_id": "c10_replay_150_0165", "campus": 10, "size": 150, "track": "replay", "structure": "chain", "phi": 1.0, "eta": 1.0, "m": 0.8, "u_target": null, "u_realized": null, "method": "v2wmlp702", "seed": 702, "twt": 549.0, "makespan": 77.6933, "mean_flow": 24.422116000000003, "breach_share": 0.013333333333333334, "breach_p1": 0.5, "breach_p2": 0.0196078431372549, "breach_p3": 0.0, "breach_p4": 0.0, "decisions": 150, "latency_ms_per_decision": 2.0098902533451715, "replans": null, "validator_ok": 1, "runtime_s": 0.30148353800177574, "waits": 179}, "v2wmlp703": {"instance_id": "c10_replay_150_0165", "campus": 10, "size": 150, "track": "replay", "structure": "chain", "phi": 1.0, "eta": 1.0, "m": 0.8, "u_target": null, "u_realized": null, "method": "v2wmlp703", "seed": 703, "twt": 549.0, "makespan": 73.7044, "mean_flow": 3.9591893333333323, "breach_share": 0.013333333333333334, "breach_p1": 0.5, "breach_p2": 0.0196078431372549, "breach_p3": 0.0, "breach_p4": 0.0, "decisions": 150, "latency_ms_per_decision": 0.3249396321674188, "replans": null, "validator_ok": 1, "runtime_s": 0.04874094482511282, "waits": 1}, "v2wmlp704": {"instance_id": "c10_replay_150_0165", "campus": 10, "size": 150, "track": "replay", "structure": "chain", "phi": 1.0, "eta": 1.0, "m": 0.8, "u_target": null, "u_realized": null, "method": "v2wmlp704", "seed": 704, "twt": 549.0, "makespan": 73.8344, "mean_flow": 19.11715466666666, "breach_share": 0.013333333333333334, "breach_p1": 0.5, "breach_p2": 0.0196078431372549, "breach_p3": 0.0, "breach_p4": 0.0, "decisions": 150, "latency_ms_per_decision": 1.907106799383958, "replans": null, "validator_ok": 1, "runtime_s": 0.2860660199075937, "waits": 206}, "v2wmlp705": {"instance_id": "c10_replay_150_0165", "campus": 10, "size": 150, "track": "replay", "structure": "chain", "phi": 1.0, "eta": 1.0, "m": 0.8, "u_target": null, "u_realized": null, "method": "v2wmlp705", "seed": 705, "twt": 549.0, "makespan": 73.7044, "mean_flow": 7.254620000000002, "breach_share": 0.013333333333333334, "breach_p1": 0.5, "breach_p2": 0.0196078431372549, "breach_p3": 0.0, "breach_p4": 0.0, "decisions": 150, "latency_ms_per_decision": 0.707059899965922, "replans": null, "validator_ok": 1, "runtime_s": 0.1060589849948883, "waits": 82}, "v2wmlp706": {"instance_id": "c10_replay_150_0165", "campus": 10, "size": 150, "track": "replay", "structure": "chain", "phi": 1.0, "eta": 1.0, "m": 0.8, "u_target": null, "u_realized": null, "method": "v2wmlp706", "seed": 706, "twt": 549.0360000000001, "makespan": 73.7089, "mean_flow": 3.958382, "breach_share": 0.013333333333333334, "breach_p1": 0.5, "breach_p2": 0.0196078431372549, "breach_p3": 0.0, "breach_p4": 0.0, "decisions": 150, "latency_ms_per_decision": 0.26182080308596295, "replans": null, "validator_ok": 1, "runtime_s": 0.03927312046289444, "waits": 1}, "v2wmlp707": {"instance_id": "c10_replay_150_0165", "campus": 10, "size": 150, "track": "replay", "structure": "chain", "phi": 1.0, "eta": 1.0, "m": 0.8, "u_target": null, "u_realized": null, "method": "v2wmlp707", "seed": 707, "twt": 549.0, "makespan": 73.7044, "mean_flow": 5.817043333333334, "breach_share": 0.013333333333333334, "breach_p1": 0.5, "breach_p2": 0.0196078431372549, "breach_p3": 0.0, "breach_p4": 0.0, "decisions": 150, "latency_ms_per_decision": 1.0654063026110332, "replans": null, "validator_ok": 1, "runtime_s": 0.15981094539165497, "waits": 103}, "v2wmlp708": {"instance_id": "c10_replay_150_0165", "campus": 10, "size": 150, "track": "replay", "structure": "chain", "phi": 1.0, "eta": 1.0, "m": 0.8, "u_target": null, "u_realized": null, "method": "v2wmlp708", "seed": 708, "twt": 549.0, "makespan": 81.2744, "mean_flow": 22.288491999999998, "breach_share": 0.013333333333333334, "breach_p1": 0.5, "breach_p2": 0.0196078431372549, "breach_p3": 0.0, "breach_p4": 0.0, "decisions": 150, "latency_ms_per_decision": 1.2878951368232567, "replans": null, "validator_ok": 1, "runtime_s": 0.19318427052348852, "waits": 198}, "v2wmlp709": {"instance_id": "c10_replay_150_0165", "campus": 10, "size": 150, "track": "replay", "structure": "chain", "phi": 1.0, "eta": 1.0, "m": 0.8, "u_target": null, "u_realized": null, "method": "v2wmlp709", "seed": 709, "twt": 549.0, "makespan": 100.4544, "mean_flow": 21.14693533333333, "breach_share": 0.013333333333333334, "breach_p1": 0.5, "breach_p2": 0.0196078431372549, "breach_p3": 0.0, "breach_p4": 0.0, "decisions": 150, "latency_ms_per_decision": 1.7926640684405963, "replans": null, "validator_ok": 1, "runtime_s": 0.26889961026608944, "waits": 190}, "v2wmlp710": {"instance_id": "c10_replay_150_0165", "campus": 10, "size": 150, "track": "replay", "structure": "chain", "phi": 1.0, "eta": 1.0, "m": 0.8, "u_target": null, "u_realized": null, "method": "v2wmlp710", "seed": 710, "twt": 549.0, "makespan": 73.7044, "mean_flow": 4.109344666666668, "breach_share": 0.013333333333333334, "breach_p1": 0.5, "breach_p2": 0.0196078431372549, "breach_p3": 0.0, "breach_p4": 0.0, "decisions": 150, "latency_ms_per_decision": 0.44993167122205097, "replans": null, "validator_ok": 1, "runtime_s": 0.06748975068330765, "waits": 90}}}