{"config_id": "c12_replay_150_0199__c12_full_eta080_m080", "rows": {"v2wmlp701": {"instance_id": "c12_replay_150_0199", "campus": 12, "size": 150, "track": "replay", "structure": "full", "phi": null, "eta": 0.8, "m": 0.8, "u_target": null, "u_realized": null, "method": "v2wmlp701", "seed": 701, "twt": 3420.7218000000003, "makespan": 194.2428, "mean_flow": 67.40477133333333, "breach_share": 0.3466666666666667, "breach_p1": 0.3076923076923077, "breach_p2": 0.09523809523809523, "breach_p3": 0.5, "breach_p4": 0.038461538461538464, "decisions": 150, "latency_ms_per_decision": 3.186544943600893, "replans": null, "validator_ok": 1, "runtime_s": 0.47798174154013395, "waits": 140}, "v2wmlp702": {"instance_id": "c12_replay_150_0199", "campus": 12, "size": 150, "track": "replay", "structure": "full", "phi": null, "eta": 0.8, "m": 0.8, "u_target": null, "u_realized": null, "method": "v2wmlp702", "seed": 702, "twt": 353.5132, "makespan": 115.2428, "mean_flow": 34.68760066666666, "breach_share": 0.04, "breach_p1": 0.23076923076923078, "breach_p2": 0.09523809523809523, "breach_p3": 0.011111111111111112, "breach_p4": 0.0, "decisions": 150, "latency_ms_per_decision": 2.704697443793217, "replans": null, "validator_ok": 1, "runtime_s": 0.4057046165689826, "waits": 161}, "v2wmlp703": {"instance_id": "c12_replay_150_0199", "campus": 12, "size": 150, "track": "replay", "structure": "full", "phi": null, "eta": 0.8, "m": 0.8, "u_target": null, "u_realized": null, "method": "v2wmlp703", "seed": 703, "twt": 384.84880000000004, "makespan": 115.2428, "mean_flow": 6.983602666666667, "breach_share": 0.04, "breach_p1": 0.23076923076923078, "breach_p2": 0.09523809523809523, "breach_p3": 0.011111111111111112, "breach_p4": 0.0, "decisions": 150, "latency_ms_per_decision": 0.6062780817349752, "replans": null, "validator_ok": 1, "runtime_s": 0.09094171226024628, "waits": 69}, "v2wmlp704": {"instance_id": "c12_replay_150_0199", "campus": 12, "size": 150, "track": "replay", "structure": "full", "phi": null, "eta": 0.8, "m": 0.8, "u_target": null, "u_realized": null, "method": "v2wmlp704", "seed": 704, "twt": 403.5132, "makespan": 115.2428, "mean_flow": 34.65944733333334, "breach_share": 0.04666666666666667, "breach_p1": 0.3076923076923077, "breach_p2": 0.09523809523809523, "breach_p3": 0.011111111111111112, "breach_p4": 0.0, "decisions": 150, "latency_ms_per_decision": 3.262974712997675, "replans": null, "validator_ok": 1, "runtime_s": 0.48944620694965124, "waits": 155}, "v2wmlp705": {"instance_id": "c12_replay_150_0199", "campus": 12, "size": 150, "track": "replay", "structure": "full", "phi": null, "eta": 0.8, "m": 0.8, "u_target": null, "u_realized": null, "method": "v2wmlp705", "seed": 705, "twt": 463.72959999999995, "makespan": 126.75, "mean_flow": 26.933508666666672, "breach_share": 0.04666666666666667, "breach_p1": 0.3076923076923077, "breach_p2": 0.09523809523809523, "breach_p3": 0.011111111111111112, "breach_p4": 0.0, "decisions": 150, "latency_ms_per_decision": 2.8269412678976855, "replans": null, "validator_ok": 1, "runtime_s": 0.4240411901846528, "waits": 130}, "v2wmlp706": {"instance_id": "c12_replay_150_0199", "campus": 12, "size": 150, "track": "replay", "structure": "full", "phi": null, "eta": 0.8, "m": 0.8, "u_target": null, "u_realized": null, "method": "v2wmlp706", "seed": 706, "twt": 353.5132, "makespan": 115.2428, "mean_flow": 6.532822, "breach_share": 0.04, "breach_p1": 0.23076923076923078, "breach_p2": 0.09523809523809523, "breach_p3": 0.011111111111111112, "breach_p4": 0.0, "decisions": 150, "latency_ms_per_decision": 0.3028901666402817, "replans": null, "validator_ok": 1, "runtime_s": 0.04543352499604225, "waits": 0}, "v2wmlp707": {"instance_id": "c12_replay_150_0199", "campus": 12, "size": 150, "track": "replay", "structure": "full", "phi": null, "eta": 0.8, "m": 0.8, "u_target": null, "u_realized": null, "method": "v2wmlp707", "seed": 707, "twt": 452.5532, "makespan": 115.2428, "mean_flow": 7.071021999999999, "breach_share": 0.04666666666666667, "breach_p1": 0.3076923076923077, "breach_p2": 0.09523809523809523, "breach_p3": 0.011111111111111112, "breach_p4": 0.0, "decisions": 150, "latency_ms_per_decision": 0.29656102880835533, "replans": null, "validator_ok": 1, "runtime_s": 0.0444841543212533, "waits": 0}, "v2wmlp708": {"instance_id": "c12_replay_150_0199", "campus": 12, "size": 150, "track": "replay", "structure": "full", "phi": null, "eta": 0.8, "m": 0.8, "u_target": null, "u_realized": null, "method": "v2wmlp708", "seed": 708, "twt": 434.5532, "makespan": 115.2428, "mean_flow": 6.916645333333332, "breach_share": 0.04666666666666667, "breach_p1": 0.3076923076923077, "breach_p2": 0.09523809523809523, "breach_p3": 0.011111111111111112, "breach_p4": 0.0, "decisions": 150, "latency_ms_per_decision": 0.3818613725403945, "replans": null, "validator_ok": 1, "runtime_s": 0.05727920588105917, "waits": 47}, "v2wmlp709": {"instance_id": "c12_replay_150_0199", "campus": 12, "size": 150, "track": "replay", "structure": "full", "phi": null, "eta": 0.8, "m": 0.8, "u_target": null, "u_realized": null, "method": "v2wmlp709", "seed": 709, "twt": 353.5132, "makespan": 115.2428, "mean_flow": 16.369138666666665, "breach_share": 0.04, "breach_p1": 0.23076923076923078, "breach_p2": 0.09523809523809523, "breach_p3": 0.011111111111111112, "breach_p4": 0.0, "decisions": 150, "latency_ms_per_decision": 2.765658094237248, "replans": null, "validator_ok": 1, "runtime_s": 0.4148487141355872, "waits": 175}, "v2wmlp710": {"instance_id": "c12_replay_150_0199", "campus": 12, "size": 150, "track": "replay", "structure": "full", "phi": null, "eta": 0.8, "m": 0.8, "u_target": null, "u_realized": null, "method": "v2wmlp710", "seed": 710, "twt": 460.3132, "makespan": 115.2428, "mean_flow": 29.654246000000004, "breach_share": 0.04666666666666667, "breach_p1": 0.3076923076923077, "breach_p2": 0.09523809523809523, "breach_p3": 0.011111111111111112, "breach_p4": 0.0, "decisions": 150, "latency_ms_per_decision": 3.12528133392334, "replans": null, "validator_ok": 1, "runtime_s": 0.468792200088501, "waits": 149}}}