{"config_id": "c12_replay_400_0136__c12_full_eta080_m080", "rows": {"v2wmlp701": {"instance_id": "c12_replay_400_0136", "campus": 12, "size": 400, "track": "replay", "structure": "full", "phi": null, "eta": 0.8, "m": 0.8, "u_target": null, "u_realized": null, "method": "v2wmlp701", "seed": 701, "twt": 1210.6116, "makespan": 161.77030000000002, "mean_flow": 53.5737075, "breach_share": 0.025, "breach_p1": 0.1891891891891892, "breach_p2": 0.046875, "breach_p3": 0.0, "breach_p4": 0.0, "decisions": 400, "latency_ms_per_decision": 14.954475725535303, "replans": null, "validator_ok": 1, "runtime_s": 5.981790290214121, "waits": 515}, "v2wmlp702": {"instance_id": "c12_replay_400_0136", "campus": 12, "size": 400, "track": "replay", "structure": "full", "phi": null, "eta": 0.8, "m": 0.8, "u_target": null, "u_realized": null, "method": "v2wmlp702", "seed": 702, "twt": 1068.7184, "makespan": 127.7192, "mean_flow": 44.820370249999996, "breach_share": 0.0175, "breach_p1": 0.16216216216216217, "breach_p2": 0.015625, "breach_p3": 0.0, "breach_p4": 0.0, "decisions": 400, "latency_ms_per_decision": 14.246211950667202, "replans": null, "validator_ok": 1, "runtime_s": 5.698484780266881, "waits": 513}, "v2wmlp703": {"instance_id": "c12_replay_400_0136", "campus": 12, "size": 400, "track": "replay", "structure": "full", "phi": null, "eta": 0.8, "m": 0.8, "u_target": null, "u_realized": null, "method": "v2wmlp703", "seed": 703, "twt": 1418.638, "makespan": 132.3364, "mean_flow": 8.239095500000001, "breach_share": 0.0225, "breach_p1": 0.1891891891891892, "breach_p2": 0.03125, "breach_p3": 0.0, "breach_p4": 0.0, "decisions": 400, "latency_ms_per_decision": 2.690277749206871, "replans": null, "validator_ok": 1, "runtime_s": 1.0761110996827483, "waits": 388}, "v2wmlp704": {"instance_id": "c12_replay_400_0136", "campus": 12, "size": 400, "track": "replay", "structure": "full", "phi": null, "eta": 0.8, "m": 0.8, "u_target": null, "u_realized": null, "method": "v2wmlp704", "seed": 704, "twt": 1091.4784, "makespan": 163.2133, "mean_flow": 39.8672055, "breach_share": 0.02, "breach_p1": 0.16216216216216217, "breach_p2": 0.03125, "breach_p3": 0.0, "breach_p4": 0.0, "decisions": 400, "latency_ms_per_decision": 7.365849411580712, "replans": null, "validator_ok": 1, "runtime_s": 2.9463397646322846, "waits": 464}, "v2wmlp705": {"instance_id": "c12_replay_400_0136", "campus": 12, "size": 400, "track": "replay", "structure": "full", "phi": null, "eta": 0.8, "m": 0.8, "u_target": null, "u_realized": null, "method": "v2wmlp705", "seed": 705, "twt": 1431.12, "makespan": 135.9709, "mean_flow": 37.22699000000001, "breach_share": 0.0225, "breach_p1": 0.21621621621621623, "breach_p2": 0.015625, "breach_p3": 0.0, "breach_p4": 0.0, "decisions": 400, "latency_ms_per_decision": 16.160774098243564, "replans": null, "validator_ok": 1, "runtime_s": 6.464309639297426, "waits": 475}, "v2wmlp706": {"instance_id": "c12_replay_400_0136", "campus": 12, "size": 400, "track": "replay", "structure": "full", "phi": null, "eta": 0.8, "m": 0.8, "u_target": null, "u_realized": null, "method": "v2wmlp706", "seed": 706, "twt": 1095.2752, "makespan": 153.18110000000001, "mean_flow": 15.56797825, "breach_share": 0.02, "breach_p1": 0.16216216216216217, "breach_p2": 0.03125, "breach_p3": 0.0, "breach_p4": 0.0, "decisions": 400, "latency_ms_per_decision": 3.368384421337396, "replans": null, "validator_ok": 1, "runtime_s": 1.3473537685349584, "waits": 220}, "v2wmlp707": {"instance_id": "c12_replay_400_0136", "campus": 12, "size": 400, "track": "replay", "structure": "full", "phi": null, "eta": 0.8, "m": 0.8, "u_target": null, "u_realized": null, "method": "v2wmlp707", "seed": 707, "twt": 1123.5584000000001, "makespan": 109.6112, "mean_flow": 7.72002675, "breach_share": 0.0225, "breach_p1": 0.1891891891891892, "breach_p2": 0.03125, "breach_p3": 0.0, "breach_p4": 0.0, "decisions": 400, "latency_ms_per_decision": 0.5784502299502492, "replans": null, "validator_ok": 1, "runtime_s": 0.23138009198009968, "waits": 0}, "v2wmlp708": {"instance_id": "c12_replay_400_0136", "campus": 12, "size": 400, "track": "replay", "structure": "full", "phi": null, "eta": 0.8, "m": 0.8, "u_target": null, "u_realized": null, "method": "v2wmlp708", "seed": 708, "twt": 1068.7184, "makespan": 112.0451, "mean_flow": 8.55669475, "breach_share": 0.0175, "breach_p1": 0.16216216216216217, "breach_p2": 0.015625, "breach_p3": 0.0, "breach_p4": 0.0, "decisions": 400, "latency_ms_per_decision": 2.3613957641646266, "replans": null, "validator_ok": 1, "runtime_s": 0.9445583056658506, "waits": 381}, "v2wmlp709": {"instance_id": "c12_replay_400_0136", "campus": 12, "size": 400, "track": "replay", "structure": "full", "phi": null, "eta": 0.8, "m": 0.8, "u_target": null, "u_realized": null, "method": "v2wmlp709", "seed": 709, "twt": 1108.1984, "makespan": 109.6112, "mean_flow": 14.3500045, "breach_share": 0.0175, "breach_p1": 0.16216216216216217, "breach_p2": 0.015625, "breach_p3": 0.0, "breach_p4": 0.0, "decisions": 400, "latency_ms_per_decision": 6.805595397017896, "replans": null, "validator_ok": 1, "runtime_s": 2.7222381588071585, "waits": 577}, "v2wmlp710": {"instance_id": "c12_replay_400_0136", "campus": 12, "size": 400, "track": "replay", "structure": "full", "phi": null, "eta": 0.8, "m": 0.8, "u_target": null, "u_realized": null, "method": "v2wmlp710", "seed": 710, "twt": 1464.84, "makespan": 136.8417, "mean_flow": 34.252680999999995, "breach_share": 0.0225, "breach_p1": 0.1891891891891892, "breach_p2": 0.03125, "breach_p3": 0.0, "breach_p4": 0.0, "decisions": 400, "latency_ms_per_decision": 8.251859354786575, "replans": null, "validator_ok": 1, "runtime_s": 3.30074374191463, "waits": 529}}}