{"config_id": "c12_replay_400_0116__c12_chain_phi100_eta100_m060", "rows": {"v2wmlp701": {"instance_id": "c12_replay_400_0116", "campus": 12, "size": 400, "track": "replay", "structure": "chain", "phi": 1.0, "eta": 1.0, "m": 0.6, "u_target": null, "u_realized": null, "method": "v2wmlp701", "seed": 701, "twt": 706.2936, "makespan": 68.2483, "mean_flow": 5.302919500000001, "breach_share": 0.03, "breach_p1": 0.12941176470588237, "breach_p2": 0.009523809523809525, "breach_p3": 0.0, "breach_p4": 0.0, "decisions": 400, "latency_ms_per_decision": 0.7389369234442711, "replans": null, "validator_ok": 1, "runtime_s": 0.29557476937770844, "waits": 304}, "v2wmlp702": {"instance_id": "c12_replay_400_0116", "campus": 12, "size": 400, "track": "replay", "structure": "chain", "phi": 1.0, "eta": 1.0, "m": 0.6, "u_target": null, "u_realized": null, "method": "v2wmlp702", "seed": 702, "twt": 681.5999999999999, "makespan": 109.2319, "mean_flow": 27.186054, "breach_share": 0.025, "breach_p1": 0.10588235294117647, "breach_p2": 0.009523809523809525, "breach_p3": 0.0, "breach_p4": 0.0, "decisions": 400, "latency_ms_per_decision": 4.205106925219297, "replans": null, "validator_ok": 1, "runtime_s": 1.682042770087719, "waits": 504}, "v2wmlp703": {"instance_id": "c12_replay_400_0116", "campus": 12, "size": 400, "track": "replay", "structure": "chain", "phi": 1.0, "eta": 1.0, "m": 0.6, "u_target": null, "u_realized": null, "method": "v2wmlp703", "seed": 703, "twt": 1039.6824, "makespan": 74.3322, "mean_flow": 3.104371, "breach_share": 0.03, "breach_p1": 0.12941176470588237, "breach_p2": 0.009523809523809525, "breach_p3": 0.0, "breach_p4": 0.0, "decisions": 400, "latency_ms_per_decision": 0.9328006720170379, "replans": null, "validator_ok": 1, "runtime_s": 0.37312026880681515, "waits": 286}, "v2wmlp704": {"instance_id": "c12_replay_400_0116", "campus": 12, "size": 400, "track": "replay", "structure": "chain", "phi": 1.0, "eta": 1.0, "m": 0.6, "u_target": null, "u_realized": null, "method": "v2wmlp704", "seed": 704, "twt": 681.5999999999999, "makespan": 91.2319, "mean_flow": 25.09656675, "breach_share": 0.025, "breach_p1": 0.10588235294117647, "breach_p2": 0.009523809523809525, "breach_p3": 0.0, "breach_p4": 0.0, "decisions": 400, "latency_ms_per_decision": 5.332718612626195, "replans": null, "validator_ok": 1, "runtime_s": 2.133087445050478, "waits": 482}, "v2wmlp705": {"instance_id": "c12_replay_400_0116", "campus": 12, "size": 400, "track": "replay", "structure": "chain", "phi": 1.0, "eta": 1.0, "m": 0.6, "u_target": null, "u_realized": null, "method": "v2wmlp705", "seed": 705, "twt": 681.5999999999999, "makespan": 77.7319, "mean_flow": 13.185144000000001, "breach_share": 0.025, "breach_p1": 0.10588235294117647, "breach_p2": 0.009523809523809525, "breach_p3": 0.0, "breach_p4": 0.0, "decisions": 400, "latency_ms_per_decision": 2.3180491011589766, "replans": null, "validator_ok": 1, "runtime_s": 0.9272196404635906, "waits": 400}, "v2wmlp706": {"instance_id": "c12_replay_400_0116", "campus": 12, "size": 400, "track": "replay", "structure": "chain", "phi": 1.0, "eta": 1.0, "m": 0.6, "u_target": null, "u_realized": null, "method": "v2wmlp706", "seed": 706, "twt": 681.5999999999999, "makespan": 62.731899999999996, "mean_flow": 3.1288912500000006, "breach_share": 0.025, "breach_p1": 0.10588235294117647, "breach_p2": 0.009523809523809525, "breach_p3": 0.0, "breach_p4": 0.0, "decisions": 400, "latency_ms_per_decision": 0.49084188183769584, "replans": null, "validator_ok": 1, "runtime_s": 0.19633675273507833, "waits": 256}, "v2wmlp707": {"instance_id": "c12_replay_400_0116", "campus": 12, "size": 400, "track": "replay", "structure": "chain", "phi": 1.0, "eta": 1.0, "m": 0.6, "u_target": null, "u_realized": null, "method": "v2wmlp707", "seed": 707, "twt": 715.1536, "makespan": 62.731899999999996, "mean_flow": 4.8581157500000005, "breach_share": 0.0325, "breach_p1": 0.1411764705882353, "breach_p2": 0.009523809523809525, "breach_p3": 0.0, "breach_p4": 0.0, "decisions": 400, "latency_ms_per_decision": 0.49518785206601024, "replans": null, "validator_ok": 1, "runtime_s": 0.1980751408264041, "waits": 92}, "v2wmlp708": {"instance_id": "c12_replay_400_0116", "campus": 12, "size": 400, "track": "replay", "structure": "chain", "phi": 1.0, "eta": 1.0, "m": 0.6, "u_target": null, "u_realized": null, "method": "v2wmlp708", "seed": 708, "twt": 681.5999999999999, "makespan": 73.6919, "mean_flow": 7.36922775, "breach_share": 0.025, "breach_p1": 0.10588235294117647, "breach_p2": 0.009523809523809525, "breach_p3": 0.0, "breach_p4": 0.0, "decisions": 400, "latency_ms_per_decision": 1.7679679719731212, "replans": null, "validator_ok": 1, "runtime_s": 0.7071871887892485, "waits": 537}, "v2wmlp709": {"instance_id": "c12_replay_400_0116", "campus": 12, "size": 400, "track": "replay", "structure": "chain", "phi": 1.0, "eta": 1.0, "m": 0.6, "u_target": null, "u_realized": null, "method": "v2wmlp709", "seed": 709, "twt": 681.5999999999999, "makespan": 68.4819, "mean_flow": 7.91827, "breach_share": 0.025, "breach_p1": 0.10588235294117647, "breach_p2": 0.009523809523809525, "breach_p3": 0.0, "breach_p4": 0.0, "decisions": 400, "latency_ms_per_decision": 2.526776078157127, "replans": null, "validator_ok": 1, "runtime_s": 1.0107104312628508, "waits": 527}, "v2wmlp710": {"instance_id": "c12_replay_400_0116", "campus": 12, "size": 400, "track": "replay", "structure": "chain", "phi": 1.0, "eta": 1.0, "m": 0.6, "u_target": null, "u_realized": null, "method": "v2wmlp710", "seed": 710, "twt": 681.5999999999999, "makespan": 64.2319, "mean_flow": 6.1680935, "breach_share": 0.025, "breach_p1": 0.10588235294117647, "breach_p2": 0.009523809523809525, "breach_p3": 0.0, "breach_p4": 0.0, "decisions": 400, "latency_ms_per_decision": 3.518536265473813, "replans": null, "validator_ok": 1, "runtime_s": 1.4074145061895251, "waits": 531}}}