{"config_id": "c12_replay_150_0173__c12_full_eta100_m080", "rows": {"v2wmlp701": {"instance_id": "c12_replay_150_0173", "campus": 12, "size": 150, "track": "replay", "structure": "full", "phi": null, "eta": 1.0, "m": 0.8, "u_target": null, "u_realized": null, "method": "v2wmlp701", "seed": 701, "twt": 352.0, "makespan": 140.3595, "mean_flow": 37.40704466666667, "breach_share": 0.02666666666666667, "breach_p1": 0.06896551724137931, "breach_p2": 0.13333333333333333, "breach_p3": 0.0, "breach_p4": 0.0, "decisions": 150, "latency_ms_per_decision": 4.252195438990991, "replans": null, "validator_ok": 1, "runtime_s": 0.6378293158486485, "waits": 159}, "v2wmlp702": {"instance_id": "c12_replay_150_0173", "campus": 12, "size": 150, "track": "replay", "structure": "full", "phi": null, "eta": 1.0, "m": 0.8, "u_target": null, "u_realized": null, "method": "v2wmlp702", "seed": 702, "twt": 352.0, "makespan": 120.7192, "mean_flow": 40.79152133333333, "breach_share": 0.02666666666666667, "breach_p1": 0.06896551724137931, "breach_p2": 0.13333333333333333, "breach_p3": 0.0, "breach_p4": 0.0, "decisions": 150, "latency_ms_per_decision": 3.985001277178526, "replans": null, "validator_ok": 1, "runtime_s": 0.5977501915767789, "waits": 163}, "v2wmlp703": {"instance_id": "c12_replay_150_0173", "campus": 12, "size": 150, "track": "replay", "structure": "full", "phi": null, "eta": 1.0, "m": 0.8, "u_target": null, "u_realized": null, "method": "v2wmlp703", "seed": 703, "twt": 352.0, "makespan": 94.6465, "mean_flow": 6.807197333333334, "breach_share": 0.02666666666666667, "breach_p1": 0.06896551724137931, "breach_p2": 0.13333333333333333, "breach_p3": 0.0, "breach_p4": 0.0, "decisions": 150, "latency_ms_per_decision": 0.721599900474151, "replans": null, "validator_ok": 1, "runtime_s": 0.10823998507112265, "waits": 0}, "v2wmlp704": {"instance_id": "c12_replay_150_0173", "campus": 12, "size": 150, "track": "replay", "structure": "full", "phi": null, "eta": 1.0, "m": 0.8, "u_target": null, "u_realized": null, "method": "v2wmlp704", "seed": 704, "twt": 352.0, "makespan": 109.277, "mean_flow": 29.353238666666662, "breach_share": 0.02666666666666667, "breach_p1": 0.06896551724137931, "breach_p2": 0.13333333333333333, "breach_p3": 0.0, "breach_p4": 0.0, "decisions": 150, "latency_ms_per_decision": 4.052442293614149, "replans": null, "validator_ok": 1, "runtime_s": 0.6078663440421224, "waits": 168}, "v2wmlp705": {"instance_id": "c12_replay_150_0173", "campus": 12, "size": 150, "track": "replay", "structure": "full", "phi": null, "eta": 1.0, "m": 0.8, "u_target": null, "u_realized": null, "method": "v2wmlp705", "seed": 705, "twt": 352.0, "makespan": 131.407, "mean_flow": 33.053529999999995, "breach_share": 0.02666666666666667, "breach_p1": 0.06896551724137931, "breach_p2": 0.13333333333333333, "breach_p3": 0.0, "breach_p4": 0.0, "decisions": 150, "latency_ms_per_decision": 3.6343694974978766, "replans": null, "validator_ok": 1, "runtime_s": 0.5451554246246815, "waits": 112}, "v2wmlp706": {"instance_id": "c12_replay_150_0173", "campus": 12, "size": 150, "track": "replay", "structure": "full", "phi": null, "eta": 1.0, "m": 0.8, "u_target": null, "u_realized": null, "method": "v2wmlp706", "seed": 706, "twt": 723.3884, "makespan": 170.6465, "mean_flow": 7.426178, "breach_share": 0.02666666666666667, "breach_p1": 0.06896551724137931, "breach_p2": 0.13333333333333333, "breach_p3": 0.0, "breach_p4": 0.0, "decisions": 150, "latency_ms_per_decision": 1.031793262809515, "replans": null, "validator_ok": 1, "runtime_s": 0.15476898942142725, "waits": 151}, "v2wmlp707": {"instance_id": "c12_replay_150_0173", "campus": 12, "size": 150, "track": "replay", "structure": "full", "phi": null, "eta": 1.0, "m": 0.8, "u_target": null, "u_realized": null, "method": "v2wmlp707", "seed": 707, "twt": 352.0, "makespan": 94.6465, "mean_flow": 6.807197333333334, "breach_share": 0.02666666666666667, "breach_p1": 0.06896551724137931, "breach_p2": 0.13333333333333333, "breach_p3": 0.0, "breach_p4": 0.0, "decisions": 150, "latency_ms_per_decision": 0.6778352645536264, "replans": null, "validator_ok": 1, "runtime_s": 0.10167528968304396, "waits": 0}, "v2wmlp708": {"instance_id": "c12_replay_150_0173", "campus": 12, "size": 150, "track": "replay", "structure": "full", "phi": null, "eta": 1.0, "m": 0.8, "u_target": null, "u_realized": null, "method": "v2wmlp708", "seed": 708, "twt": 352.0, "makespan": 94.6465, "mean_flow": 6.830530666666667, "breach_share": 0.02666666666666667, "breach_p1": 0.06896551724137931, "breach_p2": 0.13333333333333333, "breach_p3": 0.0, "breach_p4": 0.0, "decisions": 150, "latency_ms_per_decision": 0.7161767656604449, "replans": null, "validator_ok": 1, "runtime_s": 0.10742651484906673, "waits": 12}, "v2wmlp709": {"instance_id": "c12_replay_150_0173", "campus": 12, "size": 150, "track": "replay", "structure": "full", "phi": null, "eta": 1.0, "m": 0.8, "u_target": null, "u_realized": null, "method": "v2wmlp709", "seed": 709, "twt": 352.0, "makespan": 108.8648, "mean_flow": 17.003804666666664, "breach_share": 0.02666666666666667, "breach_p1": 0.06896551724137931, "breach_p2": 0.13333333333333333, "breach_p3": 0.0, "breach_p4": 0.0, "decisions": 150, "latency_ms_per_decision": 4.183686915785074, "replans": null, "validator_ok": 1, "runtime_s": 0.6275530373677611, "waits": 179}, "v2wmlp710": {"instance_id": "c12_replay_150_0173", "campus": 12, "size": 150, "track": "replay", "structure": "full", "phi": null, "eta": 1.0, "m": 0.8, "u_target": null, "u_realized": null, "method": "v2wmlp710", "seed": 710, "twt": 352.0, "makespan": 117.8648, "mean_flow": 30.68984666666667, "breach_share": 0.02666666666666667, "breach_p1": 0.06896551724137931, "breach_p2": 0.13333333333333333, "breach_p3": 0.0, "breach_p4": 0.0, "decisions": 150, "latency_ms_per_decision": 4.387582782655954, "replans": null, "validator_ok": 1, "runtime_s": 0.6581374173983932, "waits": 169}}}