{"config_id": "c12_replay_400_0139__c12_l0_eta100_m060", "rows": {"v2wmlp701": {"instance_id": "c12_replay_400_0139", "campus": 12, "size": 400, "track": "replay", "structure": "dedicated", "phi": null, "eta": 1.0, "m": 0.6, "u_target": null, "u_realized": null, "method": "v2wmlp701", "seed": 701, "twt": 557.0112, "makespan": 90.7342, "mean_flow": 8.42778325, "breach_share": 0.0325, "breach_p1": 0.13636363636363635, "breach_p2": 0.07407407407407407, "breach_p3": 0.0, "breach_p4": 0.0, "decisions": 400, "latency_ms_per_decision": 0.3848963463678956, "replans": null, "validator_ok": 1, "runtime_s": 0.15395853854715824, "waits": 176}, "v2wmlp702": {"instance_id": "c12_replay_400_0139", "campus": 12, "size": 400, "track": "replay", "structure": "dedicated", "phi": null, "eta": 1.0, "m": 0.6, "u_target": null, "u_realized": null, "method": "v2wmlp702", "seed": 702, "twt": 540.0, "makespan": 120.0808, "mean_flow": 48.074901999999994, "breach_share": 0.025, "breach_p1": 0.12121212121212122, "breach_p2": 0.037037037037037035, "breach_p3": 0.0, "breach_p4": 0.0, "decisions": 400, "latency_ms_per_decision": 2.0798556902445853, "replans": null, "validator_ok": 1, "runtime_s": 0.8319422760978341, "waits": 436}, "v2wmlp703": {"instance_id": "c12_replay_400_0139", "campus": 12, "size": 400, "track": "replay", "structure": "dedicated", "phi": null, "eta": 1.0, "m": 0.6, "u_target": null, "u_realized": null, "method": "v2wmlp703", "seed": 703, "twt": 1157.3855999999998, "makespan": 90.7342, "mean_flow": 6.930048499999999, "breach_share": 0.0425, "breach_p1": 0.21212121212121213, "breach_p2": 0.05555555555555555, "breach_p3": 0.0, "breach_p4": 0.0, "decisions": 400, "latency_ms_per_decision": 0.5497856251895428, "replans": null, "validator_ok": 1, "runtime_s": 0.2199142500758171, "waits": 335}, "v2wmlp704": {"instance_id": "c12_replay_400_0139", "campus": 12, "size": 400, "track": "replay", "structure": "dedicated", "phi": null, "eta": 1.0, "m": 0.6, "u_target": null, "u_realized": null, "method": "v2wmlp704", "seed": 704, "twt": 540.0, "makespan": 102.7881, "mean_flow": 30.11945375, "breach_share": 0.025, "breach_p1": 0.12121212121212122, "breach_p2": 0.037037037037037035, "breach_p3": 0.0, "breach_p4": 0.0, "decisions": 400, "latency_ms_per_decision": 2.1292468369938433, "replans": null, "validator_ok": 1, "runtime_s": 0.8516987347975373, "waits": 513}, "v2wmlp705": {"instance_id": "c12_replay_400_0139", "campus": 12, "size": 400, "track": "replay", "structure": "dedicated", "phi": null, "eta": 1.0, "m": 0.6, "u_target": null, "u_realized": null, "method": "v2wmlp705", "seed": 705, "twt": 540.0, "makespan": 105.6675, "mean_flow": 26.595523249999996, "breach_share": 0.025, "breach_p1": 0.12121212121212122, "breach_p2": 0.037037037037037035, "breach_p3": 0.0, "breach_p4": 0.0, "decisions": 400, "latency_ms_per_decision": 2.331941572483629, "replans": null, "validator_ok": 1, "runtime_s": 0.9327766289934516, "waits": 506}, "v2wmlp706": {"instance_id": "c12_replay_400_0139", "campus": 12, "size": 400, "track": "replay", "structure": "dedicated", "phi": null, "eta": 1.0, "m": 0.6, "u_target": null, "u_realized": null, "method": "v2wmlp706", "seed": 706, "twt": 540.6336, "makespan": 90.7342, "mean_flow": 7.050780500000001, "breach_share": 0.0275, "breach_p1": 0.13636363636363635, "breach_p2": 0.037037037037037035, "breach_p3": 0.0, "breach_p4": 0.0, "decisions": 400, "latency_ms_per_decision": 0.34948547137901187, "replans": null, "validator_ok": 1, "runtime_s": 0.13979418855160475, "waits": 127}, "v2wmlp707": {"instance_id": "c12_replay_400_0139", "campus": 12, "size": 400, "track": "replay", "structure": "dedicated", "phi": null, "eta": 1.0, "m": 0.6, "u_target": null, "u_realized": null, "method": "v2wmlp707", "seed": 707, "twt": 540.6336, "makespan": 90.7342, "mean_flow": 6.304665, "breach_share": 0.0275, "breach_p1": 0.13636363636363635, "breach_p2": 0.037037037037037035, "breach_p3": 0.0, "breach_p4": 0.0, "decisions": 400, "latency_ms_per_decision": 0.24004267994314432, "replans": null, "validator_ok": 1, "runtime_s": 0.09601707197725773, "waits": 0}, "v2wmlp708": {"instance_id": "c12_replay_400_0139", "campus": 12, "size": 400, "track": "replay", "structure": "dedicated", "phi": null, "eta": 1.0, "m": 0.6, "u_target": null, "u_realized": null, "method": "v2wmlp708", "seed": 708, "twt": 540.0, "makespan": 102.4303, "mean_flow": 12.2798315, "breach_share": 0.025, "breach_p1": 0.12121212121212122, "breach_p2": 0.037037037037037035, "breach_p3": 0.0, "breach_p4": 0.0, "decisions": 400, "latency_ms_per_decision": 1.429942229297012, "replans": null, "validator_ok": 1, "runtime_s": 0.5719768917188048, "waits": 533}, "v2wmlp709": {"instance_id": "c12_replay_400_0139", "campus": 12, "size": 400, "track": "replay", "structure": "dedicated", "phi": null, "eta": 1.0, "m": 0.6, "u_target": null, "u_realized": null, "method": "v2wmlp709", "seed": 709, "twt": 542.7048, "makespan": 90.7342, "mean_flow": 10.17204125, "breach_share": 0.0275, "breach_p1": 0.13636363636363635, "breach_p2": 0.037037037037037035, "breach_p3": 0.0, "breach_p4": 0.0, "decisions": 400, "latency_ms_per_decision": 1.0068596620112658, "replans": null, "validator_ok": 1, "runtime_s": 0.4027438648045063, "waits": 578}, "v2wmlp710": {"instance_id": "c12_replay_400_0139", "campus": 12, "size": 400, "track": "replay", "structure": "dedicated", "phi": null, "eta": 1.0, "m": 0.6, "u_target": null, "u_realized": null, "method": "v2wmlp710", "seed": 710, "twt": 540.0, "makespan": 90.7342, "mean_flow": 7.10230375, "breach_share": 0.025, "breach_p1": 0.12121212121212122, "breach_p2": 0.037037037037037035, "breach_p3": 0.0, "breach_p4": 0.0, "decisions": 400, "latency_ms_per_decision": 0.42367108166217804, "replans": null, "validator_ok": 1, "runtime_s": 0.16946843266487122, "waits": 238}}}