{"config_id": "c12_replay_400_0101__c12_l0_eta100_m060", "rows": {"v2wmlp701": {"instance_id": "c12_replay_400_0101", "campus": 12, "size": 400, "track": "replay", "structure": "dedicated", "phi": null, "eta": 1.0, "m": 0.6, "u_target": null, "u_realized": null, "method": "v2wmlp701", "seed": 701, "twt": 854.9544, "makespan": 106.8648, "mean_flow": 28.0416205, "breach_share": 0.02, "breach_p1": 0.13513513513513514, "breach_p2": 0.07894736842105263, "breach_p3": 0.0, "breach_p4": 0.0, "decisions": 400, "latency_ms_per_decision": 0.5911787855438888, "replans": null, "validator_ok": 1, "runtime_s": 0.23647151421755552, "waits": 84}, "v2wmlp702": {"instance_id": "c12_replay_400_0101", "campus": 12, "size": 400, "track": "replay", "structure": "dedicated", "phi": null, "eta": 1.0, "m": 0.6, "u_target": null, "u_realized": null, "method": "v2wmlp702", "seed": 702, "twt": 851.8592, "makespan": 106.8648, "mean_flow": 59.21831325, "breach_share": 0.02, "breach_p1": 0.13513513513513514, "breach_p2": 0.07894736842105263, "breach_p3": 0.0, "breach_p4": 0.0, "decisions": 400, "latency_ms_per_decision": 0.9310911502689123, "replans": null, "validator_ok": 1, "runtime_s": 0.3724364601075649, "waits": 244}, "v2wmlp703": {"instance_id": "c12_replay_400_0101", "campus": 12, "size": 400, "track": "replay", "structure": "dedicated", "phi": null, "eta": 1.0, "m": 0.6, "u_target": null, "u_realized": null, "method": "v2wmlp703", "seed": 703, "twt": 1146.6263999999999, "makespan": 113.5334, "mean_flow": 41.140710500000004, "breach_share": 0.04, "breach_p1": 0.35135135135135137, "breach_p2": 0.07894736842105263, "breach_p3": 0.0, "breach_p4": 0.0, "decisions": 400, "latency_ms_per_decision": 0.9558617928996682, "replans": null, "validator_ok": 1, "runtime_s": 0.3823447171598673, "waits": 194}, "v2wmlp704": {"instance_id": "c12_replay_400_0101", "campus": 12, "size": 400, "track": "replay", "structure": "dedicated", "phi": null, "eta": 1.0, "m": 0.6, "u_target": null, "u_realized": null, "method": "v2wmlp704", "seed": 704, "twt": 851.8592, "makespan": 117.8648, "mean_flow": 53.046637249999996, "breach_share": 0.02, "breach_p1": 0.13513513513513514, "breach_p2": 0.07894736842105263, "breach_p3": 0.0, "breach_p4": 0.0, "decisions": 400, "latency_ms_per_decision": 1.081679502967745, "replans": null, "validator_ok": 1, "runtime_s": 0.432671801187098, "waits": 258}, "v2wmlp705": {"instance_id": "c12_replay_400_0101", "campus": 12, "size": 400, "track": "replay", "structure": "dedicated", "phi": null, "eta": 1.0, "m": 0.6, "u_target": null, "u_realized": null, "method": "v2wmlp705", "seed": 705, "twt": 903.8704, "makespan": 106.8648, "mean_flow": 27.871518249999998, "breach_share": 0.02, "breach_p1": 0.13513513513513514, "breach_p2": 0.07894736842105263, "breach_p3": 0.0, "breach_p4": 0.0, "decisions": 400, "latency_ms_per_decision": 0.7070790138095617, "replans": null, "validator_ok": 1, "runtime_s": 0.2828316055238247, "waits": 243}, "v2wmlp706": {"instance_id": "c12_replay_400_0101", "campus": 12, "size": 400, "track": "replay", "structure": "dedicated", "phi": null, "eta": 1.0, "m": 0.6, "u_target": null, "u_realized": null, "method": "v2wmlp706", "seed": 706, "twt": 851.8592, "makespan": 106.8648, "mean_flow": 36.586658, "breach_share": 0.02, "breach_p1": 0.13513513513513514, "breach_p2": 0.07894736842105263, "breach_p3": 0.0, "breach_p4": 0.0, "decisions": 400, "latency_ms_per_decision": 0.8235418633557856, "replans": null, "validator_ok": 1, "runtime_s": 0.32941674534231424, "waits": 174}, "v2wmlp707": {"instance_id": "c12_replay_400_0101", "campus": 12, "size": 400, "track": "replay", "structure": "dedicated", "phi": null, "eta": 1.0, "m": 0.6, "u_target": null, "u_realized": null, "method": "v2wmlp707", "seed": 707, "twt": 851.8592, "makespan": 130.1023, "mean_flow": 56.71762575, "breach_share": 0.02, "breach_p1": 0.13513513513513514, "breach_p2": 0.07894736842105263, "breach_p3": 0.0, "breach_p4": 0.0, "decisions": 400, "latency_ms_per_decision": 0.954020235221833, "replans": null, "validator_ok": 1, "runtime_s": 0.3816080940887332, "waits": 245}, "v2wmlp708": {"instance_id": "c12_replay_400_0101", "campus": 12, "size": 400, "track": "replay", "structure": "dedicated", "phi": null, "eta": 1.0, "m": 0.6, "u_target": null, "u_realized": null, "method": "v2wmlp708", "seed": 708, "twt": 851.8592, "makespan": 127.4111, "mean_flow": 74.75169700000001, "breach_share": 0.02, "breach_p1": 0.13513513513513514, "breach_p2": 0.07894736842105263, "breach_p3": 0.0, "breach_p4": 0.0, "decisions": 400, "latency_ms_per_decision": 1.0692232032306492, "replans": null, "validator_ok": 1, "runtime_s": 0.4276892812922597, "waits": 258}, "v2wmlp709": {"instance_id": "c12_replay_400_0101", "campus": 12, "size": 400, "track": "replay", "structure": "dedicated", "phi": null, "eta": 1.0, "m": 0.6, "u_target": null, "u_realized": null, "method": "v2wmlp709", "seed": 709, "twt": 856.6208, "makespan": 106.8648, "mean_flow": 32.64185425, "breach_share": 0.0225, "breach_p1": 0.16216216216216217, "breach_p2": 0.07894736842105263, "breach_p3": 0.0, "breach_p4": 0.0, "decisions": 400, "latency_ms_per_decision": 0.9117168397642672, "replans": null, "validator_ok": 1, "runtime_s": 0.3646867359057069, "waits": 318}, "v2wmlp710": {"instance_id": "c12_replay_400_0101", "campus": 12, "size": 400, "track": "replay", "structure": "dedicated", "phi": null, "eta": 1.0, "m": 0.6, "u_target": null, "u_realized": null, "method": "v2wmlp710", "seed": 710, "twt": 879.8704, "makespan": 106.8648, "mean_flow": 24.660277, "breach_share": 0.02, "breach_p1": 0.13513513513513514, "breach_p2": 0.07894736842105263, "breach_p3": 0.0, "breach_p4": 0.0, "decisions": 400, "latency_ms_per_decision": 0.46023781411349773, "replans": null, "validator_ok": 1, "runtime_s": 0.1840951256453991, "waits": 187}}}