{"config_id": "c12_replay_400_0071__c12_full_eta100_m100", "rows": {"v2wmlp701": {"instance_id": "c12_replay_400_0071", "campus": 12, "size": 400, "track": "replay", "structure": "full", "phi": null, "eta": 1.0, "m": 1.0, "u_target": null, "u_realized": null, "method": "v2wmlp701", "seed": 701, "twt": 852.768, "makespan": 148.5784, "mean_flow": 45.64628775, "breach_share": 0.035, "breach_p1": 0.11290322580645161, "breach_p2": 0.05813953488372093, "breach_p3": 0.017857142857142856, "breach_p4": 0.0, "decisions": 400, "latency_ms_per_decision": 6.580779356881976, "replans": null, "validator_ok": 1, "runtime_s": 2.6323117427527905, "waits": 434}, "v2wmlp702": {"instance_id": "c12_replay_400_0071", "campus": 12, "size": 400, "track": "replay", "structure": "full", "phi": null, "eta": 1.0, "m": 1.0, "u_target": null, "u_realized": null, "method": "v2wmlp702", "seed": 702, "twt": 554.9295999999999, "makespan": 135.1484, "mean_flow": 36.980275, "breach_share": 0.025, "breach_p1": 0.11290322580645161, "breach_p2": 0.023255813953488372, "breach_p3": 0.008928571428571428, "breach_p4": 0.0, "decisions": 400, "latency_ms_per_decision": 6.240962229203433, "replans": null, "validator_ok": 1, "runtime_s": 2.496384891681373, "waits": 473}, "v2wmlp703": {"instance_id": "c12_replay_400_0071", "campus": 12, "size": 400, "track": "replay", "structure": "full", "phi": null, "eta": 1.0, "m": 1.0, "u_target": null, "u_realized": null, "method": "v2wmlp703", "seed": 703, "twt": 838.5696, "makespan": 111.0004, "mean_flow": 5.960316000000001, "breach_share": 0.0275, "breach_p1": 0.11290322580645161, "breach_p2": 0.023255813953488372, "breach_p3": 0.017857142857142856, "breach_p4": 0.0, "decisions": 400, "latency_ms_per_decision": 1.13579411059618, "replans": null, "validator_ok": 1, "runtime_s": 0.454317644238472, "waits": 374}, "v2wmlp704": {"instance_id": "c12_replay_400_0071", "campus": 12, "size": 400, "track": "replay", "structure": "full", "phi": null, "eta": 1.0, "m": 1.0, "u_target": null, "u_realized": null, "method": "v2wmlp704", "seed": 704, "twt": 554.9295999999999, "makespan": 148.5784, "mean_flow": 37.62785125, "breach_share": 0.025, "breach_p1": 0.11290322580645161, "breach_p2": 0.023255813953488372, "breach_p3": 0.008928571428571428, "breach_p4": 0.0, "decisions": 400, "latency_ms_per_decision": 7.7440221374854445, "replans": null, "validator_ok": 1, "runtime_s": 3.097608854994178, "waits": 418}, "v2wmlp705": {"instance_id": "c12_replay_400_0071", "campus": 12, "size": 400, "track": "replay", "structure": "full", "phi": null, "eta": 1.0, "m": 1.0, "u_target": null, "u_realized": null, "method": "v2wmlp705", "seed": 705, "twt": 554.9295999999999, "makespan": 141.3648, "mean_flow": 32.46259375, "breach_share": 0.025, "breach_p1": 0.11290322580645161, "breach_p2": 0.023255813953488372, "breach_p3": 0.008928571428571428, "breach_p4": 0.0, "decisions": 400, "latency_ms_per_decision": 7.563996708486229, "replans": null, "validator_ok": 1, "runtime_s": 3.0255986833944917, "waits": 438}, "v2wmlp706": {"instance_id": "c12_replay_400_0071", "campus": 12, "size": 400, "track": "replay", "structure": "full", "phi": null, "eta": 1.0, "m": 1.0, "u_target": null, "u_realized": null, "method": "v2wmlp706", "seed": 706, "twt": 669.7687999999999, "makespan": 133.8306, "mean_flow": 14.529619000000002, "breach_share": 0.0275, "breach_p1": 0.11290322580645161, "breach_p2": 0.023255813953488372, "breach_p3": 0.017857142857142856, "breach_p4": 0.0, "decisions": 400, "latency_ms_per_decision": 3.1578515423461795, "replans": null, "validator_ok": 1, "runtime_s": 1.2631406169384718, "waits": 451}, "v2wmlp707": {"instance_id": "c12_replay_400_0071", "campus": 12, "size": 400, "track": "replay", "structure": "full", "phi": null, "eta": 1.0, "m": 1.0, "u_target": null, "u_realized": null, "method": "v2wmlp707", "seed": 707, "twt": 554.9295999999999, "makespan": 109.3259, "mean_flow": 5.664823999999999, "breach_share": 0.025, "breach_p1": 0.11290322580645161, "breach_p2": 0.023255813953488372, "breach_p3": 0.008928571428571428, "breach_p4": 0.0, "decisions": 400, "latency_ms_per_decision": 0.46436707954853773, "replans": null, "validator_ok": 1, "runtime_s": 0.1857468318194151, "waits": 0}, "v2wmlp708": {"instance_id": "c12_replay_400_0071", "campus": 12, "size": 400, "track": "replay", "structure": "full", "phi": null, "eta": 1.0, "m": 1.0, "u_target": null, "u_realized": null, "method": "v2wmlp708", "seed": 708, "twt": 554.9295999999999, "makespan": 111.8695, "mean_flow": 6.469146500000001, "breach_share": 0.025, "breach_p1": 0.11290322580645161, "breach_p2": 0.023255813953488372, "breach_p3": 0.008928571428571428, "breach_p4": 0.0, "decisions": 400, "latency_ms_per_decision": 1.829873954411596, "replans": null, "validator_ok": 1, "runtime_s": 0.7319495817646384, "waits": 394}, "v2wmlp709": {"instance_id": "c12_replay_400_0071", "campus": 12, "size": 400, "track": "replay", "structure": "full", "phi": null, "eta": 1.0, "m": 1.0, "u_target": null, "u_realized": null, "method": "v2wmlp709", "seed": 709, "twt": 554.9295999999999, "makespan": 109.3259, "mean_flow": 11.35568825, "breach_share": 0.025, "breach_p1": 0.11290322580645161, "breach_p2": 0.023255813953488372, "breach_p3": 0.008928571428571428, "breach_p4": 0.0, "decisions": 400, "latency_ms_per_decision": 3.9118708856403828, "replans": null, "validator_ok": 1, "runtime_s": 1.564748354256153, "waits": 549}, "v2wmlp710": {"instance_id": "c12_replay_400_0071", "campus": 12, "size": 400, "track": "replay", "structure": "full", "phi": null, "eta": 1.0, "m": 1.0, "u_target": null, "u_realized": null, "method": "v2wmlp710", "seed": 710, "twt": 554.9584, "makespan": 122.2219, "mean_flow": 23.53368075, "breach_share": 0.0275, "breach_p1": 0.12903225806451613, "breach_p2": 0.023255813953488372, "breach_p3": 0.008928571428571428, "breach_p4": 0.0, "decisions": 400, "latency_ms_per_decision": 5.82073403056711, "replans": null, "validator_ok": 1, "runtime_s": 2.328293612226844, "waits": 476}}}