{"config_id": "c12_replay_150_0192__c12_chain_phi100_eta080_m080", "rows": {"v2wmlp701": {"instance_id": "c12_replay_150_0192", "campus": 12, "size": 150, "track": "replay", "structure": "chain", "phi": 1.0, "eta": 0.8, "m": 0.8, "u_target": null, "u_realized": null, "method": "v2wmlp701", "seed": 701, "twt": 727.5296000000001, "makespan": 97.3976, "mean_flow": 6.7654293333333335, "breach_share": 0.05333333333333334, "breach_p1": 0.13793103448275862, "breach_p2": 0.08695652173913043, "breach_p3": 0.05, "breach_p4": 0.0, "decisions": 150, "latency_ms_per_decision": 0.2618790852526824, "replans": null, "validator_ok": 1, "runtime_s": 0.039281862787902355, "waits": 19}, "v2wmlp702": {"instance_id": "c12_replay_150_0192", "campus": 12, "size": 150, "track": "replay", "structure": "chain", "phi": 1.0, "eta": 0.8, "m": 0.8, "u_target": null, "u_realized": null, "method": "v2wmlp702", "seed": 702, "twt": 727.5296000000001, "makespan": 97.3976, "mean_flow": 28.702540666666664, "breach_share": 0.05333333333333334, "breach_p1": 0.13793103448275862, "breach_p2": 0.08695652173913043, "breach_p3": 0.05, "breach_p4": 0.0, "decisions": 150, "latency_ms_per_decision": 1.2207247254749138, "replans": null, "validator_ok": 1, "runtime_s": 0.1831087088212371, "waits": 166}, "v2wmlp703": {"instance_id": "c12_replay_150_0192", "campus": 12, "size": 150, "track": "replay", "structure": "chain", "phi": 1.0, "eta": 0.8, "m": 0.8, "u_target": null, "u_realized": null, "method": "v2wmlp703", "seed": 703, "twt": 1458.8128000000004, "makespan": 97.3976, "mean_flow": 9.998304666666668, "breach_share": 0.11333333333333333, "breach_p1": 0.4482758620689655, "breach_p2": 0.08695652173913043, "breach_p3": 0.05, "breach_p4": 0.0, "decisions": 150, "latency_ms_per_decision": 0.35348040983080864, "replans": null, "validator_ok": 1, "runtime_s": 0.053022061474621296, "waits": 33}, "v2wmlp704": {"instance_id": "c12_replay_150_0192", "campus": 12, "size": 150, "track": "replay", "structure": "chain", "phi": 1.0, "eta": 0.8, "m": 0.8, "u_target": null, "u_realized": null, "method": "v2wmlp704", "seed": 704, "twt": 727.5296000000001, "makespan": 117.6597, "mean_flow": 23.501568666666667, "breach_share": 0.05333333333333334, "breach_p1": 0.13793103448275862, "breach_p2": 0.08695652173913043, "breach_p3": 0.05, "breach_p4": 0.0, "decisions": 150, "latency_ms_per_decision": 1.253472026437521, "replans": null, "validator_ok": 1, "runtime_s": 0.18802080396562815, "waits": 187}, "v2wmlp705": {"instance_id": "c12_replay_150_0192", "campus": 12, "size": 150, "track": "replay", "structure": "chain", "phi": 1.0, "eta": 0.8, "m": 0.8, "u_target": null, "u_realized": null, "method": "v2wmlp705", "seed": 705, "twt": 972.1296, "makespan": 106.38, "mean_flow": 10.516322666666667, "breach_share": 0.06666666666666667, "breach_p1": 0.20689655172413793, "breach_p2": 0.08695652173913043, "breach_p3": 0.05, "breach_p4": 0.0, "decisions": 150, "latency_ms_per_decision": 0.4046443539361159, "replans": null, "validator_ok": 1, "runtime_s": 0.060696653090417385, "waits": 56}, "v2wmlp706": {"instance_id": "c12_replay_150_0192", "campus": 12, "size": 150, "track": "replay", "structure": "chain", "phi": 1.0, "eta": 0.8, "m": 0.8, "u_target": null, "u_realized": null, "method": "v2wmlp706", "seed": 706, "twt": 727.5296000000001, "makespan": 97.3976, "mean_flow": 6.725064, "breach_share": 0.05333333333333334, "breach_p1": 0.13793103448275862, "breach_p2": 0.08695652173913043, "breach_p3": 0.05, "breach_p4": 0.0, "decisions": 150, "latency_ms_per_decision": 0.20209679380059242, "replans": null, "validator_ok": 1, "runtime_s": 0.030314519070088863, "waits": 0}, "v2wmlp707": {"instance_id": "c12_replay_150_0192", "campus": 12, "size": 150, "track": "replay", "structure": "chain", "phi": 1.0, "eta": 0.8, "m": 0.8, "u_target": null, "u_realized": null, "method": "v2wmlp707", "seed": 707, "twt": 727.5296000000001, "makespan": 117.6597, "mean_flow": 7.315237333333333, "breach_share": 0.05333333333333334, "breach_p1": 0.13793103448275862, "breach_p2": 0.08695652173913043, "breach_p3": 0.05, "breach_p4": 0.0, "decisions": 150, "latency_ms_per_decision": 0.3246412053704262, "replans": null, "validator_ok": 1, "runtime_s": 0.04869618080556393, "waits": 28}, "v2wmlp708": {"instance_id": "c12_replay_150_0192", "campus": 12, "size": 150, "track": "replay", "structure": "chain", "phi": 1.0, "eta": 0.8, "m": 0.8, "u_target": null, "u_realized": null, "method": "v2wmlp708", "seed": 708, "twt": 772.98, "makespan": 120.1228, "mean_flow": 24.583603333333333, "breach_share": 0.05333333333333334, "breach_p1": 0.13793103448275862, "breach_p2": 0.08695652173913043, "breach_p3": 0.05, "breach_p4": 0.0, "decisions": 150, "latency_ms_per_decision": 1.531160691132148, "replans": null, "validator_ok": 1, "runtime_s": 0.22967410366982222, "waits": 165}, "v2wmlp709": {"instance_id": "c12_replay_150_0192", "campus": 12, "size": 150, "track": "replay", "structure": "chain", "phi": 1.0, "eta": 0.8, "m": 0.8, "u_target": null, "u_realized": null, "method": "v2wmlp709", "seed": 709, "twt": 727.5296000000001, "makespan": 102.9604, "mean_flow": 23.688812, "breach_share": 0.05333333333333334, "breach_p1": 0.13793103448275862, "breach_p2": 0.08695652173913043, "breach_p3": 0.05, "breach_p4": 0.0, "decisions": 150, "latency_ms_per_decision": 2.052564180145661, "replans": null, "validator_ok": 1, "runtime_s": 0.30788462702184916, "waits": 186}, "v2wmlp710": {"instance_id": "c12_replay_150_0192", "campus": 12, "size": 150, "track": "replay", "structure": "chain", "phi": 1.0, "eta": 0.8, "m": 0.8, "u_target": null, "u_realized": null, "method": "v2wmlp710", "seed": 710, "twt": 727.5296000000001, "makespan": 97.3976, "mean_flow": 7.142846666666667, "breach_share": 0.05333333333333334, "breach_p1": 0.13793103448275862, "breach_p2": 0.08695652173913043, "breach_p3": 0.05, "breach_p4": 0.0, "decisions": 150, "latency_ms_per_decision": 1.3475663214921951, "replans": null, "validator_ok": 1, "runtime_s": 0.20213494822382927, "waits": 126}}}