{"config_id": "c12_replay_150_0188__c12_chain_phi100_eta100_m100", "rows": {"v2wmlp701": {"instance_id": "c12_replay_150_0188", "campus": 12, "size": 150, "track": "replay", "structure": "chain", "phi": 1.0, "eta": 1.0, "m": 1.0, "u_target": null, "u_realized": null, "method": "v2wmlp701", "seed": 701, "twt": 1278.9184, "makespan": 98.8648, "mean_flow": 5.475936666666667, "breach_share": 0.04666666666666667, "breach_p1": 0.19444444444444445, "breach_p2": 0.0, "breach_p3": 0.0, "breach_p4": 0.0, "decisions": 150, "latency_ms_per_decision": 0.565332192927599, "replans": null, "validator_ok": 1, "runtime_s": 0.08479982893913984, "waits": 26}, "v2wmlp702": {"instance_id": "c12_replay_150_0188", "campus": 12, "size": 150, "track": "replay", "structure": "chain", "phi": 1.0, "eta": 1.0, "m": 1.0, "u_target": null, "u_realized": null, "method": "v2wmlp702", "seed": 702, "twt": 1278.9184, "makespan": 98.8648, "mean_flow": 27.448744666666666, "breach_share": 0.04666666666666667, "breach_p1": 0.19444444444444445, "breach_p2": 0.0, "breach_p3": 0.0, "breach_p4": 0.0, "decisions": 150, "latency_ms_per_decision": 1.6736095460752647, "replans": null, "validator_ok": 1, "runtime_s": 0.2510414319112897, "waits": 122}, "v2wmlp703": {"instance_id": "c12_replay_150_0188", "campus": 12, "size": 150, "track": "replay", "structure": "chain", "phi": 1.0, "eta": 1.0, "m": 1.0, "u_target": null, "u_realized": null, "method": "v2wmlp703", "seed": 703, "twt": 1738.3584000000005, "makespan": 98.8648, "mean_flow": 6.728968666666668, "breach_share": 0.12666666666666668, "breach_p1": 0.5277777777777778, "breach_p2": 0.0, "breach_p3": 0.0, "breach_p4": 0.0, "decisions": 150, "latency_ms_per_decision": 0.493344080944856, "replans": null, "validator_ok": 1, "runtime_s": 0.0740016121417284, "waits": 25}, "v2wmlp704": {"instance_id": "c12_replay_150_0188", "campus": 12, "size": 150, "track": "replay", "structure": "chain", "phi": 1.0, "eta": 1.0, "m": 1.0, "u_target": null, "u_realized": null, "method": "v2wmlp704", "seed": 704, "twt": 1278.9184, "makespan": 98.8648, "mean_flow": 21.348896666666665, "breach_share": 0.04666666666666667, "breach_p1": 0.19444444444444445, "breach_p2": 0.0, "breach_p3": 0.0, "breach_p4": 0.0, "decisions": 150, "latency_ms_per_decision": 2.0014732827742896, "replans": null, "validator_ok": 1, "runtime_s": 0.3002209924161434, "waits": 164}, "v2wmlp705": {"instance_id": "c12_replay_150_0188", "campus": 12, "size": 150, "track": "replay", "structure": "chain", "phi": 1.0, "eta": 1.0, "m": 1.0, "u_target": null, "u_realized": null, "method": "v2wmlp705", "seed": 705, "twt": 1278.9184, "makespan": 98.8648, "mean_flow": 7.071661999999998, "breach_share": 0.04666666666666667, "breach_p1": 0.19444444444444445, "breach_p2": 0.0, "breach_p3": 0.0, "breach_p4": 0.0, "decisions": 150, "latency_ms_per_decision": 0.6708712813754877, "replans": null, "validator_ok": 1, "runtime_s": 0.10063069220632315, "waits": 56}, "v2wmlp706": {"instance_id": "c12_replay_150_0188", "campus": 12, "size": 150, "track": "replay", "structure": "chain", "phi": 1.0, "eta": 1.0, "m": 1.0, "u_target": null, "u_realized": null, "method": "v2wmlp706", "seed": 706, "twt": 1984.9920000000002, "makespan": 187.12400000000002, "mean_flow": 5.422592, "breach_share": 0.04666666666666667, "breach_p1": 0.19444444444444445, "breach_p2": 0.0, "breach_p3": 0.0, "breach_p4": 0.0, "decisions": 150, "latency_ms_per_decision": 0.4449555402000745, "replans": null, "validator_ok": 1, "runtime_s": 0.06674333103001118, "waits": 40}, "v2wmlp707": {"instance_id": "c12_replay_150_0188", "campus": 12, "size": 150, "track": "replay", "structure": "chain", "phi": 1.0, "eta": 1.0, "m": 1.0, "u_target": null, "u_realized": null, "method": "v2wmlp707", "seed": 707, "twt": 1278.9184, "makespan": 98.8648, "mean_flow": 5.600607999999999, "breach_share": 0.04666666666666667, "breach_p1": 0.19444444444444445, "breach_p2": 0.0, "breach_p3": 0.0, "breach_p4": 0.0, "decisions": 150, "latency_ms_per_decision": 0.6248269540568193, "replans": null, "validator_ok": 1, "runtime_s": 0.09372404310852289, "waits": 27}, "v2wmlp708": {"instance_id": "c12_replay_150_0188", "campus": 12, "size": 150, "track": "replay", "structure": "chain", "phi": 1.0, "eta": 1.0, "m": 1.0, "u_target": null, "u_realized": null, "method": "v2wmlp708", "seed": 708, "twt": 1278.9184, "makespan": 109.2998, "mean_flow": 24.553060666666664, "breach_share": 0.04666666666666667, "breach_p1": 0.19444444444444445, "breach_p2": 0.0, "breach_p3": 0.0, "breach_p4": 0.0, "decisions": 150, "latency_ms_per_decision": 1.3909393797318141, "replans": null, "validator_ok": 1, "runtime_s": 0.2086409069597721, "waits": 140}, "v2wmlp709": {"instance_id": "c12_replay_150_0188", "campus": 12, "size": 150, "track": "replay", "structure": "chain", "phi": 1.0, "eta": 1.0, "m": 1.0, "u_target": null, "u_realized": null, "method": "v2wmlp709", "seed": 709, "twt": 1278.9184, "makespan": 98.8648, "mean_flow": 21.737539333333334, "breach_share": 0.04666666666666667, "breach_p1": 0.19444444444444445, "breach_p2": 0.0, "breach_p3": 0.0, "breach_p4": 0.0, "decisions": 150, "latency_ms_per_decision": 2.031347577770551, "replans": null, "validator_ok": 1, "runtime_s": 0.30470213666558266, "waits": 162}, "v2wmlp710": {"instance_id": "c12_replay_150_0188", "campus": 12, "size": 150, "track": "replay", "structure": "chain", "phi": 1.0, "eta": 1.0, "m": 1.0, "u_target": null, "u_realized": null, "method": "v2wmlp710", "seed": 710, "twt": 1278.9184, "makespan": 98.8648, "mean_flow": 4.905948, "breach_share": 0.04666666666666667, "breach_p1": 0.19444444444444445, "breach_p2": 0.0, "breach_p3": 0.0, "breach_p4": 0.0, "decisions": 150, "latency_ms_per_decision": 0.5500827729701996, "replans": null, "validator_ok": 1, "runtime_s": 0.08251241594552994, "waits": 77}}}