{"config_id": "c12_replay_150_0106__c12_full_eta080_m060", "rows": {"v2wmlp701": {"instance_id": "c12_replay_150_0106", "campus": 12, "size": 150, "track": "replay", "structure": "full", "phi": null, "eta": 0.8, "m": 0.6, "u_target": null, "u_realized": null, "method": "v2wmlp701", "seed": 701, "twt": 195.04000000000002, "makespan": 95.6037, "mean_flow": 21.293114000000006, "breach_share": 0.04666666666666667, "breach_p1": 0.13636363636363635, "breach_p2": 0.04, "breach_p3": 0.0, "breach_p4": 0.0, "decisions": 150, "latency_ms_per_decision": 3.0458205193281174, "replans": null, "validator_ok": 1, "runtime_s": 0.4568730778992176, "waits": 158}, "v2wmlp702": {"instance_id": "c12_replay_150_0106", "campus": 12, "size": 150, "track": "replay", "structure": "full", "phi": null, "eta": 0.8, "m": 0.6, "u_target": null, "u_realized": null, "method": "v2wmlp702", "seed": 702, "twt": 144.0, "makespan": 126.8648, "mean_flow": 39.542602666666674, "breach_share": 0.02666666666666667, "breach_p1": 0.06818181818181818, "breach_p2": 0.04, "breach_p3": 0.0, "breach_p4": 0.0, "decisions": 150, "latency_ms_per_decision": 3.138492020467917, "replans": null, "validator_ok": 1, "runtime_s": 0.47077380307018757, "waits": 114}, "v2wmlp703": {"instance_id": "c12_replay_150_0106", "campus": 12, "size": 150, "track": "replay", "structure": "full", "phi": null, "eta": 0.8, "m": 0.6, "u_target": null, "u_realized": null, "method": "v2wmlp703", "seed": 703, "twt": 190.15120000000002, "makespan": 90.8648, "mean_flow": 5.413377333333334, "breach_share": 0.02666666666666667, "breach_p1": 0.06818181818181818, "breach_p2": 0.04, "breach_p3": 0.0, "breach_p4": 0.0, "decisions": 150, "latency_ms_per_decision": 1.1733395668367546, "replans": null, "validator_ok": 1, "runtime_s": 0.17600093502551317, "waits": 34}, "v2wmlp704": {"instance_id": "c12_replay_150_0106", "campus": 12, "size": 150, "track": "replay", "structure": "full", "phi": null, "eta": 0.8, "m": 0.6, "u_target": null, "u_realized": null, "method": "v2wmlp704", "seed": 704, "twt": 221.04000000000002, "makespan": 113.84, "mean_flow": 26.06402, "breach_share": 0.04666666666666667, "breach_p1": 0.13636363636363635, "breach_p2": 0.04, "breach_p3": 0.0, "breach_p4": 0.0, "decisions": 150, "latency_ms_per_decision": 3.374101376781861, "replans": null, "validator_ok": 1, "runtime_s": 0.5061152065172791, "waits": 152}, "v2wmlp705": {"instance_id": "c12_replay_150_0106", "campus": 12, "size": 150, "track": "replay", "structure": "full", "phi": null, "eta": 0.8, "m": 0.6, "u_target": null, "u_realized": null, "method": "v2wmlp705", "seed": 705, "twt": 285.08000000000004, "makespan": 111.469, "mean_flow": 19.985321999999996, "breach_share": 0.04666666666666667, "breach_p1": 0.13636363636363635, "breach_p2": 0.04, "breach_p3": 0.0, "breach_p4": 0.0, "decisions": 150, "latency_ms_per_decision": 3.2156307933231196, "replans": null, "validator_ok": 1, "runtime_s": 0.4823446189984679, "waits": 108}, "v2wmlp706": {"instance_id": "c12_replay_150_0106", "campus": 12, "size": 150, "track": "replay", "structure": "full", "phi": null, "eta": 0.8, "m": 0.6, "u_target": null, "u_realized": null, "method": "v2wmlp706", "seed": 706, "twt": 144.0, "makespan": 90.8648, "mean_flow": 5.122365333333332, "breach_share": 0.02666666666666667, "breach_p1": 0.06818181818181818, "breach_p2": 0.04, "breach_p3": 0.0, "breach_p4": 0.0, "decisions": 150, "latency_ms_per_decision": 0.908419502278169, "replans": null, "validator_ok": 1, "runtime_s": 0.13626292534172535, "waits": 2}, "v2wmlp707": {"instance_id": "c12_replay_150_0106", "campus": 12, "size": 150, "track": "replay", "structure": "full", "phi": null, "eta": 0.8, "m": 0.6, "u_target": null, "u_realized": null, "method": "v2wmlp707", "seed": 707, "twt": 262.04, "makespan": 113.59, "mean_flow": 5.7532000000000005, "breach_share": 0.04666666666666667, "breach_p1": 0.13636363636363635, "breach_p2": 0.04, "breach_p3": 0.0, "breach_p4": 0.0, "decisions": 150, "latency_ms_per_decision": 0.810208817323049, "replans": null, "validator_ok": 1, "runtime_s": 0.12153132259845734, "waits": 0}, "v2wmlp708": {"instance_id": "c12_replay_150_0106", "campus": 12, "size": 150, "track": "replay", "structure": "full", "phi": null, "eta": 0.8, "m": 0.6, "u_target": null, "u_realized": null, "method": "v2wmlp708", "seed": 708, "twt": 244.08000000000004, "makespan": 113.59, "mean_flow": 5.511809333333334, "breach_share": 0.04666666666666667, "breach_p1": 0.13636363636363635, "breach_p2": 0.04, "breach_p3": 0.0, "breach_p4": 0.0, "decisions": 150, "latency_ms_per_decision": 0.8734925463795662, "replans": null, "validator_ok": 1, "runtime_s": 0.13102388195693493, "waits": 7}, "v2wmlp709": {"instance_id": "c12_replay_150_0106", "campus": 12, "size": 150, "track": "replay", "structure": "full", "phi": null, "eta": 0.8, "m": 0.6, "u_target": null, "u_realized": null, "method": "v2wmlp709", "seed": 709, "twt": 202.04000000000002, "makespan": 98.8648, "mean_flow": 22.342930000000006, "breach_share": 0.04, "breach_p1": 0.11363636363636363, "breach_p2": 0.04, "breach_p3": 0.0, "breach_p4": 0.0, "decisions": 150, "latency_ms_per_decision": 3.424828890711069, "replans": null, "validator_ok": 1, "runtime_s": 0.5137243336066604, "waits": 141}, "v2wmlp710": {"instance_id": "c12_replay_150_0106", "campus": 12, "size": 150, "track": "replay", "structure": "full", "phi": null, "eta": 0.8, "m": 0.6, "u_target": null, "u_realized": null, "method": "v2wmlp710", "seed": 710, "twt": 227.04000000000002, "makespan": 156.2631, "mean_flow": 24.990340000000007, "breach_share": 0.03333333333333333, "breach_p1": 0.09090909090909091, "breach_p2": 0.04, "breach_p3": 0.0, "breach_p4": 0.0, "decisions": 150, "latency_ms_per_decision": 3.2551453510920205, "replans": null, "validator_ok": 1, "runtime_s": 0.4882718026638031, "waits": 130}}}