{"config_id": "c12_replay_150_0104__c12_full_eta100_m080", "rows": {"v2wmlp701": {"instance_id": "c12_replay_150_0104", "campus": 12, "size": 150, "track": "replay", "structure": "full", "phi": null, "eta": 1.0, "m": 0.8, "u_target": null, "u_realized": null, "method": "v2wmlp701", "seed": 701, "twt": 1590.3999999999999, "makespan": 107.25, "mean_flow": 17.410605333333333, "breach_share": 0.09333333333333334, "breach_p1": 0.2857142857142857, "breach_p2": 0.0, "breach_p3": 0.0, "breach_p4": 0.0, "decisions": 150, "latency_ms_per_decision": 2.955342878897985, "replans": null, "validator_ok": 1, "runtime_s": 0.4433014318346977, "waits": 186}, "v2wmlp702": {"instance_id": "c12_replay_150_0104", "campus": 12, "size": 150, "track": "replay", "structure": "full", "phi": null, "eta": 1.0, "m": 0.8, "u_target": null, "u_realized": null, "method": "v2wmlp702", "seed": 702, "twt": 1590.3999999999999, "makespan": 117.4492, "mean_flow": 28.062403333333332, "breach_share": 0.09333333333333334, "breach_p1": 0.2857142857142857, "breach_p2": 0.0, "breach_p3": 0.0, "breach_p4": 0.0, "decisions": 150, "latency_ms_per_decision": 3.82405586540699, "replans": null, "validator_ok": 1, "runtime_s": 0.5736083798110485, "waits": 187}, "v2wmlp703": {"instance_id": "c12_replay_150_0104", "campus": 12, "size": 150, "track": "replay", "structure": "full", "phi": null, "eta": 1.0, "m": 0.8, "u_target": null, "u_realized": null, "method": "v2wmlp703", "seed": 703, "twt": 1590.3999999999999, "makespan": 107.25, "mean_flow": 6.197555333333334, "breach_share": 0.09333333333333334, "breach_p1": 0.2857142857142857, "breach_p2": 0.0, "breach_p3": 0.0, "breach_p4": 0.0, "decisions": 150, "latency_ms_per_decision": 0.6049869582056999, "replans": null, "validator_ok": 1, "runtime_s": 0.09074804373085499, "waits": 0}, "v2wmlp704": {"instance_id": "c12_replay_150_0104", "campus": 12, "size": 150, "track": "replay", "structure": "full", "phi": null, "eta": 1.0, "m": 0.8, "u_target": null, "u_realized": null, "method": "v2wmlp704", "seed": 704, "twt": 1590.3999999999999, "makespan": 107.25, "mean_flow": 16.025651333333336, "breach_share": 0.09333333333333334, "breach_p1": 0.2857142857142857, "breach_p2": 0.0, "breach_p3": 0.0, "breach_p4": 0.0, "decisions": 150, "latency_ms_per_decision": 6.918721025188764, "replans": null, "validator_ok": 1, "runtime_s": 1.0378081537783146, "waits": 183}, "v2wmlp705": {"instance_id": "c12_replay_150_0104", "campus": 12, "size": 150, "track": "replay", "structure": "full", "phi": null, "eta": 1.0, "m": 0.8, "u_target": null, "u_realized": null, "method": "v2wmlp705", "seed": 705, "twt": 1590.3999999999999, "makespan": 114.25, "mean_flow": 19.525415333333335, "breach_share": 0.09333333333333334, "breach_p1": 0.2857142857142857, "breach_p2": 0.0, "breach_p3": 0.0, "breach_p4": 0.0, "decisions": 150, "latency_ms_per_decision": 10.21571984514594, "replans": null, "validator_ok": 1, "runtime_s": 1.5323579767718911, "waits": 163}, "v2wmlp706": {"instance_id": "c12_replay_150_0104", "campus": 12, "size": 150, "track": "replay", "structure": "full", "phi": null, "eta": 1.0, "m": 0.8, "u_target": null, "u_realized": null, "method": "v2wmlp706", "seed": 706, "twt": 1617.0448, "makespan": 110.5806, "mean_flow": 6.403800666666666, "breach_share": 0.09333333333333334, "breach_p1": 0.2857142857142857, "breach_p2": 0.0, "breach_p3": 0.0, "breach_p4": 0.0, "decisions": 150, "latency_ms_per_decision": 2.603040412068367, "replans": null, "validator_ok": 1, "runtime_s": 0.39045606181025505, "waits": 38}, "v2wmlp707": {"instance_id": "c12_replay_150_0104", "campus": 12, "size": 150, "track": "replay", "structure": "full", "phi": null, "eta": 1.0, "m": 0.8, "u_target": null, "u_realized": null, "method": "v2wmlp707", "seed": 707, "twt": 1590.3999999999999, "makespan": 107.25, "mean_flow": 6.197555333333333, "breach_share": 0.09333333333333334, "breach_p1": 0.2857142857142857, "breach_p2": 0.0, "breach_p3": 0.0, "breach_p4": 0.0, "decisions": 150, "latency_ms_per_decision": 1.1857515014708042, "replans": null, "validator_ok": 1, "runtime_s": 0.17786272522062063, "waits": 0}, "v2wmlp708": {"instance_id": "c12_replay_150_0104", "campus": 12, "size": 150, "track": "replay", "structure": "full", "phi": null, "eta": 1.0, "m": 0.8, "u_target": null, "u_realized": null, "method": "v2wmlp708", "seed": 708, "twt": 1590.3999999999999, "makespan": 107.25, "mean_flow": 6.333612666666667, "breach_share": 0.09333333333333334, "breach_p1": 0.2857142857142857, "breach_p2": 0.0, "breach_p3": 0.0, "breach_p4": 0.0, "decisions": 150, "latency_ms_per_decision": 1.2049643384913604, "replans": null, "validator_ok": 1, "runtime_s": 0.18074465077370405, "waits": 39}, "v2wmlp709": {"instance_id": "c12_replay_150_0104", "campus": 12, "size": 150, "track": "replay", "structure": "full", "phi": null, "eta": 1.0, "m": 0.8, "u_target": null, "u_realized": null, "method": "v2wmlp709", "seed": 709, "twt": 1590.3999999999999, "makespan": 107.25, "mean_flow": 15.96006, "breach_share": 0.09333333333333334, "breach_p1": 0.2857142857142857, "breach_p2": 0.0, "breach_p3": 0.0, "breach_p4": 0.0, "decisions": 150, "latency_ms_per_decision": 3.079216449211041, "replans": null, "validator_ok": 1, "runtime_s": 0.46188246738165617, "waits": 187}, "v2wmlp710": {"instance_id": "c12_replay_150_0104", "campus": 12, "size": 150, "track": "replay", "structure": "full", "phi": null, "eta": 1.0, "m": 0.8, "u_target": null, "u_realized": null, "method": "v2wmlp710", "seed": 710, "twt": 1590.3999999999999, "makespan": 107.25, "mean_flow": 23.362805333333334, "breach_share": 0.09333333333333334, "breach_p1": 0.2857142857142857, "breach_p2": 0.0, "breach_p3": 0.0, "breach_p4": 0.0, "decisions": 150, "latency_ms_per_decision": 5.211364980787039, "replans": null, "validator_ok": 1, "runtime_s": 0.7817047471180558, "waits": 189}}}