{"config_id": "c12_replay_150_0100__c12_full_eta080_m100", "rows": {"v2wmlp701": {"instance_id": "c12_replay_150_0100", "campus": 12, "size": 150, "track": "replay", "structure": "full", "phi": null, "eta": 0.8, "m": 1.0, "u_target": null, "u_realized": null, "method": "v2wmlp701", "seed": 701, "twt": 805.4592, "makespan": 137.65120000000002, "mean_flow": 38.24388066666666, "breach_share": 0.02666666666666667, "breach_p1": 0.14285714285714285, "breach_p2": 0.058823529411764705, "breach_p3": 0.0, "breach_p4": 0.0, "decisions": 150, "latency_ms_per_decision": 3.245820930848519, "replans": null, "validator_ok": 1, "runtime_s": 0.48687313962727785, "waits": 200}, "v2wmlp702": {"instance_id": "c12_replay_150_0100", "campus": 12, "size": 150, "track": "replay", "structure": "full", "phi": null, "eta": 0.8, "m": 1.0, "u_target": null, "u_realized": null, "method": "v2wmlp702", "seed": 702, "twt": 783.4592, "makespan": 128.6212, "mean_flow": 44.15021000000001, "breach_share": 0.02666666666666667, "breach_p1": 0.14285714285714285, "breach_p2": 0.058823529411764705, "breach_p3": 0.0, "breach_p4": 0.0, "decisions": 150, "latency_ms_per_decision": 4.236447494477034, "replans": null, "validator_ok": 1, "runtime_s": 0.635467124171555, "waits": 190}, "v2wmlp703": {"instance_id": "c12_replay_150_0100", "campus": 12, "size": 150, "track": "replay", "structure": "full", "phi": null, "eta": 0.8, "m": 1.0, "u_target": null, "u_realized": null, "method": "v2wmlp703", "seed": 703, "twt": 812.6392, "makespan": 100.6165, "mean_flow": 8.780024666666666, "breach_share": 0.02666666666666667, "breach_p1": 0.14285714285714285, "breach_p2": 0.058823529411764705, "breach_p3": 0.0, "breach_p4": 0.0, "decisions": 150, "latency_ms_per_decision": 0.3709542627135913, "replans": null, "validator_ok": 1, "runtime_s": 0.05564313940703869, "waits": 18}, "v2wmlp704": {"instance_id": "c12_replay_150_0100", "campus": 12, "size": 150, "track": "replay", "structure": "full", "phi": null, "eta": 0.8, "m": 1.0, "u_target": null, "u_realized": null, "method": "v2wmlp704", "seed": 704, "twt": 833.4592, "makespan": 113.59, "mean_flow": 31.816896666666665, "breach_share": 0.02666666666666667, "breach_p1": 0.14285714285714285, "breach_p2": 0.058823529411764705, "breach_p3": 0.0, "breach_p4": 0.0, "decisions": 150, "latency_ms_per_decision": 4.646529039988915, "replans": null, "validator_ok": 1, "runtime_s": 0.6969793559983373, "waits": 215}, "v2wmlp705": {"instance_id": "c12_replay_150_0100", "campus": 12, "size": 150, "track": "replay", "structure": "full", "phi": null, "eta": 0.8, "m": 1.0, "u_target": null, "u_realized": null, "method": "v2wmlp705", "seed": 705, "twt": 1051.4, "makespan": 145.8544, "mean_flow": 28.350098666666668, "breach_share": 0.02666666666666667, "breach_p1": 0.14285714285714285, "breach_p2": 0.058823529411764705, "breach_p3": 0.0, "breach_p4": 0.0, "decisions": 150, "latency_ms_per_decision": 3.6136897653341293, "replans": null, "validator_ok": 1, "runtime_s": 0.5420534648001194, "waits": 140}, "v2wmlp706": {"instance_id": "c12_replay_150_0100", "campus": 12, "size": 150, "track": "replay", "structure": "full", "phi": null, "eta": 0.8, "m": 1.0, "u_target": null, "u_realized": null, "method": "v2wmlp706", "seed": 706, "twt": 2467.304, "makespan": 283.8348, "mean_flow": 11.144101333333333, "breach_share": 0.02666666666666667, "breach_p1": 0.14285714285714285, "breach_p2": 0.058823529411764705, "breach_p3": 0.0, "breach_p4": 0.0, "decisions": 150, "latency_ms_per_decision": 1.5393591672182083, "replans": null, "validator_ok": 1, "runtime_s": 0.23090387508273125, "waits": 134}, "v2wmlp707": {"instance_id": "c12_replay_150_0100", "campus": 12, "size": 150, "track": "replay", "structure": "full", "phi": null, "eta": 0.8, "m": 1.0, "u_target": null, "u_realized": null, "method": "v2wmlp707", "seed": 707, "twt": 960.4992, "makespan": 113.59, "mean_flow": 10.171397333333335, "breach_share": 0.02666666666666667, "breach_p1": 0.14285714285714285, "breach_p2": 0.058823529411764705, "breach_p3": 0.0, "breach_p4": 0.0, "decisions": 150, "latency_ms_per_decision": 2.617213800549507, "replans": null, "validator_ok": 1, "runtime_s": 0.39258207008242607, "waits": 0}, "v2wmlp708": {"instance_id": "c12_replay_150_0100", "campus": 12, "size": 150, "track": "replay", "structure": "full", "phi": null, "eta": 0.8, "m": 1.0, "u_target": null, "u_realized": null, "method": "v2wmlp708", "seed": 708, "twt": 833.4592, "makespan": 113.59, "mean_flow": 9.393730666666665, "breach_share": 0.02666666666666667, "breach_p1": 0.14285714285714285, "breach_p2": 0.058823529411764705, "breach_p3": 0.0, "breach_p4": 0.0, "decisions": 150, "latency_ms_per_decision": 1.156560822079579, "replans": null, "validator_ok": 1, "runtime_s": 0.17348412331193686, "waits": 0}, "v2wmlp709": {"instance_id": "c12_replay_150_0100", "campus": 12, "size": 150, "track": "replay", "structure": "full", "phi": null, "eta": 0.8, "m": 1.0, "u_target": null, "u_realized": null, "method": "v2wmlp709", "seed": 709, "twt": 783.4592, "makespan": 110.4898, "mean_flow": 19.066638666666666, "breach_share": 0.02666666666666667, "breach_p1": 0.14285714285714285, "breach_p2": 0.058823529411764705, "breach_p3": 0.0, "breach_p4": 0.0, "decisions": 150, "latency_ms_per_decision": 9.93178308630983, "replans": null, "validator_ok": 1, "runtime_s": 1.4897674629464746, "waits": 226}, "v2wmlp710": {"instance_id": "c12_replay_150_0100", "campus": 12, "size": 150, "track": "replay", "structure": "full", "phi": null, "eta": 0.8, "m": 1.0, "u_target": null, "u_realized": null, "method": "v2wmlp710", "seed": 710, "twt": 1110.8165999999999, "makespan": 189.11169999999998, "mean_flow": 60.85979333333333, "breach_share": 0.11333333333333333, "breach_p1": 0.14285714285714285, "breach_p2": 0.058823529411764705, "breach_p3": 0.2127659574468085, "breach_p4": 0.046153846153846156, "decisions": 150, "latency_ms_per_decision": 6.003035735338926, "replans": null, "validator_ok": 1, "runtime_s": 0.900455360300839, "waits": 138}}}