{"config_id": "c12_replay_400_0098__c12_full_eta100_m080", "rows": {"v2wmlp701": {"instance_id": "c12_replay_400_0098", "campus": 12, "size": 400, "track": "replay", "structure": "full", "phi": null, "eta": 1.0, "m": 0.8, "u_target": null, "u_realized": null, "method": "v2wmlp701", "seed": 701, "twt": 1669.0608000000007, "makespan": 130.5, "mean_flow": 34.425719, "breach_share": 0.105, "breach_p1": 0.0707070707070707, "breach_p2": 0.33980582524271846, "breach_p3": 0.0, "breach_p4": 0.0, "decisions": 400, "latency_ms_per_decision": 3.4420492057688534, "replans": null, "validator_ok": 1, "runtime_s": 1.3768196823075414, "waits": 342}, "v2wmlp702": {"instance_id": "c12_replay_400_0098", "campus": 12, "size": 400, "track": "replay", "structure": "full", "phi": null, "eta": 1.0, "m": 0.8, "u_target": null, "u_realized": null, "method": "v2wmlp702", "seed": 702, "twt": 964.2, "makespan": 125.5, "mean_flow": 29.457232250000008, "breach_share": 0.0225, "breach_p1": 0.0707070707070707, "breach_p2": 0.019417475728155338, "breach_p3": 0.0, "breach_p4": 0.0, "decisions": 400, "latency_ms_per_decision": 3.7962504476308823, "replans": null, "validator_ok": 1, "runtime_s": 1.518500179052353, "waits": 369}, "v2wmlp703": {"instance_id": "c12_replay_400_0098", "campus": 12, "size": 400, "track": "replay", "structure": "full", "phi": null, "eta": 1.0, "m": 0.8, "u_target": null, "u_realized": null, "method": "v2wmlp703", "seed": 703, "twt": 1563.4336, "makespan": 93.0, "mean_flow": 4.50008725, "breach_share": 0.03, "breach_p1": 0.10101010101010101, "breach_p2": 0.019417475728155338, "breach_p3": 0.0, "breach_p4": 0.0, "decisions": 400, "latency_ms_per_decision": 1.4773015258833766, "replans": null, "validator_ok": 1, "runtime_s": 0.5909206103533506, "waits": 290}, "v2wmlp704": {"instance_id": "c12_replay_400_0098", "campus": 12, "size": 400, "track": "replay", "structure": "full", "phi": null, "eta": 1.0, "m": 0.8, "u_target": null, "u_realized": null, "method": "v2wmlp704", "seed": 704, "twt": 964.2, "makespan": 125.5, "mean_flow": 30.219376, "breach_share": 0.0225, "breach_p1": 0.0707070707070707, "breach_p2": 0.019417475728155338, "breach_p3": 0.0, "breach_p4": 0.0, "decisions": 400, "latency_ms_per_decision": 4.240246664267033, "replans": null, "validator_ok": 1, "runtime_s": 1.6960986657068133, "waits": 322}, "v2wmlp705": {"instance_id": "c12_replay_400_0098", "campus": 12, "size": 400, "track": "replay", "structure": "full", "phi": null, "eta": 1.0, "m": 0.8, "u_target": null, "u_realized": null, "method": "v2wmlp705", "seed": 705, "twt": 964.2, "makespan": 118.2, "mean_flow": 26.475311750000007, "breach_share": 0.0225, "breach_p1": 0.0707070707070707, "breach_p2": 0.019417475728155338, "breach_p3": 0.0, "breach_p4": 0.0, "decisions": 400, "latency_ms_per_decision": 6.6933886939659715, "replans": null, "validator_ok": 1, "runtime_s": 2.6773554775863886, "waits": 348}, "v2wmlp706": {"instance_id": "c12_replay_400_0098", "campus": 12, "size": 400, "track": "replay", "structure": "full", "phi": null, "eta": 1.0, "m": 0.8, "u_target": null, "u_realized": null, "method": "v2wmlp706", "seed": 706, "twt": 1233.4124000000002, "makespan": 79.4383, "mean_flow": 10.28918675, "breach_share": 0.05, "breach_p1": 0.1717171717171717, "breach_p2": 0.02912621359223301, "breach_p3": 0.0, "breach_p4": 0.0, "decisions": 400, "latency_ms_per_decision": 2.1496309083886445, "replans": null, "validator_ok": 1, "runtime_s": 0.8598523633554578, "waits": 159}, "v2wmlp707": {"instance_id": "c12_replay_400_0098", "campus": 12, "size": 400, "track": "replay", "structure": "full", "phi": null, "eta": 1.0, "m": 0.8, "u_target": null, "u_realized": null, "method": "v2wmlp707", "seed": 707, "twt": 964.2, "makespan": 79.4383, "mean_flow": 4.070575, "breach_share": 0.0225, "breach_p1": 0.0707070707070707, "breach_p2": 0.019417475728155338, "breach_p3": 0.0, "breach_p4": 0.0, "decisions": 400, "latency_ms_per_decision": 0.8984467340633273, "replans": null, "validator_ok": 1, "runtime_s": 0.3593786936253309, "waits": 0}, "v2wmlp708": {"instance_id": "c12_replay_400_0098", "campus": 12, "size": 400, "track": "replay", "structure": "full", "phi": null, "eta": 1.0, "m": 0.8, "u_target": null, "u_realized": null, "method": "v2wmlp708", "seed": 708, "twt": 978.2, "makespan": 83.5017, "mean_flow": 4.72691225, "breach_share": 0.025, "breach_p1": 0.08080808080808081, "breach_p2": 0.019417475728155338, "breach_p3": 0.0, "breach_p4": 0.0, "decisions": 400, "latency_ms_per_decision": 2.0748347928747535, "replans": null, "validator_ok": 1, "runtime_s": 0.8299339171499014, "waits": 263}, "v2wmlp709": {"instance_id": "c12_replay_400_0098", "campus": 12, "size": 400, "track": "replay", "structure": "full", "phi": null, "eta": 1.0, "m": 0.8, "u_target": null, "u_realized": null, "method": "v2wmlp709", "seed": 709, "twt": 964.2, "makespan": 81.9958, "mean_flow": 9.362765, "breach_share": 0.0225, "breach_p1": 0.0707070707070707, "breach_p2": 0.019417475728155338, "breach_p3": 0.0, "breach_p4": 0.0, "decisions": 400, "latency_ms_per_decision": 6.089915020857006, "replans": null, "validator_ok": 1, "runtime_s": 2.4359660083428025, "waits": 363}, "v2wmlp710": {"instance_id": "c12_replay_400_0098", "campus": 12, "size": 400, "track": "replay", "structure": "full", "phi": null, "eta": 1.0, "m": 0.8, "u_target": null, "u_realized": null, "method": "v2wmlp710", "seed": 710, "twt": 972.2, "makespan": 106.4731, "mean_flow": 18.090463250000003, "breach_share": 0.025, "breach_p1": 0.08080808080808081, "breach_p2": 0.019417475728155338, "breach_p3": 0.0, "breach_p4": 0.0, "decisions": 400, "latency_ms_per_decision": 5.392170168925077, "replans": null, "validator_ok": 1, "runtime_s": 2.1568680675700307, "waits": 330}}}