{"config_id": "c12_replay_150_0112__c12_l0_eta100_m100", "rows": {"v2wmlp701": {"instance_id": "c12_replay_150_0112", "campus": 12, "size": 150, "track": "replay", "structure": "dedicated", "phi": null, "eta": 1.0, "m": 1.0, "u_target": null, "u_realized": null, "method": "v2wmlp701", "seed": 701, "twt": 301.6, "makespan": 93.0651, "mean_flow": 6.935885333333332, "breach_share": 0.03333333333333333, "breach_p1": 0.13513513513513514, "breach_p2": 0.0, "breach_p3": 0.0, "breach_p4": 0.0, "decisions": 150, "latency_ms_per_decision": 0.4465501569211483, "replans": null, "validator_ok": 1, "runtime_s": 0.06698252353817225, "waits": 38}, "v2wmlp702": {"instance_id": "c12_replay_150_0112", "campus": 12, "size": 150, "track": "replay", "structure": "dedicated", "phi": null, "eta": 1.0, "m": 1.0, "u_target": null, "u_realized": null, "method": "v2wmlp702", "seed": 702, "twt": 301.6, "makespan": 92.4528, "mean_flow": 22.809854, "breach_share": 0.03333333333333333, "breach_p1": 0.13513513513513514, "breach_p2": 0.0, "breach_p3": 0.0, "breach_p4": 0.0, "decisions": 150, "latency_ms_per_decision": 0.9585081661740938, "replans": null, "validator_ok": 1, "runtime_s": 0.14377622492611408, "waits": 163}, "v2wmlp703": {"instance_id": "c12_replay_150_0112", "campus": 12, "size": 150, "track": "replay", "structure": "dedicated", "phi": null, "eta": 1.0, "m": 1.0, "u_target": null, "u_realized": null, "method": "v2wmlp703", "seed": 703, "twt": 966.7647999999999, "makespan": 92.4528, "mean_flow": 8.468320000000002, "breach_share": 0.16666666666666666, "breach_p1": 0.6756756756756757, "breach_p2": 0.0, "breach_p3": 0.0, "breach_p4": 0.0, "decisions": 150, "latency_ms_per_decision": 0.41878925015528995, "replans": null, "validator_ok": 1, "runtime_s": 0.0628183875232935, "waits": 54}, "v2wmlp704": {"instance_id": "c12_replay_150_0112", "campus": 12, "size": 150, "track": "replay", "structure": "dedicated", "phi": null, "eta": 1.0, "m": 1.0, "u_target": null, "u_realized": null, "method": "v2wmlp704", "seed": 704, "twt": 301.6, "makespan": 92.4528, "mean_flow": 18.15242933333333, "breach_share": 0.03333333333333333, "breach_p1": 0.13513513513513514, "breach_p2": 0.0, "breach_p3": 0.0, "breach_p4": 0.0, "decisions": 150, "latency_ms_per_decision": 1.036804939309756, "replans": null, "validator_ok": 1, "runtime_s": 0.1555207408964634, "waits": 170}, "v2wmlp705": {"instance_id": "c12_replay_150_0112", "campus": 12, "size": 150, "track": "replay", "structure": "dedicated", "phi": null, "eta": 1.0, "m": 1.0, "u_target": null, "u_realized": null, "method": "v2wmlp705", "seed": 705, "twt": 301.6, "makespan": 92.4528, "mean_flow": 13.309450666666669, "breach_share": 0.03333333333333333, "breach_p1": 0.13513513513513514, "breach_p2": 0.0, "breach_p3": 0.0, "breach_p4": 0.0, "decisions": 150, "latency_ms_per_decision": 1.056944616138935, "replans": null, "validator_ok": 1, "runtime_s": 0.15854169242084026, "waits": 138}, "v2wmlp706": {"instance_id": "c12_replay_150_0112", "campus": 12, "size": 150, "track": "replay", "structure": "dedicated", "phi": null, "eta": 1.0, "m": 1.0, "u_target": null, "u_realized": null, "method": "v2wmlp706", "seed": 706, "twt": 301.6, "makespan": 92.4528, "mean_flow": 6.257858000000001, "breach_share": 0.03333333333333333, "breach_p1": 0.13513513513513514, "breach_p2": 0.0, "breach_p3": 0.0, "breach_p4": 0.0, "decisions": 150, "latency_ms_per_decision": 0.25652021169662476, "replans": null, "validator_ok": 1, "runtime_s": 0.03847803175449371, "waits": 0}, "v2wmlp707": {"instance_id": "c12_replay_150_0112", "campus": 12, "size": 150, "track": "replay", "structure": "dedicated", "phi": null, "eta": 1.0, "m": 1.0, "u_target": null, "u_realized": null, "method": "v2wmlp707", "seed": 707, "twt": 301.6, "makespan": 98.8648, "mean_flow": 8.427329333333335, "breach_share": 0.03333333333333333, "breach_p1": 0.13513513513513514, "breach_p2": 0.0, "breach_p3": 0.0, "breach_p4": 0.0, "decisions": 150, "latency_ms_per_decision": 1.0326539725065231, "replans": null, "validator_ok": 1, "runtime_s": 0.15489809587597847, "waits": 107}, "v2wmlp708": {"instance_id": "c12_replay_150_0112", "campus": 12, "size": 150, "track": "replay", "structure": "dedicated", "phi": null, "eta": 1.0, "m": 1.0, "u_target": null, "u_realized": null, "method": "v2wmlp708", "seed": 708, "twt": 301.6, "makespan": 114.9504, "mean_flow": 21.66750266666666, "breach_share": 0.03333333333333333, "breach_p1": 0.13513513513513514, "breach_p2": 0.0, "breach_p3": 0.0, "breach_p4": 0.0, "decisions": 150, "latency_ms_per_decision": 1.263609603047371, "replans": null, "validator_ok": 1, "runtime_s": 0.18954144045710564, "waits": 163}, "v2wmlp709": {"instance_id": "c12_replay_150_0112", "campus": 12, "size": 150, "track": "replay", "structure": "dedicated", "phi": null, "eta": 1.0, "m": 1.0, "u_target": null, "u_realized": null, "method": "v2wmlp709", "seed": 709, "twt": 301.6, "makespan": 92.4528, "mean_flow": 18.40791466666667, "breach_share": 0.03333333333333333, "breach_p1": 0.13513513513513514, "breach_p2": 0.0, "breach_p3": 0.0, "breach_p4": 0.0, "decisions": 150, "latency_ms_per_decision": 1.081455337504546, "replans": null, "validator_ok": 1, "runtime_s": 0.16221830062568188, "waits": 185}, "v2wmlp710": {"instance_id": "c12_replay_150_0112", "campus": 12, "size": 150, "track": "replay", "structure": "dedicated", "phi": null, "eta": 1.0, "m": 1.0, "u_target": null, "u_realized": null, "method": "v2wmlp710", "seed": 710, "twt": 301.6, "makespan": 92.4528, "mean_flow": 6.345789333333334, "breach_share": 0.03333333333333333, "breach_p1": 0.13513513513513514, "breach_p2": 0.0, "breach_p3": 0.0, "breach_p4": 0.0, "decisions": 150, "latency_ms_per_decision": 0.3925718491276105, "replans": null, "validator_ok": 1, "runtime_s": 0.05888577736914158, "waits": 77}}}