{"config_id": "c12_replay_150_0199__c12_chain_phi100_eta100_m080", "rows": {"v2wmlp701": {"instance_id": "c12_replay_150_0199", "campus": 12, "size": 150, "track": "replay", "structure": "chain", "phi": 1.0, "eta": 1.0, "m": 0.8, "u_target": null, "u_realized": null, "method": "v2wmlp701", "seed": 701, "twt": 308.1734, "makespan": 92.5729, "mean_flow": 9.83585, "breach_share": 0.04, "breach_p1": 0.23076923076923078, "breach_p2": 0.09523809523809523, "breach_p3": 0.011111111111111112, "breach_p4": 0.0, "decisions": 150, "latency_ms_per_decision": 1.2547996391852696, "replans": null, "validator_ok": 1, "runtime_s": 0.18821994587779045, "waits": 83}, "v2wmlp702": {"instance_id": "c12_replay_150_0199", "campus": 12, "size": 150, "track": "replay", "structure": "chain", "phi": 1.0, "eta": 1.0, "m": 0.8, "u_target": null, "u_realized": null, "method": "v2wmlp702", "seed": 702, "twt": 308.0628, "makespan": 92.5176, "mean_flow": 27.611294666666666, "breach_share": 0.04, "breach_p1": 0.23076923076923078, "breach_p2": 0.09523809523809523, "breach_p3": 0.011111111111111112, "breach_p4": 0.0, "decisions": 150, "latency_ms_per_decision": 2.4226147371033826, "replans": null, "validator_ok": 1, "runtime_s": 0.3633922105655074, "waits": 158}, "v2wmlp703": {"instance_id": "c12_replay_150_0199", "campus": 12, "size": 150, "track": "replay", "structure": "chain", "phi": 1.0, "eta": 1.0, "m": 0.8, "u_target": null, "u_realized": null, "method": "v2wmlp703", "seed": 703, "twt": 336.53340000000003, "makespan": 92.5729, "mean_flow": 7.238252666666667, "breach_share": 0.04, "breach_p1": 0.23076923076923078, "breach_p2": 0.09523809523809523, "breach_p3": 0.011111111111111112, "breach_p4": 0.0, "decisions": 150, "latency_ms_per_decision": 0.48193832238515216, "replans": null, "validator_ok": 1, "runtime_s": 0.07229074835777283, "waits": 66}, "v2wmlp704": {"instance_id": "c12_replay_150_0199", "campus": 12, "size": 150, "track": "replay", "structure": "chain", "phi": 1.0, "eta": 1.0, "m": 0.8, "u_target": null, "u_realized": null, "method": "v2wmlp704", "seed": 704, "twt": 308.0628, "makespan": 92.5176, "mean_flow": 26.40123266666667, "breach_share": 0.04, "breach_p1": 0.23076923076923078, "breach_p2": 0.09523809523809523, "breach_p3": 0.011111111111111112, "breach_p4": 0.0, "decisions": 150, "latency_ms_per_decision": 2.6139814034104347, "replans": null, "validator_ok": 1, "runtime_s": 0.3920972105115652, "waits": 158}, "v2wmlp705": {"instance_id": "c12_replay_150_0199", "campus": 12, "size": 150, "track": "replay", "structure": "chain", "phi": 1.0, "eta": 1.0, "m": 0.8, "u_target": null, "u_realized": null, "method": "v2wmlp705", "seed": 705, "twt": 308.1734, "makespan": 92.5729, "mean_flow": 13.98125266666667, "breach_share": 0.04, "breach_p1": 0.23076923076923078, "breach_p2": 0.09523809523809523, "breach_p3": 0.011111111111111112, "breach_p4": 0.0, "decisions": 150, "latency_ms_per_decision": 1.9366488854090373, "replans": null, "validator_ok": 1, "runtime_s": 0.2904973328113556, "waits": 111}, "v2wmlp706": {"instance_id": "c12_replay_150_0199", "campus": 12, "size": 150, "track": "replay", "structure": "chain", "phi": 1.0, "eta": 1.0, "m": 0.8, "u_target": null, "u_realized": null, "method": "v2wmlp706", "seed": 706, "twt": 308.1734, "makespan": 92.5729, "mean_flow": 7.810246666666667, "breach_share": 0.04, "breach_p1": 0.23076923076923078, "breach_p2": 0.09523809523809523, "breach_p3": 0.011111111111111112, "breach_p4": 0.0, "decisions": 150, "latency_ms_per_decision": 0.660248218725125, "replans": null, "validator_ok": 1, "runtime_s": 0.09903723280876875, "waits": 0}, "v2wmlp707": {"instance_id": "c12_replay_150_0199", "campus": 12, "size": 150, "track": "replay", "structure": "chain", "phi": 1.0, "eta": 1.0, "m": 0.8, "u_target": null, "u_realized": null, "method": "v2wmlp707", "seed": 707, "twt": 308.405, "makespan": 92.6887, "mean_flow": 8.237314666666666, "breach_share": 0.04, "breach_p1": 0.23076923076923078, "breach_p2": 0.09523809523809523, "breach_p3": 0.011111111111111112, "breach_p4": 0.0, "decisions": 150, "latency_ms_per_decision": 0.4916580331822236, "replans": null, "validator_ok": 1, "runtime_s": 0.07374870497733355, "waits": 13}, "v2wmlp708": {"instance_id": "c12_replay_150_0199", "campus": 12, "size": 150, "track": "replay", "structure": "chain", "phi": 1.0, "eta": 1.0, "m": 0.8, "u_target": null, "u_realized": null, "method": "v2wmlp708", "seed": 708, "twt": 308.0628, "makespan": 93.0, "mean_flow": 23.007577999999995, "breach_share": 0.04, "breach_p1": 0.23076923076923078, "breach_p2": 0.09523809523809523, "breach_p3": 0.011111111111111112, "breach_p4": 0.0, "decisions": 150, "latency_ms_per_decision": 2.4784905649721622, "replans": null, "validator_ok": 1, "runtime_s": 0.37177358474582434, "waits": 163}, "v2wmlp709": {"instance_id": "c12_replay_150_0199", "campus": 12, "size": 150, "track": "replay", "structure": "chain", "phi": 1.0, "eta": 1.0, "m": 0.8, "u_target": null, "u_realized": null, "method": "v2wmlp709", "seed": 709, "twt": 308.0628, "makespan": 92.5176, "mean_flow": 16.88297133333333, "breach_share": 0.04, "breach_p1": 0.23076923076923078, "breach_p2": 0.09523809523809523, "breach_p3": 0.011111111111111112, "breach_p4": 0.0, "decisions": 150, "latency_ms_per_decision": 2.5282280830045543, "replans": null, "validator_ok": 1, "runtime_s": 0.3792342124506831, "waits": 201}, "v2wmlp710": {"instance_id": "c12_replay_150_0199", "campus": 12, "size": 150, "track": "replay", "structure": "chain", "phi": 1.0, "eta": 1.0, "m": 0.8, "u_target": null, "u_realized": null, "method": "v2wmlp710", "seed": 710, "twt": 308.1734, "makespan": 92.5729, "mean_flow": 7.994354666666668, "breach_share": 0.04, "breach_p1": 0.23076923076923078, "breach_p2": 0.09523809523809523, "breach_p3": 0.011111111111111112, "breach_p4": 0.0, "decisions": 150, "latency_ms_per_decision": 0.2540765268107255, "replans": null, "validator_ok": 1, "runtime_s": 0.03811147902160883, "waits": 11}}}