{"config_id": "c12_replay_150_0148__c12_l0_eta100_m100", "rows": {"v2wmlp701": {"instance_id": "c12_replay_150_0148", "campus": 12, "size": 150, "track": "replay", "structure": "dedicated", "phi": null, "eta": 1.0, "m": 1.0, "u_target": null, "u_realized": null, "method": "v2wmlp701", "seed": 701, "twt": 710.9184, "makespan": 98.8648, "mean_flow": 4.734508, "breach_share": 0.02666666666666667, "breach_p1": 0.21052631578947367, "breach_p2": 0.0, "breach_p3": 0.0, "breach_p4": 0.0, "decisions": 150, "latency_ms_per_decision": 0.3569434769451618, "replans": null, "validator_ok": 1, "runtime_s": 0.05354152154177427, "waits": 26}, "v2wmlp702": {"instance_id": "c12_replay_150_0148", "campus": 12, "size": 150, "track": "replay", "structure": "dedicated", "phi": null, "eta": 1.0, "m": 1.0, "u_target": null, "u_realized": null, "method": "v2wmlp702", "seed": 702, "twt": 710.9184, "makespan": 98.8648, "mean_flow": 28.246411333333327, "breach_share": 0.02666666666666667, "breach_p1": 0.21052631578947367, "breach_p2": 0.0, "breach_p3": 0.0, "breach_p4": 0.0, "decisions": 150, "latency_ms_per_decision": 1.1283268965780735, "replans": null, "validator_ok": 1, "runtime_s": 0.16924903448671103, "waits": 158}, "v2wmlp703": {"instance_id": "c12_replay_150_0148", "campus": 12, "size": 150, "track": "replay", "structure": "dedicated", "phi": null, "eta": 1.0, "m": 1.0, "u_target": null, "u_realized": null, "method": "v2wmlp703", "seed": 703, "twt": 802.1912, "makespan": 98.8648, "mean_flow": 4.57492, "breach_share": 0.02666666666666667, "breach_p1": 0.21052631578947367, "breach_p2": 0.0, "breach_p3": 0.0, "breach_p4": 0.0, "decisions": 150, "latency_ms_per_decision": 0.30851103986303013, "replans": null, "validator_ok": 1, "runtime_s": 0.04627665597945452, "waits": 40}, "v2wmlp704": {"instance_id": "c12_replay_150_0148", "campus": 12, "size": 150, "track": "replay", "structure": "dedicated", "phi": null, "eta": 1.0, "m": 1.0, "u_target": null, "u_realized": null, "method": "v2wmlp704", "seed": 704, "twt": 710.9184, "makespan": 98.8648, "mean_flow": 20.72898666666666, "breach_share": 0.02666666666666667, "breach_p1": 0.21052631578947367, "breach_p2": 0.0, "breach_p3": 0.0, "breach_p4": 0.0, "decisions": 150, "latency_ms_per_decision": 1.1676440387964249, "replans": null, "validator_ok": 1, "runtime_s": 0.17514660581946373, "waits": 169}, "v2wmlp705": {"instance_id": "c12_replay_150_0148", "campus": 12, "size": 150, "track": "replay", "structure": "dedicated", "phi": null, "eta": 1.0, "m": 1.0, "u_target": null, "u_realized": null, "method": "v2wmlp705", "seed": 705, "twt": 710.9184, "makespan": 98.8648, "mean_flow": 13.546708000000002, "breach_share": 0.02666666666666667, "breach_p1": 0.21052631578947367, "breach_p2": 0.0, "breach_p3": 0.0, "breach_p4": 0.0, "decisions": 150, "latency_ms_per_decision": 1.1493302943805854, "replans": null, "validator_ok": 1, "runtime_s": 0.1723995441570878, "waits": 149}, "v2wmlp706": {"instance_id": "c12_replay_150_0148", "campus": 12, "size": 150, "track": "replay", "structure": "dedicated", "phi": null, "eta": 1.0, "m": 1.0, "u_target": null, "u_realized": null, "method": "v2wmlp706", "seed": 706, "twt": 1096.9032, "makespan": 147.1129, "mean_flow": 4.708752666666666, "breach_share": 0.02666666666666667, "breach_p1": 0.21052631578947367, "breach_p2": 0.0, "breach_p3": 0.0, "breach_p4": 0.0, "decisions": 150, "latency_ms_per_decision": 0.29725680127739906, "replans": null, "validator_ok": 1, "runtime_s": 0.04458852019160986, "waits": 50}, "v2wmlp707": {"instance_id": "c12_replay_150_0148", "campus": 12, "size": 150, "track": "replay", "structure": "dedicated", "phi": null, "eta": 1.0, "m": 1.0, "u_target": null, "u_realized": null, "method": "v2wmlp707", "seed": 707, "twt": 710.9184, "makespan": 98.8648, "mean_flow": 4.859480666666666, "breach_share": 0.02666666666666667, "breach_p1": 0.21052631578947367, "breach_p2": 0.0, "breach_p3": 0.0, "breach_p4": 0.0, "decisions": 150, "latency_ms_per_decision": 0.40729467446605366, "replans": null, "validator_ok": 1, "runtime_s": 0.06109420116990805, "waits": 36}, "v2wmlp708": {"instance_id": "c12_replay_150_0148", "campus": 12, "size": 150, "track": "replay", "structure": "dedicated", "phi": null, "eta": 1.0, "m": 1.0, "u_target": null, "u_realized": null, "method": "v2wmlp708", "seed": 708, "twt": 710.9184, "makespan": 98.8648, "mean_flow": 24.551424, "breach_share": 0.02666666666666667, "breach_p1": 0.21052631578947367, "breach_p2": 0.0, "breach_p3": 0.0, "breach_p4": 0.0, "decisions": 150, "latency_ms_per_decision": 1.1221980738143127, "replans": null, "validator_ok": 1, "runtime_s": 0.1683297110721469, "waits": 177}, "v2wmlp709": {"instance_id": "c12_replay_150_0148", "campus": 12, "size": 150, "track": "replay", "structure": "dedicated", "phi": null, "eta": 1.0, "m": 1.0, "u_target": null, "u_realized": null, "method": "v2wmlp709", "seed": 709, "twt": 710.9184, "makespan": 98.8648, "mean_flow": 20.085445999999994, "breach_share": 0.02666666666666667, "breach_p1": 0.21052631578947367, "breach_p2": 0.0, "breach_p3": 0.0, "breach_p4": 0.0, "decisions": 150, "latency_ms_per_decision": 1.0822222133477528, "replans": null, "validator_ok": 1, "runtime_s": 0.16233333200216293, "waits": 184}, "v2wmlp710": {"instance_id": "c12_replay_150_0148", "campus": 12, "size": 150, "track": "replay", "structure": "dedicated", "phi": null, "eta": 1.0, "m": 1.0, "u_target": null, "u_realized": null, "method": "v2wmlp710", "seed": 710, "twt": 710.9184, "makespan": 98.8648, "mean_flow": 4.401394666666667, "breach_share": 0.02666666666666667, "breach_p1": 0.21052631578947367, "breach_p2": 0.0, "breach_p3": 0.0, "breach_p4": 0.0, "decisions": 150, "latency_ms_per_decision": 0.30107710510492325, "replans": null, "validator_ok": 1, "runtime_s": 0.04516156576573849, "waits": 45}}}