{"config_id": "c12_replay_150_0111__c12_full_eta080_m080", "rows": {"v2wmlp701": {"instance_id": "c12_replay_150_0111", "campus": 12, "size": 150, "track": "replay", "structure": "full", "phi": null, "eta": 0.8, "m": 0.8, "u_target": null, "u_realized": null, "method": "v2wmlp701", "seed": 701, "twt": 312.92959999999994, "makespan": 127.4217, "mean_flow": 40.967877333333334, "breach_share": 0.02666666666666667, "breach_p1": 0.08333333333333333, "breach_p2": 0.043478260869565216, "breach_p3": 0.022222222222222223, "breach_p4": 0.0, "decisions": 150, "latency_ms_per_decision": 5.08455753326416, "replans": null, "validator_ok": 1, "runtime_s": 0.762683629989624, "waits": 155}, "v2wmlp702": {"instance_id": "c12_replay_150_0111", "campus": 12, "size": 150, "track": "replay", "structure": "full", "phi": null, "eta": 0.8, "m": 0.8, "u_target": null, "u_realized": null, "method": "v2wmlp702", "seed": 702, "twt": 312.92959999999994, "makespan": 120.3, "mean_flow": 42.94812666666667, "breach_share": 0.02666666666666667, "breach_p1": 0.08333333333333333, "breach_p2": 0.043478260869565216, "breach_p3": 0.022222222222222223, "breach_p4": 0.0, "decisions": 150, "latency_ms_per_decision": 3.84167588626345, "replans": null, "validator_ok": 1, "runtime_s": 0.5762513829395175, "waits": 141}, "v2wmlp703": {"instance_id": "c12_replay_150_0111", "campus": 12, "size": 150, "track": "replay", "structure": "full", "phi": null, "eta": 0.8, "m": 0.8, "u_target": null, "u_realized": null, "method": "v2wmlp703", "seed": 703, "twt": 351.48959999999994, "makespan": 98.2156, "mean_flow": 6.907165333333335, "breach_share": 0.02666666666666667, "breach_p1": 0.08333333333333333, "breach_p2": 0.043478260869565216, "breach_p3": 0.022222222222222223, "breach_p4": 0.0, "decisions": 150, "latency_ms_per_decision": 0.6115479332705339, "replans": null, "validator_ok": 1, "runtime_s": 0.09173218999058008, "waits": 27}, "v2wmlp704": {"instance_id": "c12_replay_150_0111", "campus": 12, "size": 150, "track": "replay", "structure": "full", "phi": null, "eta": 0.8, "m": 0.8, "u_target": null, "u_realized": null, "method": "v2wmlp704", "seed": 704, "twt": 338.92959999999994, "makespan": 119.13, "mean_flow": 35.045793999999994, "breach_share": 0.02666666666666667, "breach_p1": 0.08333333333333333, "breach_p2": 0.043478260869565216, "breach_p3": 0.022222222222222223, "breach_p4": 0.0, "decisions": 150, "latency_ms_per_decision": 3.342927092065414, "replans": null, "validator_ok": 1, "runtime_s": 0.5014390638098121, "waits": 156}, "v2wmlp705": {"instance_id": "c12_replay_150_0111", "campus": 12, "size": 150, "track": "replay", "structure": "full", "phi": null, "eta": 0.8, "m": 0.8, "u_target": null, "u_realized": null, "method": "v2wmlp705", "seed": 705, "twt": 461.17999999999995, "makespan": 120.9408, "mean_flow": 30.67743933333334, "breach_share": 0.02666666666666667, "breach_p1": 0.08333333333333333, "breach_p2": 0.043478260869565216, "breach_p3": 0.022222222222222223, "breach_p4": 0.0, "decisions": 150, "latency_ms_per_decision": 3.10658760368824, "replans": null, "validator_ok": 1, "runtime_s": 0.465988140553236, "waits": 116}, "v2wmlp706": {"instance_id": "c12_replay_150_0111", "campus": 12, "size": 150, "track": "replay", "structure": "full", "phi": null, "eta": 0.8, "m": 0.8, "u_target": null, "u_realized": null, "method": "v2wmlp706", "seed": 706, "twt": 808.592, "makespan": 194.2156, "mean_flow": 7.372269333333334, "breach_share": 0.02666666666666667, "breach_p1": 0.08333333333333333, "breach_p2": 0.043478260869565216, "breach_p3": 0.022222222222222223, "breach_p4": 0.0, "decisions": 150, "latency_ms_per_decision": 0.8194016975661119, "replans": null, "validator_ok": 1, "runtime_s": 0.12291025463491678, "waits": 191}, "v2wmlp707": {"instance_id": "c12_replay_150_0111", "campus": 12, "size": 150, "track": "replay", "structure": "full", "phi": null, "eta": 0.8, "m": 0.8, "u_target": null, "u_realized": null, "method": "v2wmlp707", "seed": 707, "twt": 461.17999999999995, "makespan": 120.9408, "mean_flow": 7.5024, "breach_share": 0.02666666666666667, "breach_p1": 0.08333333333333333, "breach_p2": 0.043478260869565216, "breach_p3": 0.022222222222222223, "breach_p4": 0.0, "decisions": 150, "latency_ms_per_decision": 0.4955195200939973, "replans": null, "validator_ok": 1, "runtime_s": 0.0743279280140996, "waits": 0}, "v2wmlp708": {"instance_id": "c12_replay_150_0111", "campus": 12, "size": 150, "track": "replay", "structure": "full", "phi": null, "eta": 0.8, "m": 0.8, "u_target": null, "u_realized": null, "method": "v2wmlp708", "seed": 708, "twt": 338.92959999999994, "makespan": 98.2156, "mean_flow": 6.9315913333333325, "breach_share": 0.02666666666666667, "breach_p1": 0.08333333333333333, "breach_p2": 0.043478260869565216, "breach_p3": 0.022222222222222223, "breach_p4": 0.0, "decisions": 150, "latency_ms_per_decision": 0.5051912801961104, "replans": null, "validator_ok": 1, "runtime_s": 0.07577869202941656, "waits": 8}, "v2wmlp709": {"instance_id": "c12_replay_150_0111", "campus": 12, "size": 150, "track": "replay", "structure": "full", "phi": null, "eta": 0.8, "m": 0.8, "u_target": null, "u_realized": null, "method": "v2wmlp709", "seed": 709, "twt": 358.38, "makespan": 120.9408, "mean_flow": 22.28235533333333, "breach_share": 0.02666666666666667, "breach_p1": 0.08333333333333333, "breach_p2": 0.043478260869565216, "breach_p3": 0.022222222222222223, "breach_p4": 0.0, "decisions": 150, "latency_ms_per_decision": 2.8289818887909255, "replans": null, "validator_ok": 1, "runtime_s": 0.4243472833186388, "waits": 164}, "v2wmlp710": {"instance_id": "c12_replay_150_0111", "campus": 12, "size": 150, "track": "replay", "structure": "full", "phi": null, "eta": 0.8, "m": 0.8, "u_target": null, "u_realized": null, "method": "v2wmlp710", "seed": 710, "twt": 462.5150000000001, "makespan": 155.3, "mean_flow": 56.138822, "breach_share": 0.06, "breach_p1": 0.08333333333333333, "breach_p2": 0.043478260869565216, "breach_p3": 0.13333333333333333, "breach_p4": 0.0, "decisions": 150, "latency_ms_per_decision": 2.5497463469703994, "replans": null, "validator_ok": 1, "runtime_s": 0.3824619520455599, "waits": 113}}}