{"config_id": "c12_replay_400_0083__c12_l0_eta100_m100", "rows": {"v2wmlp701": {"instance_id": "c12_replay_400_0083", "campus": 12, "size": 400, "track": "replay", "structure": "dedicated", "phi": null, "eta": 1.0, "m": 1.0, "u_target": null, "u_realized": null, "method": "v2wmlp701", "seed": 701, "twt": 665.7296, "makespan": 97.5526, "mean_flow": 5.140686499999999, "breach_share": 0.0375, "breach_p1": 0.1518987341772152, "breach_p2": 0.03389830508474576, "breach_p3": 0.011363636363636364, "breach_p4": 0.0, "decisions": 400, "latency_ms_per_decision": 0.34391318913549185, "replans": null, "validator_ok": 1, "runtime_s": 0.13756527565419674, "waits": 58}, "v2wmlp702": {"instance_id": "c12_replay_400_0083", "campus": 12, "size": 400, "track": "replay", "structure": "dedicated", "phi": null, "eta": 1.0, "m": 1.0, "u_target": null, "u_realized": null, "method": "v2wmlp702", "seed": 702, "twt": 665.7296, "makespan": 125.7003, "mean_flow": 44.9753795, "breach_share": 0.0375, "breach_p1": 0.1518987341772152, "breach_p2": 0.03389830508474576, "breach_p3": 0.011363636363636364, "breach_p4": 0.0, "decisions": 400, "latency_ms_per_decision": 3.4956700215116143, "replans": null, "validator_ok": 1, "runtime_s": 1.3982680086046457, "waits": 395}, "v2wmlp703": {"instance_id": "c12_replay_400_0083", "campus": 12, "size": 400, "track": "replay", "structure": "dedicated", "phi": null, "eta": 1.0, "m": 1.0, "u_target": null, "u_realized": null, "method": "v2wmlp703", "seed": 703, "twt": 1075.5804000000003, "makespan": 97.5526, "mean_flow": 4.9174495, "breach_share": 0.04, "breach_p1": 0.16455696202531644, "breach_p2": 0.03389830508474576, "breach_p3": 0.011363636363636364, "breach_p4": 0.0, "decisions": 400, "latency_ms_per_decision": 0.8905189856886864, "replans": null, "validator_ok": 1, "runtime_s": 0.35620759427547455, "waits": 390}, "v2wmlp704": {"instance_id": "c12_replay_400_0083", "campus": 12, "size": 400, "track": "replay", "structure": "dedicated", "phi": null, "eta": 1.0, "m": 1.0, "u_target": null, "u_realized": null, "method": "v2wmlp704", "seed": 704, "twt": 665.7296, "makespan": 97.5526, "mean_flow": 28.886058750000004, "breach_share": 0.0375, "breach_p1": 0.1518987341772152, "breach_p2": 0.03389830508474576, "breach_p3": 0.011363636363636364, "breach_p4": 0.0, "decisions": 400, "latency_ms_per_decision": 4.103021111804992, "replans": null, "validator_ok": 1, "runtime_s": 1.6412084447219968, "waits": 449}, "v2wmlp705": {"instance_id": "c12_replay_400_0083", "campus": 12, "size": 400, "track": "replay", "structure": "dedicated", "phi": null, "eta": 1.0, "m": 1.0, "u_target": null, "u_realized": null, "method": "v2wmlp705", "seed": 705, "twt": 665.7296, "makespan": 117.3648, "mean_flow": 26.33768, "breach_share": 0.0375, "breach_p1": 0.1518987341772152, "breach_p2": 0.03389830508474576, "breach_p3": 0.011363636363636364, "breach_p4": 0.0, "decisions": 400, "latency_ms_per_decision": 3.0865223822183907, "replans": null, "validator_ok": 1, "runtime_s": 1.2346089528873563, "waits": 459}, "v2wmlp706": {"instance_id": "c12_replay_400_0083", "campus": 12, "size": 400, "track": "replay", "structure": "dedicated", "phi": null, "eta": 1.0, "m": 1.0, "u_target": null, "u_realized": null, "method": "v2wmlp706", "seed": 706, "twt": 665.7296, "makespan": 97.5526, "mean_flow": 5.65432725, "breach_share": 0.0375, "breach_p1": 0.1518987341772152, "breach_p2": 0.03389830508474576, "breach_p3": 0.011363636363636364, "breach_p4": 0.0, "decisions": 400, "latency_ms_per_decision": 0.4354394949041307, "replans": null, "validator_ok": 1, "runtime_s": 0.17417579796165228, "waits": 169}, "v2wmlp707": {"instance_id": "c12_replay_400_0083", "campus": 12, "size": 400, "track": "replay", "structure": "dedicated", "phi": null, "eta": 1.0, "m": 1.0, "u_target": null, "u_realized": null, "method": "v2wmlp707", "seed": 707, "twt": 665.7296, "makespan": 97.5526, "mean_flow": 4.766839, "breach_share": 0.0375, "breach_p1": 0.1518987341772152, "breach_p2": 0.03389830508474576, "breach_p3": 0.011363636363636364, "breach_p4": 0.0, "decisions": 400, "latency_ms_per_decision": 0.2975898003205657, "replans": null, "validator_ok": 1, "runtime_s": 0.11903592012822628, "waits": 26}, "v2wmlp708": {"instance_id": "c12_replay_400_0083", "campus": 12, "size": 400, "track": "replay", "structure": "dedicated", "phi": null, "eta": 1.0, "m": 1.0, "u_target": null, "u_realized": null, "method": "v2wmlp708", "seed": 708, "twt": 665.7296, "makespan": 108.56700000000001, "mean_flow": 10.329879500000002, "breach_share": 0.0375, "breach_p1": 0.1518987341772152, "breach_p2": 0.03389830508474576, "breach_p3": 0.011363636363636364, "breach_p4": 0.0, "decisions": 400, "latency_ms_per_decision": 1.720154513604939, "replans": null, "validator_ok": 1, "runtime_s": 0.6880618054419756, "waits": 478}, "v2wmlp709": {"instance_id": "c12_replay_400_0083", "campus": 12, "size": 400, "track": "replay", "structure": "dedicated", "phi": null, "eta": 1.0, "m": 1.0, "u_target": null, "u_realized": null, "method": "v2wmlp709", "seed": 709, "twt": 665.7296, "makespan": 97.5526, "mean_flow": 9.5571675, "breach_share": 0.0375, "breach_p1": 0.1518987341772152, "breach_p2": 0.03389830508474576, "breach_p3": 0.011363636363636364, "breach_p4": 0.0, "decisions": 400, "latency_ms_per_decision": 1.4258708921261132, "replans": null, "validator_ok": 1, "runtime_s": 0.5703483568504453, "waits": 502}, "v2wmlp710": {"instance_id": "c12_replay_400_0083", "campus": 12, "size": 400, "track": "replay", "structure": "dedicated", "phi": null, "eta": 1.0, "m": 1.0, "u_target": null, "u_realized": null, "method": "v2wmlp710", "seed": 710, "twt": 665.7296, "makespan": 97.5526, "mean_flow": 5.42776875, "breach_share": 0.0375, "breach_p1": 0.1518987341772152, "breach_p2": 0.03389830508474576, "breach_p3": 0.011363636363636364, "breach_p4": 0.0, "decisions": 400, "latency_ms_per_decision": 0.5082391062751412, "replans": null, "validator_ok": 1, "runtime_s": 0.2032956425100565, "waits": 225}}}