{"config_id": "c12_replay_400_0139__c12_full_eta100_m100", "rows": {"v2wmlp701": {"instance_id": "c12_replay_400_0139", "campus": 12, "size": 400, "track": "replay", "structure": "full", "phi": null, "eta": 1.0, "m": 1.0, "u_target": null, "u_realized": null, "method": "v2wmlp701", "seed": 701, "twt": 605.2684, "makespan": 135.3308, "mean_flow": 55.810015250000006, "breach_share": 0.0375, "breach_p1": 0.12121212121212122, "breach_p2": 0.12962962962962962, "breach_p3": 0.0, "breach_p4": 0.0, "decisions": 400, "latency_ms_per_decision": 9.367309806402773, "replans": null, "validator_ok": 1, "runtime_s": 3.746923922561109, "waits": 489}, "v2wmlp702": {"instance_id": "c12_replay_400_0139", "campus": 12, "size": 400, "track": "replay", "structure": "full", "phi": null, "eta": 1.0, "m": 1.0, "u_target": null, "u_realized": null, "method": "v2wmlp702", "seed": 702, "twt": 540.0, "makespan": 119.49889999999999, "mean_flow": 44.350761999999996, "breach_share": 0.025, "breach_p1": 0.12121212121212122, "breach_p2": 0.037037037037037035, "breach_p3": 0.0, "breach_p4": 0.0, "decisions": 400, "latency_ms_per_decision": 9.375643969979137, "replans": null, "validator_ok": 1, "runtime_s": 3.750257587991655, "waits": 485}, "v2wmlp703": {"instance_id": "c12_replay_400_0139", "campus": 12, "size": 400, "track": "replay", "structure": "full", "phi": null, "eta": 1.0, "m": 1.0, "u_target": null, "u_realized": null, "method": "v2wmlp703", "seed": 703, "twt": 918.8120000000001, "makespan": 90.7342, "mean_flow": 6.036760999999999, "breach_share": 0.0275, "breach_p1": 0.13636363636363635, "breach_p2": 0.037037037037037035, "breach_p3": 0.0, "breach_p4": 0.0, "decisions": 400, "latency_ms_per_decision": 2.279394732322544, "replans": null, "validator_ok": 1, "runtime_s": 0.9117578929290175, "waits": 389}, "v2wmlp704": {"instance_id": "c12_replay_400_0139", "campus": 12, "size": 400, "track": "replay", "structure": "full", "phi": null, "eta": 1.0, "m": 1.0, "u_target": null, "u_realized": null, "method": "v2wmlp704", "seed": 704, "twt": 540.0, "makespan": 136.6864, "mean_flow": 35.16235399999999, "breach_share": 0.025, "breach_p1": 0.12121212121212122, "breach_p2": 0.037037037037037035, "breach_p3": 0.0, "breach_p4": 0.0, "decisions": 400, "latency_ms_per_decision": 9.840038106776774, "replans": null, "validator_ok": 1, "runtime_s": 3.9360152427107096, "waits": 484}, "v2wmlp705": {"instance_id": "c12_replay_400_0139", "campus": 12, "size": 400, "track": "replay", "structure": "full", "phi": null, "eta": 1.0, "m": 1.0, "u_target": null, "u_realized": null, "method": "v2wmlp705", "seed": 705, "twt": 540.0, "makespan": 128.7219, "mean_flow": 34.85831925, "breach_share": 0.025, "breach_p1": 0.12121212121212122, "breach_p2": 0.037037037037037035, "breach_p3": 0.0, "breach_p4": 0.0, "decisions": 400, "latency_ms_per_decision": 12.238629350904375, "replans": null, "validator_ok": 1, "runtime_s": 4.89545174036175, "waits": 470}, "v2wmlp706": {"instance_id": "c12_replay_400_0139", "campus": 12, "size": 400, "track": "replay", "structure": "full", "phi": null, "eta": 1.0, "m": 1.0, "u_target": null, "u_realized": null, "method": "v2wmlp706", "seed": 706, "twt": 541.2448, "makespan": 112.95, "mean_flow": 12.24479675, "breach_share": 0.03, "breach_p1": 0.15151515151515152, "breach_p2": 0.037037037037037035, "breach_p3": 0.0, "breach_p4": 0.0, "decisions": 400, "latency_ms_per_decision": 4.010952895041555, "replans": null, "validator_ok": 1, "runtime_s": 1.604381158016622, "waits": 214}, "v2wmlp707": {"instance_id": "c12_replay_400_0139", "campus": 12, "size": 400, "track": "replay", "structure": "full", "phi": null, "eta": 1.0, "m": 1.0, "u_target": null, "u_realized": null, "method": "v2wmlp707", "seed": 707, "twt": 540.0, "makespan": 90.7342, "mean_flow": 5.352, "breach_share": 0.025, "breach_p1": 0.12121212121212122, "breach_p2": 0.037037037037037035, "breach_p3": 0.0, "breach_p4": 0.0, "decisions": 400, "latency_ms_per_decision": 0.5892629944719374, "replans": null, "validator_ok": 1, "runtime_s": 0.23570519778877497, "waits": 0}, "v2wmlp708": {"instance_id": "c12_replay_400_0139", "campus": 12, "size": 400, "track": "replay", "structure": "full", "phi": null, "eta": 1.0, "m": 1.0, "u_target": null, "u_realized": null, "method": "v2wmlp708", "seed": 708, "twt": 540.0, "makespan": 93.0764, "mean_flow": 6.348144, "breach_share": 0.025, "breach_p1": 0.12121212121212122, "breach_p2": 0.037037037037037035, "breach_p3": 0.0, "breach_p4": 0.0, "decisions": 400, "latency_ms_per_decision": 2.5010329578071833, "replans": null, "validator_ok": 1, "runtime_s": 1.0004131831228733, "waits": 384}, "v2wmlp709": {"instance_id": "c12_replay_400_0139", "campus": 12, "size": 400, "track": "replay", "structure": "full", "phi": null, "eta": 1.0, "m": 1.0, "u_target": null, "u_realized": null, "method": "v2wmlp709", "seed": 709, "twt": 540.0, "makespan": 97.5781, "mean_flow": 13.96072975, "breach_share": 0.025, "breach_p1": 0.12121212121212122, "breach_p2": 0.037037037037037035, "breach_p3": 0.0, "breach_p4": 0.0, "decisions": 400, "latency_ms_per_decision": 6.200371417216957, "replans": null, "validator_ok": 1, "runtime_s": 2.4801485668867826, "waits": 573}, "v2wmlp710": {"instance_id": "c12_replay_400_0139", "campus": 12, "size": 400, "track": "replay", "structure": "full", "phi": null, "eta": 1.0, "m": 1.0, "u_target": null, "u_realized": null, "method": "v2wmlp710", "seed": 710, "twt": 540.0, "makespan": 102.0897, "mean_flow": 31.275905, "breach_share": 0.025, "breach_p1": 0.12121212121212122, "breach_p2": 0.037037037037037035, "breach_p3": 0.0, "breach_p4": 0.0, "decisions": 400, "latency_ms_per_decision": 9.190869072917849, "replans": null, "validator_ok": 1, "runtime_s": 3.6763476291671395, "waits": 548}}}