{"config_id": "c12_replay_400_0138__c12_full_eta100_m080", "rows": {"v2wmlp701": {"instance_id": "c12_replay_400_0138", "campus": 12, "size": 400, "track": "replay", "structure": "full", "phi": null, "eta": 1.0, "m": 0.8, "u_target": null, "u_realized": null, "method": "v2wmlp701", "seed": 701, "twt": 1334.8812, "makespan": 153.3612, "mean_flow": 59.376889, "breach_share": 0.045, "breach_p1": 0.15384615384615385, "breach_p2": 0.10416666666666667, "breach_p3": 0.025423728813559324, "breach_p4": 0.0, "decisions": 400, "latency_ms_per_decision": 7.3521381709724665, "replans": null, "validator_ok": 1, "runtime_s": 2.9408552683889866, "waits": 417}, "v2wmlp702": {"instance_id": "c12_replay_400_0138", "campus": 12, "size": 400, "track": "replay", "structure": "full", "phi": null, "eta": 1.0, "m": 0.8, "u_target": null, "u_realized": null, "method": "v2wmlp702", "seed": 702, "twt": 1333.2592, "makespan": 136.81150000000002, "mean_flow": 42.5343835, "breach_share": 0.0375, "breach_p1": 0.15384615384615385, "breach_p2": 0.041666666666666664, "breach_p3": 0.025423728813559324, "breach_p4": 0.0, "decisions": 400, "latency_ms_per_decision": 8.31115918699652, "replans": null, "validator_ok": 1, "runtime_s": 3.324463674798608, "waits": 443}, "v2wmlp703": {"instance_id": "c12_replay_400_0138", "campus": 12, "size": 400, "track": "replay", "structure": "full", "phi": null, "eta": 1.0, "m": 0.8, "u_target": null, "u_realized": null, "method": "v2wmlp703", "seed": 703, "twt": 1843.6912000000002, "makespan": 112.9256, "mean_flow": 6.295897749999999, "breach_share": 0.0375, "breach_p1": 0.15384615384615385, "breach_p2": 0.041666666666666664, "breach_p3": 0.025423728813559324, "breach_p4": 0.0, "decisions": 400, "latency_ms_per_decision": 1.4919099840335548, "replans": null, "validator_ok": 1, "runtime_s": 0.5967639936134219, "waits": 335}, "v2wmlp704": {"instance_id": "c12_replay_400_0138", "campus": 12, "size": 400, "track": "replay", "structure": "full", "phi": null, "eta": 1.0, "m": 0.8, "u_target": null, "u_realized": null, "method": "v2wmlp704", "seed": 704, "twt": 1333.2592, "makespan": 142.3167, "mean_flow": 36.6372885, "breach_share": 0.0375, "breach_p1": 0.15384615384615385, "breach_p2": 0.041666666666666664, "breach_p3": 0.025423728813559324, "breach_p4": 0.0, "decisions": 400, "latency_ms_per_decision": 7.526321166660637, "replans": null, "validator_ok": 1, "runtime_s": 3.0105284666642547, "waits": 416}, "v2wmlp705": {"instance_id": "c12_replay_400_0138", "campus": 12, "size": 400, "track": "replay", "structure": "full", "phi": null, "eta": 1.0, "m": 0.8, "u_target": null, "u_realized": null, "method": "v2wmlp705", "seed": 705, "twt": 1333.2592, "makespan": 143.3506, "mean_flow": 36.0226495, "breach_share": 0.0375, "breach_p1": 0.15384615384615385, "breach_p2": 0.041666666666666664, "breach_p3": 0.025423728813559324, "breach_p4": 0.0, "decisions": 400, "latency_ms_per_decision": 8.37029148126021, "replans": null, "validator_ok": 1, "runtime_s": 3.348116592504084, "waits": 415}, "v2wmlp706": {"instance_id": "c12_replay_400_0138", "campus": 12, "size": 400, "track": "replay", "structure": "full", "phi": null, "eta": 1.0, "m": 0.8, "u_target": null, "u_realized": null, "method": "v2wmlp706", "seed": 706, "twt": 1421.7394000000002, "makespan": 129.3506, "mean_flow": 14.77698625, "breach_share": 0.04, "breach_p1": 0.15384615384615385, "breach_p2": 0.0625, "breach_p3": 0.025423728813559324, "breach_p4": 0.0, "decisions": 400, "latency_ms_per_decision": 3.0336519051343203, "replans": null, "validator_ok": 1, "runtime_s": 1.213460762053728, "waits": 284}, "v2wmlp707": {"instance_id": "c12_replay_400_0138", "campus": 12, "size": 400, "track": "replay", "structure": "full", "phi": null, "eta": 1.0, "m": 0.8, "u_target": null, "u_realized": null, "method": "v2wmlp707", "seed": 707, "twt": 1333.2592, "makespan": 108.3759, "mean_flow": 5.841773000000001, "breach_share": 0.0375, "breach_p1": 0.15384615384615385, "breach_p2": 0.041666666666666664, "breach_p3": 0.025423728813559324, "breach_p4": 0.0, "decisions": 400, "latency_ms_per_decision": 0.6434810138307512, "replans": null, "validator_ok": 1, "runtime_s": 0.2573924055323005, "waits": 0}, "v2wmlp708": {"instance_id": "c12_replay_400_0138", "campus": 12, "size": 400, "track": "replay", "structure": "full", "phi": null, "eta": 1.0, "m": 0.8, "u_target": null, "u_realized": null, "method": "v2wmlp708", "seed": 708, "twt": 1333.2592, "makespan": 110.5315, "mean_flow": 6.845968250000001, "breach_share": 0.0375, "breach_p1": 0.15384615384615385, "breach_p2": 0.041666666666666664, "breach_p3": 0.025423728813559324, "breach_p4": 0.0, "decisions": 400, "latency_ms_per_decision": 2.276367696467787, "replans": null, "validator_ok": 1, "runtime_s": 0.9105470785871148, "waits": 331}, "v2wmlp709": {"instance_id": "c12_replay_400_0138", "campus": 12, "size": 400, "track": "replay", "structure": "full", "phi": null, "eta": 1.0, "m": 0.8, "u_target": null, "u_realized": null, "method": "v2wmlp709", "seed": 709, "twt": 1333.2592, "makespan": 108.3759, "mean_flow": 12.226752499999998, "breach_share": 0.0375, "breach_p1": 0.15384615384615385, "breach_p2": 0.041666666666666664, "breach_p3": 0.025423728813559324, "breach_p4": 0.0, "decisions": 400, "latency_ms_per_decision": 5.825963376555592, "replans": null, "validator_ok": 1, "runtime_s": 2.3303853506222367, "waits": 511}, "v2wmlp710": {"instance_id": "c12_replay_400_0138", "campus": 12, "size": 400, "track": "replay", "structure": "full", "phi": null, "eta": 1.0, "m": 0.8, "u_target": null, "u_realized": null, "method": "v2wmlp710", "seed": 710, "twt": 1333.2592, "makespan": 115.6148, "mean_flow": 28.9932575, "breach_share": 0.0375, "breach_p1": 0.15384615384615385, "breach_p2": 0.041666666666666664, "breach_p3": 0.025423728813559324, "breach_p4": 0.0, "decisions": 400, "latency_ms_per_decision": 4.539817646145821, "replans": null, "validator_ok": 1, "runtime_s": 1.8159270584583282, "waits": 462}}}