{"config_id": "c12_replay_150_0117__c12_full_eta100_m100", "rows": {"v2wmlp701": {"instance_id": "c12_replay_150_0117", "campus": 12, "size": 150, "track": "replay", "structure": "full", "phi": null, "eta": 1.0, "m": 1.0, "u_target": null, "u_realized": null, "method": "v2wmlp701", "seed": 701, "twt": 439.0, "makespan": 115.0, "mean_flow": 26.219037333333333, "breach_share": 0.02666666666666667, "breach_p1": 0.057692307692307696, "breach_p2": 0.023255813953488372, "breach_p3": 0.0, "breach_p4": 0.0, "decisions": 150, "latency_ms_per_decision": 1.821218350281318, "replans": null, "validator_ok": 1, "runtime_s": 0.2731827525421977, "waits": 61}, "v2wmlp702": {"instance_id": "c12_replay_150_0117", "campus": 12, "size": 150, "track": "replay", "structure": "full", "phi": null, "eta": 1.0, "m": 1.0, "u_target": null, "u_realized": null, "method": "v2wmlp702", "seed": 702, "twt": 439.0, "makespan": 109.0, "mean_flow": 28.03811666666667, "breach_share": 0.02666666666666667, "breach_p1": 0.057692307692307696, "breach_p2": 0.023255813953488372, "breach_p3": 0.0, "breach_p4": 0.0, "decisions": 150, "latency_ms_per_decision": 1.987600897749265, "replans": null, "validator_ok": 1, "runtime_s": 0.29814013466238976, "waits": 55}, "v2wmlp703": {"instance_id": "c12_replay_150_0117", "campus": 12, "size": 150, "track": "replay", "structure": "full", "phi": null, "eta": 1.0, "m": 1.0, "u_target": null, "u_realized": null, "method": "v2wmlp703", "seed": 703, "twt": 445.0, "makespan": 68.6519, "mean_flow": 3.5983886666666662, "breach_share": 0.02666666666666667, "breach_p1": 0.057692307692307696, "breach_p2": 0.023255813953488372, "breach_p3": 0.0, "breach_p4": 0.0, "decisions": 150, "latency_ms_per_decision": 1.2015589388708274, "replans": null, "validator_ok": 1, "runtime_s": 0.1802338408306241, "waits": 7}, "v2wmlp704": {"instance_id": "c12_replay_150_0117", "campus": 12, "size": 150, "track": "replay", "structure": "full", "phi": null, "eta": 1.0, "m": 1.0, "u_target": null, "u_realized": null, "method": "v2wmlp704", "seed": 704, "twt": 439.0, "makespan": 85.0, "mean_flow": 19.234798, "breach_share": 0.02666666666666667, "breach_p1": 0.057692307692307696, "breach_p2": 0.023255813953488372, "breach_p3": 0.0, "breach_p4": 0.0, "decisions": 150, "latency_ms_per_decision": 1.7888954902688663, "replans": null, "validator_ok": 1, "runtime_s": 0.26833432354032993, "waits": 69}, "v2wmlp705": {"instance_id": "c12_replay_150_0117", "campus": 12, "size": 150, "track": "replay", "structure": "full", "phi": null, "eta": 1.0, "m": 1.0, "u_target": null, "u_realized": null, "method": "v2wmlp705", "seed": 705, "twt": 439.0, "makespan": 109.0, "mean_flow": 22.372770666666664, "breach_share": 0.02666666666666667, "breach_p1": 0.057692307692307696, "breach_p2": 0.023255813953488372, "breach_p3": 0.0, "breach_p4": 0.0, "decisions": 150, "latency_ms_per_decision": 1.733143161982298, "replans": null, "validator_ok": 1, "runtime_s": 0.2599714742973447, "waits": 45}, "v2wmlp706": {"instance_id": "c12_replay_150_0117", "campus": 12, "size": 150, "track": "replay", "structure": "full", "phi": null, "eta": 1.0, "m": 1.0, "u_target": null, "u_realized": null, "method": "v2wmlp706", "seed": 706, "twt": 441.0, "makespan": 68.6519, "mean_flow": 4.1066573333333345, "breach_share": 0.02666666666666667, "breach_p1": 0.057692307692307696, "breach_p2": 0.023255813953488372, "breach_p3": 0.0, "breach_p4": 0.0, "decisions": 150, "latency_ms_per_decision": 1.4515276998281479, "replans": null, "validator_ok": 1, "runtime_s": 0.21772915497422218, "waits": 36}, "v2wmlp707": {"instance_id": "c12_replay_150_0117", "campus": 12, "size": 150, "track": "replay", "structure": "full", "phi": null, "eta": 1.0, "m": 1.0, "u_target": null, "u_realized": null, "method": "v2wmlp707", "seed": 707, "twt": 439.0, "makespan": 68.6519, "mean_flow": 3.5616666666666665, "breach_share": 0.02666666666666667, "breach_p1": 0.057692307692307696, "breach_p2": 0.023255813953488372, "breach_p3": 0.0, "breach_p4": 0.0, "decisions": 150, "latency_ms_per_decision": 1.0758595044414203, "replans": null, "validator_ok": 1, "runtime_s": 0.16137892566621304, "waits": 0}, "v2wmlp708": {"instance_id": "c12_replay_150_0117", "campus": 12, "size": 150, "track": "replay", "structure": "full", "phi": null, "eta": 1.0, "m": 1.0, "u_target": null, "u_realized": null, "method": "v2wmlp708", "seed": 708, "twt": 439.0, "makespan": 68.6519, "mean_flow": 3.700722, "breach_share": 0.02666666666666667, "breach_p1": 0.057692307692307696, "breach_p2": 0.023255813953488372, "breach_p3": 0.0, "breach_p4": 0.0, "decisions": 150, "latency_ms_per_decision": 1.4885842675964038, "replans": null, "validator_ok": 1, "runtime_s": 0.22328764013946056, "waits": 39}, "v2wmlp709": {"instance_id": "c12_replay_150_0117", "campus": 12, "size": 150, "track": "replay", "structure": "full", "phi": null, "eta": 1.0, "m": 1.0, "u_target": null, "u_realized": null, "method": "v2wmlp709", "seed": 709, "twt": 439.0, "makespan": 109.0, "mean_flow": 14.897416666666668, "breach_share": 0.02666666666666667, "breach_p1": 0.057692307692307696, "breach_p2": 0.023255813953488372, "breach_p3": 0.0, "breach_p4": 0.0, "decisions": 150, "latency_ms_per_decision": 1.6530671405295532, "replans": null, "validator_ok": 1, "runtime_s": 0.24796007107943296, "waits": 67}, "v2wmlp710": {"instance_id": "c12_replay_150_0117", "campus": 12, "size": 150, "track": "replay", "structure": "full", "phi": null, "eta": 1.0, "m": 1.0, "u_target": null, "u_realized": null, "method": "v2wmlp710", "seed": 710, "twt": 511.99760000000003, "makespan": 109.0, "mean_flow": 24.93675, "breach_share": 0.14, "breach_p1": 0.38461538461538464, "breach_p2": 0.023255813953488372, "breach_p3": 0.0, "breach_p4": 0.0, "decisions": 150, "latency_ms_per_decision": 1.9180676713585854, "replans": null, "validator_ok": 1, "runtime_s": 0.2877101507037878, "waits": 55}}}