{"config_id": "c12_replay_150_0155__c12_full_eta100_m060", "rows": {"v2wmlp701": {"instance_id": "c12_replay_150_0155", "campus": 12, "size": 150, "track": "replay", "structure": "full", "phi": null, "eta": 1.0, "m": 0.6, "u_target": null, "u_realized": null, "method": "v2wmlp701", "seed": 701, "twt": 586.0, "makespan": 97.0826, "mean_flow": 30.592128666666667, "breach_share": 0.04, "breach_p1": 0.13157894736842105, "breach_p2": 0.03225806451612903, "breach_p3": 0.0, "breach_p4": 0.0, "decisions": 150, "latency_ms_per_decision": 3.367771301418543, "replans": null, "validator_ok": 1, "runtime_s": 0.5051656952127814, "waits": 166}, "v2wmlp702": {"instance_id": "c12_replay_150_0155", "campus": 12, "size": 150, "track": "replay", "structure": "full", "phi": null, "eta": 1.0, "m": 0.6, "u_target": null, "u_realized": null, "method": "v2wmlp702", "seed": 702, "twt": 586.0, "makespan": 125.7801, "mean_flow": 33.782565333333345, "breach_share": 0.04, "breach_p1": 0.13157894736842105, "breach_p2": 0.03225806451612903, "breach_p3": 0.0, "breach_p4": 0.0, "decisions": 150, "latency_ms_per_decision": 5.355230402201414, "replans": null, "validator_ok": 1, "runtime_s": 0.8032845603302121, "waits": 163}, "v2wmlp703": {"instance_id": "c12_replay_150_0155", "campus": 12, "size": 150, "track": "replay", "structure": "full", "phi": null, "eta": 1.0, "m": 0.6, "u_target": null, "u_realized": null, "method": "v2wmlp703", "seed": 703, "twt": 834.2839999999999, "makespan": 97.0826, "mean_flow": 7.0541566666666675, "breach_share": 0.07333333333333333, "breach_p1": 0.2631578947368421, "breach_p2": 0.03225806451612903, "breach_p3": 0.0, "breach_p4": 0.0, "decisions": 150, "latency_ms_per_decision": 1.6089076983431976, "replans": null, "validator_ok": 1, "runtime_s": 0.24133615475147963, "waits": 22}, "v2wmlp704": {"instance_id": "c12_replay_150_0155", "campus": 12, "size": 150, "track": "replay", "structure": "full", "phi": null, "eta": 1.0, "m": 0.6, "u_target": null, "u_realized": null, "method": "v2wmlp704", "seed": 704, "twt": 586.0, "makespan": 131.4187, "mean_flow": 25.56208133333333, "breach_share": 0.04, "breach_p1": 0.13157894736842105, "breach_p2": 0.03225806451612903, "breach_p3": 0.0, "breach_p4": 0.0, "decisions": 150, "latency_ms_per_decision": 3.610398148496946, "replans": null, "validator_ok": 1, "runtime_s": 0.5415597222745419, "waits": 156}, "v2wmlp705": {"instance_id": "c12_replay_150_0155", "campus": 12, "size": 150, "track": "replay", "structure": "full", "phi": null, "eta": 1.0, "m": 0.6, "u_target": null, "u_realized": null, "method": "v2wmlp705", "seed": 705, "twt": 586.0, "makespan": 125.7801, "mean_flow": 24.801238, "breach_share": 0.04, "breach_p1": 0.13157894736842105, "breach_p2": 0.03225806451612903, "breach_p3": 0.0, "breach_p4": 0.0, "decisions": 150, "latency_ms_per_decision": 5.96041364595294, "replans": null, "validator_ok": 1, "runtime_s": 0.894062046892941, "waits": 117}, "v2wmlp706": {"instance_id": "c12_replay_150_0155", "campus": 12, "size": 150, "track": "replay", "structure": "full", "phi": null, "eta": 1.0, "m": 0.6, "u_target": null, "u_realized": null, "method": "v2wmlp706", "seed": 706, "twt": 1298.6608, "makespan": 161.5826, "mean_flow": 6.861426666666667, "breach_share": 0.04, "breach_p1": 0.13157894736842105, "breach_p2": 0.03225806451612903, "breach_p3": 0.0, "breach_p4": 0.0, "decisions": 150, "latency_ms_per_decision": 0.7942901986340681, "replans": null, "validator_ok": 1, "runtime_s": 0.11914352979511023, "waits": 45}, "v2wmlp707": {"instance_id": "c12_replay_150_0155", "campus": 12, "size": 150, "track": "replay", "structure": "full", "phi": null, "eta": 1.0, "m": 0.6, "u_target": null, "u_realized": null, "method": "v2wmlp707", "seed": 707, "twt": 586.0, "makespan": 97.0826, "mean_flow": 6.267542666666667, "breach_share": 0.04, "breach_p1": 0.13157894736842105, "breach_p2": 0.03225806451612903, "breach_p3": 0.0, "breach_p4": 0.0, "decisions": 150, "latency_ms_per_decision": 0.688618558148543, "replans": null, "validator_ok": 1, "runtime_s": 0.10329278372228146, "waits": 0}, "v2wmlp708": {"instance_id": "c12_replay_150_0155", "campus": 12, "size": 150, "track": "replay", "structure": "full", "phi": null, "eta": 1.0, "m": 0.6, "u_target": null, "u_realized": null, "method": "v2wmlp708", "seed": 708, "twt": 586.0, "makespan": 97.0826, "mean_flow": 6.302828, "breach_share": 0.04, "breach_p1": 0.13157894736842105, "breach_p2": 0.03225806451612903, "breach_p3": 0.0, "breach_p4": 0.0, "decisions": 150, "latency_ms_per_decision": 0.9472374183436235, "replans": null, "validator_ok": 1, "runtime_s": 0.14208561275154352, "waits": 9}, "v2wmlp709": {"instance_id": "c12_replay_150_0155", "campus": 12, "size": 150, "track": "replay", "structure": "full", "phi": null, "eta": 1.0, "m": 0.6, "u_target": null, "u_realized": null, "method": "v2wmlp709", "seed": 709, "twt": 586.0, "makespan": 104.8648, "mean_flow": 20.950818666666663, "breach_share": 0.04, "breach_p1": 0.13157894736842105, "breach_p2": 0.03225806451612903, "breach_p3": 0.0, "breach_p4": 0.0, "decisions": 150, "latency_ms_per_decision": 7.051461016138394, "replans": null, "validator_ok": 1, "runtime_s": 1.0577191524207592, "waits": 160}, "v2wmlp710": {"instance_id": "c12_replay_150_0155", "campus": 12, "size": 150, "track": "replay", "structure": "full", "phi": null, "eta": 1.0, "m": 0.6, "u_target": null, "u_realized": null, "method": "v2wmlp710", "seed": 710, "twt": 586.0, "makespan": 122.1306, "mean_flow": 20.72225466666667, "breach_share": 0.04, "breach_p1": 0.13157894736842105, "breach_p2": 0.03225806451612903, "breach_p3": 0.0, "breach_p4": 0.0, "decisions": 150, "latency_ms_per_decision": 6.744509736696879, "replans": null, "validator_ok": 1, "runtime_s": 1.0116764605045319, "waits": 164}}}