{"config_id": "c12_replay_400_0072__c12_l0_eta100_m100", "rows": {"v2wmlp701": {"instance_id": "c12_replay_400_0072", "campus": 12, "size": 400, "track": "replay", "structure": "dedicated", "phi": null, "eta": 1.0, "m": 1.0, "u_target": null, "u_realized": null, "method": "v2wmlp701", "seed": 701, "twt": 2869.4125999999997, "makespan": 114.2123, "mean_flow": 21.13373275, "breach_share": 0.165, "breach_p1": 0.14084507042253522, "breach_p2": 0.02127659574468085, "breach_p3": 0.36423841059602646, "breach_p4": 0.0, "decisions": 400, "latency_ms_per_decision": 0.3510845033451915, "replans": null, "validator_ok": 1, "runtime_s": 0.1404338013380766, "waits": 95}, "v2wmlp702": {"instance_id": "c12_replay_400_0072", "campus": 12, "size": 400, "track": "replay", "structure": "dedicated", "phi": null, "eta": 1.0, "m": 1.0, "u_target": null, "u_realized": null, "method": "v2wmlp702", "seed": 702, "twt": 3014.7060000000015, "makespan": 111.6542, "mean_flow": 45.140224749999994, "breach_share": 0.17, "breach_p1": 0.14084507042253522, "breach_p2": 0.02127659574468085, "breach_p3": 0.37748344370860926, "breach_p4": 0.0, "decisions": 400, "latency_ms_per_decision": 2.3103385511785746, "replans": null, "validator_ok": 1, "runtime_s": 0.9241354204714298, "waits": 350}, "v2wmlp703": {"instance_id": "c12_replay_400_0072", "campus": 12, "size": 400, "track": "replay", "structure": "dedicated", "phi": null, "eta": 1.0, "m": 1.0, "u_target": null, "u_realized": null, "method": "v2wmlp703", "seed": 703, "twt": 3212.3038, "makespan": 119.5331, "mean_flow": 15.093206250000001, "breach_share": 0.1, "breach_p1": 0.23943661971830985, "breach_p2": 0.02127659574468085, "breach_p3": 0.1456953642384106, "breach_p4": 0.0, "decisions": 400, "latency_ms_per_decision": 1.0810245363973081, "replans": null, "validator_ok": 1, "runtime_s": 0.43240981455892324, "waits": 266}, "v2wmlp704": {"instance_id": "c12_replay_400_0072", "campus": 12, "size": 400, "track": "replay", "structure": "dedicated", "phi": null, "eta": 1.0, "m": 1.0, "u_target": null, "u_realized": null, "method": "v2wmlp704", "seed": 704, "twt": 4317.829800000002, "makespan": 123.4042, "mean_flow": 43.8654705, "breach_share": 0.205, "breach_p1": 0.14084507042253522, "breach_p2": 0.02127659574468085, "breach_p3": 0.47019867549668876, "breach_p4": 0.0, "decisions": 400, "latency_ms_per_decision": 1.756571438163519, "replans": null, "validator_ok": 1, "runtime_s": 0.7026285752654076, "waits": 340}, "v2wmlp705": {"instance_id": "c12_replay_400_0072", "campus": 12, "size": 400, "track": "replay", "structure": "dedicated", "phi": null, "eta": 1.0, "m": 1.0, "u_target": null, "u_realized": null, "method": "v2wmlp705", "seed": 705, "twt": 3259.3536000000004, "makespan": 114.8594, "mean_flow": 39.74753825, "breach_share": 0.18, "breach_p1": 0.14084507042253522, "breach_p2": 0.02127659574468085, "breach_p3": 0.40397350993377484, "breach_p4": 0.0, "decisions": 400, "latency_ms_per_decision": 1.985258988570422, "replans": null, "validator_ok": 1, "runtime_s": 0.7941035954281688, "waits": 351}, "v2wmlp706": {"instance_id": "c12_replay_400_0072", "campus": 12, "size": 400, "track": "replay", "structure": "dedicated", "phi": null, "eta": 1.0, "m": 1.0, "u_target": null, "u_realized": null, "method": "v2wmlp706", "seed": 706, "twt": 2530.8148000000015, "makespan": 114.2123, "mean_flow": 20.00422175, "breach_share": 0.13, "breach_p1": 0.14084507042253522, "breach_p2": 0.02127659574468085, "breach_p3": 0.271523178807947, "breach_p4": 0.0, "decisions": 400, "latency_ms_per_decision": 0.47521505737677217, "replans": null, "validator_ok": 1, "runtime_s": 0.19008602295070887, "waits": 97}, "v2wmlp707": {"instance_id": "c12_replay_400_0072", "campus": 12, "size": 400, "track": "replay", "structure": "dedicated", "phi": null, "eta": 1.0, "m": 1.0, "u_target": null, "u_realized": null, "method": "v2wmlp707", "seed": 707, "twt": 2661.4908, "makespan": 114.2123, "mean_flow": 20.99269025, "breach_share": 0.14, "breach_p1": 0.14084507042253522, "breach_p2": 0.02127659574468085, "breach_p3": 0.2980132450331126, "breach_p4": 0.0, "decisions": 400, "latency_ms_per_decision": 0.8133917185477912, "replans": null, "validator_ok": 1, "runtime_s": 0.3253566874191165, "waits": 107}, "v2wmlp708": {"instance_id": "c12_replay_400_0072", "campus": 12, "size": 400, "track": "replay", "structure": "dedicated", "phi": null, "eta": 1.0, "m": 1.0, "u_target": null, "u_realized": null, "method": "v2wmlp708", "seed": 708, "twt": 2672.6666000000014, "makespan": 111.8053, "mean_flow": 25.162987999999995, "breach_share": 0.135, "breach_p1": 0.14084507042253522, "breach_p2": 0.02127659574468085, "breach_p3": 0.2847682119205298, "breach_p4": 0.0, "decisions": 400, "latency_ms_per_decision": 3.338288115337491, "replans": null, "validator_ok": 1, "runtime_s": 1.3353152461349964, "waits": 344}, "v2wmlp709": {"instance_id": "c12_replay_400_0072", "campus": 12, "size": 400, "track": "replay", "structure": "dedicated", "phi": null, "eta": 1.0, "m": 1.0, "u_target": null, "u_realized": null, "method": "v2wmlp709", "seed": 709, "twt": 2587.7498000000005, "makespan": 114.2123, "mean_flow": 24.782264, "breach_share": 0.1375, "breach_p1": 0.14084507042253522, "breach_p2": 0.02127659574468085, "breach_p3": 0.2913907284768212, "breach_p4": 0.0, "decisions": 400, "latency_ms_per_decision": 1.6418399172835052, "replans": null, "validator_ok": 1, "runtime_s": 0.6567359669134021, "waits": 400}, "v2wmlp710": {"instance_id": "c12_replay_400_0072", "campus": 12, "size": 400, "track": "replay", "structure": "dedicated", "phi": null, "eta": 1.0, "m": 1.0, "u_target": null, "u_realized": null, "method": "v2wmlp710", "seed": 710, "twt": 2558.8271999999997, "makespan": 114.2123, "mean_flow": 19.98481775, "breach_share": 0.13, "breach_p1": 0.14084507042253522, "breach_p2": 0.02127659574468085, "breach_p3": 0.271523178807947, "breach_p4": 0.0, "decisions": 400, "latency_ms_per_decision": 0.4923961008898914, "replans": null, "validator_ok": 1, "runtime_s": 0.19695844035595655, "waits": 165}}}