{"config_id": "c12_replay_150_0101__c12_full_eta080_m080", "rows": {"v2wmlp701": {"instance_id": "c12_replay_150_0101", "campus": 12, "size": 150, "track": "replay", "structure": "full", "phi": null, "eta": 0.8, "m": 0.8, "u_target": null, "u_realized": null, "method": "v2wmlp701", "seed": 701, "twt": 304.0, "makespan": 61.7108, "mean_flow": 25.38112466666667, "breach_share": 0.03333333333333333, "breach_p1": 0.17857142857142858, "breach_p2": 0.0, "breach_p3": 0.0, "breach_p4": 0.0, "decisions": 150, "latency_ms_per_decision": 6.127982661128044, "replans": null, "validator_ok": 1, "runtime_s": 0.9191973991692066, "waits": 134}, "v2wmlp702": {"instance_id": "c12_replay_150_0101", "campus": 12, "size": 150, "track": "replay", "structure": "full", "phi": null, "eta": 0.8, "m": 0.8, "u_target": null, "u_realized": null, "method": "v2wmlp702", "seed": 702, "twt": 304.0, "makespan": 140.0544, "mean_flow": 56.300224666666665, "breach_share": 0.03333333333333333, "breach_p1": 0.17857142857142858, "breach_p2": 0.0, "breach_p3": 0.0, "breach_p4": 0.0, "decisions": 150, "latency_ms_per_decision": 3.472357535113891, "replans": null, "validator_ok": 1, "runtime_s": 0.5208536302670836, "waits": 118}, "v2wmlp703": {"instance_id": "c12_replay_150_0101", "campus": 12, "size": 150, "track": "replay", "structure": "full", "phi": null, "eta": 0.8, "m": 0.8, "u_target": null, "u_realized": null, "method": "v2wmlp703", "seed": 703, "twt": 304.0, "makespan": 61.7108, "mean_flow": 4.836533333333334, "breach_share": 0.03333333333333333, "breach_p1": 0.17857142857142858, "breach_p2": 0.0, "breach_p3": 0.0, "breach_p4": 0.0, "decisions": 150, "latency_ms_per_decision": 0.8396327868103981, "replans": null, "validator_ok": 1, "runtime_s": 0.12594491802155972, "waits": 0}, "v2wmlp704": {"instance_id": "c12_replay_150_0101", "campus": 12, "size": 150, "track": "replay", "structure": "full", "phi": null, "eta": 0.8, "m": 0.8, "u_target": null, "u_realized": null, "method": "v2wmlp704", "seed": 704, "twt": 304.0, "makespan": 76.9608, "mean_flow": 31.62520733333333, "breach_share": 0.03333333333333333, "breach_p1": 0.17857142857142858, "breach_p2": 0.0, "breach_p3": 0.0, "breach_p4": 0.0, "decisions": 150, "latency_ms_per_decision": 4.061461041371028, "replans": null, "validator_ok": 1, "runtime_s": 0.6092191562056541, "waits": 159}, "v2wmlp705": {"instance_id": "c12_replay_150_0101", "campus": 12, "size": 150, "track": "replay", "structure": "full", "phi": null, "eta": 0.8, "m": 0.8, "u_target": null, "u_realized": null, "method": "v2wmlp705", "seed": 705, "twt": 472.08, "makespan": 85.21170000000001, "mean_flow": 22.49747866666667, "breach_share": 0.04666666666666667, "breach_p1": 0.25, "breach_p2": 0.0, "breach_p3": 0.0, "breach_p4": 0.0, "decisions": 150, "latency_ms_per_decision": 6.061112228780985, "replans": null, "validator_ok": 1, "runtime_s": 0.9091668343171477, "waits": 112}, "v2wmlp706": {"instance_id": "c12_replay_150_0101", "campus": 12, "size": 150, "track": "replay", "structure": "full", "phi": null, "eta": 0.8, "m": 0.8, "u_target": null, "u_realized": null, "method": "v2wmlp706", "seed": 706, "twt": 304.0, "makespan": 61.7108, "mean_flow": 4.838133333333333, "breach_share": 0.03333333333333333, "breach_p1": 0.17857142857142858, "breach_p2": 0.0, "breach_p3": 0.0, "breach_p4": 0.0, "decisions": 150, "latency_ms_per_decision": 1.1762886121869087, "replans": null, "validator_ok": 1, "runtime_s": 0.1764432918280363, "waits": 0}, "v2wmlp707": {"instance_id": "c12_replay_150_0101", "campus": 12, "size": 150, "track": "replay", "structure": "full", "phi": null, "eta": 0.8, "m": 0.8, "u_target": null, "u_realized": null, "method": "v2wmlp707", "seed": 707, "twt": 472.08, "makespan": 61.7108, "mean_flow": 5.452333333333333, "breach_share": 0.04666666666666667, "breach_p1": 0.25, "breach_p2": 0.0, "breach_p3": 0.0, "breach_p4": 0.0, "decisions": 150, "latency_ms_per_decision": 0.8293083931008974, "replans": null, "validator_ok": 1, "runtime_s": 0.12439625896513462, "waits": 0}, "v2wmlp708": {"instance_id": "c12_replay_150_0101", "campus": 12, "size": 150, "track": "replay", "structure": "full", "phi": null, "eta": 0.8, "m": 0.8, "u_target": null, "u_realized": null, "method": "v2wmlp708", "seed": 708, "twt": 353.03999999999996, "makespan": 76.9608, "mean_flow": 5.2366, "breach_share": 0.03333333333333333, "breach_p1": 0.17857142857142858, "breach_p2": 0.0, "breach_p3": 0.0, "breach_p4": 0.0, "decisions": 150, "latency_ms_per_decision": 1.011890818675359, "replans": null, "validator_ok": 1, "runtime_s": 0.15178362280130386, "waits": 0}, "v2wmlp709": {"instance_id": "c12_replay_150_0101", "campus": 12, "size": 150, "track": "replay", "structure": "full", "phi": null, "eta": 0.8, "m": 0.8, "u_target": null, "u_realized": null, "method": "v2wmlp709", "seed": 709, "twt": 304.0, "makespan": 80.3044, "mean_flow": 17.062925333333336, "breach_share": 0.03333333333333333, "breach_p1": 0.17857142857142858, "breach_p2": 0.0, "breach_p3": 0.0, "breach_p4": 0.0, "decisions": 150, "latency_ms_per_decision": 5.186783702423175, "replans": null, "validator_ok": 1, "runtime_s": 0.7780175553634763, "waits": 159}, "v2wmlp710": {"instance_id": "c12_replay_150_0101", "campus": 12, "size": 150, "track": "replay", "structure": "full", "phi": null, "eta": 0.8, "m": 0.8, "u_target": null, "u_realized": null, "method": "v2wmlp710", "seed": 710, "twt": 941.0043999999997, "makespan": 145.1008, "mean_flow": 64.56253333333333, "breach_share": 0.18, "breach_p1": 0.17857142857142858, "breach_p2": 0.0, "breach_p3": 1.0, "breach_p4": 0.0, "decisions": 150, "latency_ms_per_decision": 3.5815493824581304, "replans": null, "validator_ok": 1, "runtime_s": 0.5372324073687196, "waits": 108}}}