{"config_id": "c12_replay_400_0139__c12_chain_phi100_eta100_m080", "rows": {"v2wmlp701": {"instance_id": "c12_replay_400_0139", "campus": 12, "size": 400, "track": "replay", "structure": "chain", "phi": 1.0, "eta": 1.0, "m": 0.8, "u_target": null, "u_realized": null, "method": "v2wmlp701", "seed": 701, "twt": 540.0, "makespan": 90.7342, "mean_flow": 5.683169749999999, "breach_share": 0.025, "breach_p1": 0.12121212121212122, "breach_p2": 0.037037037037037035, "breach_p3": 0.0, "breach_p4": 0.0, "decisions": 400, "latency_ms_per_decision": 0.7060901867225766, "replans": null, "validator_ok": 1, "runtime_s": 0.28243607468903065, "waits": 67}, "v2wmlp702": {"instance_id": "c12_replay_400_0139", "campus": 12, "size": 400, "track": "replay", "structure": "chain", "phi": 1.0, "eta": 1.0, "m": 0.8, "u_target": null, "u_realized": null, "method": "v2wmlp702", "seed": 702, "twt": 540.0, "makespan": 117.25, "mean_flow": 44.588623750000004, "breach_share": 0.025, "breach_p1": 0.12121212121212122, "breach_p2": 0.037037037037037035, "breach_p3": 0.0, "breach_p4": 0.0, "decisions": 400, "latency_ms_per_decision": 7.704065639991313, "replans": null, "validator_ok": 1, "runtime_s": 3.0816262559965253, "waits": 443}, "v2wmlp703": {"instance_id": "c12_replay_400_0139", "campus": 12, "size": 400, "track": "replay", "structure": "chain", "phi": 1.0, "eta": 1.0, "m": 0.8, "u_target": null, "u_realized": null, "method": "v2wmlp703", "seed": 703, "twt": 919.6024, "makespan": 90.7342, "mean_flow": 5.5818935, "breach_share": 0.03, "breach_p1": 0.15151515151515152, "breach_p2": 0.037037037037037035, "breach_p3": 0.0, "breach_p4": 0.0, "decisions": 400, "latency_ms_per_decision": 1.33826800622046, "replans": null, "validator_ok": 1, "runtime_s": 0.535307202488184, "waits": 399}, "v2wmlp704": {"instance_id": "c12_replay_400_0139", "campus": 12, "size": 400, "track": "replay", "structure": "chain", "phi": 1.0, "eta": 1.0, "m": 0.8, "u_target": null, "u_realized": null, "method": "v2wmlp704", "seed": 704, "twt": 540.0, "makespan": 102.505, "mean_flow": 29.33049425, "breach_share": 0.025, "breach_p1": 0.12121212121212122, "breach_p2": 0.037037037037037035, "breach_p3": 0.0, "breach_p4": 0.0, "decisions": 400, "latency_ms_per_decision": 6.45795353455469, "replans": null, "validator_ok": 1, "runtime_s": 2.583181413821876, "waits": 470}, "v2wmlp705": {"instance_id": "c12_replay_400_0139", "campus": 12, "size": 400, "track": "replay", "structure": "chain", "phi": 1.0, "eta": 1.0, "m": 0.8, "u_target": null, "u_realized": null, "method": "v2wmlp705", "seed": 705, "twt": 540.0, "makespan": 110.5, "mean_flow": 21.435224749999996, "breach_share": 0.025, "breach_p1": 0.12121212121212122, "breach_p2": 0.037037037037037035, "breach_p3": 0.0, "breach_p4": 0.0, "decisions": 400, "latency_ms_per_decision": 3.1538953888230026, "replans": null, "validator_ok": 1, "runtime_s": 1.261558155529201, "waits": 423}, "v2wmlp706": {"instance_id": "c12_replay_400_0139", "campus": 12, "size": 400, "track": "replay", "structure": "chain", "phi": 1.0, "eta": 1.0, "m": 0.8, "u_target": null, "u_realized": null, "method": "v2wmlp706", "seed": 706, "twt": 540.0, "makespan": 90.7342, "mean_flow": 6.32179175, "breach_share": 0.025, "breach_p1": 0.12121212121212122, "breach_p2": 0.037037037037037035, "breach_p3": 0.0, "breach_p4": 0.0, "decisions": 400, "latency_ms_per_decision": 0.42647272115573287, "replans": null, "validator_ok": 1, "runtime_s": 0.17058908846229315, "waits": 232}, "v2wmlp707": {"instance_id": "c12_replay_400_0139", "campus": 12, "size": 400, "track": "replay", "structure": "chain", "phi": 1.0, "eta": 1.0, "m": 0.8, "u_target": null, "u_realized": null, "method": "v2wmlp707", "seed": 707, "twt": 540.0, "makespan": 90.7342, "mean_flow": 5.36095725, "breach_share": 0.025, "breach_p1": 0.12121212121212122, "breach_p2": 0.037037037037037035, "breach_p3": 0.0, "breach_p4": 0.0, "decisions": 400, "latency_ms_per_decision": 0.3034397470764816, "replans": null, "validator_ok": 1, "runtime_s": 0.12137589883059263, "waits": 0}, "v2wmlp708": {"instance_id": "c12_replay_400_0139", "campus": 12, "size": 400, "track": "replay", "structure": "chain", "phi": 1.0, "eta": 1.0, "m": 0.8, "u_target": null, "u_realized": null, "method": "v2wmlp708", "seed": 708, "twt": 540.0, "makespan": 105.3589, "mean_flow": 13.279292, "breach_share": 0.025, "breach_p1": 0.12121212121212122, "breach_p2": 0.037037037037037035, "breach_p3": 0.0, "breach_p4": 0.0, "decisions": 400, "latency_ms_per_decision": 5.025064570363611, "replans": null, "validator_ok": 1, "runtime_s": 2.0100258281454444, "waits": 541}, "v2wmlp709": {"instance_id": "c12_replay_400_0139", "campus": 12, "size": 400, "track": "replay", "structure": "chain", "phi": 1.0, "eta": 1.0, "m": 0.8, "u_target": null, "u_realized": null, "method": "v2wmlp709", "seed": 709, "twt": 540.0, "makespan": 97.1119, "mean_flow": 11.522465, "breach_share": 0.025, "breach_p1": 0.12121212121212122, "breach_p2": 0.037037037037037035, "breach_p3": 0.0, "breach_p4": 0.0, "decisions": 400, "latency_ms_per_decision": 2.634000137913972, "replans": null, "validator_ok": 1, "runtime_s": 1.0536000551655889, "waits": 566}, "v2wmlp710": {"instance_id": "c12_replay_400_0139", "campus": 12, "size": 400, "track": "replay", "structure": "chain", "phi": 1.0, "eta": 1.0, "m": 0.8, "u_target": null, "u_realized": null, "method": "v2wmlp710", "seed": 710, "twt": 540.0, "makespan": 90.7342, "mean_flow": 6.663914999999999, "breach_share": 0.025, "breach_p1": 0.12121212121212122, "breach_p2": 0.037037037037037035, "breach_p3": 0.0, "breach_p4": 0.0, "decisions": 400, "latency_ms_per_decision": 0.5131716490723193, "replans": null, "validator_ok": 1, "runtime_s": 0.2052686596289277, "waits": 260}}}