{"config_id": "c12_replay_150_0175__c12_l0_eta100_m060", "rows": {"v2wmlp701": {"instance_id": "c12_replay_150_0175", "campus": 12, "size": 150, "track": "replay", "structure": "dedicated", "phi": null, "eta": 1.0, "m": 0.6, "u_target": null, "u_realized": null, "method": "v2wmlp701", "seed": 701, "twt": 68.00000000000001, "makespan": 63.5, "mean_flow": 3.6011539999999997, "breach_share": 0.006666666666666667, "breach_p1": 0.03125, "breach_p2": 0.0, "breach_p3": 0.0, "breach_p4": 0.0, "decisions": 150, "latency_ms_per_decision": 0.21359503890077272, "replans": null, "validator_ok": 1, "runtime_s": 0.03203925583511591, "waits": 0}, "v2wmlp702": {"instance_id": "c12_replay_150_0175", "campus": 12, "size": 150, "track": "replay", "structure": "dedicated", "phi": null, "eta": 1.0, "m": 0.6, "u_target": null, "u_realized": null, "method": "v2wmlp702", "seed": 702, "twt": 68.00000000000001, "makespan": 131.7203, "mean_flow": 32.98626666666667, "breach_share": 0.006666666666666667, "breach_p1": 0.03125, "breach_p2": 0.0, "breach_p3": 0.0, "breach_p4": 0.0, "decisions": 150, "latency_ms_per_decision": 0.628321555753549, "replans": null, "validator_ok": 1, "runtime_s": 0.09424823336303234, "waits": 121}, "v2wmlp703": {"instance_id": "c12_replay_150_0175", "campus": 12, "size": 150, "track": "replay", "structure": "dedicated", "phi": null, "eta": 1.0, "m": 0.6, "u_target": null, "u_realized": null, "method": "v2wmlp703", "seed": 703, "twt": 68.00000000000001, "makespan": 65.0, "mean_flow": 3.5731720000000005, "breach_share": 0.006666666666666667, "breach_p1": 0.03125, "breach_p2": 0.0, "breach_p3": 0.0, "breach_p4": 0.0, "decisions": 150, "latency_ms_per_decision": 0.2091108945508798, "replans": null, "validator_ok": 1, "runtime_s": 0.03136663418263197, "waits": 0}, "v2wmlp704": {"instance_id": "c12_replay_150_0175", "campus": 12, "size": 150, "track": "replay", "structure": "dedicated", "phi": null, "eta": 1.0, "m": 0.6, "u_target": null, "u_realized": null, "method": "v2wmlp704", "seed": 704, "twt": 68.00000000000001, "makespan": 69.51, "mean_flow": 17.069775333333332, "breach_share": 0.006666666666666667, "breach_p1": 0.03125, "breach_p2": 0.0, "breach_p3": 0.0, "breach_p4": 0.0, "decisions": 150, "latency_ms_per_decision": 0.6321958638727665, "replans": null, "validator_ok": 1, "runtime_s": 0.09482937958091497, "waits": 144}, "v2wmlp705": {"instance_id": "c12_replay_150_0175", "campus": 12, "size": 150, "track": "replay", "structure": "dedicated", "phi": null, "eta": 1.0, "m": 0.6, "u_target": null, "u_realized": null, "method": "v2wmlp705", "seed": 705, "twt": 68.00000000000001, "makespan": 69.51, "mean_flow": 11.494285999999999, "breach_share": 0.006666666666666667, "breach_p1": 0.03125, "breach_p2": 0.0, "breach_p3": 0.0, "breach_p4": 0.0, "decisions": 150, "latency_ms_per_decision": 0.7172107944885889, "replans": null, "validator_ok": 1, "runtime_s": 0.10758161917328835, "waits": 116}, "v2wmlp706": {"instance_id": "c12_replay_150_0175", "campus": 12, "size": 150, "track": "replay", "structure": "dedicated", "phi": null, "eta": 1.0, "m": 0.6, "u_target": null, "u_realized": null, "method": "v2wmlp706", "seed": 706, "twt": 68.00000000000001, "makespan": 63.5, "mean_flow": 3.57865, "breach_share": 0.006666666666666667, "breach_p1": 0.03125, "breach_p2": 0.0, "breach_p3": 0.0, "breach_p4": 0.0, "decisions": 150, "latency_ms_per_decision": 0.2263441060980161, "replans": null, "validator_ok": 1, "runtime_s": 0.033951615914702415, "waits": 0}, "v2wmlp707": {"instance_id": "c12_replay_150_0175", "campus": 12, "size": 150, "track": "replay", "structure": "dedicated", "phi": null, "eta": 1.0, "m": 0.6, "u_target": null, "u_realized": null, "method": "v2wmlp707", "seed": 707, "twt": 68.00000000000001, "makespan": 63.5, "mean_flow": 3.590676, "breach_share": 0.006666666666666667, "breach_p1": 0.03125, "breach_p2": 0.0, "breach_p3": 0.0, "breach_p4": 0.0, "decisions": 150, "latency_ms_per_decision": 0.22517632072170576, "replans": null, "validator_ok": 1, "runtime_s": 0.03377644810825586, "waits": 0}, "v2wmlp708": {"instance_id": "c12_replay_150_0175", "campus": 12, "size": 150, "track": "replay", "structure": "dedicated", "phi": null, "eta": 1.0, "m": 0.6, "u_target": null, "u_realized": null, "method": "v2wmlp708", "seed": 708, "twt": 68.00000000000001, "makespan": 119.2203, "mean_flow": 24.604289999999995, "breach_share": 0.006666666666666667, "breach_p1": 0.03125, "breach_p2": 0.0, "breach_p3": 0.0, "breach_p4": 0.0, "decisions": 150, "latency_ms_per_decision": 0.579196015993754, "replans": null, "validator_ok": 1, "runtime_s": 0.08687940239906311, "waits": 127}, "v2wmlp709": {"instance_id": "c12_replay_150_0175", "campus": 12, "size": 150, "track": "replay", "structure": "dedicated", "phi": null, "eta": 1.0, "m": 0.6, "u_target": null, "u_realized": null, "method": "v2wmlp709", "seed": 709, "twt": 68.00000000000001, "makespan": 71.3644, "mean_flow": 10.271294666666666, "breach_share": 0.006666666666666667, "breach_p1": 0.03125, "breach_p2": 0.0, "breach_p3": 0.0, "breach_p4": 0.0, "decisions": 150, "latency_ms_per_decision": 0.6206924716631571, "replans": null, "validator_ok": 1, "runtime_s": 0.09310387074947357, "waits": 141}, "v2wmlp710": {"instance_id": "c12_replay_150_0175", "campus": 12, "size": 150, "track": "replay", "structure": "dedicated", "phi": null, "eta": 1.0, "m": 0.6, "u_target": null, "u_realized": null, "method": "v2wmlp710", "seed": 710, "twt": 68.00000000000001, "makespan": 63.5, "mean_flow": 3.586154, "breach_share": 0.006666666666666667, "breach_p1": 0.03125, "breach_p2": 0.0, "breach_p3": 0.0, "breach_p4": 0.0, "decisions": 150, "latency_ms_per_decision": 0.23541118949651718, "replans": null, "validator_ok": 1, "runtime_s": 0.03531167842447758, "waits": 0}}}