{"config_id": "c12_replay_400_0154__c12_chain_phi100_eta100_m080", "rows": {"v2wmlp701": {"instance_id": "c12_replay_400_0154", "campus": 12, "size": 400, "track": "replay", "structure": "chain", "phi": 1.0, "eta": 1.0, "m": 0.8, "u_target": null, "u_realized": null, "method": "v2wmlp701", "seed": 701, "twt": 1971.3184, "makespan": 107.2401, "mean_flow": 7.644416, "breach_share": 0.0425, "breach_p1": 0.19480519480519481, "breach_p2": 0.027777777777777776, "breach_p3": 0.0, "breach_p4": 0.0, "decisions": 400, "latency_ms_per_decision": 0.4184619034640491, "replans": null, "validator_ok": 1, "runtime_s": 0.16738476138561964, "waits": 140}, "v2wmlp702": {"instance_id": "c12_replay_400_0154", "campus": 12, "size": 400, "track": "replay", "structure": "chain", "phi": 1.0, "eta": 1.0, "m": 0.8, "u_target": null, "u_realized": null, "method": "v2wmlp702", "seed": 702, "twt": 1971.3184, "makespan": 126.1294, "mean_flow": 37.710082, "breach_share": 0.0425, "breach_p1": 0.19480519480519481, "breach_p2": 0.027777777777777776, "breach_p3": 0.0, "breach_p4": 0.0, "decisions": 400, "latency_ms_per_decision": 4.698164653964341, "replans": null, "validator_ok": 1, "runtime_s": 1.8792658615857363, "waits": 416}, "v2wmlp703": {"instance_id": "c12_replay_400_0154", "campus": 12, "size": 400, "track": "replay", "structure": "chain", "phi": 1.0, "eta": 1.0, "m": 0.8, "u_target": null, "u_realized": null, "method": "v2wmlp703", "seed": 703, "twt": 2431.8332000000005, "makespan": 107.7848, "mean_flow": 7.4829745, "breach_share": 0.0575, "breach_p1": 0.2597402597402597, "breach_p2": 0.041666666666666664, "breach_p3": 0.0, "breach_p4": 0.0, "decisions": 400, "latency_ms_per_decision": 0.7647112407721579, "replans": null, "validator_ok": 1, "runtime_s": 0.30588449630886316, "waits": 437}, "v2wmlp704": {"instance_id": "c12_replay_400_0154", "campus": 12, "size": 400, "track": "replay", "structure": "chain", "phi": 1.0, "eta": 1.0, "m": 0.8, "u_target": null, "u_realized": null, "method": "v2wmlp704", "seed": 704, "twt": 1971.3184, "makespan": 116.7245, "mean_flow": 30.070141749999998, "breach_share": 0.0425, "breach_p1": 0.19480519480519481, "breach_p2": 0.027777777777777776, "breach_p3": 0.0, "breach_p4": 0.0, "decisions": 400, "latency_ms_per_decision": 2.495441606733948, "replans": null, "validator_ok": 1, "runtime_s": 0.9981766426935792, "waits": 471}, "v2wmlp705": {"instance_id": "c12_replay_400_0154", "campus": 12, "size": 400, "track": "replay", "structure": "chain", "phi": 1.0, "eta": 1.0, "m": 0.8, "u_target": null, "u_realized": null, "method": "v2wmlp705", "seed": 705, "twt": 1971.3184, "makespan": 119.32650000000001, "mean_flow": 25.277803, "breach_share": 0.0425, "breach_p1": 0.19480519480519481, "breach_p2": 0.027777777777777776, "breach_p3": 0.0, "breach_p4": 0.0, "decisions": 400, "latency_ms_per_decision": 2.594347095582634, "replans": null, "validator_ok": 1, "runtime_s": 1.0377388382330537, "waits": 465}, "v2wmlp706": {"instance_id": "c12_replay_400_0154", "campus": 12, "size": 400, "track": "replay", "structure": "chain", "phi": 1.0, "eta": 1.0, "m": 0.8, "u_target": null, "u_realized": null, "method": "v2wmlp706", "seed": 706, "twt": 1971.3184, "makespan": 112.62480000000001, "mean_flow": 8.221628, "breach_share": 0.0425, "breach_p1": 0.19480519480519481, "breach_p2": 0.027777777777777776, "breach_p3": 0.0, "breach_p4": 0.0, "decisions": 400, "latency_ms_per_decision": 0.6726971594616771, "replans": null, "validator_ok": 1, "runtime_s": 0.26907886378467083, "waits": 257}, "v2wmlp707": {"instance_id": "c12_replay_400_0154", "campus": 12, "size": 400, "track": "replay", "structure": "chain", "phi": 1.0, "eta": 1.0, "m": 0.8, "u_target": null, "u_realized": null, "method": "v2wmlp707", "seed": 707, "twt": 1971.3184, "makespan": 107.2401, "mean_flow": 6.6641995, "breach_share": 0.0425, "breach_p1": 0.19480519480519481, "breach_p2": 0.027777777777777776, "breach_p3": 0.0, "breach_p4": 0.0, "decisions": 400, "latency_ms_per_decision": 0.28532411204651, "replans": null, "validator_ok": 1, "runtime_s": 0.11412964481860399, "waits": 0}, "v2wmlp708": {"instance_id": "c12_replay_400_0154", "campus": 12, "size": 400, "track": "replay", "structure": "chain", "phi": 1.0, "eta": 1.0, "m": 0.8, "u_target": null, "u_realized": null, "method": "v2wmlp708", "seed": 708, "twt": 1971.3183999999999, "makespan": 116.2345, "mean_flow": 13.653063, "breach_share": 0.0425, "breach_p1": 0.19480519480519481, "breach_p2": 0.027777777777777776, "breach_p3": 0.0, "breach_p4": 0.0, "decisions": 400, "latency_ms_per_decision": 2.4179879133589566, "replans": null, "validator_ok": 1, "runtime_s": 0.9671951653435826, "waits": 502}, "v2wmlp709": {"instance_id": "c12_replay_400_0154", "campus": 12, "size": 400, "track": "replay", "structure": "chain", "phi": 1.0, "eta": 1.0, "m": 0.8, "u_target": null, "u_realized": null, "method": "v2wmlp709", "seed": 709, "twt": 1971.3184, "makespan": 107.2401, "mean_flow": 11.701732750000001, "breach_share": 0.0425, "breach_p1": 0.19480519480519481, "breach_p2": 0.027777777777777776, "breach_p3": 0.0, "breach_p4": 0.0, "decisions": 400, "latency_ms_per_decision": 2.0320731052197516, "replans": null, "validator_ok": 1, "runtime_s": 0.8128292420879006, "waits": 518}, "v2wmlp710": {"instance_id": "c12_replay_400_0154", "campus": 12, "size": 400, "track": "replay", "structure": "chain", "phi": 1.0, "eta": 1.0, "m": 0.8, "u_target": null, "u_realized": null, "method": "v2wmlp710", "seed": 710, "twt": 1971.3184, "makespan": 107.2401, "mean_flow": 8.52349625, "breach_share": 0.0425, "breach_p1": 0.19480519480519481, "breach_p2": 0.027777777777777776, "breach_p3": 0.0, "breach_p4": 0.0, "decisions": 400, "latency_ms_per_decision": 0.8000093908049166, "replans": null, "validator_ok": 1, "runtime_s": 0.32000375632196665, "waits": 272}}}