{"config_id": "c12_replay_150_0143__c12_full_eta080_m080", "rows": {"v2wmlp701": {"instance_id": "c12_replay_150_0143", "campus": 12, "size": 150, "track": "replay", "structure": "full", "phi": null, "eta": 0.8, "m": 0.8, "u_target": null, "u_realized": null, "method": "v2wmlp701", "seed": 701, "twt": 176.0, "makespan": 89.13, "mean_flow": 28.70186933333333, "breach_share": 0.013333333333333334, "breach_p1": 0.06666666666666667, "breach_p2": 0.0, "breach_p3": 0.0, "breach_p4": 0.0, "decisions": 150, "latency_ms_per_decision": 2.446221305678288, "replans": null, "validator_ok": 1, "runtime_s": 0.3669331958517432, "waits": 138}, "v2wmlp702": {"instance_id": "c12_replay_150_0143", "campus": 12, "size": 150, "track": "replay", "structure": "full", "phi": null, "eta": 0.8, "m": 0.8, "u_target": null, "u_realized": null, "method": "v2wmlp702", "seed": 702, "twt": 176.0, "makespan": 107.0758, "mean_flow": 33.528268666666655, "breach_share": 0.013333333333333334, "breach_p1": 0.06666666666666667, "breach_p2": 0.0, "breach_p3": 0.0, "breach_p4": 0.0, "decisions": 150, "latency_ms_per_decision": 2.4804129327336946, "replans": null, "validator_ok": 1, "runtime_s": 0.3720619399100542, "waits": 124}, "v2wmlp703": {"instance_id": "c12_replay_150_0143", "campus": 12, "size": 150, "track": "replay", "structure": "full", "phi": null, "eta": 0.8, "m": 0.8, "u_target": null, "u_realized": null, "method": "v2wmlp703", "seed": 703, "twt": 261.7376, "makespan": 77.5758, "mean_flow": 4.020364, "breach_share": 0.013333333333333334, "breach_p1": 0.06666666666666667, "breach_p2": 0.0, "breach_p3": 0.0, "breach_p4": 0.0, "decisions": 150, "latency_ms_per_decision": 0.9091459214687347, "replans": null, "validator_ok": 1, "runtime_s": 0.1363718882203102, "waits": 32}, "v2wmlp704": {"instance_id": "c12_replay_150_0143", "campus": 12, "size": 150, "track": "replay", "structure": "full", "phi": null, "eta": 0.8, "m": 0.8, "u_target": null, "u_realized": null, "method": "v2wmlp704", "seed": 704, "twt": 1090.5325999999998, "makespan": 125.9558, "mean_flow": 51.76777933333334, "breach_share": 0.23333333333333334, "breach_p1": 0.06666666666666667, "breach_p2": 0.0, "breach_p3": 0.9428571428571428, "breach_p4": 0.0, "decisions": 150, "latency_ms_per_decision": 2.3437934617201486, "replans": null, "validator_ok": 1, "runtime_s": 0.3515690192580223, "waits": 105}, "v2wmlp705": {"instance_id": "c12_replay_150_0143", "campus": 12, "size": 150, "track": "replay", "structure": "full", "phi": null, "eta": 0.8, "m": 0.8, "u_target": null, "u_realized": null, "method": "v2wmlp705", "seed": 705, "twt": 280.76, "makespan": 96.4558, "mean_flow": 22.78389133333333, "breach_share": 0.02, "breach_p1": 0.06666666666666667, "breach_p2": 0.0, "breach_p3": 0.02857142857142857, "breach_p4": 0.0, "decisions": 150, "latency_ms_per_decision": 3.4674486393729844, "replans": null, "validator_ok": 1, "runtime_s": 0.5201172959059477, "waits": 103}, "v2wmlp706": {"instance_id": "c12_replay_150_0143", "campus": 12, "size": 150, "track": "replay", "structure": "full", "phi": null, "eta": 0.8, "m": 0.8, "u_target": null, "u_realized": null, "method": "v2wmlp706", "seed": 706, "twt": 176.0, "makespan": 77.5758, "mean_flow": 3.6533333333333333, "breach_share": 0.013333333333333334, "breach_p1": 0.06666666666666667, "breach_p2": 0.0, "breach_p3": 0.0, "breach_p4": 0.0, "decisions": 150, "latency_ms_per_decision": 0.96216914554437, "replans": null, "validator_ok": 1, "runtime_s": 0.1443253718316555, "waits": 0}, "v2wmlp707": {"instance_id": "c12_replay_150_0143", "campus": 12, "size": 150, "track": "replay", "structure": "full", "phi": null, "eta": 0.8, "m": 0.8, "u_target": null, "u_realized": null, "method": "v2wmlp707", "seed": 707, "twt": 258.76, "makespan": 96.4558, "mean_flow": 4.115, "breach_share": 0.02, "breach_p1": 0.06666666666666667, "breach_p2": 0.0, "breach_p3": 0.02857142857142857, "breach_p4": 0.0, "decisions": 150, "latency_ms_per_decision": 0.9510441434880098, "replans": null, "validator_ok": 1, "runtime_s": 0.14265662152320147, "waits": 0}, "v2wmlp708": {"instance_id": "c12_replay_150_0143", "campus": 12, "size": 150, "track": "replay", "structure": "full", "phi": null, "eta": 0.8, "m": 0.8, "u_target": null, "u_realized": null, "method": "v2wmlp708", "seed": 708, "twt": 204.76, "makespan": 96.4558, "mean_flow": 3.9856000000000003, "breach_share": 0.02, "breach_p1": 0.06666666666666667, "breach_p2": 0.0, "breach_p3": 0.02857142857142857, "breach_p4": 0.0, "decisions": 150, "latency_ms_per_decision": 0.9502479247748852, "replans": null, "validator_ok": 1, "runtime_s": 0.14253718871623278, "waits": 0}, "v2wmlp709": {"instance_id": "c12_replay_150_0143", "campus": 12, "size": 150, "track": "replay", "structure": "full", "phi": null, "eta": 0.8, "m": 0.8, "u_target": null, "u_realized": null, "method": "v2wmlp709", "seed": 709, "twt": 204.76, "makespan": 125.9558, "mean_flow": 19.45264266666667, "breach_share": 0.02, "breach_p1": 0.06666666666666667, "breach_p2": 0.0, "breach_p3": 0.02857142857142857, "breach_p4": 0.0, "decisions": 150, "latency_ms_per_decision": 4.100515861064196, "replans": null, "validator_ok": 1, "runtime_s": 0.6150773791596293, "waits": 128}, "v2wmlp710": {"instance_id": "c12_replay_150_0143", "campus": 12, "size": 150, "track": "replay", "structure": "full", "phi": null, "eta": 0.8, "m": 0.8, "u_target": null, "u_realized": null, "method": "v2wmlp710", "seed": 710, "twt": 262.0, "makespan": 78.63, "mean_flow": 28.594521333333336, "breach_share": 0.02, "breach_p1": 0.1, "breach_p2": 0.0, "breach_p3": 0.0, "breach_p4": 0.0, "decisions": 150, "latency_ms_per_decision": 3.5155777571101985, "replans": null, "validator_ok": 1, "runtime_s": 0.5273366635665298, "waits": 106}}}