{"config_id": "c12_replay_400_0126__c12_full_eta080_m080", "rows": {"v2wmlp701": {"instance_id": "c12_replay_400_0126", "campus": 12, "size": 400, "track": "replay", "structure": "full", "phi": null, "eta": 0.8, "m": 0.8, "u_target": null, "u_realized": null, "method": "v2wmlp701", "seed": 701, "twt": 1177.9256, "makespan": 163.6886, "mean_flow": 44.73229000000001, "breach_share": 0.0625, "breach_p1": 0.14285714285714285, "breach_p2": 0.1686746987951807, "breach_p3": 0.011363636363636364, "breach_p4": 0.0, "decisions": 400, "latency_ms_per_decision": 6.589797944761813, "replans": null, "validator_ok": 1, "runtime_s": 2.635919177904725, "waits": 440}, "v2wmlp702": {"instance_id": "c12_replay_400_0126", "campus": 12, "size": 400, "track": "replay", "structure": "full", "phi": null, "eta": 0.8, "m": 0.8, "u_target": null, "u_realized": null, "method": "v2wmlp702", "seed": 702, "twt": 721.1800000000001, "makespan": 157.9386, "mean_flow": 43.231714000000004, "breach_share": 0.025, "breach_p1": 0.1, "breach_p2": 0.024096385542168676, "breach_p3": 0.011363636363636364, "breach_p4": 0.0, "decisions": 400, "latency_ms_per_decision": 9.098789549898356, "replans": null, "validator_ok": 1, "runtime_s": 3.6395158199593425, "waits": 359}, "v2wmlp703": {"instance_id": "c12_replay_400_0126", "campus": 12, "size": 400, "track": "replay", "structure": "full", "phi": null, "eta": 0.8, "m": 0.8, "u_target": null, "u_realized": null, "method": "v2wmlp703", "seed": 703, "twt": 1209.5164, "makespan": 113.4959, "mean_flow": 6.488434, "breach_share": 0.035, "breach_p1": 0.14285714285714285, "breach_p2": 0.03614457831325301, "breach_p3": 0.011363636363636364, "breach_p4": 0.0, "decisions": 400, "latency_ms_per_decision": 2.2840303275734186, "replans": null, "validator_ok": 1, "runtime_s": 0.9136121310293674, "waits": 330}, "v2wmlp704": {"instance_id": "c12_replay_400_0126", "campus": 12, "size": 400, "track": "replay", "structure": "full", "phi": null, "eta": 0.8, "m": 0.8, "u_target": null, "u_realized": null, "method": "v2wmlp704", "seed": 704, "twt": 721.1800000000001, "makespan": 166.4567, "mean_flow": 34.82251900000001, "breach_share": 0.025, "breach_p1": 0.1, "breach_p2": 0.024096385542168676, "breach_p3": 0.011363636363636364, "breach_p4": 0.0, "decisions": 400, "latency_ms_per_decision": 8.849386184010655, "replans": null, "validator_ok": 1, "runtime_s": 3.539754473604262, "waits": 401}, "v2wmlp705": {"instance_id": "c12_replay_400_0126", "campus": 12, "size": 400, "track": "replay", "structure": "full", "phi": null, "eta": 0.8, "m": 0.8, "u_target": null, "u_realized": null, "method": "v2wmlp705", "seed": 705, "twt": 1087.78, "makespan": 162.4369, "mean_flow": 33.31918025, "breach_share": 0.04, "breach_p1": 0.18571428571428572, "breach_p2": 0.024096385542168676, "breach_p3": 0.011363636363636364, "breach_p4": 0.0, "decisions": 400, "latency_ms_per_decision": 5.793462984729558, "replans": null, "validator_ok": 1, "runtime_s": 2.3173851938918233, "waits": 419}, "v2wmlp706": {"instance_id": "c12_replay_400_0126", "campus": 12, "size": 400, "track": "replay", "structure": "full", "phi": null, "eta": 0.8, "m": 0.8, "u_target": null, "u_realized": null, "method": "v2wmlp706", "seed": 706, "twt": 861.7134, "makespan": 148.2428, "mean_flow": 16.325767000000003, "breach_share": 0.03, "breach_p1": 0.11428571428571428, "breach_p2": 0.03614457831325301, "breach_p3": 0.011363636363636364, "breach_p4": 0.0, "decisions": 400, "latency_ms_per_decision": 4.491586531512439, "replans": null, "validator_ok": 1, "runtime_s": 1.7966346126049757, "waits": 273}, "v2wmlp707": {"instance_id": "c12_replay_400_0126", "campus": 12, "size": 400, "track": "replay", "structure": "full", "phi": null, "eta": 0.8, "m": 0.8, "u_target": null, "u_realized": null, "method": "v2wmlp707", "seed": 707, "twt": 941.3295999999998, "makespan": 109.1545, "mean_flow": 6.115461, "breach_share": 0.035, "breach_p1": 0.15714285714285714, "breach_p2": 0.024096385542168676, "breach_p3": 0.011363636363636364, "breach_p4": 0.0, "decisions": 400, "latency_ms_per_decision": 1.0964625771157444, "replans": null, "validator_ok": 1, "runtime_s": 0.43858503084629774, "waits": 0}, "v2wmlp708": {"instance_id": "c12_replay_400_0126", "campus": 12, "size": 400, "track": "replay", "structure": "full", "phi": null, "eta": 0.8, "m": 0.8, "u_target": null, "u_realized": null, "method": "v2wmlp708", "seed": 708, "twt": 681.7295999999999, "makespan": 111.0648, "mean_flow": 6.8680147499999995, "breach_share": 0.0275, "breach_p1": 0.11428571428571428, "breach_p2": 0.024096385542168676, "breach_p3": 0.011363636363636364, "breach_p4": 0.0, "decisions": 400, "latency_ms_per_decision": 2.8655474190600216, "replans": null, "validator_ok": 1, "runtime_s": 1.1462189676240087, "waits": 339}, "v2wmlp709": {"instance_id": "c12_replay_400_0126", "campus": 12, "size": 400, "track": "replay", "structure": "full", "phi": null, "eta": 0.8, "m": 0.8, "u_target": null, "u_realized": null, "method": "v2wmlp709", "seed": 709, "twt": 809.8095999999998, "makespan": 109.1545, "mean_flow": 11.82003525, "breach_share": 0.0275, "breach_p1": 0.11428571428571428, "breach_p2": 0.024096385542168676, "breach_p3": 0.011363636363636364, "breach_p4": 0.0, "decisions": 400, "latency_ms_per_decision": 6.330257682129741, "replans": null, "validator_ok": 1, "runtime_s": 2.5321030728518963, "waits": 451}, "v2wmlp710": {"instance_id": "c12_replay_400_0126", "campus": 12, "size": 400, "track": "replay", "structure": "full", "phi": null, "eta": 0.8, "m": 0.8, "u_target": null, "u_realized": null, "method": "v2wmlp710", "seed": 710, "twt": 1102.2352, "makespan": 138.4433, "mean_flow": 28.21321675, "breach_share": 0.0775, "breach_p1": 0.38571428571428573, "breach_p2": 0.03614457831325301, "breach_p3": 0.011363636363636364, "breach_p4": 0.0, "decisions": 400, "latency_ms_per_decision": 9.46225366787985, "replans": null, "validator_ok": 1, "runtime_s": 3.78490146715194, "waits": 460}}}