{"config_id": "c12_replay_150_0178__c12_chain_phi100_eta100_m100", "rows": {"v2wmlp701": {"instance_id": "c12_replay_150_0178", "campus": 12, "size": 150, "track": "replay", "structure": "chain", "phi": 1.0, "eta": 1.0, "m": 1.0, "u_target": null, "u_realized": null, "method": "v2wmlp701", "seed": 701, "twt": 213.91359999999997, "makespan": 64.6461, "mean_flow": 5.2289493333333334, "breach_share": 0.013333333333333334, "breach_p1": 0.06896551724137931, "breach_p2": 0.0, "breach_p3": 0.0, "breach_p4": 0.0, "decisions": 150, "latency_ms_per_decision": 0.4845573070148627, "replans": null, "validator_ok": 1, "runtime_s": 0.0726835960522294, "waits": 49}, "v2wmlp702": {"instance_id": "c12_replay_150_0178", "campus": 12, "size": 150, "track": "replay", "structure": "chain", "phi": 1.0, "eta": 1.0, "m": 1.0, "u_target": null, "u_realized": null, "method": "v2wmlp702", "seed": 702, "twt": 213.6, "makespan": 77.6461, "mean_flow": 26.16353733333333, "breach_share": 0.013333333333333334, "breach_p1": 0.06896551724137931, "breach_p2": 0.0, "breach_p3": 0.0, "breach_p4": 0.0, "decisions": 150, "latency_ms_per_decision": 1.5339907072484493, "replans": null, "validator_ok": 1, "runtime_s": 0.2300986060872674, "waits": 192}, "v2wmlp703": {"instance_id": "c12_replay_150_0178", "campus": 12, "size": 150, "track": "replay", "structure": "chain", "phi": 1.0, "eta": 1.0, "m": 1.0, "u_target": null, "u_realized": null, "method": "v2wmlp703", "seed": 703, "twt": 232.53359999999998, "makespan": 64.6461, "mean_flow": 4.155015333333333, "breach_share": 0.02, "breach_p1": 0.10344827586206896, "breach_p2": 0.0, "breach_p3": 0.0, "breach_p4": 0.0, "decisions": 150, "latency_ms_per_decision": 0.23014497011899948, "replans": null, "validator_ok": 1, "runtime_s": 0.03452174551784992, "waits": 27}, "v2wmlp704": {"instance_id": "c12_replay_150_0178", "campus": 12, "size": 150, "track": "replay", "structure": "chain", "phi": 1.0, "eta": 1.0, "m": 1.0, "u_target": null, "u_realized": null, "method": "v2wmlp704", "seed": 704, "twt": 213.6, "makespan": 74.6461, "mean_flow": 19.851517333333334, "breach_share": 0.013333333333333334, "breach_p1": 0.06896551724137931, "breach_p2": 0.0, "breach_p3": 0.0, "breach_p4": 0.0, "decisions": 150, "latency_ms_per_decision": 1.4999304401377838, "replans": null, "validator_ok": 1, "runtime_s": 0.22498956602066755, "waits": 202}, "v2wmlp705": {"instance_id": "c12_replay_150_0178", "campus": 12, "size": 150, "track": "replay", "structure": "chain", "phi": 1.0, "eta": 1.0, "m": 1.0, "u_target": null, "u_realized": null, "method": "v2wmlp705", "seed": 705, "twt": 213.6, "makespan": 64.6461, "mean_flow": 7.126026, "breach_share": 0.013333333333333334, "breach_p1": 0.06896551724137931, "breach_p2": 0.0, "breach_p3": 0.0, "breach_p4": 0.0, "decisions": 150, "latency_ms_per_decision": 0.6042325993378957, "replans": null, "validator_ok": 1, "runtime_s": 0.09063488990068436, "waits": 102}, "v2wmlp706": {"instance_id": "c12_replay_150_0178", "campus": 12, "size": 150, "track": "replay", "structure": "chain", "phi": 1.0, "eta": 1.0, "m": 1.0, "u_target": null, "u_realized": null, "method": "v2wmlp706", "seed": 706, "twt": 213.6, "makespan": 64.6461, "mean_flow": 4.126666666666667, "breach_share": 0.013333333333333334, "breach_p1": 0.06896551724137931, "breach_p2": 0.0, "breach_p3": 0.0, "breach_p4": 0.0, "decisions": 150, "latency_ms_per_decision": 0.19844901437560716, "replans": null, "validator_ok": 1, "runtime_s": 0.029767352156341076, "waits": 0}, "v2wmlp707": {"instance_id": "c12_replay_150_0178", "campus": 12, "size": 150, "track": "replay", "structure": "chain", "phi": 1.0, "eta": 1.0, "m": 1.0, "u_target": null, "u_realized": null, "method": "v2wmlp707", "seed": 707, "twt": 213.6, "makespan": 64.6461, "mean_flow": 6.241556, "breach_share": 0.013333333333333334, "breach_p1": 0.06896551724137931, "breach_p2": 0.0, "breach_p3": 0.0, "breach_p4": 0.0, "decisions": 150, "latency_ms_per_decision": 0.817506785194079, "replans": null, "validator_ok": 1, "runtime_s": 0.12262601777911186, "waits": 76}, "v2wmlp708": {"instance_id": "c12_replay_150_0178", "campus": 12, "size": 150, "track": "replay", "structure": "chain", "phi": 1.0, "eta": 1.0, "m": 1.0, "u_target": null, "u_realized": null, "method": "v2wmlp708", "seed": 708, "twt": 213.6, "makespan": 74.1461, "mean_flow": 17.73879, "breach_share": 0.013333333333333334, "breach_p1": 0.06896551724137931, "breach_p2": 0.0, "breach_p3": 0.0, "breach_p4": 0.0, "decisions": 150, "latency_ms_per_decision": 1.3614334166049957, "replans": null, "validator_ok": 1, "runtime_s": 0.20421501249074936, "waits": 194}, "v2wmlp709": {"instance_id": "c12_replay_150_0178", "campus": 12, "size": 150, "track": "replay", "structure": "chain", "phi": 1.0, "eta": 1.0, "m": 1.0, "u_target": null, "u_realized": null, "method": "v2wmlp709", "seed": 709, "twt": 213.6, "makespan": 77.6461, "mean_flow": 22.273884666666667, "breach_share": 0.013333333333333334, "breach_p1": 0.06896551724137931, "breach_p2": 0.0, "breach_p3": 0.0, "breach_p4": 0.0, "decisions": 150, "latency_ms_per_decision": 1.7194784494737785, "replans": null, "validator_ok": 1, "runtime_s": 0.25792176742106676, "waits": 189}, "v2wmlp710": {"instance_id": "c12_replay_150_0178", "campus": 12, "size": 150, "track": "replay", "structure": "chain", "phi": 1.0, "eta": 1.0, "m": 1.0, "u_target": null, "u_realized": null, "method": "v2wmlp710", "seed": 710, "twt": 213.6, "makespan": 64.6461, "mean_flow": 4.166938, "breach_share": 0.013333333333333334, "breach_p1": 0.06896551724137931, "breach_p2": 0.0, "breach_p3": 0.0, "breach_p4": 0.0, "decisions": 150, "latency_ms_per_decision": 0.3024980239570141, "replans": null, "validator_ok": 1, "runtime_s": 0.04537470359355211, "waits": 57}}}