{"config_id": "c12_replay_400_0149__c12_chain_phi100_eta080_m080", "rows": {"v2wmlp701": {"instance_id": "c12_replay_400_0149", "campus": 12, "size": 400, "track": "replay", "structure": "chain", "phi": 1.0, "eta": 0.8, "m": 0.8, "u_target": null, "u_realized": null, "method": "v2wmlp701", "seed": 701, "twt": 1222.9184, "makespan": 111.3142, "mean_flow": 5.8263765, "breach_share": 0.02, "breach_p1": 0.11475409836065574, "breach_p2": 0.012987012987012988, "breach_p3": 0.0, "breach_p4": 0.0, "decisions": 400, "latency_ms_per_decision": 0.3290272387675941, "replans": null, "validator_ok": 1, "runtime_s": 0.13161089550703764, "waits": 59}, "v2wmlp702": {"instance_id": "c12_replay_400_0149", "campus": 12, "size": 400, "track": "replay", "structure": "chain", "phi": 1.0, "eta": 0.8, "m": 0.8, "u_target": null, "u_realized": null, "method": "v2wmlp702", "seed": 702, "twt": 1222.9184, "makespan": 141.18, "mean_flow": 37.75470475, "breach_share": 0.02, "breach_p1": 0.11475409836065574, "breach_p2": 0.012987012987012988, "breach_p3": 0.0, "breach_p4": 0.0, "decisions": 400, "latency_ms_per_decision": 3.836811564397067, "replans": null, "validator_ok": 1, "runtime_s": 1.5347246257588267, "waits": 479}, "v2wmlp703": {"instance_id": "c12_replay_400_0149", "campus": 12, "size": 400, "track": "replay", "structure": "chain", "phi": 1.0, "eta": 0.8, "m": 0.8, "u_target": null, "u_realized": null, "method": "v2wmlp703", "seed": 703, "twt": 1413.8444, "makespan": 111.3142, "mean_flow": 5.55748875, "breach_share": 0.0225, "breach_p1": 0.13114754098360656, "breach_p2": 0.012987012987012988, "breach_p3": 0.0, "breach_p4": 0.0, "decisions": 400, "latency_ms_per_decision": 0.4760246956720948, "replans": null, "validator_ok": 1, "runtime_s": 0.19040987826883793, "waits": 319}, "v2wmlp704": {"instance_id": "c12_replay_400_0149", "campus": 12, "size": 400, "track": "replay", "structure": "chain", "phi": 1.0, "eta": 0.8, "m": 0.8, "u_target": null, "u_realized": null, "method": "v2wmlp704", "seed": 704, "twt": 1222.9184, "makespan": 111.3142, "mean_flow": 28.450758249999993, "breach_share": 0.02, "breach_p1": 0.11475409836065574, "breach_p2": 0.012987012987012988, "breach_p3": 0.0, "breach_p4": 0.0, "decisions": 400, "latency_ms_per_decision": 4.369762109126896, "replans": null, "validator_ok": 1, "runtime_s": 1.7479048436507583, "waits": 497}, "v2wmlp705": {"instance_id": "c12_replay_400_0149", "campus": 12, "size": 400, "track": "replay", "structure": "chain", "phi": 1.0, "eta": 0.8, "m": 0.8, "u_target": null, "u_realized": null, "method": "v2wmlp705", "seed": 705, "twt": 1308.9984, "makespan": 122.8648, "mean_flow": 20.754338249999996, "breach_share": 0.025, "breach_p1": 0.13114754098360656, "breach_p2": 0.025974025974025976, "breach_p3": 0.0, "breach_p4": 0.0, "decisions": 400, "latency_ms_per_decision": 3.087611075025052, "replans": null, "validator_ok": 1, "runtime_s": 1.2350444300100207, "waits": 472}, "v2wmlp706": {"instance_id": "c12_replay_400_0149", "campus": 12, "size": 400, "track": "replay", "structure": "chain", "phi": 1.0, "eta": 0.8, "m": 0.8, "u_target": null, "u_realized": null, "method": "v2wmlp706", "seed": 706, "twt": 1268.976, "makespan": 111.3142, "mean_flow": 6.932413749999999, "breach_share": 0.02, "breach_p1": 0.11475409836065574, "breach_p2": 0.012987012987012988, "breach_p3": 0.0, "breach_p4": 0.0, "decisions": 400, "latency_ms_per_decision": 0.7454433641396463, "replans": null, "validator_ok": 1, "runtime_s": 0.2981773456558585, "waits": 338}, "v2wmlp707": {"instance_id": "c12_replay_400_0149", "campus": 12, "size": 400, "track": "replay", "structure": "chain", "phi": 1.0, "eta": 0.8, "m": 0.8, "u_target": null, "u_realized": null, "method": "v2wmlp707", "seed": 707, "twt": 1222.9184, "makespan": 111.3142, "mean_flow": 5.663118999999999, "breach_share": 0.02, "breach_p1": 0.11475409836065574, "breach_p2": 0.012987012987012988, "breach_p3": 0.0, "breach_p4": 0.0, "decisions": 400, "latency_ms_per_decision": 0.3541601379401982, "replans": null, "validator_ok": 1, "runtime_s": 0.14166405517607927, "waits": 17}, "v2wmlp708": {"instance_id": "c12_replay_400_0149", "campus": 12, "size": 400, "track": "replay", "structure": "chain", "phi": 1.0, "eta": 0.8, "m": 0.8, "u_target": null, "u_realized": null, "method": "v2wmlp708", "seed": 708, "twt": 1222.9184, "makespan": 134.26670000000001, "mean_flow": 10.447494999999998, "breach_share": 0.02, "breach_p1": 0.11475409836065574, "breach_p2": 0.012987012987012988, "breach_p3": 0.0, "breach_p4": 0.0, "decisions": 400, "latency_ms_per_decision": 2.6959809684194624, "replans": null, "validator_ok": 1, "runtime_s": 1.078392387367785, "waits": 549}, "v2wmlp709": {"instance_id": "c12_replay_400_0149", "campus": 12, "size": 400, "track": "replay", "structure": "chain", "phi": 1.0, "eta": 0.8, "m": 0.8, "u_target": null, "u_realized": null, "method": "v2wmlp709", "seed": 709, "twt": 1263.5304, "makespan": 117.6336, "mean_flow": 11.1008295, "breach_share": 0.02, "breach_p1": 0.11475409836065574, "breach_p2": 0.012987012987012988, "breach_p3": 0.0, "breach_p4": 0.0, "decisions": 400, "latency_ms_per_decision": 2.401490123011172, "replans": null, "validator_ok": 1, "runtime_s": 0.9605960492044687, "waits": 565}, "v2wmlp710": {"instance_id": "c12_replay_400_0149", "campus": 12, "size": 400, "track": "replay", "structure": "chain", "phi": 1.0, "eta": 0.8, "m": 0.8, "u_target": null, "u_realized": null, "method": "v2wmlp710", "seed": 710, "twt": 1241.4784, "makespan": 111.3142, "mean_flow": 7.715032750000001, "breach_share": 0.02, "breach_p1": 0.11475409836065574, "breach_p2": 0.012987012987012988, "breach_p3": 0.0, "breach_p4": 0.0, "decisions": 400, "latency_ms_per_decision": 0.839512636885047, "replans": null, "validator_ok": 1, "runtime_s": 0.3358050547540188, "waits": 326}}}