{"config_id": "c12_replay_150_0133__c12_l0_eta100_m060", "rows": {"v2wmlp701": {"instance_id": "c12_replay_150_0133", "campus": 12, "size": 150, "track": "replay", "structure": "dedicated", "phi": null, "eta": 1.0, "m": 0.6, "u_target": null, "u_realized": null, "method": "v2wmlp701", "seed": 701, "twt": 947.204, "makespan": 93.1192, "mean_flow": 7.310269333333332, "breach_share": 0.08666666666666667, "breach_p1": 0.23404255319148937, "breach_p2": 0.1, "breach_p3": 0.0, "breach_p4": 0.0, "decisions": 150, "latency_ms_per_decision": 0.32402657593290013, "replans": null, "validator_ok": 1, "runtime_s": 0.04860398638993502, "waits": 30}, "v2wmlp702": {"instance_id": "c12_replay_150_0133", "campus": 12, "size": 150, "track": "replay", "structure": "dedicated", "phi": null, "eta": 1.0, "m": 0.6, "u_target": null, "u_realized": null, "method": "v2wmlp702", "seed": 702, "twt": 946.0, "makespan": 93.1192, "mean_flow": 24.165278666666662, "breach_share": 0.08666666666666667, "breach_p1": 0.23404255319148937, "breach_p2": 0.1, "breach_p3": 0.0, "breach_p4": 0.0, "decisions": 150, "latency_ms_per_decision": 0.8203154243528843, "replans": null, "validator_ok": 1, "runtime_s": 0.12304731365293264, "waits": 133}, "v2wmlp703": {"instance_id": "c12_replay_150_0133", "campus": 12, "size": 150, "track": "replay", "structure": "dedicated", "phi": null, "eta": 1.0, "m": 0.6, "u_target": null, "u_realized": null, "method": "v2wmlp703", "seed": 703, "twt": 2129.2472, "makespan": 93.1192, "mean_flow": 9.899588666666665, "breach_share": 0.21333333333333335, "breach_p1": 0.6382978723404256, "breach_p2": 0.1, "breach_p3": 0.0, "breach_p4": 0.0, "decisions": 150, "latency_ms_per_decision": 0.4169042532642682, "replans": null, "validator_ok": 1, "runtime_s": 0.06253563798964024, "waits": 50}, "v2wmlp704": {"instance_id": "c12_replay_150_0133", "campus": 12, "size": 150, "track": "replay", "structure": "dedicated", "phi": null, "eta": 1.0, "m": 0.6, "u_target": null, "u_realized": null, "method": "v2wmlp704", "seed": 704, "twt": 946.0, "makespan": 93.1192, "mean_flow": 15.964640666666668, "breach_share": 0.08666666666666667, "breach_p1": 0.23404255319148937, "breach_p2": 0.1, "breach_p3": 0.0, "breach_p4": 0.0, "decisions": 150, "latency_ms_per_decision": 0.8345025777816772, "replans": null, "validator_ok": 1, "runtime_s": 0.1251753866672516, "waits": 164}, "v2wmlp705": {"instance_id": "c12_replay_150_0133", "campus": 12, "size": 150, "track": "replay", "structure": "dedicated", "phi": null, "eta": 1.0, "m": 0.6, "u_target": null, "u_realized": null, "method": "v2wmlp705", "seed": 705, "twt": 946.0, "makespan": 93.1192, "mean_flow": 14.227375999999998, "breach_share": 0.08666666666666667, "breach_p1": 0.23404255319148937, "breach_p2": 0.1, "breach_p3": 0.0, "breach_p4": 0.0, "decisions": 150, "latency_ms_per_decision": 0.8629736242194971, "replans": null, "validator_ok": 1, "runtime_s": 0.12944604363292456, "waits": 117}, "v2wmlp706": {"instance_id": "c12_replay_150_0133", "campus": 12, "size": 150, "track": "replay", "structure": "dedicated", "phi": null, "eta": 1.0, "m": 0.6, "u_target": null, "u_realized": null, "method": "v2wmlp706", "seed": 706, "twt": 949.0, "makespan": 93.1192, "mean_flow": 6.914910666666667, "breach_share": 0.09333333333333334, "breach_p1": 0.23404255319148937, "breach_p2": 0.15, "breach_p3": 0.0, "breach_p4": 0.0, "decisions": 150, "latency_ms_per_decision": 0.24519527330994606, "replans": null, "validator_ok": 1, "runtime_s": 0.03677929099649191, "waits": 0}, "v2wmlp707": {"instance_id": "c12_replay_150_0133", "campus": 12, "size": 150, "track": "replay", "structure": "dedicated", "phi": null, "eta": 1.0, "m": 0.6, "u_target": null, "u_realized": null, "method": "v2wmlp707", "seed": 707, "twt": 946.0, "makespan": 93.1192, "mean_flow": 7.471841333333334, "breach_share": 0.08666666666666667, "breach_p1": 0.23404255319148937, "breach_p2": 0.1, "breach_p3": 0.0, "breach_p4": 0.0, "decisions": 150, "latency_ms_per_decision": 0.4463625264664491, "replans": null, "validator_ok": 1, "runtime_s": 0.06695437896996737, "waits": 97}, "v2wmlp708": {"instance_id": "c12_replay_150_0133", "campus": 12, "size": 150, "track": "replay", "structure": "dedicated", "phi": null, "eta": 1.0, "m": 0.6, "u_target": null, "u_realized": null, "method": "v2wmlp708", "seed": 708, "twt": 946.0, "makespan": 93.1192, "mean_flow": 19.452965333333335, "breach_share": 0.08666666666666667, "breach_p1": 0.23404255319148937, "breach_p2": 0.1, "breach_p3": 0.0, "breach_p4": 0.0, "decisions": 150, "latency_ms_per_decision": 0.7816072491308054, "replans": null, "validator_ok": 1, "runtime_s": 0.1172410873696208, "waits": 158}, "v2wmlp709": {"instance_id": "c12_replay_150_0133", "campus": 12, "size": 150, "track": "replay", "structure": "dedicated", "phi": null, "eta": 1.0, "m": 0.6, "u_target": null, "u_realized": null, "method": "v2wmlp709", "seed": 709, "twt": 946.0, "makespan": 93.1192, "mean_flow": 15.087093999999997, "breach_share": 0.08666666666666667, "breach_p1": 0.23404255319148937, "breach_p2": 0.1, "breach_p3": 0.0, "breach_p4": 0.0, "decisions": 150, "latency_ms_per_decision": 0.7614325235287348, "replans": null, "validator_ok": 1, "runtime_s": 0.11421487852931023, "waits": 167}, "v2wmlp710": {"instance_id": "c12_replay_150_0133", "campus": 12, "size": 150, "track": "replay", "structure": "dedicated", "phi": null, "eta": 1.0, "m": 0.6, "u_target": null, "u_realized": null, "method": "v2wmlp710", "seed": 710, "twt": 946.0, "makespan": 93.1192, "mean_flow": 7.3662073333333336, "breach_share": 0.08666666666666667, "breach_p1": 0.23404255319148937, "breach_p2": 0.1, "breach_p3": 0.0, "breach_p4": 0.0, "decisions": 150, "latency_ms_per_decision": 0.36150190358360607, "replans": null, "validator_ok": 1, "runtime_s": 0.05422528553754091, "waits": 82}}}