{"config_id": "c12_replay_400_0155__c12_chain_phi100_eta100_m080", "rows": {"v2wmlp701": {"instance_id": "c12_replay_400_0155", "campus": 12, "size": 400, "track": "replay", "structure": "chain", "phi": 1.0, "eta": 1.0, "m": 0.8, "u_target": null, "u_realized": null, "method": "v2wmlp701", "seed": 701, "twt": 792.0, "makespan": 110.719, "mean_flow": 6.348783249999999, "breach_share": 0.02, "breach_p1": 0.11940298507462686, "breach_p2": 0.0, "breach_p3": 0.0, "breach_p4": 0.0, "decisions": 400, "latency_ms_per_decision": 1.0876124002970755, "replans": null, "validator_ok": 1, "runtime_s": 0.4350449601188302, "waits": 125}, "v2wmlp702": {"instance_id": "c12_replay_400_0155", "campus": 12, "size": 400, "track": "replay", "structure": "chain", "phi": 1.0, "eta": 1.0, "m": 0.8, "u_target": null, "u_realized": null, "method": "v2wmlp702", "seed": 702, "twt": 792.0, "makespan": 119.66669999999999, "mean_flow": 35.77179025, "breach_share": 0.02, "breach_p1": 0.11940298507462686, "breach_p2": 0.0, "breach_p3": 0.0, "breach_p4": 0.0, "decisions": 400, "latency_ms_per_decision": 6.294913464225829, "replans": null, "validator_ok": 1, "runtime_s": 2.5179653856903315, "waits": 488}, "v2wmlp703": {"instance_id": "c12_replay_400_0155", "campus": 12, "size": 400, "track": "replay", "structure": "chain", "phi": 1.0, "eta": 1.0, "m": 0.8, "u_target": null, "u_realized": null, "method": "v2wmlp703", "seed": 703, "twt": 1168.7335999999998, "makespan": 110.719, "mean_flow": 5.738247, "breach_share": 0.02, "breach_p1": 0.11940298507462686, "breach_p2": 0.0, "breach_p3": 0.0, "breach_p4": 0.0, "decisions": 400, "latency_ms_per_decision": 0.9878521086648107, "replans": null, "validator_ok": 1, "runtime_s": 0.39514084346592426, "waits": 424}, "v2wmlp704": {"instance_id": "c12_replay_400_0155", "campus": 12, "size": 400, "track": "replay", "structure": "chain", "phi": 1.0, "eta": 1.0, "m": 0.8, "u_target": null, "u_realized": null, "method": "v2wmlp704", "seed": 704, "twt": 792.0, "makespan": 116.8648, "mean_flow": 30.164161250000003, "breach_share": 0.02, "breach_p1": 0.11940298507462686, "breach_p2": 0.0, "breach_p3": 0.0, "breach_p4": 0.0, "decisions": 400, "latency_ms_per_decision": 4.926969155203551, "replans": null, "validator_ok": 1, "runtime_s": 1.9707876620814204, "waits": 493}, "v2wmlp705": {"instance_id": "c12_replay_400_0155", "campus": 12, "size": 400, "track": "replay", "structure": "chain", "phi": 1.0, "eta": 1.0, "m": 0.8, "u_target": null, "u_realized": null, "method": "v2wmlp705", "seed": 705, "twt": 792.0, "makespan": 121.8492, "mean_flow": 22.946365999999998, "breach_share": 0.02, "breach_p1": 0.11940298507462686, "breach_p2": 0.0, "breach_p3": 0.0, "breach_p4": 0.0, "decisions": 400, "latency_ms_per_decision": 4.002397381700575, "replans": null, "validator_ok": 1, "runtime_s": 1.6009589526802301, "waits": 490}, "v2wmlp706": {"instance_id": "c12_replay_400_0155", "campus": 12, "size": 400, "track": "replay", "structure": "chain", "phi": 1.0, "eta": 1.0, "m": 0.8, "u_target": null, "u_realized": null, "method": "v2wmlp706", "seed": 706, "twt": 792.0, "makespan": 119.93730000000001, "mean_flow": 7.56606225, "breach_share": 0.02, "breach_p1": 0.11940298507462686, "breach_p2": 0.0, "breach_p3": 0.0, "breach_p4": 0.0, "decisions": 400, "latency_ms_per_decision": 0.8329974371008575, "replans": null, "validator_ok": 1, "runtime_s": 0.333198974840343, "waits": 268}, "v2wmlp707": {"instance_id": "c12_replay_400_0155", "campus": 12, "size": 400, "track": "replay", "structure": "chain", "phi": 1.0, "eta": 1.0, "m": 0.8, "u_target": null, "u_realized": null, "method": "v2wmlp707", "seed": 707, "twt": 792.0, "makespan": 110.719, "mean_flow": 5.70090925, "breach_share": 0.02, "breach_p1": 0.11940298507462686, "breach_p2": 0.0, "breach_p3": 0.0, "breach_p4": 0.0, "decisions": 400, "latency_ms_per_decision": 0.29278197791427374, "replans": null, "validator_ok": 1, "runtime_s": 0.1171127911657095, "waits": 15}, "v2wmlp708": {"instance_id": "c12_replay_400_0155", "campus": 12, "size": 400, "track": "replay", "structure": "chain", "phi": 1.0, "eta": 1.0, "m": 0.8, "u_target": null, "u_realized": null, "method": "v2wmlp708", "seed": 708, "twt": 792.0, "makespan": 118.6445, "mean_flow": 11.151992, "breach_share": 0.02, "breach_p1": 0.11940298507462686, "breach_p2": 0.0, "breach_p3": 0.0, "breach_p4": 0.0, "decisions": 400, "latency_ms_per_decision": 2.284999303519726, "replans": null, "validator_ok": 1, "runtime_s": 0.9139997214078903, "waits": 562}, "v2wmlp709": {"instance_id": "c12_replay_400_0155", "campus": 12, "size": 400, "track": "replay", "structure": "chain", "phi": 1.0, "eta": 1.0, "m": 0.8, "u_target": null, "u_realized": null, "method": "v2wmlp709", "seed": 709, "twt": 792.0, "makespan": 110.719, "mean_flow": 11.2720035, "breach_share": 0.02, "breach_p1": 0.11940298507462686, "breach_p2": 0.0, "breach_p3": 0.0, "breach_p4": 0.0, "decisions": 400, "latency_ms_per_decision": 2.871242305263877, "replans": null, "validator_ok": 1, "runtime_s": 1.1484969221055508, "waits": 570}, "v2wmlp710": {"instance_id": "c12_replay_400_0155", "campus": 12, "size": 400, "track": "replay", "structure": "chain", "phi": 1.0, "eta": 1.0, "m": 0.8, "u_target": null, "u_realized": null, "method": "v2wmlp710", "seed": 710, "twt": 792.0, "makespan": 110.719, "mean_flow": 6.81865425, "breach_share": 0.02, "breach_p1": 0.11940298507462686, "breach_p2": 0.0, "breach_p3": 0.0, "breach_p4": 0.0, "decisions": 400, "latency_ms_per_decision": 0.6583445658907294, "replans": null, "validator_ok": 1, "runtime_s": 0.26333782635629177, "waits": 242}}}