{"config_id": "c12_replay_150_0165__c12_full_eta100_m100", "rows": {"v2wmlp701": {"instance_id": "c12_replay_150_0165", "campus": 12, "size": 150, "track": "replay", "structure": "full", "phi": null, "eta": 1.0, "m": 1.0, "u_target": null, "u_realized": null, "method": "v2wmlp701", "seed": 701, "twt": 84.0, "makespan": 74.86580000000001, "mean_flow": 29.83341866666667, "breach_share": 0.02666666666666667, "breach_p1": 0.11428571428571428, "breach_p2": 0.0, "breach_p3": 0.0, "breach_p4": 0.0, "decisions": 150, "latency_ms_per_decision": 2.569908400376638, "replans": null, "validator_ok": 1, "runtime_s": 0.38548626005649567, "waits": 149}, "v2wmlp702": {"instance_id": "c12_replay_150_0165", "campus": 12, "size": 150, "track": "replay", "structure": "full", "phi": null, "eta": 1.0, "m": 1.0, "u_target": null, "u_realized": null, "method": "v2wmlp702", "seed": 702, "twt": 84.0, "makespan": 131.965, "mean_flow": 51.121724, "breach_share": 0.02666666666666667, "breach_p1": 0.11428571428571428, "breach_p2": 0.0, "breach_p3": 0.0, "breach_p4": 0.0, "decisions": 150, "latency_ms_per_decision": 2.529413097848495, "replans": null, "validator_ok": 1, "runtime_s": 0.3794119646772742, "waits": 122}, "v2wmlp703": {"instance_id": "c12_replay_150_0165", "campus": 12, "size": 150, "track": "replay", "structure": "full", "phi": null, "eta": 1.0, "m": 1.0, "u_target": null, "u_realized": null, "method": "v2wmlp703", "seed": 703, "twt": 84.0, "makespan": 60.8408, "mean_flow": 5.214333333333333, "breach_share": 0.02666666666666667, "breach_p1": 0.11428571428571428, "breach_p2": 0.0, "breach_p3": 0.0, "breach_p4": 0.0, "decisions": 150, "latency_ms_per_decision": 0.5277644780774912, "replans": null, "validator_ok": 1, "runtime_s": 0.07916467171162367, "waits": 0}, "v2wmlp704": {"instance_id": "c12_replay_150_0165", "campus": 12, "size": 150, "track": "replay", "structure": "full", "phi": null, "eta": 1.0, "m": 1.0, "u_target": null, "u_realized": null, "method": "v2wmlp704", "seed": 704, "twt": 84.0, "makespan": 64.8678, "mean_flow": 24.472351333333336, "breach_share": 0.02666666666666667, "breach_p1": 0.11428571428571428, "breach_p2": 0.0, "breach_p3": 0.0, "breach_p4": 0.0, "decisions": 150, "latency_ms_per_decision": 3.484600012501081, "replans": null, "validator_ok": 1, "runtime_s": 0.5226900018751621, "waits": 147}, "v2wmlp705": {"instance_id": "c12_replay_150_0165", "campus": 12, "size": 150, "track": "replay", "structure": "full", "phi": null, "eta": 1.0, "m": 1.0, "u_target": null, "u_realized": null, "method": "v2wmlp705", "seed": 705, "twt": 84.0, "makespan": 80.85079999999999, "mean_flow": 20.54654666666666, "breach_share": 0.02666666666666667, "breach_p1": 0.11428571428571428, "breach_p2": 0.0, "breach_p3": 0.0, "breach_p4": 0.0, "decisions": 150, "latency_ms_per_decision": 2.6844946977992854, "replans": null, "validator_ok": 1, "runtime_s": 0.4026742046698928, "waits": 118}, "v2wmlp706": {"instance_id": "c12_replay_150_0165", "campus": 12, "size": 150, "track": "replay", "structure": "full", "phi": null, "eta": 1.0, "m": 1.0, "u_target": null, "u_realized": null, "method": "v2wmlp706", "seed": 706, "twt": 84.0, "makespan": 60.8408, "mean_flow": 5.214333333333333, "breach_share": 0.02666666666666667, "breach_p1": 0.11428571428571428, "breach_p2": 0.0, "breach_p3": 0.0, "breach_p4": 0.0, "decisions": 150, "latency_ms_per_decision": 0.516942006846269, "replans": null, "validator_ok": 1, "runtime_s": 0.07754130102694035, "waits": 0}, "v2wmlp707": {"instance_id": "c12_replay_150_0165", "campus": 12, "size": 150, "track": "replay", "structure": "full", "phi": null, "eta": 1.0, "m": 1.0, "u_target": null, "u_realized": null, "method": "v2wmlp707", "seed": 707, "twt": 84.0, "makespan": 60.8408, "mean_flow": 5.214333333333333, "breach_share": 0.02666666666666667, "breach_p1": 0.11428571428571428, "breach_p2": 0.0, "breach_p3": 0.0, "breach_p4": 0.0, "decisions": 150, "latency_ms_per_decision": 0.5229966714978218, "replans": null, "validator_ok": 1, "runtime_s": 0.07844950072467327, "waits": 0}, "v2wmlp708": {"instance_id": "c12_replay_150_0165", "campus": 12, "size": 150, "track": "replay", "structure": "full", "phi": null, "eta": 1.0, "m": 1.0, "u_target": null, "u_realized": null, "method": "v2wmlp708", "seed": 708, "twt": 84.0, "makespan": 60.8408, "mean_flow": 5.214333333333333, "breach_share": 0.02666666666666667, "breach_p1": 0.11428571428571428, "breach_p2": 0.0, "breach_p3": 0.0, "breach_p4": 0.0, "decisions": 150, "latency_ms_per_decision": 0.6745580211281776, "replans": null, "validator_ok": 1, "runtime_s": 0.10118370316922665, "waits": 0}, "v2wmlp709": {"instance_id": "c12_replay_150_0165", "campus": 12, "size": 150, "track": "replay", "structure": "full", "phi": null, "eta": 1.0, "m": 1.0, "u_target": null, "u_realized": null, "method": "v2wmlp709", "seed": 709, "twt": 84.0, "makespan": 77.0, "mean_flow": 17.783844666666667, "breach_share": 0.02666666666666667, "breach_p1": 0.11428571428571428, "breach_p2": 0.0, "breach_p3": 0.0, "breach_p4": 0.0, "decisions": 150, "latency_ms_per_decision": 3.496700506657362, "replans": null, "validator_ok": 1, "runtime_s": 0.5245050759986043, "waits": 155}, "v2wmlp710": {"instance_id": "c12_replay_150_0165", "campus": 12, "size": 150, "track": "replay", "structure": "full", "phi": null, "eta": 1.0, "m": 1.0, "u_target": null, "u_realized": null, "method": "v2wmlp710", "seed": 710, "twt": 84.0, "makespan": 86.0336, "mean_flow": 27.105748666666667, "breach_share": 0.02666666666666667, "breach_p1": 0.11428571428571428, "breach_p2": 0.0, "breach_p3": 0.0, "breach_p4": 0.0, "decisions": 150, "latency_ms_per_decision": 2.8183398209512234, "replans": null, "validator_ok": 1, "runtime_s": 0.4227509731426835, "waits": 152}}}