{"config_id": "c12_replay_150_0153__c12_full_eta100_m060", "rows": {"v2wmlp701": {"instance_id": "c12_replay_150_0153", "campus": 12, "size": 150, "track": "replay", "structure": "full", "phi": null, "eta": 1.0, "m": 0.6, "u_target": null, "u_realized": null, "method": "v2wmlp701", "seed": 701, "twt": 1506.9184, "makespan": 98.8648, "mean_flow": 8.30573, "breach_share": 0.06666666666666667, "breach_p1": 0.140625, "breach_p2": 0.05, "breach_p3": 0.0, "breach_p4": 0.0, "decisions": 150, "latency_ms_per_decision": 0.9953644561270872, "replans": null, "validator_ok": 1, "runtime_s": 0.1493046684190631, "waits": 110}, "v2wmlp702": {"instance_id": "c12_replay_150_0153", "campus": 12, "size": 150, "track": "replay", "structure": "full", "phi": null, "eta": 1.0, "m": 0.6, "u_target": null, "u_realized": null, "method": "v2wmlp702", "seed": 702, "twt": 1506.9184, "makespan": 128.0, "mean_flow": 22.899029333333335, "breach_share": 0.06666666666666667, "breach_p1": 0.140625, "breach_p2": 0.05, "breach_p3": 0.0, "breach_p4": 0.0, "decisions": 150, "latency_ms_per_decision": 6.564317625015974, "replans": null, "validator_ok": 1, "runtime_s": 0.9846476437523961, "waits": 201}, "v2wmlp703": {"instance_id": "c12_replay_150_0153", "campus": 12, "size": 150, "track": "replay", "structure": "full", "phi": null, "eta": 1.0, "m": 0.6, "u_target": null, "u_realized": null, "method": "v2wmlp703", "seed": 703, "twt": 1506.9184, "makespan": 98.8648, "mean_flow": 5.785098666666666, "breach_share": 0.06666666666666667, "breach_p1": 0.140625, "breach_p2": 0.05, "breach_p3": 0.0, "breach_p4": 0.0, "decisions": 150, "latency_ms_per_decision": 1.0278447282811005, "replans": null, "validator_ok": 1, "runtime_s": 0.1541767092421651, "waits": 0}, "v2wmlp704": {"instance_id": "c12_replay_150_0153", "campus": 12, "size": 150, "track": "replay", "structure": "full", "phi": null, "eta": 1.0, "m": 0.6, "u_target": null, "u_realized": null, "method": "v2wmlp704", "seed": 704, "twt": 1506.9184, "makespan": 98.8648, "mean_flow": 12.242028666666666, "breach_share": 0.06666666666666667, "breach_p1": 0.140625, "breach_p2": 0.05, "breach_p3": 0.0, "breach_p4": 0.0, "decisions": 150, "latency_ms_per_decision": 9.58575734247764, "replans": null, "validator_ok": 1, "runtime_s": 1.437863601371646, "waits": 169}, "v2wmlp705": {"instance_id": "c12_replay_150_0153", "campus": 12, "size": 150, "track": "replay", "structure": "full", "phi": null, "eta": 1.0, "m": 0.6, "u_target": null, "u_realized": null, "method": "v2wmlp705", "seed": 705, "twt": 1506.9184, "makespan": 98.8648, "mean_flow": 9.941111333333334, "breach_share": 0.06666666666666667, "breach_p1": 0.140625, "breach_p2": 0.05, "breach_p3": 0.0, "breach_p4": 0.0, "decisions": 150, "latency_ms_per_decision": 4.466409229983886, "replans": null, "validator_ok": 1, "runtime_s": 0.6699613844975829, "waits": 117}, "v2wmlp706": {"instance_id": "c12_replay_150_0153", "campus": 12, "size": 150, "track": "replay", "structure": "full", "phi": null, "eta": 1.0, "m": 0.6, "u_target": null, "u_realized": null, "method": "v2wmlp706", "seed": 706, "twt": 3172.2634, "makespan": 295.5648, "mean_flow": 25.981340666666668, "breach_share": 0.07333333333333333, "breach_p1": 0.140625, "breach_p2": 0.05, "breach_p3": 0.0, "breach_p4": 0.024390243902439025, "decisions": 150, "latency_ms_per_decision": 3.6419959676762423, "replans": null, "validator_ok": 1, "runtime_s": 0.5462993951514363, "waits": 195}, "v2wmlp707": {"instance_id": "c12_replay_150_0153", "campus": 12, "size": 150, "track": "replay", "structure": "full", "phi": null, "eta": 1.0, "m": 0.6, "u_target": null, "u_realized": null, "method": "v2wmlp707", "seed": 707, "twt": 1506.9184, "makespan": 98.8648, "mean_flow": 5.785098666666666, "breach_share": 0.06666666666666667, "breach_p1": 0.140625, "breach_p2": 0.05, "breach_p3": 0.0, "breach_p4": 0.0, "decisions": 150, "latency_ms_per_decision": 1.3698076208432515, "replans": null, "validator_ok": 1, "runtime_s": 0.20547114312648773, "waits": 0}, "v2wmlp708": {"instance_id": "c12_replay_150_0153", "campus": 12, "size": 150, "track": "replay", "structure": "full", "phi": null, "eta": 1.0, "m": 0.6, "u_target": null, "u_realized": null, "method": "v2wmlp708", "seed": 708, "twt": 1506.9184, "makespan": 98.8648, "mean_flow": 5.920137333333333, "breach_share": 0.06666666666666667, "breach_p1": 0.140625, "breach_p2": 0.05, "breach_p3": 0.0, "breach_p4": 0.0, "decisions": 150, "latency_ms_per_decision": 1.2481181820233662, "replans": null, "validator_ok": 1, "runtime_s": 0.18721772730350494, "waits": 98}, "v2wmlp709": {"instance_id": "c12_replay_150_0153", "campus": 12, "size": 150, "track": "replay", "structure": "full", "phi": null, "eta": 1.0, "m": 0.6, "u_target": null, "u_realized": null, "method": "v2wmlp709", "seed": 709, "twt": 1574.9184, "makespan": 106.16, "mean_flow": 12.769824, "breach_share": 0.07333333333333333, "breach_p1": 0.15625, "breach_p2": 0.05, "breach_p3": 0.0, "breach_p4": 0.0, "decisions": 150, "latency_ms_per_decision": 3.0858866373697915, "replans": null, "validator_ok": 1, "runtime_s": 0.46288299560546875, "waits": 186}, "v2wmlp710": {"instance_id": "c12_replay_150_0153", "campus": 12, "size": 150, "track": "replay", "structure": "full", "phi": null, "eta": 1.0, "m": 0.6, "u_target": null, "u_realized": null, "method": "v2wmlp710", "seed": 710, "twt": 1512.5936, "makespan": 128.0, "mean_flow": 25.786834000000006, "breach_share": 0.07333333333333333, "breach_p1": 0.15625, "breach_p2": 0.05, "breach_p3": 0.0, "breach_p4": 0.0, "decisions": 150, "latency_ms_per_decision": 5.095040090382099, "replans": null, "validator_ok": 1, "runtime_s": 0.7642560135573149, "waits": 172}}}