{"config_id": "c12_replay_150_0145__c12_chain_phi100_eta100_m060", "rows": {"v2wmlp701": {"instance_id": "c12_replay_150_0145", "campus": 12, "size": 150, "track": "replay", "structure": "chain", "phi": 1.0, "eta": 1.0, "m": 0.6, "u_target": null, "u_realized": null, "method": "v2wmlp701", "seed": 701, "twt": 780.5, "makespan": 97.6342, "mean_flow": 6.500765333333334, "breach_share": 0.04666666666666667, "breach_p1": 0.17857142857142858, "breach_p2": 0.038461538461538464, "breach_p3": 0.022222222222222223, "breach_p4": 0.0, "decisions": 150, "latency_ms_per_decision": 0.32938841730356216, "replans": null, "validator_ok": 1, "runtime_s": 0.049408262595534325, "waits": 0}, "v2wmlp702": {"instance_id": "c12_replay_150_0145", "campus": 12, "size": 150, "track": "replay", "structure": "chain", "phi": 1.0, "eta": 1.0, "m": 0.6, "u_target": null, "u_realized": null, "method": "v2wmlp702", "seed": 702, "twt": 780.5, "makespan": 107.5137, "mean_flow": 31.20489999999999, "breach_share": 0.04666666666666667, "breach_p1": 0.17857142857142858, "breach_p2": 0.038461538461538464, "breach_p3": 0.022222222222222223, "breach_p4": 0.0, "decisions": 150, "latency_ms_per_decision": 1.8740516652663548, "replans": null, "validator_ok": 1, "runtime_s": 0.28110774978995323, "waits": 171}, "v2wmlp703": {"instance_id": "c12_replay_150_0145", "campus": 12, "size": 150, "track": "replay", "structure": "chain", "phi": 1.0, "eta": 1.0, "m": 0.6, "u_target": null, "u_realized": null, "method": "v2wmlp703", "seed": 703, "twt": 780.5, "makespan": 97.6342, "mean_flow": 6.500765333333334, "breach_share": 0.04666666666666667, "breach_p1": 0.17857142857142858, "breach_p2": 0.038461538461538464, "breach_p3": 0.022222222222222223, "breach_p4": 0.0, "decisions": 150, "latency_ms_per_decision": 0.3199713242550691, "replans": null, "validator_ok": 1, "runtime_s": 0.047995698638260365, "waits": 0}, "v2wmlp704": {"instance_id": "c12_replay_150_0145", "campus": 12, "size": 150, "track": "replay", "structure": "chain", "phi": 1.0, "eta": 1.0, "m": 0.6, "u_target": null, "u_realized": null, "method": "v2wmlp704", "seed": 704, "twt": 780.5, "makespan": 97.6342, "mean_flow": 25.756403333333335, "breach_share": 0.04666666666666667, "breach_p1": 0.17857142857142858, "breach_p2": 0.038461538461538464, "breach_p3": 0.022222222222222223, "breach_p4": 0.0, "decisions": 150, "latency_ms_per_decision": 1.893859865764777, "replans": null, "validator_ok": 1, "runtime_s": 0.28407897986471653, "waits": 177}, "v2wmlp705": {"instance_id": "c12_replay_150_0145", "campus": 12, "size": 150, "track": "replay", "structure": "chain", "phi": 1.0, "eta": 1.0, "m": 0.6, "u_target": null, "u_realized": null, "method": "v2wmlp705", "seed": 705, "twt": 780.5, "makespan": 104.8323, "mean_flow": 10.448644666666667, "breach_share": 0.04666666666666667, "breach_p1": 0.17857142857142858, "breach_p2": 0.038461538461538464, "breach_p3": 0.022222222222222223, "breach_p4": 0.0, "decisions": 150, "latency_ms_per_decision": 0.9405333486696085, "replans": null, "validator_ok": 1, "runtime_s": 0.14108000230044127, "waits": 127}, "v2wmlp706": {"instance_id": "c12_replay_150_0145", "campus": 12, "size": 150, "track": "replay", "structure": "chain", "phi": 1.0, "eta": 1.0, "m": 0.6, "u_target": null, "u_realized": null, "method": "v2wmlp706", "seed": 706, "twt": 813.6912, "makespan": 97.6342, "mean_flow": 6.528424666666666, "breach_share": 0.04666666666666667, "breach_p1": 0.17857142857142858, "breach_p2": 0.038461538461538464, "breach_p3": 0.022222222222222223, "breach_p4": 0.0, "decisions": 150, "latency_ms_per_decision": 0.4536710058649381, "replans": null, "validator_ok": 1, "runtime_s": 0.06805065087974072, "waits": 92}, "v2wmlp707": {"instance_id": "c12_replay_150_0145", "campus": 12, "size": 150, "track": "replay", "structure": "chain", "phi": 1.0, "eta": 1.0, "m": 0.6, "u_target": null, "u_realized": null, "method": "v2wmlp707", "seed": 707, "twt": 780.5, "makespan": 97.6342, "mean_flow": 6.500765333333334, "breach_share": 0.04666666666666667, "breach_p1": 0.17857142857142858, "breach_p2": 0.038461538461538464, "breach_p3": 0.022222222222222223, "breach_p4": 0.0, "decisions": 150, "latency_ms_per_decision": 0.3219711159666379, "replans": null, "validator_ok": 1, "runtime_s": 0.04829566739499569, "waits": 0}, "v2wmlp708": {"instance_id": "c12_replay_150_0145", "campus": 12, "size": 150, "track": "replay", "structure": "chain", "phi": 1.0, "eta": 1.0, "m": 0.6, "u_target": null, "u_realized": null, "method": "v2wmlp708", "seed": 708, "twt": 780.5, "makespan": 115.3648, "mean_flow": 21.961361999999998, "breach_share": 0.04666666666666667, "breach_p1": 0.17857142857142858, "breach_p2": 0.038461538461538464, "breach_p3": 0.022222222222222223, "breach_p4": 0.0, "decisions": 150, "latency_ms_per_decision": 1.501508392393589, "replans": null, "validator_ok": 1, "runtime_s": 0.22522625885903835, "waits": 192}, "v2wmlp709": {"instance_id": "c12_replay_150_0145", "campus": 12, "size": 150, "track": "replay", "structure": "chain", "phi": 1.0, "eta": 1.0, "m": 0.6, "u_target": null, "u_realized": null, "method": "v2wmlp709", "seed": 709, "twt": 780.5, "makespan": 104.3301, "mean_flow": 24.880244666666666, "breach_share": 0.04666666666666667, "breach_p1": 0.17857142857142858, "breach_p2": 0.038461538461538464, "breach_p3": 0.022222222222222223, "breach_p4": 0.0, "decisions": 150, "latency_ms_per_decision": 1.6861152959366639, "replans": null, "validator_ok": 1, "runtime_s": 0.2529172943904996, "waits": 180}, "v2wmlp710": {"instance_id": "c12_replay_150_0145", "campus": 12, "size": 150, "track": "replay", "structure": "chain", "phi": 1.0, "eta": 1.0, "m": 0.6, "u_target": null, "u_realized": null, "method": "v2wmlp710", "seed": 710, "twt": 780.5, "makespan": 97.6342, "mean_flow": 6.510904666666666, "breach_share": 0.04666666666666667, "breach_p1": 0.17857142857142858, "breach_p2": 0.038461538461538464, "breach_p3": 0.022222222222222223, "breach_p4": 0.0, "decisions": 150, "latency_ms_per_decision": 0.35603393490115803, "replans": null, "validator_ok": 1, "runtime_s": 0.0534050902351737, "waits": 23}}}