{"config_id": "c05_e3_w80_u130_0014__c05_chain_phi100_eta100_m100", "rows": {"edd": {"instance_id": "c05_e3_w80_u130_0014", "campus": 5, "size": 4428, "track": "e3", "structure": "chain", "phi": 1.0, "eta": 1.0, "m": 1.0, "u_target": 1.3, "u_realized": 1.3160453340517237, "method": "edd", "seed": 301, "twt": 0.0, "makespan": 142.4818, "mean_flow": 14.709322199638661, "breach_share": 0.0, "breach_p1": null, "breach_p2": null, "breach_p3": 0.0, "breach_p4": 0.0, "decisions": 4428, "latency_ms_per_decision": 0.10731251199007061, "replans": null, "validator_ok": 1, "runtime_s": 0.47517980309203267}, "wspt": {"instance_id": "c05_e3_w80_u130_0014", "campus": 5, "size": 4428, "track": "e3", "structure": "chain", "phi": 1.0, "eta": 1.0, "m": 1.0, "u_target": 1.3, "u_realized": 1.3160453340517237, "method": "wspt", "seed": 301, "twt": 319.15699999999975, "makespan": 155.7765, "mean_flow": 6.2185492321589875, "breach_share": 0.0031616982836495033, "breach_p1": null, "breach_p2": null, "breach_p3": 0.005811540058115401, "breach_p4": 0.0, "decisions": 4428, "latency_ms_per_decision": 0.06189709907867075, "replans": null, "validator_ok": 1, "runtime_s": 0.2740803547203541}, "atc": {"instance_id": "c05_e3_w80_u130_0014", "campus": 5, "size": 4428, "track": "e3", "structure": "chain", "phi": 1.0, "eta": 1.0, "m": 1.0, "u_target": 1.3, "u_realized": 1.3160453340517237, "method": "atc", "seed": 301, "twt": 0.0, "makespan": 140.4262, "mean_flow": 15.669140695573619, "breach_share": 0.0, "breach_p1": null, "breach_p2": null, "breach_p3": 0.0, "breach_p4": 0.0, "decisions": 4428, "latency_ms_per_decision": 0.24086220537807856, "replans": null, "validator_ok": 1, "runtime_s": 1.0665378454141319}, "pfifo": {"instance_id": "c05_e3_w80_u130_0014", "campus": 5, "size": 4428, "track": "e3", "structure": "chain", "phi": 1.0, "eta": 1.0, "m": 1.0, "u_target": 1.3, "u_realized": 1.3160453340517237, "method": "pfifo", "seed": 301, "twt": 0.0, "makespan": 142.4818, "mean_flow": 14.709322199638661, "breach_share": 0.0, "breach_p1": null, "breach_p2": null, "breach_p3": 0.0, "breach_p4": 0.0, "decisions": 4428, "latency_ms_per_decision": 0.12305163508727002, "replans": null, "validator_ok": 1, "runtime_s": 0.5448726401664317}, "mor": {"instance_id": "c05_e3_w80_u130_0014", "campus": 5, "size": 4428, "track": "e3", "structure": "chain", "phi": 1.0, "eta": 1.0, "m": 1.0, "u_target": 1.3, "u_realized": 1.3160453340517237, "method": "mor", "seed": 301, "twt": 8160.292999999998, "makespan": 126.2536, "mean_flow": 34.806568586269194, "breach_share": 0.06978319783197832, "breach_p1": null, "breach_p2": null, "breach_p3": 0.12826899128268993, "breach_p4": 0.0, "decisions": 4428, "latency_ms_per_decision": 0.16205434228084115, "replans": null, "validator_ok": 1, "runtime_s": 0.7175766276195645}, "lfj_atc": {"instance_id": "c05_e3_w80_u130_0014", "campus": 5, "size": 4428, "track": "e3", "structure": "chain", "phi": 1.0, "eta": 1.0, "m": 1.0, "u_target": 1.3, "u_realized": 1.3160453340517237, "method": "lfj_atc", "seed": 301, "twt": 0.0, "makespan": 139.81419999999997, "mean_flow": 15.388076693766939, "breach_share": 0.0, "breach_p1": null, "breach_p2": null, "breach_p3": 0.0, "breach_p4": 0.0, "decisions": 4428, "latency_ms_per_decision": 0.17705315447647155, "replans": null, "validator_ok": 1, "runtime_s": 0.783991368021816}, "atc_eta": {"instance_id": "c05_e3_w80_u130_0014", "campus": 5, "size": 4428, "track": "e3", "structure": "chain", "phi": 1.0, "eta": 1.0, "m": 1.0, "u_target": 1.3, "u_realized": 1.3160453340517237, "method": "atc_eta", "seed": 301, "twt": 0.0, "makespan": 140.4262, "mean_flow": 15.669140695573619, "breach_share": 0.0, "breach_p1": null, "breach_p2": null, "breach_p3": 0.0, "breach_p4": 0.0, "decisions": 4428, "latency_ms_per_decision": 0.15466288478780865, "replans": null, "validator_ok": 1, "runtime_s": 0.6848472538404167}, "random": {"instance_id": "c05_e3_w80_u130_0014", "campus": 5, "size": 4428, "track": "e3", "structure": "chain", "phi": 1.0, "eta": 1.0, "m": 1.0, "u_target": 1.3, "u_realized": 1.3160453340517237, "method": "random", "seed": 301, "twt": 244.43480000000017, "makespan": 139.6023, "mean_flow": 14.462908739837395, "breach_share": 0.0033875338753387536, "breach_p1": null, "breach_p2": null, "breach_p3": 0.0062266500622665, "breach_p4": 0.0, "decisions": 4428, "latency_ms_per_decision": 0.019180678022990057, "replans": null, "validator_ok": 1, "runtime_s": 0.08493204228579998}, "v2mlp301": {"instance_id": "c05_e3_w80_u130_0014", "campus": 5, "size": 4428, "track": "e3", "structure": "chain", "phi": 1.0, "eta": 1.0, "m": 1.0, "u_target": 1.3, "u_realized": 1.3160453340517237, "method": "v2mlp301", "seed": 301, "twt": 0.0, "makespan": 126.2536, "mean_flow": 17.151010117434506, "breach_share": 0.0, "breach_p1": null, "breach_p2": null, "breach_p3": 0.0, "breach_p4": 0.0, "decisions": 4428, "latency_ms_per_decision": 9.164276962103735, "replans": null, "validator_ok": 1, "runtime_s": 40.579418388195336}, "v2mlp302": {"instance_id": "c05_e3_w80_u130_0014", "campus": 5, "size": 4428, "track": "e3", "structure": "chain", "phi": 1.0, "eta": 1.0, "m": 1.0, "u_target": 1.3, "u_realized": 1.3160453340517237, "method": "v2mlp302", "seed": 302, "twt": 0.0, "makespan": 138.0199, "mean_flow": 15.615421725383918, "breach_share": 0.0, "breach_p1": null, "breach_p2": null, "breach_p3": 0.0, "breach_p4": 0.0, "decisions": 4428, "latency_ms_per_decision": 5.680311906072391, "replans": null, "validator_ok": 1, "runtime_s": 25.152421120088547}, "v2mlp303": {"instance_id": "c05_e3_w80_u130_0014", "campus": 5, "size": 4428, "track": "e3", "structure": "chain", "phi": 1.0, "eta": 1.0, "m": 1.0, "u_target": 1.3, "u_realized": 1.3160453340517237, "method": "v2mlp303", "seed": 303, "twt": 0.0, "makespan": 126.2536, "mean_flow": 16.137266847335137, "breach_share": 0.0, "breach_p1": null, "breach_p2": null, "breach_p3": 0.0, "breach_p4": 0.0, "decisions": 4428, "latency_ms_per_decision": 6.966261412631199, "replans": null, "validator_ok": 1, "runtime_s": 30.846605535130948}, "v2mlp304": {"instance_id": "c05_e3_w80_u130_0014", "campus": 5, "size": 4428, "track": "e3", "structure": "chain", "phi": 1.0, "eta": 1.0, "m": 1.0, "u_target": 1.3, "u_realized": 1.3160453340517237, "method": "v2mlp304", "seed": 304, "twt": 0.0, "makespan": 126.2536, "mean_flow": 16.934377326106596, "breach_share": 0.0, "breach_p1": null, "breach_p2": null, "breach_p3": 0.0, "breach_p4": 0.0, "decisions": 4428, "latency_ms_per_decision": 6.558224567979432, "replans": null, "validator_ok": 1, "runtime_s": 29.03981838701293}, "v2mlp305": {"instance_id": "c05_e3_w80_u130_0014", "campus": 5, "size": 4428, "track": "e3", "structure": "chain", "phi": 1.0, "eta": 1.0, "m": 1.0, "u_target": 1.3, "u_realized": 1.3160453340517237, "method": "v2mlp305", "seed": 305, "twt": 0.0, "makespan": 127.07909999999998, "mean_flow": 16.957662579042456, "breach_share": 0.0, "breach_p1": null, "breach_p2": null, "breach_p3": 0.0, "breach_p4": 0.0, "decisions": 4428, "latency_ms_per_decision": 4.588452343746528, "replans": null, "validator_ok": 1, "runtime_s": 20.317666978109628}, "v2mlp306": {"instance_id": "c05_e3_w80_u130_0014", "campus": 5, "size": 4428, "track": "e3", "structure": "chain", "phi": 1.0, "eta": 1.0, "m": 1.0, "u_target": 1.3, "u_realized": 1.3160453340517237, "method": "v2mlp306", "seed": 306, "twt": 0.0, "makespan": 126.2536, "mean_flow": 18.791949254742548, "breach_share": 0.0, "breach_p1": null, "breach_p2": null, "breach_p3": 0.0, "breach_p4": 0.0, "decisions": 4428, "latency_ms_per_decision": 8.537938737570432, "replans": null, "validator_ok": 1, "runtime_s": 37.80599272996187}, "v2mlp307": {"instance_id": "c05_e3_w80_u130_0014", "campus": 5, "size": 4428, "track": "e3", "structure": "chain", "phi": 1.0, "eta": 1.0, "m": 1.0, "u_target": 1.3, "u_realized": 1.3160453340517237, "method": "v2mlp307", "seed": 307, "twt": 0.0, "makespan": 126.2536, "mean_flow": 18.306075429087624, "breach_share": 0.0,