{"config_id": "c05_e3_w80_u130_0011__c05_full_eta080_m100", "rows": {"edd": {"instance_id": "c05_e3_w80_u130_0011", "campus": 5, "size": 4345, "track": "e3", "structure": "full", "phi": null, "eta": 0.8, "m": 1.0, "u_target": 1.3, "u_realized": 1.2626427047413737, "method": "edd", "seed": 301, "twt": 0.0, "makespan": 157.127, "mean_flow": 19.812447963176066, "breach_share": 0.0, "breach_p1": null, "breach_p2": null, "breach_p3": 0.0, "breach_p4": 0.0, "decisions": 4345, "latency_ms_per_decision": 0.2082830876909342, "replans": null, "validator_ok": 1, "runtime_s": 0.9049900160171092}, "wspt": {"instance_id": "c05_e3_w80_u130_0011", "campus": 5, "size": 4345, "track": "e3", "structure": "full", "phi": null, "eta": 0.8, "m": 1.0, "u_target": 1.3, "u_realized": 1.2626427047413737, "method": "wspt", "seed": 301, "twt": 1072.2974, "makespan": 177.00279999999998, "mean_flow": 6.608399539700807, "breach_share": 0.005293440736478711, "breach_p1": null, "breach_p2": null, "breach_p3": 0.009547530095475302, "breach_p4": 0.0, "decisions": 4345, "latency_ms_per_decision": 0.10275963245879245, "replans": null, "validator_ok": 1, "runtime_s": 0.4464906030334532}, "atc": {"instance_id": "c05_e3_w80_u130_0011", "campus": 5, "size": 4345, "track": "e3", "structure": "full", "phi": null, "eta": 0.8, "m": 1.0, "u_target": 1.3, "u_realized": 1.2626427047413737, "method": "atc", "seed": 301, "twt": 0.0, "makespan": 142.68039999999996, "mean_flow": 23.81703334867664, "breach_share": 0.0, "breach_p1": null, "breach_p2": null, "breach_p3": 0.0, "breach_p4": 0.0, "decisions": 4345, "latency_ms_per_decision": 1.2112798055653193, "replans": null, "validator_ok": 1, "runtime_s": 5.263010755181313}, "pfifo": {"instance_id": "c05_e3_w80_u130_0011", "campus": 5, "size": 4345, "track": "e3", "structure": "full", "phi": null, "eta": 0.8, "m": 1.0, "u_target": 1.3, "u_realized": 1.2626427047413737, "method": "pfifo", "seed": 301, "twt": 0.0, "makespan": 157.127, "mean_flow": 19.812447963176066, "breach_share": 0.0, "breach_p1": null, "breach_p2": null, "breach_p3": 0.0, "breach_p4": 0.0, "decisions": 4345, "latency_ms_per_decision": 0.35078342601022455, "replans": null, "validator_ok": 1, "runtime_s": 1.5241539860144258}, "mor": {"instance_id": "c05_e3_w80_u130_0011", "campus": 5, "size": 4345, "track": "e3", "structure": "full", "phi": null, "eta": 0.8, "m": 1.0, "u_target": 1.3, "u_realized": 1.2626427047413737, "method": "mor", "seed": 301, "twt": 11043.846399999997, "makespan": 122.73870000000002, "mean_flow": 44.13490264672037, "breach_share": 0.09021864211737629, "breach_p1": null, "breach_p2": null, "breach_p3": 0.1627231216272312, "breach_p4": 0.0, "decisions": 4345, "latency_ms_per_decision": 0.11518537683114495, "replans": null, "validator_ok": 1, "runtime_s": 0.5004804623313248}, "lfj_atc": {"instance_id": "c05_e3_w80_u130_0011", "campus": 5, "size": 4345, "track": "e3", "structure": "full", "phi": null, "eta": 0.8, "m": 1.0, "u_target": 1.3, "u_realized": 1.2626427047413737, "method": "lfj_atc", "seed": 301, "twt": 0.0, "makespan": 142.97090000000003, "mean_flow": 23.877210195627157, "breach_share": 0.0, "breach_p1": null, "breach_p2": null, "breach_p3": 0.0, "breach_p4": 0.0, "decisions": 4345, "latency_ms_per_decision": 0.2800354788720745, "replans": null, "validator_ok": 1, "runtime_s": 1.2167541556991637}, "atc_eta": {"instance_id": "c05_e3_w80_u130_0011", "campus": 5, "size": 4345, "track": "e3", "structure": "full", "phi": null, "eta": 0.8, "m": 1.0, "u_target": 1.3, "u_realized": 1.2626427047413737, "method": "atc_eta", "seed": 301, "twt": 0.0, "makespan": 145.28799999999995, "mean_flow": 24.688394384349827, "breach_share": 0.0, "breach_p1": null, "breach_p2": null, "breach_p3": 0.0, "breach_p4": 0.0, "decisions": 4345, "latency_ms_per_decision": 0.45321979854680317, "replans": null, "validator_ok": 1, "runtime_s": 1.9692400246858597}, "random": {"instance_id": "c05_e3_w80_u130_0011", "campus": 5, "size": 4345, "track": "e3", "structure": "full", "phi": null, "eta": 0.8, "m": 1.0, "u_target": 1.3, "u_realized": 1.2626427047413737, "method": "random", "seed": 301, "twt": 157.03679999999986, "makespan": 146.61180000000002, "mean_flow": 18.203092013808973, "breach_share": 0.002761795166858458, "breach_p1": null, "breach_p2": null, "breach_p3": 0.0049813200498132005, "breach_p4": 0.0, "decisions": 4345, "latency_ms_per_decision": 0.027268452696305012, "replans": null, "validator_ok": 1, "runtime_s": 0.11848142696544528}, "v2mlp301": {"instance_id": "c05_e3_w80_u130_0011", "campus": 5, "size": 4345, "track": "e3", "structure": "full", "phi": null, "eta": 0.8, "m": 1.0, "u_target": 1.3, "u_realized": 1.2626427047413737, "method": "v2mlp301", "seed": 301, "twt": 0.0, "makespan": 130.1323, "mean_flow": 19.92976163406214, "breach_share": 0.0, "breach_p1": null, "breach_p2": null, "breach_p3": 0.0, "breach_p4": 0.0, "decisions": 4345, "latency_ms_per_decision": 7.588766899894413, "replans": null, "validator_ok": 1, "runtime_s": 32.973192180041224}, "v2mlp302": {"instance_id": "c05_e3_w80_u130_0011", "campus": 5, "size": 4345, "track": "e3", "structure": "full", "phi": null, "eta": 0.8, "m": 1.0, "u_target": 1.3, "u_realized": 1.2626427047413737, "method": "v2mlp302", "seed": 302, "twt": 0.0, "makespan": 138.61780000000005, "mean_flow": 19.745740299194473, "breach_share": 0.0, "breach_p1": null, "breach_p2": null, "breach_p3": 0.0, "breach_p4": 0.0, "decisions": 4345, "latency_ms_per_decision": 8.876967226059719, "replans": null, "validator_ok": 1, "runtime_s": 38.57042259722948}, "v2mlp303": {"instance_id": "c05_e3_w80_u130_0011", "campus": 5, "size": 4345, "track": "e3", "structure": "full", "phi": null, "eta": 0.8, "m": 1.0, "u_target": 1.3, "u_realized": 1.2626427047413737, "method": "v2mlp303", "seed": 303, "twt": 0.0, "makespan": 128.5273, "mean_flow": 18.457096271576525, "breach_share": 0.0, "breach_p1": null, "breach_p2": null, "breach_p3": 0.0, "breach_p4": 0.0, "decisions": 4345, "latency_ms_per_decision": 9.407624999496344, "replans": null, "validator_ok": 1, "runtime_s": 40.876130622811615}, "v2mlp304": {"instance_id": "c05_e3_w80_u130_0011", "campus": 5, "size": 4345, "track": "e3", "structure": "full", "phi": null, "eta": 0.8, "m": 1.0, "u_target": 1.3, "u_realized": 1.2626427047413737, "method": "v2mlp304", "seed": 304, "twt": 0.0, "makespan": 128.2911, "mean_flow": 20.320369620253164, "breach_share": 0.0, "breach_p1": null, "breach_p2": null, "breach_p3": 0.0, "breach_p4": 0.0, "decisions": 4345, "latency_ms_per_decision": 5.944140821318083, "replans": null, "validator_ok": 1, "runtime_s": 25.82729186862707}, "v2mlp305": {"instance_id": "c05_e3_w80_u130_0011", "campus": 5, "size": 4345, "track": "e3", "structure": "full", "phi": null, "eta": 0.8, "m": 1.0, "u_target": 1.3, "u_realized": 1.2626427047413737, "method": "v2mlp305", "seed": 305, "twt": 0.0, "makespan": 139.85670000000002, "mean_flow": 22.165618043728426, "breach_share": 0.0, "breach_p1": null, "breach_p2": null, "breach_p3": 0.0, "breach_p4": 0.0, "decisions": 4345, "latency_ms_per_decision": 13.766596030113817, "replans": null, "validator_ok": 1, "runtime_s": 59.81585975084454}, "v2mlp306": {"instance_id": "c05_e3_w80_u130_0011", "campus": 5, "size": 4345, "track": "e3", "structure": "full", "phi": null, "eta": 0.8, "m": 1.0, "u_target": 1.3, "u_realized": 1.2626427047413737, "method": "v2mlp306", "seed": 306, "twt": 0.0, "makespan": 125.06079999999999, "mean_flow": 22.466196823935555, "breach_share": 0.0, "breach_p1": null, "breach_p2": null, "breach_p3": 0.0, "breach_p4": 0.0, "decisions": 4345, "latency_ms_per_decision": 13.240990496451685, "replans": null, "validator_ok": 1, "runtime_s": 57.53210370708257}, "v2mlp307": {"instance_id": "c05_e3_w80_u130_0011", "campus": 5, "size": 4345, "track": "e3", "structure": "full", "phi": null, "eta": 0.8, "m": 1.0, "u_target": 1.3, "u_realized": 1.2626427047413737, "method": "v2mlp307", "seed": 307, "twt": 0.0, "makespan": 126.01980000000003,