{"config_id": "c05_e3_w80_u130_0016__c05_chain_phi100_eta100_m100", "rows": {"edd": {"instance_id": "c05_e3_w80_u130_0016", "campus": 5, "size": 4408, "track": "e3", "structure": "chain", "phi": 1.0, "eta": 1.0, "m": 1.0, "u_target": 1.3, "u_realized": 1.350771767241373, "method": "edd", "seed": 301, "twt": 0.0, "makespan": 139.33079999999995, "mean_flow": 17.13192118874773, "breach_share": 0.0, "breach_p1": null, "breach_p2": null, "breach_p3": 0.0, "breach_p4": 0.0, "decisions": 4408, "latency_ms_per_decision": 0.021883554438876154, "replans": null, "validator_ok": 1, "runtime_s": 0.09646270796656609}, "wspt": {"instance_id": "c05_e3_w80_u130_0016", "campus": 5, "size": 4408, "track": "e3", "structure": "chain", "phi": 1.0, "eta": 1.0, "m": 1.0, "u_target": 1.3, "u_realized": 1.350771767241373, "method": "wspt", "seed": 301, "twt": 680.6017999999997, "makespan": 165.3216, "mean_flow": 6.316994215063519, "breach_share": 0.004310344827586207, "breach_p1": null, "breach_p2": null, "breach_p3": 0.007864238410596027, "breach_p4": 0.0, "decisions": 4408, "latency_ms_per_decision": 0.012822303318413492, "replans": null, "validator_ok": 1, "runtime_s": 0.05652071302756667}, "atc": {"instance_id": "c05_e3_w80_u130_0016", "campus": 5, "size": 4408, "track": "e3", "structure": "chain", "phi": 1.0, "eta": 1.0, "m": 1.0, "u_target": 1.3, "u_realized": 1.350771767241373, "method": "atc", "seed": 301, "twt": 0.0, "makespan": 145.56400000000002, "mean_flow": 18.284375998185116, "breach_share": 0.0, "breach_p1": null, "breach_p2": null, "breach_p3": 0.0, "breach_p4": 0.0, "decisions": 4408, "latency_ms_per_decision": 0.06311746348395349, "replans": null, "validator_ok": 1, "runtime_s": 0.27822177903726697}, "pfifo": {"instance_id": "c05_e3_w80_u130_0016", "campus": 5, "size": 4408, "track": "e3", "structure": "chain", "phi": 1.0, "eta": 1.0, "m": 1.0, "u_target": 1.3, "u_realized": 1.350771767241373, "method": "pfifo", "seed": 301, "twt": 0.0, "makespan": 139.33079999999995, "mean_flow": 17.13192118874773, "breach_share": 0.0, "breach_p1": null, "breach_p2": null, "breach_p3": 0.0, "breach_p4": 0.0, "decisions": 4408, "latency_ms_per_decision": 0.034509751816430616, "replans": null, "validator_ok": 1, "runtime_s": 0.15211898600682616}, "mor": {"instance_id": "c05_e3_w80_u130_0016", "campus": 5, "size": 4408, "track": "e3", "structure": "chain", "phi": 1.0, "eta": 1.0, "m": 1.0, "u_target": 1.3, "u_realized": 1.350771767241373, "method": "mor", "seed": 301, "twt": 9172.676600000006, "makespan": 120.39309999999999, "mean_flow": 38.84509811705989, "breach_share": 0.08212341197822141, "breach_p1": null, "breach_p2": null, "breach_p3": 0.1498344370860927, "breach_p4": 0.0, "decisions": 4408, "latency_ms_per_decision": 0.05740146822432993, "replans": null, "validator_ok": 1, "runtime_s": 0.2530256719328463}, "lfj_atc": {"instance_id": "c05_e3_w80_u130_0016", "campus": 5, "size": 4408, "track": "e3", "structure": "chain", "phi": 1.0, "eta": 1.0, "m": 1.0, "u_target": 1.3, "u_realized": 1.350771767241373, "method": "lfj_atc", "seed": 301, "twt": 0.0, "makespan": 145.32940000000002, "mean_flow": 18.156105195099816, "breach_share": 0.0, "breach_p1": null, "breach_p2": null, "breach_p3": 0.0, "breach_p4": 0.0, "decisions": 4408, "latency_ms_per_decision": 0.1269254688521722, "replans": null, "validator_ok": 1, "runtime_s": 0.5594874667003751}, "atc_eta": {"instance_id": "c05_e3_w80_u130_0016", "campus": 5, "size": 4408, "track": "e3", "structure": "chain", "phi": 1.0, "eta": 1.0, "m": 1.0, "u_target": 1.3, "u_realized": 1.350771767241373, "method": "atc_eta", "seed": 301, "twt": 0.0, "makespan": 145.56400000000002, "mean_flow": 18.284375998185116, "breach_share": 0.0, "breach_p1": null, "breach_p2": null, "breach_p3": 0.0, "breach_p4": 0.0, "decisions": 4408, "latency_ms_per_decision": 0.10426427538129764, "replans": null, "validator_ok": 1, "runtime_s": 0.45959692588075995}, "random": {"instance_id": "c05_e3_w80_u130_0016", "campus": 5, "size": 4408, "track": "e3", "structure": "chain", "phi": 1.0, "eta": 1.0, "m": 1.0, "u_target": 1.3, "u_realized": 1.350771767241373, "method": "random", "seed": 301, "twt": 151.76499999999996, "makespan": 146.87739999999997, "mean_flow": 16.731516560798543, "breach_share": 0.002268602540834846, "breach_p1": null, "breach_p2": null, "breach_p3": 0.0041390728476821195, "breach_p4": 0.0, "decisions": 4408, "latency_ms_per_decision": 0.011667184647470172, "replans": null, "validator_ok": 1, "runtime_s": 0.05142894992604852}, "v2mlp301": {"instance_id": "c05_e3_w80_u130_0016", "campus": 5, "size": 4408, "track": "e3", "structure": "chain", "phi": 1.0, "eta": 1.0, "m": 1.0, "u_target": 1.3, "u_realized": 1.350771767241373, "method": "v2mlp301", "seed": 301, "twt": 0.0, "makespan": 123.1811, "mean_flow": 18.92940689655172, "breach_share": 0.0, "breach_p1": null, "breach_p2": null, "breach_p3": 0.0, "breach_p4": 0.0, "decisions": 4408, "latency_ms_per_decision": 4.297195797166643, "replans": null, "validator_ok": 1, "runtime_s": 18.942039073910564}, "v2mlp302": {"instance_id": "c05_e3_w80_u130_0016", "campus": 5, "size": 4408, "track": "e3", "structure": "chain", "phi": 1.0, "eta": 1.0, "m": 1.0, "u_target": 1.3, "u_realized": 1.350771767241373, "method": "v2mlp302", "seed": 302, "twt": 0.0, "makespan": 134.22970000000004, "mean_flow": 17.383680285843916, "breach_share": 0.0, "breach_p1": null, "breach_p2": null, "breach_p3": 0.0, "breach_p4": 0.0, "decisions": 4408, "latency_ms_per_decision": 3.0893828831198955, "replans": null, "validator_ok": 1, "runtime_s": 13.6179997487925}, "v2mlp303": {"instance_id": "c05_e3_w80_u130_0016", "campus": 5, "size": 4408, "track": "e3", "structure": "chain", "phi": 1.0, "eta": 1.0, "m": 1.0, "u_target": 1.3, "u_realized": 1.350771767241373, "method": "v2mlp303", "seed": 303, "twt": 0.0, "makespan": 126.52309999999999, "mean_flow": 18.531657441016332, "breach_share": 0.0, "breach_p1": null, "breach_p2": null, "breach_p3": 0.0, "breach_p4": 0.0, "decisions": 4408, "latency_ms_per_decision": 5.752459040820977, "replans": null, "validator_ok": 1, "runtime_s": 25.356839451938868}, "v2mlp304": {"instance_id": "c05_e3_w80_u130_0016", "campus": 5, "size": 4408, "track": "e3", "structure": "chain", "phi": 1.0, "eta": 1.0, "m": 1.0, "u_target": 1.3, "u_realized": 1.350771767241373, "method": "v2mlp304", "seed": 304, "twt": 0.0, "makespan": 128.1636, "mean_flow": 20.12263248638838, "breach_share": 0.0, "breach_p1": null, "breach_p2": null, "breach_p3": 0.0, "breach_p4": 0.0, "decisions": 4408, "latency_ms_per_decision": 7.938347275460988, "replans": null, "validator_ok": 1, "runtime_s": 34.99223479023203}, "v2mlp305": {"instance_id": "c05_e3_w80_u130_0016", "campus": 5, "size": 4408, "track": "e3", "structure": "chain", "phi": 1.0, "eta": 1.0, "m": 1.0, "u_target": 1.3, "u_realized": 1.350771767241373, "method": "v2mlp305", "seed": 305, "twt": 0.0, "makespan": 132.50320000000002, "mean_flow": 19.88905154264972, "breach_share": 0.0, "breach_p1": null, "breach_p2": null, "breach_p3": 0.0, "breach_p4": 0.0, "decisions": 4408, "latency_ms_per_decision": 7.836321567839346, "replans": null, "validator_ok": 1, "runtime_s": 34.54250547103584}, "v2mlp306": {"instance_id": "c05_e3_w80_u130_0016", "campus": 5, "size": 4408, "track": "e3", "structure": "chain", "phi": 1.0, "eta": 1.0, "m": 1.0, "u_target": 1.3, "u_realized": 1.350771767241373, "method": "v2mlp306", "seed": 306, "twt": 0.0, "makespan": 123.04430000000004, "mean_flow": 22.078824909255893, "breach_share": 0.0, "breach_p1": null, "breach_p2": null, "breach_p3": 0.0, "breach_p4": 0.0, "decisions": 4408, "latency_ms_per_decision": 4.729734424175441, "replans": null, "validator_ok": 1, "runtime_s": 20.848669341765344}, "v2mlp307": {"instance_id": "c05_e3_w80_u130_0016", "campus": 5, "size": 4408, "track": "e3", "structure": "chain", "phi": 1.0, "eta": 1.0, "m": 1.0, "u_target": 1.3, "u_realized": 1.350771767241373, "method": "v2mlp307", "seed": 307,