{"config_id": "c05_e3_w80_u130_0022__c05_chain_phi100_eta100_m100", "rows": {"edd": {"instance_id": "c05_e3_w80_u130_0022", "campus": 5, "size": 4244, "track": "e3", "structure": "chain", "phi": 1.0, "eta": 1.0, "m": 1.0, "u_target": 1.3, "u_realized": 1.2764395150862078, "method": "edd", "seed": 301, "twt": 0.0, "makespan": 147.56889999999999, "mean_flow": 13.942314773798302, "breach_share": 0.0, "breach_p1": null, "breach_p2": null, "breach_p3": 0.0, "breach_p4": 0.0, "decisions": 4244, "latency_ms_per_decision": 0.08482987648815365, "replans": null, "validator_ok": 1, "runtime_s": 0.36001799581572413}, "wspt": {"instance_id": "c05_e3_w80_u130_0022", "campus": 5, "size": 4244, "track": "e3", "structure": "chain", "phi": 1.0, "eta": 1.0, "m": 1.0, "u_target": 1.3, "u_realized": 1.2764395150862078, "method": "wspt", "seed": 301, "twt": 200.43740000000014, "makespan": 157.80740000000003, "mean_flow": 5.450093732327989, "breach_share": 0.001885014137606032, "breach_p1": null, "breach_p2": null, "breach_p3": 0.0034423407917383822, "breach_p4": 0.0, "decisions": 4244, "latency_ms_per_decision": 0.022748379983906754, "replans": null, "validator_ok": 1, "runtime_s": 0.09654412465170026}, "atc": {"instance_id": "c05_e3_w80_u130_0022", "campus": 5, "size": 4244, "track": "e3", "structure": "chain", "phi": 1.0, "eta": 1.0, "m": 1.0, "u_target": 1.3, "u_realized": 1.2764395150862078, "method": "atc", "seed": 301, "twt": 0.0, "makespan": 132.8317, "mean_flow": 14.771395923656925, "breach_share": 0.0, "breach_p1": null, "breach_p2": null, "breach_p3": 0.0, "breach_p4": 0.0, "decisions": 4244, "latency_ms_per_decision": 0.08699048308762708, "replans": null, "validator_ok": 1, "runtime_s": 0.36918761022388935}, "pfifo": {"instance_id": "c05_e3_w80_u130_0022", "campus": 5, "size": 4244, "track": "e3", "structure": "chain", "phi": 1.0, "eta": 1.0, "m": 1.0, "u_target": 1.3, "u_realized": 1.2764395150862078, "method": "pfifo", "seed": 301, "twt": 0.0, "makespan": 147.56889999999999, "mean_flow": 13.942314773798302, "breach_share": 0.0, "breach_p1": null, "breach_p2": null, "breach_p3": 0.0, "breach_p4": 0.0, "decisions": 4244, "latency_ms_per_decision": 0.04952681789825987, "replans": null, "validator_ok": 1, "runtime_s": 0.2101918151602149}, "mor": {"instance_id": "c05_e3_w80_u130_0022", "campus": 5, "size": 4244, "track": "e3", "structure": "chain", "phi": 1.0, "eta": 1.0, "m": 1.0, "u_target": 1.3, "u_realized": 1.2764395150862078, "method": "mor", "seed": 301, "twt": 5388.614799999997, "makespan": 130.0102, "mean_flow": 33.61421050895382, "breach_share": 0.060084825636192274, "breach_p1": null, "breach_p2": null, "breach_p3": 0.10972461273666093, "breach_p4": 0.0, "decisions": 4244, "latency_ms_per_decision": 0.1110231973894439, "replans": null, "validator_ok": 1, "runtime_s": 0.4711824497207999}, "lfj_atc": {"instance_id": "c05_e3_w80_u130_0022", "campus": 5, "size": 4244, "track": "e3", "structure": "chain", "phi": 1.0, "eta": 1.0, "m": 1.0, "u_target": 1.3, "u_realized": 1.2764395150862078, "method": "lfj_atc", "seed": 301, "twt": 0.0, "makespan": 136.65849999999998, "mean_flow": 15.030454759660698, "breach_share": 0.0, "breach_p1": null, "breach_p2": null, "breach_p3": 0.0, "breach_p4": 0.0, "decisions": 4244, "latency_ms_per_decision": 0.04818713122190562, "replans": null, "validator_ok": 1, "runtime_s": 0.20450618490576744}, "atc_eta": {"instance_id": "c05_e3_w80_u130_0022", "campus": 5, "size": 4244, "track": "e3", "structure": "chain", "phi": 1.0, "eta": 1.0, "m": 1.0, "u_target": 1.3, "u_realized": 1.2764395150862078, "method": "atc_eta", "seed": 301, "twt": 0.0, "makespan": 132.8317, "mean_flow": 14.771395923656925, "breach_share": 0.0, "breach_p1": null, "breach_p2": null, "breach_p3": 0.0, "breach_p4": 0.0, "decisions": 4244, "latency_ms_per_decision": 0.07663094418862454, "replans": null, "validator_ok": 1, "runtime_s": 0.32522172713652253}, "random": {"instance_id": "c05_e3_w80_u130_0022", "campus": 5, "size": 4244, "track": "e3", "structure": "chain", "phi": 1.0, "eta": 1.0, "m": 1.0, "u_target": 1.3, "u_realized": 1.2764395150862078, "method": "random", "seed": 301, "twt": 108.07979999999984, "makespan": 152.08730000000003, "mean_flow": 14.42519762016965, "breach_share": 0.001413760603204524, "breach_p1": null, "breach_p2": null, "breach_p3": 0.0025817555938037868, "breach_p4": 0.0, "decisions": 4244, "latency_ms_per_decision": 0.007414820684781904, "replans": null, "validator_ok": 1, "runtime_s": 0.0314684989862144}, "v2mlp301": {"instance_id": "c05_e3_w80_u130_0022", "campus": 5, "size": 4244, "track": "e3", "structure": "chain", "phi": 1.0, "eta": 1.0, "m": 1.0, "u_target": 1.3, "u_realized": 1.2764395150862078, "method": "v2mlp301", "seed": 301, "twt": 0.0, "makespan": 130.0102, "mean_flow": 17.20198871347785, "breach_share": 0.0, "breach_p1": null, "breach_p2": null, "breach_p3": 0.0, "breach_p4": 0.0, "decisions": 4244, "latency_ms_per_decision": 6.327950033121351, "replans": null, "validator_ok": 1, "runtime_s": 26.855819940567017}, "v2mlp302": {"instance_id": "c05_e3_w80_u130_0022", "campus": 5, "size": 4244, "track": "e3", "structure": "chain", "phi": 1.0, "eta": 1.0, "m": 1.0, "u_target": 1.3, "u_realized": 1.2764395150862078, "method": "v2mlp302", "seed": 302, "twt": 0.0, "makespan": 132.5778, "mean_flow": 14.314740457115924, "breach_share": 0.0, "breach_p1": null, "breach_p2": null, "breach_p3": 0.0, "breach_p4": 0.0, "decisions": 4244, "latency_ms_per_decision": 3.220398181458649, "replans": null, "validator_ok": 1, "runtime_s": 13.667369882110506}, "v2mlp303": {"instance_id": "c05_e3_w80_u130_0022", "campus": 5, "size": 4244, "track": "e3", "structure": "chain", "phi": 1.0, "eta": 1.0, "m": 1.0, "u_target": 1.3, "u_realized": 1.2764395150862078, "method": "v2mlp303", "seed": 303, "twt": 0.0, "makespan": 130.012, "mean_flow": 15.378004524033926, "breach_share": 0.0, "breach_p1": null, "breach_p2": null, "breach_p3": 0.0, "breach_p4": 0.0, "decisions": 4244, "latency_ms_per_decision": 5.372772292382348, "replans": null, "validator_ok": 1, "runtime_s": 22.802045608870685}, "v2mlp304": {"instance_id": "c05_e3_w80_u130_0022", "campus": 5, "size": 4244, "track": "e3", "structure": "chain", "phi": 1.0, "eta": 1.0, "m": 1.0, "u_target": 1.3, "u_realized": 1.2764395150862078, "method": "v2mlp304", "seed": 304, "twt": 0.0, "makespan": 131.34310000000002, "mean_flow": 16.541859802073514, "breach_share": 0.0, "breach_p1": null, "breach_p2": null, "breach_p3": 0.0, "breach_p4": 0.0, "decisions": 4244, "latency_ms_per_decision": 6.47961554737651, "replans": null, "validator_ok": 1, "runtime_s": 27.49948838306591}, "v2mlp305": {"instance_id": "c05_e3_w80_u130_0022", "campus": 5, "size": 4244, "track": "e3", "structure": "chain", "phi": 1.0, "eta": 1.0, "m": 1.0, "u_target": 1.3, "u_realized": 1.2764395150862078, "method": "v2mlp305", "seed": 305, "twt": 0.0, "makespan": 130.0102, "mean_flow": 16.715839255419414, "breach_share": 0.0, "breach_p1": null, "breach_p2": null, "breach_p3": 0.0, "breach_p4": 0.0, "decisions": 4244, "latency_ms_per_decision": 3.752111250900687, "replans": null, "validator_ok": 1, "runtime_s": 15.923960148822516}, "v2mlp306": {"instance_id": "c05_e3_w80_u130_0022", "campus": 5, "size": 4244, "track": "e3", "structure": "chain", "phi": 1.0, "eta": 1.0, "m": 1.0, "u_target": 1.3, "u_realized": 1.2764395150862078, "method": "v2mlp306", "seed": 306, "twt": 0.0, "makespan": 130.1747, "mean_flow": 18.208946701225255, "breach_share": 0.0, "breach_p1": null, "breach_p2": null, "breach_p3": 0.0, "breach_p4": 0.0, "decisions": 4244, "latency_ms_per_decision": 9.518153193247883, "replans": null, "validator_ok": 1, "runtime_s": 40.395042152144015}, "v2mlp307": {"instance_id": "c05_e3_w80_u130_0022", "campus": 5, "size": 4244, "track": "e3", "structure": "chain", "phi": 1.0, "eta": 1.0, "m": 1.0, "u_target": 1.3, "u_realized": 1.2764395150862078, "method": "v2mlp307", "seed": 307, "twt": 630.9547999999999, "makespan": 130.0102,