{"config_id": "c05_e3_w80_u130_0018__c05_full_eta100_m100", "rows": {"edd": {"instance_id": "c05_e3_w80_u130_0018", "campus": 5, "size": 4231, "track": "e3", "structure": "full", "phi": null, "eta": 1.0, "m": 1.0, "u_target": 1.3, "u_realized": 1.2724102586206814, "method": "edd", "seed": 301, "twt": 0.0, "makespan": 138.4221, "mean_flow": 11.255878468447175, "breach_share": 0.0, "breach_p1": null, "breach_p2": null, "breach_p3": 0.0, "breach_p4": 0.0, "decisions": 4231, "latency_ms_per_decision": 0.09445728130129685, "replans": null, "validator_ok": 1, "runtime_s": 0.39964875718578696}, "wspt": {"instance_id": "c05_e3_w80_u130_0018", "campus": 5, "size": 4231, "track": "e3", "structure": "full", "phi": null, "eta": 1.0, "m": 1.0, "u_target": 1.3, "u_realized": 1.2724102586206814, "method": "wspt", "seed": 301, "twt": 124.27899999999991, "makespan": 147.8921, "mean_flow": 4.564785629874733, "breach_share": 0.0007090522335145356, "breach_p1": null, "breach_p2": null, "breach_p3": 0.0013015184381778742, "breach_p4": 0.0, "decisions": 4231, "latency_ms_per_decision": 0.04259204466439144, "replans": null, "validator_ok": 1, "runtime_s": 0.1802069409750402}, "atc": {"instance_id": "c05_e3_w80_u130_0018", "campus": 5, "size": 4231, "track": "e3", "structure": "full", "phi": null, "eta": 1.0, "m": 1.0, "u_target": 1.3, "u_realized": 1.2724102586206814, "method": "atc", "seed": 301, "twt": 0.0, "makespan": 123.3449, "mean_flow": 15.706704396123845, "breach_share": 0.0, "breach_p1": null, "breach_p2": null, "breach_p3": 0.0, "breach_p4": 0.0, "decisions": 4231, "latency_ms_per_decision": 0.390166227131927, "replans": null, "validator_ok": 1, "runtime_s": 1.6507933069951832}, "pfifo": {"instance_id": "c05_e3_w80_u130_0018", "campus": 5, "size": 4231, "track": "e3", "structure": "full", "phi": null, "eta": 1.0, "m": 1.0, "u_target": 1.3, "u_realized": 1.2724102586206814, "method": "pfifo", "seed": 301, "twt": 0.0, "makespan": 138.4221, "mean_flow": 11.255878468447175, "breach_share": 0.0, "breach_p1": null, "breach_p2": null, "breach_p3": 0.0, "breach_p4": 0.0, "decisions": 4231, "latency_ms_per_decision": 0.041363631289067546, "replans": null, "validator_ok": 1, "runtime_s": 0.1750095239840448}, "mor": {"instance_id": "c05_e3_w80_u130_0018", "campus": 5, "size": 4231, "track": "e3", "structure": "full", "phi": null, "eta": 1.0, "m": 1.0, "u_target": 1.3, "u_realized": 1.2724102586206814, "method": "mor", "seed": 301, "twt": 1995.816800000001, "makespan": 113.67920000000001, "mean_flow": 30.416118624438667, "breach_share": 0.036634365398251004, "breach_p1": null, "breach_p2": null, "breach_p3": 0.06724511930585683, "breach_p4": 0.0, "decisions": 4231, "latency_ms_per_decision": 0.08489268309566829, "replans": null, "validator_ok": 1, "runtime_s": 0.3591809421777725}, "lfj_atc": {"instance_id": "c05_e3_w80_u130_0018", "campus": 5, "size": 4231, "track": "e3", "structure": "full", "phi": null, "eta": 1.0, "m": 1.0, "u_target": 1.3, "u_realized": 1.2724102586206814, "method": "lfj_atc", "seed": 301, "twt": 0.0, "makespan": 123.33980000000003, "mean_flow": 15.690523540534153, "breach_share": 0.0, "breach_p1": null, "breach_p2": null, "breach_p3": 0.0, "breach_p4": 0.0, "decisions": 4231, "latency_ms_per_decision": 0.1282671278708442, "replans": null, "validator_ok": 1, "runtime_s": 0.5426982180215418}, "atc_eta": {"instance_id": "c05_e3_w80_u130_0018", "campus": 5, "size": 4231, "track": "e3", "structure": "full", "phi": null, "eta": 1.0, "m": 1.0, "u_target": 1.3, "u_realized": 1.2724102586206814, "method": "atc_eta", "seed": 301, "twt": 0.0, "makespan": 123.3449, "mean_flow": 15.706704396123845, "breach_share": 0.0, "breach_p1": null, "breach_p2": null, "breach_p3": 0.0, "breach_p4": 0.0, "decisions": 4231, "latency_ms_per_decision": 0.18501929536856282, "replans": null, "validator_ok": 1, "runtime_s": 0.7828166387043893}, "random": {"instance_id": "c05_e3_w80_u130_0018", "campus": 5, "size": 4231, "track": "e3", "structure": "full", "phi": null, "eta": 1.0, "m": 1.0, "u_target": 1.3, "u_realized": 1.2724102586206814, "method": "random", "seed": 301, "twt": 38.028400000000005, "makespan": 145.2251, "mean_flow": 11.001784613566532, "breach_share": 0.0002363507445048452, "breach_p1": null, "breach_p2": null, "breach_p3": 0.0004338394793926247, "breach_p4": 0.0, "decisions": 4231, "latency_ms_per_decision": 0.01809327955386566, "replans": null, "validator_ok": 1, "runtime_s": 0.0765526657924056}, "v2mlp301": {"instance_id": "c05_e3_w80_u130_0018", "campus": 5, "size": 4231, "track": "e3", "structure": "full", "phi": null, "eta": 1.0, "m": 1.0, "u_target": 1.3, "u_realized": 1.2724102586206814, "method": "v2mlp301", "seed": 301, "twt": 0.0, "makespan": 115.0153, "mean_flow": 14.039357504136138, "breach_share": 0.0, "breach_p1": null, "breach_p2": null, "breach_p3": 0.0, "breach_p4": 0.0, "decisions": 4231, "latency_ms_per_decision": 4.704749607002304, "replans": null, "validator_ok": 1, "runtime_s": 19.90579558722675}, "v2mlp302": {"instance_id": "c05_e3_w80_u130_0018", "campus": 5, "size": 4231, "track": "e3", "structure": "full", "phi": null, "eta": 1.0, "m": 1.0, "u_target": 1.3, "u_realized": 1.2724102586206814, "method": "v2mlp302", "seed": 302, "twt": 0.0, "makespan": 122.75579999999997, "mean_flow": 12.951041692271328, "breach_share": 0.0, "breach_p1": null, "breach_p2": null, "breach_p3": 0.0, "breach_p4": 0.0, "decisions": 4231, "latency_ms_per_decision": 6.195807936587033, "replans": null, "validator_ok": 1, "runtime_s": 26.214463379699737}, "v2mlp303": {"instance_id": "c05_e3_w80_u130_0018", "campus": 5, "size": 4231, "track": "e3", "structure": "full", "phi": null, "eta": 1.0, "m": 1.0, "u_target": 1.3, "u_realized": 1.2724102586206814, "method": "v2mlp303", "seed": 303, "twt": 0.0, "makespan": 117.512, "mean_flow": 12.87786442921295, "breach_share": 0.0, "breach_p1": null, "breach_p2": null, "breach_p3": 0.0, "breach_p4": 0.0, "decisions": 4231, "latency_ms_per_decision": 5.228528263268777, "replans": null, "validator_ok": 1, "runtime_s": 22.121903081890196}, "v2mlp304": {"instance_id": "c05_e3_w80_u130_0018", "campus": 5, "size": 4231, "track": "e3", "structure": "full", "phi": null, "eta": 1.0, "m": 1.0, "u_target": 1.3, "u_realized": 1.2724102586206814, "method": "v2mlp304", "seed": 304, "twt": 0.0, "makespan": 115.93539999999999, "mean_flow": 14.649028173008748, "breach_share": 0.0, "breach_p1": null, "breach_p2": null, "breach_p3": 0.0, "breach_p4": 0.0, "decisions": 4231, "latency_ms_per_decision": 8.33408160930219, "replans": null, "validator_ok": 1, "runtime_s": 35.261499288957566}, "v2mlp305": {"instance_id": "c05_e3_w80_u130_0018", "campus": 5, "size": 4231, "track": "e3", "structure": "full", "phi": null, "eta": 1.0, "m": 1.0, "u_target": 1.3, "u_realized": 1.2724102586206814, "method": "v2mlp305", "seed": 305, "twt": 0.0, "makespan": 121.83219999999999, "mean_flow": 13.848164760103993, "breach_share": 0.0, "breach_p1": null, "breach_p2": null, "breach_p3": 0.0, "breach_p4": 0.0, "decisions": 4231, "latency_ms_per_decision": 4.78921866907708, "replans": null, "validator_ok": 1, "runtime_s": 20.263184188865125}, "v2mlp306": {"instance_id": "c05_e3_w80_u130_0018", "campus": 5, "size": 4231, "track": "e3", "structure": "full", "phi": null, "eta": 1.0, "m": 1.0, "u_target": 1.3, "u_realized": 1.2724102586206814, "method": "v2mlp306", "seed": 306, "twt": 0.0, "makespan": 113.6327, "mean_flow": 15.490277404868825, "breach_share": 0.0, "breach_p1": null, "breach_p2": null, "breach_p3": 0.0, "breach_p4": 0.0, "decisions": 4231, "latency_ms_per_decision": 9.666126758948451, "replans": null, "validator_ok": 1, "runtime_s": 40.897382317110896}, "v2mlp307": {"instance_id": "c05_e3_w80_u130_0018", "campus": 5, "size": 4231, "track": "e3", "structure": "full", "phi": null, "eta": 1.0, "m": 1.0, "u_target": 1.3, "u_realized": 1.2724102586206814, "method": "v2mlp307", "seed": 307, "twt": 0.0, "makespan": 117.54219999999998, "mean_flow": 15.080567147246514,