{"config_id": "c05_e3_w80_u100_0003__c05_full_eta080_m100", "rows": {"edd": {"instance_id": "c05_e3_w80_u100_0003", "campus": 5, "size": 3288, "track": "e3", "structure": "full", "phi": null, "eta": 0.8, "m": 1.0, "u_target": 1.0, "u_realized": 0.9816052478448271, "method": "edd", "seed": 301, "twt": 0.0, "makespan": 152.32510000000002, "mean_flow": 6.497122171532848, "breach_share": 0.0, "breach_p1": null, "breach_p2": null, "breach_p3": 0.0, "breach_p4": 0.0, "decisions": 3288, "latency_ms_per_decision": 0.13970411773499128, "replans": null, "validator_ok": 1, "runtime_s": 0.45934713911265135}, "wspt": {"instance_id": "c05_e3_w80_u100_0003", "campus": 5, "size": 3288, "track": "e3", "structure": "full", "phi": null, "eta": 0.8, "m": 1.0, "u_target": 1.0, "u_realized": 0.9816052478448271, "method": "wspt", "seed": 301, "twt": 95.96619999999993, "makespan": 153.6635, "mean_flow": 3.943986526763991, "breach_share": 0.0009124087591240876, "breach_p1": null, "breach_p2": null, "breach_p3": 0.0016638935108153079, "breach_p4": 0.0, "decisions": 3288, "latency_ms_per_decision": 0.09000767702168792, "replans": null, "validator_ok": 1, "runtime_s": 0.2959452420473099}, "atc": {"instance_id": "c05_e3_w80_u100_0003", "campus": 5, "size": 3288, "track": "e3", "structure": "full", "phi": null, "eta": 0.8, "m": 1.0, "u_target": 1.0, "u_realized": 0.9816052478448271, "method": "atc", "seed": 301, "twt": 0.0, "makespan": 152.45449999999997, "mean_flow": 8.751539507299269, "breach_share": 0.0, "breach_p1": null, "breach_p2": null, "breach_p3": 0.0, "breach_p4": 0.0, "decisions": 3288, "latency_ms_per_decision": 0.35961503457558996, "replans": null, "validator_ok": 1, "runtime_s": 1.1824142336845398}, "pfifo": {"instance_id": "c05_e3_w80_u100_0003", "campus": 5, "size": 3288, "track": "e3", "structure": "full", "phi": null, "eta": 0.8, "m": 1.0, "u_target": 1.0, "u_realized": 0.9816052478448271, "method": "pfifo", "seed": 301, "twt": 0.0, "makespan": 152.32510000000002, "mean_flow": 6.497122171532848, "breach_share": 0.0, "breach_p1": null, "breach_p2": null, "breach_p3": 0.0, "breach_p4": 0.0, "decisions": 3288, "latency_ms_per_decision": 0.06128454237038818, "replans": null, "validator_ok": 1, "runtime_s": 0.20150357531383634}, "mor": {"instance_id": "c05_e3_w80_u100_0003", "campus": 5, "size": 3288, "track": "e3", "structure": "full", "phi": null, "eta": 0.8, "m": 1.0, "u_target": 1.0, "u_realized": 0.9816052478448271, "method": "mor", "seed": 301, "twt": 0.0, "makespan": 152.31079999999997, "mean_flow": 16.67285009124088, "breach_share": 0.0, "breach_p1": null, "breach_p2": null, "breach_p3": 0.0, "breach_p4": 0.0, "decisions": 3288, "latency_ms_per_decision": 0.135170257312683, "replans": null, "validator_ok": 1, "runtime_s": 0.4444398060441017}, "lfj_atc": {"instance_id": "c05_e3_w80_u100_0003", "campus": 5, "size": 3288, "track": "e3", "structure": "full", "phi": null, "eta": 0.8, "m": 1.0, "u_target": 1.0, "u_realized": 0.9816052478448271, "method": "lfj_atc", "seed": 301, "twt": 0.0, "makespan": 152.2896, "mean_flow": 8.935085127737228, "breach_share": 0.0, "breach_p1": null, "breach_p2": null, "breach_p3": 0.0, "breach_p4": 0.0, "decisions": 3288, "latency_ms_per_decision": 0.11278651348811432, "replans": null, "validator_ok": 1, "runtime_s": 0.37084205634891987}, "atc_eta": {"instance_id": "c05_e3_w80_u100_0003", "campus": 5, "size": 3288, "track": "e3", "structure": "full", "phi": null, "eta": 0.8, "m": 1.0, "u_target": 1.0, "u_realized": 0.9816052478448271, "method": "atc_eta", "seed": 301, "twt": 0.0, "makespan": 152.77030000000002, "mean_flow": 9.132136770072991, "breach_share": 0.0, "breach_p1": null, "breach_p2": null, "breach_p3": 0.0, "breach_p4": 0.0, "decisions": 3288, "latency_ms_per_decision": 0.2503738665801457, "replans": null, "validator_ok": 1, "runtime_s": 0.8232292733155191}, "random": {"instance_id": "c05_e3_w80_u100_0003", "campus": 5, "size": 3288, "track": "e3", "structure": "full", "phi": null, "eta": 0.8, "m": 1.0, "u_target": 1.0, "u_realized": 0.9816052478448271, "method": "random", "seed": 301, "twt": 0.0, "makespan": 154.3107, "mean_flow": 6.313599178832116, "breach_share": 0.0, "breach_p1": null, "breach_p2": null, "breach_p3": 0.0, "breach_p4": 0.0, "decisions": 3288, "latency_ms_per_decision": 0.022540986509608455, "replans": null, "validator_ok": 1, "runtime_s": 0.0741147636435926}, "v2mlp301": {"instance_id": "c05_e3_w80_u100_0003", "campus": 5, "size": 3288, "track": "e3", "structure": "full", "phi": null, "eta": 0.8, "m": 1.0, "u_target": 1.0, "u_realized": 0.9816052478448271, "method": "v2mlp301", "seed": 301, "twt": 0.0, "makespan": 152.3349, "mean_flow": 7.082567518248176, "breach_share": 0.0, "breach_p1": null, "breach_p2": null, "breach_p3": 0.0, "breach_p4": 0.0, "decisions": 3288, "latency_ms_per_decision": 2.5855404491379965, "replans": null, "validator_ok": 1, "runtime_s": 8.501256996765733}, "v2mlp302": {"instance_id": "c05_e3_w80_u100_0003", "campus": 5, "size": 3288, "track": "e3", "structure": "full", "phi": null, "eta": 0.8, "m": 1.0, "u_target": 1.0, "u_realized": 0.9816052478448271, "method": "v2mlp302", "seed": 302, "twt": 0.0, "makespan": 152.2862, "mean_flow": 7.144394616788322, "breach_share": 0.0, "breach_p1": null, "breach_p2": null, "breach_p3": 0.0, "breach_p4": 0.0, "decisions": 3288, "latency_ms_per_decision": 1.7388979592779765, "replans": null, "validator_ok": 1, "runtime_s": 5.717496490105987}, "v2mlp303": {"instance_id": "c05_e3_w80_u100_0003", "campus": 5, "size": 3288, "track": "e3", "structure": "full", "phi": null, "eta": 0.8, "m": 1.0, "u_target": 1.0, "u_realized": 0.9816052478448271, "method": "v2mlp303", "seed": 303, "twt": 0.0, "makespan": 152.32500000000002, "mean_flow": 5.555376003649635, "breach_share": 0.0, "breach_p1": null, "breach_p2": null, "breach_p3": 0.0, "breach_p4": 0.0, "decisions": 3288, "latency_ms_per_decision": 0.8982493133689764, "replans": null, "validator_ok": 1, "runtime_s": 2.9534437423571944}, "v2mlp304": {"instance_id": "c05_e3_w80_u100_0003", "campus": 5, "size": 3288, "track": "e3", "structure": "full", "phi": null, "eta": 0.8, "m": 1.0, "u_target": 1.0, "u_realized": 0.9816052478448271, "method": "v2mlp304", "seed": 304, "twt": 0.0, "makespan": 152.29059999999998, "mean_flow": 6.770203010948905, "breach_share": 0.0, "breach_p1": null, "breach_p2": null, "breach_p3": 0.0, "breach_p4": 0.0, "decisions": 3288, "latency_ms_per_decision": 1.422017779022256, "replans": null, "validator_ok": 1, "runtime_s": 4.675594457425177}, "v2mlp305": {"instance_id": "c05_e3_w80_u100_0003", "campus": 5, "size": 3288, "track": "e3", "structure": "full", "phi": null, "eta": 0.8, "m": 1.0, "u_target": 1.0, "u_realized": 0.9816052478448271, "method": "v2mlp305", "seed": 305, "twt": 0.0, "makespan": 152.2691, "mean_flow": 7.87363692214112, "breach_share": 0.0, "breach_p1": null, "breach_p2": null, "breach_p3": 0.0, "breach_p4": 0.0, "decisions": 3288, "latency_ms_per_decision": 2.171880646592908, "replans": null, "validator_ok": 1, "runtime_s": 7.141143565997481}, "v2mlp306": {"instance_id": "c05_e3_w80_u100_0003", "campus": 5, "size": 3288, "track": "e3", "structure": "full", "phi": null, "eta": 0.8, "m": 1.0, "u_target": 1.0, "u_realized": 0.9816052478448271, "method": "v2mlp306", "seed": 306, "twt": 0.0, "makespan": 152.49079999999998, "mean_flow": 8.87766800486618, "breach_share": 0.0, "breach_p1": null, "breach_p2": null, "breach_p3": 0.0, "breach_p4": 0.0, "decisions": 3288, "latency_ms_per_decision": 4.569088353706329, "replans": null, "validator_ok": 1, "runtime_s": 15.02316250698641}, "v2mlp307": {"instance_id": "c05_e3_w80_u100_0003", "campus": 5, "size": 3288, "track": "e3", "structure": "full", "phi": null, "eta": 0.8, "m": 1.0, "u_target": 1.0, "u_realized": 0.9816052478448271, "method": "v2mlp307", "seed": 307, "twt": 0.0, "makespan": 152.2695, "mean_flow": 6.6889654197080315, "breach_share": 0.0, "breach_p1": null, "breach_p2": null, "breach_p3": 0.0,