{"config_id": "c05_e3_w80_u090_0022__c05_chain_phi100_eta080_m100", "rows": {"edd": {"instance_id": "c05_e3_w80_u090_0022", "campus": 5, "size": 2962, "track": "e3", "structure": "chain", "phi": 1.0, "eta": 0.8, "m": 1.0, "u_target": 0.9, "u_realized": 0.917216627155174, "method": "edd", "seed": 301, "twt": 0.0, "makespan": 112.6181, "mean_flow": 4.340465698852126, "breach_share": 0.0, "breach_p1": null, "breach_p2": null, "breach_p3": 0.0, "breach_p4": 0.0, "decisions": 2962, "latency_ms_per_decision": 0.011394007425757777, "replans": null, "validator_ok": 1, "runtime_s": 0.03374904999509454}, "wspt": {"instance_id": "c05_e3_w80_u090_0022", "campus": 5, "size": 2962, "track": "e3", "structure": "chain", "phi": 1.0, "eta": 0.8, "m": 1.0, "u_target": 0.9, "u_realized": 0.917216627155174, "method": "wspt", "seed": 301, "twt": 0.0, "makespan": 113.9901, "mean_flow": 3.482634638757595, "breach_share": 0.0, "breach_p1": null, "breach_p2": null, "breach_p3": 0.0, "breach_p4": 0.0, "decisions": 2962, "latency_ms_per_decision": 0.008793960902072706, "replans": null, "validator_ok": 1, "runtime_s": 0.026047712191939354}, "atc": {"instance_id": "c05_e3_w80_u090_0022", "campus": 5, "size": 2962, "track": "e3", "structure": "chain", "phi": 1.0, "eta": 0.8, "m": 1.0, "u_target": 0.9, "u_realized": 0.917216627155174, "method": "atc", "seed": 301, "twt": 0.0, "makespan": 112.6181, "mean_flow": 4.42249331532748, "breach_share": 0.0, "breach_p1": null, "breach_p2": null, "breach_p3": 0.0, "breach_p4": 0.0, "decisions": 2962, "latency_ms_per_decision": 0.055464002688004714, "replans": null, "validator_ok": 1, "runtime_s": 0.16428437596186996}, "pfifo": {"instance_id": "c05_e3_w80_u090_0022", "campus": 5, "size": 2962, "track": "e3", "structure": "chain", "phi": 1.0, "eta": 0.8, "m": 1.0, "u_target": 0.9, "u_realized": 0.917216627155174, "method": "pfifo", "seed": 301, "twt": 0.0, "makespan": 112.6181, "mean_flow": 4.340465698852126, "breach_share": 0.0, "breach_p1": null, "breach_p2": null, "breach_p3": 0.0, "breach_p4": 0.0, "decisions": 2962, "latency_ms_per_decision": 0.05299848857147721, "replans": null, "validator_ok": 1, "runtime_s": 0.1569815231487155}, "mor": {"instance_id": "c05_e3_w80_u090_0022", "campus": 5, "size": 2962, "track": "e3", "structure": "chain", "phi": 1.0, "eta": 0.8, "m": 1.0, "u_target": 0.9, "u_realized": 0.917216627155174, "method": "mor", "seed": 301, "twt": 0.0, "makespan": 112.6181, "mean_flow": 8.520771471978392, "breach_share": 0.0, "breach_p1": null, "breach_p2": null, "breach_p3": 0.0, "breach_p4": 0.0, "decisions": 2962, "latency_ms_per_decision": 0.09284841835594394, "replans": null, "validator_ok": 1, "runtime_s": 0.27501701517030597}, "lfj_atc": {"instance_id": "c05_e3_w80_u090_0022", "campus": 5, "size": 2962, "track": "e3", "structure": "chain", "phi": 1.0, "eta": 0.8, "m": 1.0, "u_target": 0.9, "u_realized": 0.917216627155174, "method": "lfj_atc", "seed": 301, "twt": 0.0, "makespan": 112.6181, "mean_flow": 4.396910769750167, "breach_share": 0.0, "breach_p1": null, "breach_p2": null, "breach_p3": 0.0, "breach_p4": 0.0, "decisions": 2962, "latency_ms_per_decision": 0.05507509486346048, "replans": null, "validator_ok": 1, "runtime_s": 0.16313243098556995}, "atc_eta": {"instance_id": "c05_e3_w80_u090_0022", "campus": 5, "size": 2962, "track": "e3", "structure": "chain", "phi": 1.0, "eta": 0.8, "m": 1.0, "u_target": 0.9, "u_realized": 0.917216627155174, "method": "atc_eta", "seed": 301, "twt": 0.0, "makespan": 112.6181, "mean_flow": 4.357203646185009, "breach_share": 0.0, "breach_p1": null, "breach_p2": null, "breach_p3": 0.0, "breach_p4": 0.0, "decisions": 2962, "latency_ms_per_decision": 0.057167727638546634, "replans": null, "validator_ok": 1, "runtime_s": 0.16933080926537514}, "random": {"instance_id": "c05_e3_w80_u090_0022", "campus": 5, "size": 2962, "track": "e3", "structure": "chain", "phi": 1.0, "eta": 0.8, "m": 1.0, "u_target": 0.9, "u_realized": 0.917216627155174, "method": "random", "seed": 301, "twt": 0.0, "makespan": 112.6181, "mean_flow": 4.357223565158676, "breach_share": 0.0, "breach_p1": null, "breach_p2": null, "breach_p3": 0.0, "breach_p4": 0.0, "decisions": 2962, "latency_ms_per_decision": 0.02543723501848619, "replans": null, "validator_ok": 1, "runtime_s": 0.0753450901247561}, "v2mlp301": {"instance_id": "c05_e3_w80_u090_0022", "campus": 5, "size": 2962, "track": "e3", "structure": "chain", "phi": 1.0, "eta": 0.8, "m": 1.0, "u_target": 0.9, "u_realized": 0.917216627155174, "method": "v2mlp301", "seed": 301, "twt": 0.0, "makespan": 112.6181, "mean_flow": 5.482129068197164, "breach_share": 0.0, "breach_p1": null, "breach_p2": null, "breach_p3": 0.0, "breach_p4": 0.0, "decisions": 2962, "latency_ms_per_decision": 0.5535526014990214, "replans": null, "validator_ok": 1, "runtime_s": 1.6396228056401014}, "v2mlp302": {"instance_id": "c05_e3_w80_u090_0022", "campus": 5, "size": 2962, "track": "e3", "structure": "chain", "phi": 1.0, "eta": 0.8, "m": 1.0, "u_target": 0.9, "u_realized": 0.917216627155174, "method": "v2mlp302", "seed": 302, "twt": 0.0, "makespan": 112.6181, "mean_flow": 4.838232613099256, "breach_share": 0.0, "breach_p1": null, "breach_p2": null, "breach_p3": 0.0, "breach_p4": 0.0, "decisions": 2962, "latency_ms_per_decision": 0.6428027014920311, "replans": null, "validator_ok": 1, "runtime_s": 1.903981601819396}, "v2mlp303": {"instance_id": "c05_e3_w80_u090_0022", "campus": 5, "size": 2962, "track": "e3", "structure": "chain", "phi": 1.0, "eta": 0.8, "m": 1.0, "u_target": 0.9, "u_realized": 0.917216627155174, "method": "v2mlp303", "seed": 303, "twt": 0.0, "makespan": 112.6181, "mean_flow": 4.692470695476029, "breach_share": 0.0, "breach_p1": null, "breach_p2": null, "breach_p3": 0.0, "breach_p4": 0.0, "decisions": 2962, "latency_ms_per_decision": 0.40156605661639805, "replans": null, "validator_ok": 1, "runtime_s": 1.189438659697771}, "v2mlp304": {"instance_id": "c05_e3_w80_u090_0022", "campus": 5, "size": 2962, "track": "e3", "structure": "chain", "phi": 1.0, "eta": 0.8, "m": 1.0, "u_target": 0.9, "u_realized": 0.917216627155174, "method": "v2mlp304", "seed": 304, "twt": 0.0, "makespan": 112.6181, "mean_flow": 5.078773835246453, "breach_share": 0.0, "breach_p1": null, "breach_p2": null, "breach_p3": 0.0, "breach_p4": 0.0, "decisions": 2962, "latency_ms_per_decision": 0.4516544999903135, "replans": null, "validator_ok": 1, "runtime_s": 1.3378006289713085}, "v2mlp305": {"instance_id": "c05_e3_w80_u090_0022", "campus": 5, "size": 2962, "track": "e3", "structure": "chain", "phi": 1.0, "eta": 0.8, "m": 1.0, "u_target": 0.9, "u_realized": 0.917216627155174, "method": "v2mlp305", "seed": 305, "twt": 0.0, "makespan": 112.6181, "mean_flow": 5.496281836596894, "breach_share": 0.0, "breach_p1": null, "breach_p2": null, "breach_p3": 0.0, "breach_p4": 0.0, "decisions": 2962, "latency_ms_per_decision": 0.6682197069705217, "replans": null, "validator_ok": 1, "runtime_s": 1.9792667720466852}, "v2mlp306": {"instance_id": "c05_e3_w80_u090_0022", "campus": 5, "size": 2962, "track": "e3", "structure": "chain", "phi": 1.0, "eta": 0.8, "m": 1.0, "u_target": 0.9, "u_realized": 0.917216627155174, "method": "v2mlp306", "seed": 306, "twt": 0.0, "makespan": 112.6181, "mean_flow": 5.8438320054017545, "breach_share": 0.0, "breach_p1": null, "breach_p2": null, "breach_p3": 0.0, "breach_p4": 0.0, "decisions": 2962, "latency_ms_per_decision": 0.5996013132529553, "replans": null, "validator_ok": 1, "runtime_s": 1.7760190898552537}, "v2mlp307": {"instance_id": "c05_e3_w80_u090_0022", "campus": 5, "size": 2962, "track": "e3", "structure": "chain", "phi": 1.0, "eta": 0.8, "m": 1.0, "u_target": 0.9, "u_realized": 0.917216627155174, "method": "v2mlp307", "seed": 307, "twt": 0.0, "makespan": 112.6181, "mean_flow": 5.289143923024982, "breach_share": 0.0, "breach_p1": null, "breach_p2": null, "breach_p3": 0.0, "breach_p4": 0.0, "decisions": 2962, "latency_ms_per_decision": 0.8171234919094077, "replans": null, "validator_ok": 1,