{"config_id": "c05_e3_w80_u100_0024__c05_full_eta080_m100", "rows": {"edd": {"instance_id": "c05_e3_w80_u100_0024", "campus": 5, "size": 3277, "track": "e3", "structure": "full", "phi": null, "eta": 0.8, "m": 1.0, "u_target": 1.0, "u_realized": 0.9521955172413782, "method": "edd", "seed": 301, "twt": 0.0, "makespan": 121.4774, "mean_flow": 4.569241928593224, "breach_share": 0.0, "breach_p1": null, "breach_p2": null, "breach_p3": 0.0, "breach_p4": 0.0, "decisions": 3277, "latency_ms_per_decision": 0.03331457428136249, "replans": null, "validator_ok": 1, "runtime_s": 0.10917185992002487}, "wspt": {"instance_id": "c05_e3_w80_u100_0024", "campus": 5, "size": 3277, "track": "e3", "structure": "full", "phi": null, "eta": 0.8, "m": 1.0, "u_target": 1.0, "u_realized": 0.9521955172413782, "method": "wspt", "seed": 301, "twt": 128.48899999999998, "makespan": 154.7216, "mean_flow": 3.44483655782728, "breach_share": 0.00091547146780592, "breach_p1": null, "breach_p2": null, "breach_p3": 0.0016901408450704226, "breach_p4": 0.0, "decisions": 3277, "latency_ms_per_decision": 0.0250671437731468, "replans": null, "validator_ok": 1, "runtime_s": 0.08214503014460206}, "atc": {"instance_id": "c05_e3_w80_u100_0024", "campus": 5, "size": 3277, "track": "e3", "structure": "full", "phi": null, "eta": 0.8, "m": 1.0, "u_target": 1.0, "u_realized": 0.9521955172413782, "method": "atc", "seed": 301, "twt": 0.0, "makespan": 121.4675, "mean_flow": 5.819480134269148, "breach_share": 0.0, "breach_p1": null, "breach_p2": null, "breach_p3": 0.0, "breach_p4": 0.0, "decisions": 3277, "latency_ms_per_decision": 0.12261743126121606, "replans": null, "validator_ok": 1, "runtime_s": 0.40181732224300504}, "pfifo": {"instance_id": "c05_e3_w80_u100_0024", "campus": 5, "size": 3277, "track": "e3", "structure": "full", "phi": null, "eta": 0.8, "m": 1.0, "u_target": 1.0, "u_realized": 0.9521955172413782, "method": "pfifo", "seed": 301, "twt": 0.0, "makespan": 121.4774, "mean_flow": 4.569241928593224, "breach_share": 0.0, "breach_p1": null, "breach_p2": null, "breach_p3": 0.0, "breach_p4": 0.0, "decisions": 3277, "latency_ms_per_decision": 0.1717825388370453, "replans": null, "validator_ok": 1, "runtime_s": 0.5629313797689974}, "mor": {"instance_id": "c05_e3_w80_u100_0024", "campus": 5, "size": 3277, "track": "e3", "structure": "full", "phi": null, "eta": 0.8, "m": 1.0, "u_target": 1.0, "u_realized": 0.9521955172413782, "method": "mor", "seed": 301, "twt": 0.0, "makespan": 121.4879, "mean_flow": 8.53309182178822, "breach_share": 0.0, "breach_p1": null, "breach_p2": null, "breach_p3": 0.0, "breach_p4": 0.0, "decisions": 3277, "latency_ms_per_decision": 0.06488330524697841, "replans": null, "validator_ok": 1, "runtime_s": 0.21262259129434824}, "lfj_atc": {"instance_id": "c05_e3_w80_u100_0024", "campus": 5, "size": 3277, "track": "e3", "structure": "full", "phi": null, "eta": 0.8, "m": 1.0, "u_target": 1.0, "u_realized": 0.9521955172413782, "method": "lfj_atc", "seed": 301, "twt": 0.0, "makespan": 121.3784, "mean_flow": 5.725459871833994, "breach_share": 0.0, "breach_p1": null, "breach_p2": null, "breach_p3": 0.0, "breach_p4": 0.0, "decisions": 3277, "latency_ms_per_decision": 0.060041883672187706, "replans": null, "validator_ok": 1, "runtime_s": 0.1967572527937591}, "atc_eta": {"instance_id": "c05_e3_w80_u100_0024", "campus": 5, "size": 3277, "track": "e3", "structure": "full", "phi": null, "eta": 0.8, "m": 1.0, "u_target": 1.0, "u_realized": 0.9521955172413782, "method": "atc_eta", "seed": 301, "twt": 0.0, "makespan": 121.3792, "mean_flow": 5.97085324992371, "breach_share": 0.0, "breach_p1": null, "breach_p2": null, "breach_p3": 0.0, "breach_p4": 0.0, "decisions": 3277, "latency_ms_per_decision": 0.09536227526249484, "replans": null, "validator_ok": 1, "runtime_s": 0.3125021760351956}, "random": {"instance_id": "c05_e3_w80_u100_0024", "campus": 5, "size": 3277, "track": "e3", "structure": "full", "phi": null, "eta": 0.8, "m": 1.0, "u_target": 1.0, "u_realized": 0.9521955172413782, "method": "random", "seed": 301, "twt": 0.0, "makespan": 122.06, "mean_flow": 4.5377372291730245, "breach_share": 0.0, "breach_p1": null, "breach_p2": null, "breach_p3": 0.0, "breach_p4": 0.0, "decisions": 3277, "latency_ms_per_decision": 0.048639295127630454, "replans": null, "validator_ok": 1, "runtime_s": 0.159390970133245}, "v2mlp301": {"instance_id": "c05_e3_w80_u100_0024", "campus": 5, "size": 3277, "track": "e3", "structure": "full", "phi": null, "eta": 0.8, "m": 1.0, "u_target": 1.0, "u_realized": 0.9521955172413782, "method": "v2mlp301", "seed": 301, "twt": 0.0, "makespan": 121.4206, "mean_flow": 5.29420256332011, "breach_share": 0.0, "breach_p1": null, "breach_p2": null, "breach_p3": 0.0, "breach_p4": 0.0, "decisions": 3277, "latency_ms_per_decision": 1.765441081123151, "replans": null, "validator_ok": 1, "runtime_s": 5.785350422840565}, "v2mlp302": {"instance_id": "c05_e3_w80_u100_0024", "campus": 5, "size": 3277, "track": "e3", "structure": "full", "phi": null, "eta": 0.8, "m": 1.0, "u_target": 1.0, "u_realized": 0.9521955172413782, "method": "v2mlp302", "seed": 302, "twt": 0.0, "makespan": 121.83850000000001, "mean_flow": 5.026294018919742, "breach_share": 0.0, "breach_p1": null, "breach_p2": null, "breach_p3": 0.0, "breach_p4": 0.0, "decisions": 3277, "latency_ms_per_decision": 0.8271145010534714, "replans": null, "validator_ok": 1, "runtime_s": 2.7104542199522257}, "v2mlp303": {"instance_id": "c05_e3_w80_u100_0024", "campus": 5, "size": 3277, "track": "e3", "structure": "full", "phi": null, "eta": 0.8, "m": 1.0, "u_target": 1.0, "u_realized": 0.9521955172413782, "method": "v2mlp303", "seed": 303, "twt": 0.0, "makespan": 121.4253, "mean_flow": 4.31316045163259, "breach_share": 0.0, "breach_p1": null, "breach_p2": null, "breach_p3": 0.0, "breach_p4": 0.0, "decisions": 3277, "latency_ms_per_decision": 0.5388993496768152, "replans": null, "validator_ok": 1, "runtime_s": 1.7659731688909233}, "v2mlp304": {"instance_id": "c05_e3_w80_u100_0024", "campus": 5, "size": 3277, "track": "e3", "structure": "full", "phi": null, "eta": 0.8, "m": 1.0, "u_target": 1.0, "u_realized": 0.9521955172413782, "method": "v2mlp304", "seed": 304, "twt": 0.0, "makespan": 121.39999999999999, "mean_flow": 5.125412419896246, "breach_share": 0.0, "breach_p1": null, "breach_p2": null, "breach_p3": 0.0, "breach_p4": 0.0, "decisions": 3277, "latency_ms_per_decision": 0.7364348727819812, "replans": null, "validator_ok": 1, "runtime_s": 2.4132970781065524}, "v2mlp305": {"instance_id": "c05_e3_w80_u100_0024", "campus": 5, "size": 3277, "track": "e3", "structure": "full", "phi": null, "eta": 0.8, "m": 1.0, "u_target": 1.0, "u_realized": 0.9521955172413782, "method": "v2mlp305", "seed": 305, "twt": 0.0, "makespan": 121.48239999999998, "mean_flow": 5.599766676838572, "breach_share": 0.0, "breach_p1": null, "breach_p2": null, "breach_p3": 0.0, "breach_p4": 0.0, "decisions": 3277, "latency_ms_per_decision": 0.87503765700888, "replans": null, "validator_ok": 1, "runtime_s": 2.8674984020181}, "v2mlp306": {"instance_id": "c05_e3_w80_u100_0024", "campus": 5, "size": 3277, "track": "e3", "structure": "full", "phi": null, "eta": 0.8, "m": 1.0, "u_target": 1.0, "u_realized": 0.9521955172413782, "method": "v2mlp306", "seed": 306, "twt": 0.0, "makespan": 121.4501, "mean_flow": 6.404477357339029, "breach_share": 0.0, "breach_p1": null, "breach_p2": null, "breach_p3": 0.0, "breach_p4": 0.0, "decisions": 3277, "latency_ms_per_decision": 2.658790371758448, "replans": null, "validator_ok": 1, "runtime_s": 8.712856048252434}, "v2mlp307": {"instance_id": "c05_e3_w80_u100_0024", "campus": 5, "size": 3277, "track": "e3", "structure": "full", "phi": null, "eta": 0.8, "m": 1.0, "u_target": 1.0, "u_realized": 0.9521955172413782, "method": "v2mlp307", "seed": 307, "twt": 0.0, "makespan": 121.38080000000001, "mean_flow": 4.9512404028074455, "breach_share": 0.0, "breach_p1": null, "breach_p2": null, "breach_p3": 0.0, "breach_p4": 0.0, "decisions": 3277,