{"config_id": "c09_e3_w80_u130_0019__c09_l0_eta100_m100", "rows": {"edd": {"instance_id": "c09_e3_w80_u130_0019", "campus": 9, "size": 2907, "track": "e3", "structure": "dedicated", "phi": null, "eta": 1.0, "m": 1.0, "u_target": 1.3, "u_realized": 1.2509691035353518, "method": "edd", "seed": 301, "twt": 691.1103999999997, "makespan": 152.6579, "mean_flow": 21.290847953216378, "breach_share": 0.005503955968352253, "breach_p1": 0.12264150943396226, "breach_p2": 0.007281553398058253, "breach_p3": 0.0, "breach_p4": 0.0, "decisions": 2907, "latency_ms_per_decision": 0.02390052562583998, "replans": null, "validator_ok": 1, "runtime_s": 0.06947882799431682}, "wspt": {"instance_id": "c09_e3_w80_u130_0019", "campus": 9, "size": 2907, "track": "e3", "structure": "dedicated", "phi": null, "eta": 1.0, "m": 1.0, "u_target": 1.3, "u_realized": 1.2509691035353518, "method": "wspt", "seed": 301, "twt": 933.6979999999996, "makespan": 160.8598, "mean_flow": 9.7705825249398, "breach_share": 0.006535947712418301, "breach_p1": 0.1320754716981132, "breach_p2": 0.012135922330097087, "breach_p3": 0.0, "breach_p4": 0.0, "decisions": 2907, "latency_ms_per_decision": 0.014441200613073355, "replans": null, "validator_ok": 1, "runtime_s": 0.041980570182204247}, "atc": {"instance_id": "c09_e3_w80_u130_0019", "campus": 9, "size": 2907, "track": "e3", "structure": "dedicated", "phi": null, "eta": 1.0, "m": 1.0, "u_target": 1.3, "u_realized": 1.2509691035353518, "method": "atc", "seed": 301, "twt": 688.0635999999998, "makespan": 151.65750000000003, "mean_flow": 18.535949604403168, "breach_share": 0.005159958720330237, "breach_p1": 0.11320754716981132, "breach_p2": 0.007281553398058253, "breach_p3": 0.0, "breach_p4": 0.0, "decisions": 2907, "latency_ms_per_decision": 0.03586706888324049, "replans": null, "validator_ok": 1, "runtime_s": 0.1042655692435801}, "pfifo": {"instance_id": "c09_e3_w80_u130_0019", "campus": 9, "size": 2907, "track": "e3", "structure": "dedicated", "phi": null, "eta": 1.0, "m": 1.0, "u_target": 1.3, "u_realized": 1.2509691035353518, "method": "pfifo", "seed": 301, "twt": 691.1103999999997, "makespan": 152.6579, "mean_flow": 21.290847953216378, "breach_share": 0.005503955968352253, "breach_p1": 0.12264150943396226, "breach_p2": 0.007281553398058253, "breach_p3": 0.0, "breach_p4": 0.0, "decisions": 2907, "latency_ms_per_decision": 0.0207760516396494, "replans": null, "validator_ok": 1, "runtime_s": 0.0603959821164608}, "mor": {"instance_id": "c09_e3_w80_u130_0019", "campus": 9, "size": 2907, "track": "e3", "structure": "dedicated", "phi": null, "eta": 1.0, "m": 1.0, "u_target": 1.3, "u_realized": 1.2509691035353518, "method": "mor", "seed": 301, "twt": 70704.35100000002, "makespan": 139.00100000000003, "mean_flow": 41.12760884072927, "breach_share": 0.10319917440660474, "breach_p1": 0.660377358490566, "breach_p2": 0.5558252427184466, "breach_p3": 0.08333333333333333, "breach_p4": 0.0, "decisions": 2907, "latency_ms_per_decision": 0.04444563217361153, "replans": null, "validator_ok": 1, "runtime_s": 0.12920345272868872}, "lfj_atc": {"instance_id": "c09_e3_w80_u130_0019", "campus": 9, "size": 2907, "track": "e3", "structure": "dedicated", "phi": null, "eta": 1.0, "m": 1.0, "u_target": 1.3, "u_realized": 1.2509691035353518, "method": "lfj_atc", "seed": 301, "twt": 685.1003999999999, "makespan": 151.56, "mean_flow": 18.561093292053666, "breach_share": 0.004815961472308222, "breach_p1": 0.10377358490566038, "breach_p2": 0.007281553398058253, "breach_p3": 0.0, "breach_p4": 0.0, "decisions": 2907, "latency_ms_per_decision": 0.03886041028016943, "replans": null, "validator_ok": 1, "runtime_s": 0.11296721268445253}, "atc_eta": {"instance_id": "c09_e3_w80_u130_0019", "campus": 9, "size": 2907, "track": "e3", "structure": "dedicated", "phi": null, "eta": 1.0, "m": 1.0, "u_target": 1.3, "u_realized": 1.2509691035353518, "method": "atc_eta", "seed": 301, "twt": 688.0635999999998, "makespan": 151.65750000000003, "mean_flow": 18.535949604403168, "breach_share": 0.005159958720330237, "breach_p1": 0.11320754716981132, "breach_p2": 0.007281553398058253, "breach_p3": 0.0, "breach_p4": 0.0, "decisions": 2907, "latency_ms_per_decision": 0.17898143991561416, "replans": null, "validator_ok": 1, "runtime_s": 0.5202990458346903}, "random": {"instance_id": "c09_e3_w80_u130_0019", "campus": 9, "size": 2907, "track": "e3", "structure": "dedicated", "phi": null, "eta": 1.0, "m": 1.0, "u_target": 1.3, "u_realized": 1.2509691035353518, "method": "random", "seed": 301, "twt": 22376.866799999996, "makespan": 153.39780000000002, "mean_flow": 21.012966873065015, "breach_share": 0.06535947712418301, "breach_p1": 0.5566037735849056, "breach_p2": 0.3179611650485437, "breach_p3": 0.0, "breach_p4": 0.0, "decisions": 2907, "latency_ms_per_decision": 0.021596984456587708, "replans": null, "validator_ok": 1, "runtime_s": 0.06278243381530046}, "v2mlp301": {"instance_id": "c09_e3_w80_u130_0019", "campus": 9, "size": 2907, "track": "e3", "structure": "dedicated", "phi": null, "eta": 1.0, "m": 1.0, "u_target": 1.3, "u_realized": 1.2509691035353518, "method": "v2mlp301", "seed": 301, "twt": 673.0532, "makespan": 142.3124, "mean_flow": 20.281346164430687, "breach_share": 0.004815961472308222, "breach_p1": 0.10377358490566038, "breach_p2": 0.007281553398058253, "breach_p3": 0.0, "breach_p4": 0.0, "decisions": 2907, "latency_ms_per_decision": 2.0896248110305065, "replans": null, "validator_ok": 1, "runtime_s": 6.0745393256656826}, "v2mlp302": {"instance_id": "c09_e3_w80_u130_0019", "campus": 9, "size": 2907, "track": "e3", "structure": "dedicated", "phi": null, "eta": 1.0, "m": 1.0, "u_target": 1.3, "u_realized": 1.2509691035353518, "method": "v2mlp302", "seed": 302, "twt": 682.3587999999999, "makespan": 139.95620000000002, "mean_flow": 28.076353560371516, "breach_share": 0.005503955968352253, "breach_p1": 0.12264150943396226, "breach_p2": 0.007281553398058253, "breach_p3": 0.0, "breach_p4": 0.0, "decisions": 2907, "latency_ms_per_decision": 3.026646017127372, "replans": null, "validator_ok": 1, "runtime_s": 8.79845997178927}, "v2mlp303": {"instance_id": "c09_e3_w80_u130_0019", "campus": 9, "size": 2907, "track": "e3", "structure": "dedicated", "phi": null, "eta": 1.0, "m": 1.0, "u_target": 1.3, "u_realized": 1.2509691035353518, "method": "v2mlp303", "seed": 303, "twt": 696.5060000000001, "makespan": 147.42289999999997, "mean_flow": 22.61904819401445, "breach_share": 0.005159958720330237, "breach_p1": 0.11320754716981132, "breach_p2": 0.007281553398058253, "breach_p3": 0.0, "breach_p4": 0.0, "decisions": 2907, "latency_ms_per_decision": 1.227534439358354, "replans": null, "validator_ok": 1, "runtime_s": 3.5684426152147353}, "v2mlp304": {"instance_id": "c09_e3_w80_u130_0019", "campus": 9, "size": 2907, "track": "e3", "structure": "dedicated", "phi": null, "eta": 1.0, "m": 1.0, "u_target": 1.3, "u_realized": 1.2509691035353518, "method": "v2mlp304", "seed": 304, "twt": 682.7916000000004, "makespan": 141.15500000000003, "mean_flow": 24.915411007911935, "breach_share": 0.005159958720330237, "breach_p1": 0.11320754716981132, "breach_p2": 0.007281553398058253, "breach_p3": 0.0, "breach_p4": 0.0, "decisions": 2907, "latency_ms_per_decision": 3.483284414577031, "replans": null, "validator_ok": 1, "runtime_s": 10.125907793175429}, "v2mlp305": {"instance_id": "c09_e3_w80_u130_0019", "campus": 9, "size": 2907, "track": "e3", "structure": "dedicated", "phi": null, "eta": 1.0, "m": 1.0, "u_target": 1.3, "u_realized": 1.2509691035353518, "method": "v2mlp305", "seed": 305, "twt": 682.8528, "makespan": 148.4522, "mean_flow": 23.427997901616788, "breach_share": 0.005159958720330237, "breach_p1": 0.11320754716981132, "breach_p2": 0.007281553398058253, "breach_p3": 0.0, "breach_p4": 0.0, "decisions": 2907, "latency_ms_per_decision": 1.4971588108090137, "replans": null, "validator_ok": 1, "runtime_s": 4.352240663021803}, "v2mlp306": {"instance_id": "c09_e3_w80_u130_0019", "campus": 9, "size": 2907, "track": "e3",