{"config_id": "c09_e3_w80_u110_0026__c09_full_eta100_m100", "rows": {"edd": {"instance_id": "c09_e3_w80_u110_0026", "campus": 9, "size": 2464, "track": "e3", "structure": "full", "phi": null, "eta": 1.0, "m": 1.0, "u_target": 1.1, "u_realized": 1.1283164393939402, "method": "edd", "seed": 301, "twt": 745.6076, "makespan": 122.8166, "mean_flow": 7.71481765422078, "breach_share": 0.006493506493506494, "breach_p1": 0.09473684210526316, "breach_p2": 0.018518518518518517, "breach_p3": 0.0, "breach_p4": 0.0, "decisions": 2464, "latency_ms_per_decision": 0.01367429413457776, "replans": null, "validator_ok": 1, "runtime_s": 0.0336934607475996}, "wspt": {"instance_id": "c09_e3_w80_u110_0026", "campus": 9, "size": 2464, "track": "e3", "structure": "full", "phi": null, "eta": 1.0, "m": 1.0, "u_target": 1.1, "u_realized": 1.1283164393939402, "method": "wspt", "seed": 301, "twt": 796.0036, "makespan": 133.27500000000003, "mean_flow": 4.463108035714287, "breach_share": 0.006493506493506494, "breach_p1": 0.09473684210526316, "breach_p2": 0.018518518518518517, "breach_p3": 0.0, "breach_p4": 0.0, "decisions": 2464, "latency_ms_per_decision": 0.00890980848087022, "replans": null, "validator_ok": 1, "runtime_s": 0.021953768096864223}, "atc": {"instance_id": "c09_e3_w80_u110_0026", "campus": 9, "size": 2464, "track": "e3", "structure": "full", "phi": null, "eta": 1.0, "m": 1.0, "u_target": 1.1, "u_realized": 1.1283164393939402, "method": "atc", "seed": 301, "twt": 746.8220000000001, "makespan": 122.8056, "mean_flow": 10.32523336038961, "breach_share": 0.006493506493506494, "breach_p1": 0.09473684210526316, "breach_p2": 0.018518518518518517, "breach_p3": 0.0, "breach_p4": 0.0, "decisions": 2464, "latency_ms_per_decision": 0.048005131909369746, "replans": null, "validator_ok": 1, "runtime_s": 0.11828464502468705}, "pfifo": {"instance_id": "c09_e3_w80_u110_0026", "campus": 9, "size": 2464, "track": "e3", "structure": "full", "phi": null, "eta": 1.0, "m": 1.0, "u_target": 1.1, "u_realized": 1.1283164393939402, "method": "pfifo", "seed": 301, "twt": 745.6076, "makespan": 122.8166, "mean_flow": 7.71481765422078, "breach_share": 0.006493506493506494, "breach_p1": 0.09473684210526316, "breach_p2": 0.018518518518518517, "breach_p3": 0.0, "breach_p4": 0.0, "decisions": 2464, "latency_ms_per_decision": 0.021749526275890312, "replans": null, "validator_ok": 1, "runtime_s": 0.053590832743793726}, "mor": {"instance_id": "c09_e3_w80_u110_0026", "campus": 9, "size": 2464, "track": "e3", "structure": "full", "phi": null, "eta": 1.0, "m": 1.0, "u_target": 1.1, "u_realized": 1.1283164393939402, "method": "mor", "seed": 301, "twt": 20019.960800000008, "makespan": 122.82650000000001, "mean_flow": 18.651759050324678, "breach_share": 0.060876623376623376, "breach_p1": 0.4842105263157895, "breach_p2": 0.2751322751322751, "breach_p3": 0.0, "breach_p4": 0.0, "decisions": 2464, "latency_ms_per_decision": 0.03735480437738603, "replans": null, "validator_ok": 1, "runtime_s": 0.09204223798587918}, "lfj_atc": {"instance_id": "c09_e3_w80_u110_0026", "campus": 9, "size": 2464, "track": "e3", "structure": "full", "phi": null, "eta": 1.0, "m": 1.0, "u_target": 1.1, "u_realized": 1.1283164393939402, "method": "lfj_atc", "seed": 301, "twt": 744.5440000000001, "makespan": 122.845, "mean_flow": 10.354418790584416, "breach_share": 0.006493506493506494, "breach_p1": 0.09473684210526316, "breach_p2": 0.018518518518518517, "breach_p3": 0.0, "breach_p4": 0.0, "decisions": 2464, "latency_ms_per_decision": 0.05457170085388829, "replans": null, "validator_ok": 1, "runtime_s": 0.13446467090398073}, "atc_eta": {"instance_id": "c09_e3_w80_u110_0026", "campus": 9, "size": 2464, "track": "e3", "structure": "full", "phi": null, "eta": 1.0, "m": 1.0, "u_target": 1.1, "u_realized": 1.1283164393939402, "method": "atc_eta", "seed": 301, "twt": 746.8220000000001, "makespan": 122.8056, "mean_flow": 10.32523336038961, "breach_share": 0.006493506493506494, "breach_p1": 0.09473684210526316, "breach_p2": 0.018518518518518517, "breach_p3": 0.0, "breach_p4": 0.0, "decisions": 2464, "latency_ms_per_decision": 0.06275608124175146, "replans": null, "validator_ok": 1, "runtime_s": 0.15463098417967558}, "random": {"instance_id": "c09_e3_w80_u110_0026", "campus": 9, "size": 2464, "track": "e3", "structure": "full", "phi": null, "eta": 1.0, "m": 1.0, "u_target": 1.1, "u_realized": 1.1283164393939402, "method": "random", "seed": 301, "twt": 2537.9996, "makespan": 127.75209999999998, "mean_flow": 7.751759172077923, "breach_share": 0.019886363636363636, "breach_p1": 0.3263157894736842, "breach_p2": 0.047619047619047616, "breach_p3": 0.0, "breach_p4": 0.0, "decisions": 2464, "latency_ms_per_decision": 0.007952298128421043, "replans": null, "validator_ok": 1, "runtime_s": 0.01959446258842945}, "v2mlp301": {"instance_id": "c09_e3_w80_u110_0026", "campus": 9, "size": 2464, "track": "e3", "structure": "full", "phi": null, "eta": 1.0, "m": 1.0, "u_target": 1.1, "u_realized": 1.1283164393939402, "method": "v2mlp301", "seed": 301, "twt": 745.4975999999997, "makespan": 122.80709999999999, "mean_flow": 7.349445860389611, "breach_share": 0.006493506493506494, "breach_p1": 0.09473684210526316, "breach_p2": 0.018518518518518517, "breach_p3": 0.0, "breach_p4": 0.0, "decisions": 2464, "latency_ms_per_decision": 4.230229685411111, "replans": null, "validator_ok": 1, "runtime_s": 10.423285944852978}, "v2mlp302": {"instance_id": "c09_e3_w80_u110_0026", "campus": 9, "size": 2464, "track": "e3", "structure": "full", "phi": null, "eta": 1.0, "m": 1.0, "u_target": 1.1, "u_realized": 1.1283164393939402, "method": "v2mlp302", "seed": 302, "twt": 745.0371999999998, "makespan": 122.83579999999998, "mean_flow": 11.601419886363637, "breach_share": 0.006493506493506494, "breach_p1": 0.09473684210526316, "breach_p2": 0.018518518518518517, "breach_p3": 0.0, "breach_p4": 0.0, "decisions": 2464, "latency_ms_per_decision": 3.3424265953703096, "replans": null, "validator_ok": 1, "runtime_s": 8.235739130992442}, "v2mlp303": {"instance_id": "c09_e3_w80_u110_0026", "campus": 9, "size": 2464, "track": "e3", "structure": "full", "phi": null, "eta": 1.0, "m": 1.0, "u_target": 1.1, "u_realized": 1.1283164393939402, "method": "v2mlp303", "seed": 303, "twt": 747.1676000000002, "makespan": 122.80780000000001, "mean_flow": 9.362701136363636, "breach_share": 0.006493506493506494, "breach_p1": 0.09473684210526316, "breach_p2": 0.018518518518518517, "breach_p3": 0.0, "breach_p4": 0.0, "decisions": 2464, "latency_ms_per_decision": 4.299001191635374, "replans": null, "validator_ok": 1, "runtime_s": 10.592738936189562}, "v2mlp304": {"instance_id": "c09_e3_w80_u110_0026", "campus": 9, "size": 2464, "track": "e3", "structure": "full", "phi": null, "eta": 1.0, "m": 1.0, "u_target": 1.1, "u_realized": 1.1283164393939402, "method": "v2mlp304", "seed": 304, "twt": 745.1027999999997, "makespan": 122.8346, "mean_flow": 11.335856696428571, "breach_share": 0.006493506493506494, "breach_p1": 0.09473684210526316, "breach_p2": 0.018518518518518517, "breach_p3": 0.0, "breach_p4": 0.0, "decisions": 2464, "latency_ms_per_decision": 9.46911353812184, "replans": null, "validator_ok": 1, "runtime_s": 23.331895757932216}, "v2mlp305": {"instance_id": "c09_e3_w80_u110_0026", "campus": 9, "size": 2464, "track": "e3", "structure": "full", "phi": null, "eta": 1.0, "m": 1.0, "u_target": 1.1, "u_realized": 1.1283164393939402, "method": "v2mlp305", "seed": 305, "twt": 745.2999999999997, "makespan": 122.82539999999997, "mean_flow": 10.554220170454546, "breach_share": 0.006493506493506494, "breach_p1": 0.09473684210526316, "breach_p2": 0.018518518518518517, "breach_p3": 0.0, "breach_p4": 0.0, "decisions": 2464, "latency_ms_per_decision": 7.246708280071253, "replans": null, "validator_ok": 1, "runtime_s": 17.855889202095568}, "v2mlp306": {"instance_id": "c09_e3_w80_u110_0026", "campus": 9, "size": 2464, "track": "e3", "structure": "full", "phi": null, "eta": 1.0, "m": 1.0, "u_target": 1.1, "u_realized": 1.1283164393939402,