{"config_id": "c09_e3_w80_u090_0004__c09_chain_phi100_eta080_m100", "rows": {"edd": {"instance_id": "c09_e3_w80_u090_0004", "campus": 9, "size": 1964, "track": "e3", "structure": "chain", "phi": 1.0, "eta": 0.8, "m": 1.0, "u_target": 0.9, "u_realized": 0.7918234848484842, "method": "edd", "seed": 301, "twt": 207.94480000000007, "makespan": 100.574, "mean_flow": 4.865925407331975, "breach_share": 0.002036659877800407, "breach_p1": 0.07142857142857142, "breach_p2": 0.0, "breach_p3": 0.0, "breach_p4": 0.0, "decisions": 1964, "latency_ms_per_decision": 0.011226957068302481, "replans": null, "validator_ok": 1, "runtime_s": 0.022049743682146072}, "wspt": {"instance_id": "c09_e3_w80_u090_0004", "campus": 9, "size": 1964, "track": "e3", "structure": "chain", "phi": 1.0, "eta": 0.8, "m": 1.0, "u_target": 0.9, "u_realized": 0.7918234848484842, "method": "wspt", "seed": 301, "twt": 228.7675999999997, "makespan": 108.96499999999999, "mean_flow": 3.9757865071283094, "breach_share": 0.0025458248472505093, "breach_p1": 0.07142857142857142, "breach_p2": 0.003048780487804878, "breach_p3": 0.0, "breach_p4": 0.0, "decisions": 1964, "latency_ms_per_decision": 0.00903142930071065, "replans": null, "validator_ok": 1, "runtime_s": 0.017737727146595716}, "atc": {"instance_id": "c09_e3_w80_u090_0004", "campus": 9, "size": 1964, "track": "e3", "structure": "chain", "phi": 1.0, "eta": 0.8, "m": 1.0, "u_target": 0.9, "u_realized": 0.7918234848484842, "method": "atc", "seed": 301, "twt": 210.23919999999995, "makespan": 106.50889999999998, "mean_flow": 5.12223284114053, "breach_share": 0.002036659877800407, "breach_p1": 0.07142857142857142, "breach_p2": 0.0, "breach_p3": 0.0, "breach_p4": 0.0, "decisions": 1964, "latency_ms_per_decision": 0.036124225616713045, "replans": null, "validator_ok": 1, "runtime_s": 0.07094797911122441}, "pfifo": {"instance_id": "c09_e3_w80_u090_0004", "campus": 9, "size": 1964, "track": "e3", "structure": "chain", "phi": 1.0, "eta": 0.8, "m": 1.0, "u_target": 0.9, "u_realized": 0.7918234848484842, "method": "pfifo", "seed": 301, "twt": 207.94480000000007, "makespan": 100.574, "mean_flow": 4.865925407331975, "breach_share": 0.002036659877800407, "breach_p1": 0.07142857142857142, "breach_p2": 0.0, "breach_p3": 0.0, "breach_p4": 0.0, "decisions": 1964, "latency_ms_per_decision": 0.021184229125058213, "replans": null, "validator_ok": 1, "runtime_s": 0.04160582600161433}, "mor": {"instance_id": "c09_e3_w80_u090_0004", "campus": 9, "size": 1964, "track": "e3", "structure": "chain", "phi": 1.0, "eta": 0.8, "m": 1.0, "u_target": 0.9, "u_realized": 0.7918234848484842, "method": "mor", "seed": 301, "twt": 5237.001999999999, "makespan": 97.06569999999999, "mean_flow": 9.249183910386964, "breach_share": 0.023930753564154784, "breach_p1": 0.17857142857142858, "breach_p2": 0.11280487804878049, "breach_p3": 0.0, "breach_p4": 0.0, "decisions": 1964, "latency_ms_per_decision": 0.04191469503547655, "replans": null, "validator_ok": 1, "runtime_s": 0.08232046104967594}, "lfj_atc": {"instance_id": "c09_e3_w80_u090_0004", "campus": 9, "size": 1964, "track": "e3", "structure": "chain", "phi": 1.0, "eta": 0.8, "m": 1.0, "u_target": 0.9, "u_realized": 0.7918234848484842, "method": "lfj_atc", "seed": 301, "twt": 208.29119999999998, "makespan": 100.67630000000003, "mean_flow": 4.794041598778005, "breach_share": 0.002036659877800407, "breach_p1": 0.07142857142857142, "breach_p2": 0.0, "breach_p3": 0.0, "breach_p4": 0.0, "decisions": 1964, "latency_ms_per_decision": 0.03210866710933612, "replans": null, "validator_ok": 1, "runtime_s": 0.06306142220273614}, "atc_eta": {"instance_id": "c09_e3_w80_u090_0004", "campus": 9, "size": 1964, "track": "e3", "structure": "chain", "phi": 1.0, "eta": 0.8, "m": 1.0, "u_target": 0.9, "u_realized": 0.7918234848484842, "method": "atc_eta", "seed": 301, "twt": 207.2744000000002, "makespan": 100.92600000000002, "mean_flow": 4.761123472505093, "breach_share": 0.002036659877800407, "breach_p1": 0.07142857142857142, "breach_p2": 0.0, "breach_p3": 0.0, "breach_p4": 0.0, "decisions": 1964, "latency_ms_per_decision": 0.06308625741480506, "replans": null, "validator_ok": 1, "runtime_s": 0.12390140956267715}, "random": {"instance_id": "c09_e3_w80_u090_0004", "campus": 9, "size": 1964, "track": "e3", "structure": "chain", "phi": 1.0, "eta": 0.8, "m": 1.0, "u_target": 0.9, "u_realized": 0.7918234848484842, "method": "random", "seed": 301, "twt": 917.4224, "makespan": 98.145, "mean_flow": 5.003310437881874, "breach_share": 0.007637474541751527, "breach_p1": 0.16071428571428573, "breach_p2": 0.018292682926829267, "breach_p3": 0.0, "breach_p4": 0.0, "decisions": 1964, "latency_ms_per_decision": 0.008535307031617995, "replans": null, "validator_ok": 1, "runtime_s": 0.016763343010097742}, "v2mlp301": {"instance_id": "c09_e3_w80_u090_0004", "campus": 9, "size": 1964, "track": "e3", "structure": "chain", "phi": 1.0, "eta": 0.8, "m": 1.0, "u_target": 0.9, "u_realized": 0.7918234848484842, "method": "v2mlp301", "seed": 301, "twt": 205.95920000000004, "makespan": 102.25619999999999, "mean_flow": 4.477216395112016, "breach_share": 0.002036659877800407, "breach_p1": 0.07142857142857142, "breach_p2": 0.0, "breach_p3": 0.0, "breach_p4": 0.0, "decisions": 1964, "latency_ms_per_decision": 1.635898200059101, "replans": null, "validator_ok": 1, "runtime_s": 3.2129040649160743}, "v2mlp302": {"instance_id": "c09_e3_w80_u090_0004", "campus": 9, "size": 1964, "track": "e3", "structure": "chain", "phi": 1.0, "eta": 0.8, "m": 1.0, "u_target": 0.9, "u_realized": 0.7918234848484842, "method": "v2mlp302", "seed": 302, "twt": 208.66799999999992, "makespan": 97.1016, "mean_flow": 6.66839699592668, "breach_share": 0.002036659877800407, "breach_p1": 0.07142857142857142, "breach_p2": 0.0, "breach_p3": 0.0, "breach_p4": 0.0, "decisions": 1964, "latency_ms_per_decision": 2.921415375765648, "replans": null, "validator_ok": 1, "runtime_s": 5.737659798003733}, "v2mlp303": {"instance_id": "c09_e3_w80_u090_0004", "campus": 9, "size": 1964, "track": "e3", "structure": "chain", "phi": 1.0, "eta": 0.8, "m": 1.0, "u_target": 0.9, "u_realized": 0.7918234848484842, "method": "v2mlp303", "seed": 303, "twt": 207.39840000000012, "makespan": 97.1212, "mean_flow": 5.224451120162933, "breach_share": 0.002036659877800407, "breach_p1": 0.07142857142857142, "breach_p2": 0.0, "breach_p3": 0.0, "breach_p4": 0.0, "decisions": 1964, "latency_ms_per_decision": 2.2481150717461245, "replans": null, "validator_ok": 1, "runtime_s": 4.415298000909388}, "v2mlp304": {"instance_id": "c09_e3_w80_u090_0004", "campus": 9, "size": 1964, "track": "e3", "structure": "chain", "phi": 1.0, "eta": 0.8, "m": 1.0, "u_target": 0.9, "u_realized": 0.7918234848484842, "method": "v2mlp304", "seed": 304, "twt": 208.23600000000008, "makespan": 97.37069999999999, "mean_flow": 5.774512881873727, "breach_share": 0.002036659877800407, "breach_p1": 0.07142857142857142, "breach_p2": 0.0, "breach_p3": 0.0, "breach_p4": 0.0, "decisions": 1964, "latency_ms_per_decision": 0.7482093664990119, "replans": null, "validator_ok": 1, "runtime_s": 1.4694831958040595}, "v2mlp305": {"instance_id": "c09_e3_w80_u090_0004", "campus": 9, "size": 1964, "track": "e3", "structure": "chain", "phi": 1.0, "eta": 0.8, "m": 1.0, "u_target": 0.9, "u_realized": 0.7918234848484842, "method": "v2mlp305", "seed": 305, "twt": 208.2128, "makespan": 97.1664, "mean_flow": 5.132950865580448, "breach_share": 0.002036659877800407, "breach_p1": 0.07142857142857142, "breach_p2": 0.0, "breach_p3": 0.0, "breach_p4": 0.0, "decisions": 1964, "latency_ms_per_decision": 1.442135144982965, "replans": null, "validator_ok": 1, "runtime_s": 2.832353424746543}, "v2mlp306": {"instance_id": "c09_e3_w80_u090_0004", "campus": 9, "size": 1964, "track": "e3", "structure": "chain", "phi": 1.0, "eta": 0.8, "m": 1.0, "u_target": 0.9, "u_realized": 0.7918234848484842, "method": "v2mlp306", "seed": 306, "twt": 206.95919999999992, "makespan": 97.4151, "mean_flow": 6.182690427698575,