{"config_id": "c09_e3_w80_u110_0012__c09_l0_eta100_m100", "rows": {"edd": {"instance_id": "c09_e3_w80_u110_0012", "campus": 9, "size": 2454, "track": "e3", "structure": "dedicated", "phi": null, "eta": 1.0, "m": 1.0, "u_target": 1.1, "u_realized": 1.1093371969696972, "method": "edd", "seed": 301, "twt": 1269.2459999999999, "makespan": 148.3647, "mean_flow": 12.918999837000817, "breach_share": 0.0057049714751426246, "breach_p1": 0.1282051282051282, "breach_p2": 0.01084010840108401, "breach_p3": 0.0, "breach_p4": 0.0, "decisions": 2454, "latency_ms_per_decision": 0.028103865157834085, "replans": null, "validator_ok": 1, "runtime_s": 0.06896688509732485}, "wspt": {"instance_id": "c09_e3_w80_u110_0012", "campus": 9, "size": 2454, "track": "e3", "structure": "dedicated", "phi": null, "eta": 1.0, "m": 1.0, "u_target": 1.1, "u_realized": 1.1093371969696972, "method": "wspt", "seed": 301, "twt": 1318.6819999999998, "makespan": 143.3831, "mean_flow": 6.561017196414019, "breach_share": 0.006112469437652812, "breach_p1": 0.1282051282051282, "breach_p2": 0.013550135501355014, "breach_p3": 0.0, "breach_p4": 0.0, "decisions": 2454, "latency_ms_per_decision": 0.021395359276365048, "replans": null, "validator_ok": 1, "runtime_s": 0.05250421166419983}, "atc": {"instance_id": "c09_e3_w80_u110_0012", "campus": 9, "size": 2454, "track": "e3", "structure": "dedicated", "phi": null, "eta": 1.0, "m": 1.0, "u_target": 1.1, "u_realized": 1.1093371969696972, "method": "atc", "seed": 301, "twt": 1265.0628000000002, "makespan": 135.6008, "mean_flow": 10.481581784841076, "breach_share": 0.0057049714751426246, "breach_p1": 0.1282051282051282, "breach_p2": 0.01084010840108401, "breach_p3": 0.0, "breach_p4": 0.0, "decisions": 2454, "latency_ms_per_decision": 0.05520617732810071, "replans": null, "validator_ok": 1, "runtime_s": 0.13547595916315913}, "pfifo": {"instance_id": "c09_e3_w80_u110_0012", "campus": 9, "size": 2454, "track": "e3", "structure": "dedicated", "phi": null, "eta": 1.0, "m": 1.0, "u_target": 1.1, "u_realized": 1.1093371969696972, "method": "pfifo", "seed": 301, "twt": 1269.2459999999999, "makespan": 148.3647, "mean_flow": 12.918999837000817, "breach_share": 0.0057049714751426246, "breach_p1": 0.1282051282051282, "breach_p2": 0.01084010840108401, "breach_p3": 0.0, "breach_p4": 0.0, "decisions": 2454, "latency_ms_per_decision": 0.03150803133383843, "replans": null, "validator_ok": 1, "runtime_s": 0.0773207088932395}, "mor": {"instance_id": "c09_e3_w80_u110_0012", "campus": 9, "size": 2454, "track": "e3", "structure": "dedicated", "phi": null, "eta": 1.0, "m": 1.0, "u_target": 1.1, "u_realized": 1.1093371969696972, "method": "mor", "seed": 301, "twt": 29140.606800000012, "makespan": 130.9936, "mean_flow": 25.92105986145069, "breach_share": 0.0778321108394458, "breach_p1": 0.5384615384615384, "breach_p2": 0.4010840108401084, "breach_p3": 0.14285714285714285, "breach_p4": 0.0, "decisions": 2454, "latency_ms_per_decision": 0.04623597032392812, "replans": null, "validator_ok": 1, "runtime_s": 0.1134630711749196}, "lfj_atc": {"instance_id": "c09_e3_w80_u110_0012", "campus": 9, "size": 2454, "track": "e3", "structure": "dedicated", "phi": null, "eta": 1.0, "m": 1.0, "u_target": 1.1, "u_realized": 1.1093371969696972, "method": "lfj_atc", "seed": 301, "twt": 1268.7495999999996, "makespan": 136.1499, "mean_flow": 10.516969478402608, "breach_share": 0.0057049714751426246, "breach_p1": 0.1282051282051282, "breach_p2": 0.01084010840108401, "breach_p3": 0.0, "breach_p4": 0.0, "decisions": 2454, "latency_ms_per_decision": 0.05410109288358989, "replans": null, "validator_ok": 1, "runtime_s": 0.1327640819363296}, "atc_eta": {"instance_id": "c09_e3_w80_u110_0012", "campus": 9, "size": 2454, "track": "e3", "structure": "dedicated", "phi": null, "eta": 1.0, "m": 1.0, "u_target": 1.1, "u_realized": 1.1093371969696972, "method": "atc_eta", "seed": 301, "twt": 1265.0628000000002, "makespan": 135.6008, "mean_flow": 10.481581784841076, "breach_share": 0.0057049714751426246, "breach_p1": 0.1282051282051282, "breach_p2": 0.01084010840108401, "breach_p3": 0.0, "breach_p4": 0.0, "decisions": 2454, "latency_ms_per_decision": 0.06133194833678158, "replans": null, "validator_ok": 1, "runtime_s": 0.150508601218462}, "random": {"instance_id": "c09_e3_w80_u110_0012", "campus": 9, "size": 2454, "track": "e3", "structure": "dedicated", "phi": null, "eta": 1.0, "m": 1.0, "u_target": 1.1, "u_realized": 1.1093371969696972, "method": "random", "seed": 301, "twt": 6258.456000000004, "makespan": 133.6076, "mean_flow": 12.85048981255094, "breach_share": 0.035859820700896494, "breach_p1": 0.44871794871794873, "breach_p2": 0.14363143631436315, "breach_p3": 0.0, "breach_p4": 0.0, "decisions": 2454, "latency_ms_per_decision": 0.02643191399843642, "replans": null, "validator_ok": 1, "runtime_s": 0.06486391695216298}, "v2mlp301": {"instance_id": "c09_e3_w80_u110_0012", "campus": 9, "size": 2454, "track": "e3", "structure": "dedicated", "phi": null, "eta": 1.0, "m": 1.0, "u_target": 1.1, "u_realized": 1.1093371969696972, "method": "v2mlp301", "seed": 301, "twt": 1274.1227999999996, "makespan": 129.35490000000001, "mean_flow": 11.908667114914424, "breach_share": 0.006112469437652812, "breach_p1": 0.14102564102564102, "breach_p2": 0.01084010840108401, "breach_p3": 0.0, "breach_p4": 0.0, "decisions": 2454, "latency_ms_per_decision": 0.9889091923301576, "replans": null, "validator_ok": 1, "runtime_s": 2.426783157978207}, "v2mlp302": {"instance_id": "c09_e3_w80_u110_0012", "campus": 9, "size": 2454, "track": "e3", "structure": "dedicated", "phi": null, "eta": 1.0, "m": 1.0, "u_target": 1.1, "u_realized": 1.1093371969696972, "method": "v2mlp302", "seed": 302, "twt": 1272.2648, "makespan": 129.5421, "mean_flow": 17.3440185004075, "breach_share": 0.0057049714751426246, "breach_p1": 0.1282051282051282, "breach_p2": 0.01084010840108401, "breach_p3": 0.0, "breach_p4": 0.0, "decisions": 2454, "latency_ms_per_decision": 0.9355616187274505, "replans": null, "validator_ok": 1, "runtime_s": 2.2958682123571634}, "v2mlp303": {"instance_id": "c09_e3_w80_u110_0012", "campus": 9, "size": 2454, "track": "e3", "structure": "dedicated", "phi": null, "eta": 1.0, "m": 1.0, "u_target": 1.1, "u_realized": 1.1093371969696972, "method": "v2mlp303", "seed": 303, "twt": 1265.1332, "makespan": 134.9366, "mean_flow": 13.97286389568052, "breach_share": 0.006112469437652812, "breach_p1": 0.14102564102564102, "breach_p2": 0.01084010840108401, "breach_p3": 0.0, "breach_p4": 0.0, "decisions": 2454, "latency_ms_per_decision": 1.8776381878256676, "replans": null, "validator_ok": 1, "runtime_s": 4.607724112924188}, "v2mlp304": {"instance_id": "c09_e3_w80_u110_0012", "campus": 9, "size": 2454, "track": "e3", "structure": "dedicated", "phi": null, "eta": 1.0, "m": 1.0, "u_target": 1.1, "u_realized": 1.1093371969696972, "method": "v2mlp304", "seed": 304, "twt": 1268.2255999999998, "makespan": 129.2755, "mean_flow": 16.083863447432762, "breach_share": 0.0057049714751426246, "breach_p1": 0.1282051282051282, "breach_p2": 0.01084010840108401, "breach_p3": 0.0, "breach_p4": 0.0, "decisions": 2454, "latency_ms_per_decision": 3.0472597314884315, "replans": null, "validator_ok": 1, "runtime_s": 7.477975381072611}, "v2mlp305": {"instance_id": "c09_e3_w80_u110_0012", "campus": 9, "size": 2454, "track": "e3", "structure": "dedicated", "phi": null, "eta": 1.0, "m": 1.0, "u_target": 1.1, "u_realized": 1.1093371969696972, "method": "v2mlp305", "seed": 305, "twt": 1255.232, "makespan": 130.7224, "mean_flow": 14.714196454767725, "breach_share": 0.0057049714751426246, "breach_p1": 0.1282051282051282, "breach_p2": 0.01084010840108401, "breach_p3": 0.0, "breach_p4": 0.0, "decisions": 2454, "latency_ms_per_decision": 1.0401939437364114, "replans": null, "validator_ok": 1, "runtime_s": 2.5526359379291534}, "v2mlp306": {"instance_id": "c09_e3_w80_u110_0012", "campus": 9, "size": 2454, "track": "e3", "structure": "dedicated", "phi": null, "eta": 1.0, "m": 1.0, "u_target": 1.1,