{"config_id": "c09_e3_w80_u110_0022__c09_chain_phi100_eta080_m100", "rows": {"edd": {"instance_id": "c09_e3_w80_u110_0022", "campus": 9, "size": 2529, "track": "e3", "structure": "chain", "phi": 1.0, "eta": 0.8, "m": 1.0, "u_target": 1.1, "u_realized": 1.0813099621212128, "method": "edd", "seed": 301, "twt": 630.0248000000001, "makespan": 128.9777, "mean_flow": 12.338863107947805, "breach_share": 0.005140371688414393, "breach_p1": 0.1038961038961039, "breach_p2": 0.01278772378516624, "breach_p3": 0.0, "breach_p4": 0.0, "decisions": 2529, "latency_ms_per_decision": 0.058689902799138445, "replans": null, "validator_ok": 1, "runtime_s": 0.14842676417902112}, "wspt": {"instance_id": "c09_e3_w80_u110_0022", "campus": 9, "size": 2529, "track": "e3", "structure": "chain", "phi": 1.0, "eta": 0.8, "m": 1.0, "u_target": 1.1, "u_realized": 1.0813099621212128, "method": "wspt", "seed": 301, "twt": 836.2563999999998, "makespan": 157.4101, "mean_flow": 6.5494263345195725, "breach_share": 0.0055357848952155, "breach_p1": 0.1038961038961039, "breach_p2": 0.015345268542199489, "breach_p3": 0.0, "breach_p4": 0.0, "decisions": 2529, "latency_ms_per_decision": 0.04773104387328483, "replans": null, "validator_ok": 1, "runtime_s": 0.12071180995553732}, "atc": {"instance_id": "c09_e3_w80_u110_0022", "campus": 9, "size": 2529, "track": "e3", "structure": "chain", "phi": 1.0, "eta": 0.8, "m": 1.0, "u_target": 1.1, "u_realized": 1.0813099621212128, "method": "atc", "seed": 301, "twt": 631.5527999999998, "makespan": 133.6869, "mean_flow": 14.102994385132462, "breach_share": 0.005140371688414393, "breach_p1": 0.1038961038961039, "breach_p2": 0.01278772378516624, "breach_p3": 0.0, "breach_p4": 0.0, "decisions": 2529, "latency_ms_per_decision": 0.1451549652010827, "replans": null, "validator_ok": 1, "runtime_s": 0.36709690699353814}, "pfifo": {"instance_id": "c09_e3_w80_u110_0022", "campus": 9, "size": 2529, "track": "e3", "structure": "chain", "phi": 1.0, "eta": 0.8, "m": 1.0, "u_target": 1.1, "u_realized": 1.0813099621212128, "method": "pfifo", "seed": 301, "twt": 630.0248000000001, "makespan": 128.9777, "mean_flow": 12.338863107947805, "breach_share": 0.005140371688414393, "breach_p1": 0.1038961038961039, "breach_p2": 0.01278772378516624, "breach_p3": 0.0, "breach_p4": 0.0, "decisions": 2529, "latency_ms_per_decision": 0.06789983146720463, "replans": null, "validator_ok": 1, "runtime_s": 0.1717186737805605}, "mor": {"instance_id": "c09_e3_w80_u110_0022", "campus": 9, "size": 2529, "track": "e3", "structure": "chain", "phi": 1.0, "eta": 0.8, "m": 1.0, "u_target": 1.1, "u_realized": 1.0813099621212128, "method": "mor", "seed": 301, "twt": 33072.48879999999, "makespan": 128.9777, "mean_flow": 26.871580387504945, "breach_share": 0.077500988533017, "breach_p1": 0.45454545454545453, "breach_p2": 0.40664961636828645, "breach_p3": 0.25, "breach_p4": 0.0, "decisions": 2529, "latency_ms_per_decision": 0.10082072524236756, "replans": null, "validator_ok": 1, "runtime_s": 0.25497561413794756}, "lfj_atc": {"instance_id": "c09_e3_w80_u110_0022", "campus": 9, "size": 2529, "track": "e3", "structure": "chain", "phi": 1.0, "eta": 0.8, "m": 1.0, "u_target": 1.1, "u_realized": 1.0813099621212128, "method": "lfj_atc", "seed": 301, "twt": 630.7979999999998, "makespan": 130.9365, "mean_flow": 14.607248477659155, "breach_share": 0.005140371688414393, "breach_p1": 0.1038961038961039, "breach_p2": 0.01278772378516624, "breach_p3": 0.0, "breach_p4": 0.0, "decisions": 2529, "latency_ms_per_decision": 0.17986317176611916, "replans": null, "validator_ok": 1, "runtime_s": 0.45487396139651537}, "atc_eta": {"instance_id": "c09_e3_w80_u110_0022", "campus": 9, "size": 2529, "track": "e3", "structure": "chain", "phi": 1.0, "eta": 0.8, "m": 1.0, "u_target": 1.1, "u_realized": 1.0813099621212128, "method": "atc_eta", "seed": 301, "twt": 638.9155999999996, "makespan": 146.08890000000002, "mean_flow": 14.496157888493475, "breach_share": 0.0055357848952155, "breach_p1": 0.11688311688311688, "breach_p2": 0.01278772378516624, "breach_p3": 0.0, "breach_p4": 0.0, "decisions": 2529, "latency_ms_per_decision": 0.30373706371505393, "replans": null, "validator_ok": 1, "runtime_s": 0.7681510341353714}, "random": {"instance_id": "c09_e3_w80_u110_0022", "campus": 9, "size": 2529, "track": "e3", "structure": "chain", "phi": 1.0, "eta": 0.8, "m": 1.0, "u_target": 1.1, "u_realized": 1.0813099621212128, "method": "random", "seed": 301, "twt": 8796.511999999997, "makespan": 138.85549999999998, "mean_flow": 12.585687584025306, "breach_share": 0.039541320680110716, "breach_p1": 0.4155844155844156, "breach_p2": 0.17391304347826086, "breach_p3": 0.0, "breach_p4": 0.0, "decisions": 2529, "latency_ms_per_decision": 0.05577196293065274, "replans": null, "validator_ok": 1, "runtime_s": 0.14104729425162077}, "v2mlp301": {"instance_id": "c09_e3_w80_u110_0022", "campus": 9, "size": 2529, "track": "e3", "structure": "chain", "phi": 1.0, "eta": 0.8, "m": 1.0, "u_target": 1.1, "u_realized": 1.0813099621212128, "method": "v2mlp301", "seed": 301, "twt": 605.784, "makespan": 128.9777, "mean_flow": 12.885935784895214, "breach_share": 0.005140371688414393, "breach_p1": 0.1038961038961039, "breach_p2": 0.01278772378516624, "breach_p3": 0.0, "breach_p4": 0.0, "decisions": 2529, "latency_ms_per_decision": 2.847365510954528, "replans": null, "validator_ok": 1, "runtime_s": 7.200987377204001}, "v2mlp302": {"instance_id": "c09_e3_w80_u110_0022", "campus": 9, "size": 2529, "track": "e3", "structure": "chain", "phi": 1.0, "eta": 0.8, "m": 1.0, "u_target": 1.1, "u_realized": 1.0813099621212128, "method": "v2mlp302", "seed": 302, "twt": 634.7863999999995, "makespan": 128.9777, "mean_flow": 20.589541874258604, "breach_share": 0.0055357848952155, "breach_p1": 0.11688311688311688, "breach_p2": 0.01278772378516624, "breach_p3": 0.0, "breach_p4": 0.0, "decisions": 2529, "latency_ms_per_decision": 2.8496082839377435, "replans": null, "validator_ok": 1, "runtime_s": 7.206659350078553}, "v2mlp303": {"instance_id": "c09_e3_w80_u110_0022", "campus": 9, "size": 2529, "track": "e3", "structure": "chain", "phi": 1.0, "eta": 0.8, "m": 1.0, "u_target": 1.1, "u_realized": 1.0813099621212128, "method": "v2mlp303", "seed": 303, "twt": 632.086, "makespan": 128.9777, "mean_flow": 13.912339343614079, "breach_share": 0.005140371688414393, "breach_p1": 0.1038961038961039, "breach_p2": 0.01278772378516624, "breach_p3": 0.0, "breach_p4": 0.0, "decisions": 2529, "latency_ms_per_decision": 1.5680353634483661, "replans": null, "validator_ok": 1, "runtime_s": 3.965561434160918}, "v2mlp304": {"instance_id": "c09_e3_w80_u110_0022", "campus": 9, "size": 2529, "track": "e3", "structure": "chain", "phi": 1.0, "eta": 0.8, "m": 1.0, "u_target": 1.1, "u_realized": 1.0813099621212128, "method": "v2mlp304", "seed": 304, "twt": 661.6572000000001, "makespan": 128.9777, "mean_flow": 15.9393778173191, "breach_share": 0.005140371688414393, "breach_p1": 0.1038961038961039, "breach_p2": 0.01278772378516624, "breach_p3": 0.0, "breach_p4": 0.0, "decisions": 2529, "latency_ms_per_decision": 3.059839665375653, "replans": null, "validator_ok": 1, "runtime_s": 7.738334513735026}, "v2mlp305": {"instance_id": "c09_e3_w80_u110_0022", "campus": 9, "size": 2529, "track": "e3", "structure": "chain", "phi": 1.0, "eta": 0.8, "m": 1.0, "u_target": 1.1, "u_realized": 1.0813099621212128, "method": "v2mlp305", "seed": 305, "twt": 632.116, "makespan": 115.4115, "mean_flow": 14.510850415183867, "breach_share": 0.0055357848952155, "breach_p1": 0.11688311688311688, "breach_p2": 0.01278772378516624, "breach_p3": 0.0, "breach_p4": 0.0, "decisions": 2529, "latency_ms_per_decision": 1.3689186104369664, "replans": null, "validator_ok": 1, "runtime_s": 3.461995165795088}, "v2mlp306": {"instance_id": "c09_e3_w80_u110_0022", "campus": 9, "size": 2529, "track": "e3", "structure": "chain", "phi": 1.0, "eta": 0.8, "m": 1.0, "u_target": 1.1, "u_realized": 1.0813099621212128, "method": "v2mlp306", "seed": 306, "twt": 594.1756,