{"config_id": "c10_e3_w80_u130_0021__c10_chain_phi100_eta080_m100", "rows": {"edd": {"instance_id": "c10_e3_w80_u130_0021", "campus": 10, "size": 12219, "track": "e3", "structure": "chain", "phi": 1.0, "eta": 0.8, "m": 1.0, "u_target": 1.3, "u_realized": 1.2479349918830942, "method": "edd", "seed": 301, "twt": 1181.6548000000003, "makespan": 197.17329999999998, "mean_flow": 16.86068011293886, "breach_share": 0.0010639168508061216, "breach_p1": 0.07006369426751592, "breach_p2": 0.002785515320334262, "breach_p3": 0.0, "breach_p4": 0.0, "decisions": 12219, "latency_ms_per_decision": 0.18296932195051765, "replans": null, "validator_ok": 1, "runtime_s": 2.2357021449133754}, "wspt": {"instance_id": "c10_e3_w80_u130_0021", "campus": 10, "size": 12219, "track": "e3", "structure": "chain", "phi": 1.0, "eta": 0.8, "m": 1.0, "u_target": 1.3, "u_realized": 1.2479349918830942, "method": "wspt", "seed": 301, "twt": 2544.6962, "makespan": 201.57320000000004, "mean_flow": 3.2907949832228476, "breach_share": 0.00139127588182339, "breach_p1": 0.06369426751592357, "breach_p2": 0.005571030640668524, "breach_p3": 0.0018259281801582471, "breach_p4": 0.0, "decisions": 12219, "latency_ms_per_decision": 0.03940860251284424, "replans": null, "validator_ok": 1, "runtime_s": 0.4815337141044438}, "atc": {"instance_id": "c10_e3_w80_u130_0021", "campus": 10, "size": 12219, "track": "e3", "structure": "chain", "phi": 1.0, "eta": 0.8, "m": 1.0, "u_target": 1.3, "u_realized": 1.2479349918830942, "method": "atc", "seed": 301, "twt": 1114.9888, "makespan": 164.2375, "mean_flow": 29.0597722235862, "breach_share": 0.0009820770930518046, "breach_p1": 0.06369426751592357, "breach_p2": 0.002785515320334262, "breach_p3": 0.0, "breach_p4": 0.0, "decisions": 12219, "latency_ms_per_decision": 4.033254580803192, "replans": null, "validator_ok": 1, "runtime_s": 49.2823377228342}, "pfifo": {"instance_id": "c10_e3_w80_u130_0021", "campus": 10, "size": 12219, "track": "e3", "structure": "chain", "phi": 1.0, "eta": 0.8, "m": 1.0, "u_target": 1.3, "u_realized": 1.2479349918830942, "method": "pfifo", "seed": 301, "twt": 1181.6548000000003, "makespan": 197.17329999999998, "mean_flow": 16.86068011293886, "breach_share": 0.0010639168508061216, "breach_p1": 0.07006369426751592, "breach_p2": 0.002785515320334262, "breach_p3": 0.0, "breach_p4": 0.0, "decisions": 12219, "latency_ms_per_decision": 0.45335782673238867, "replans": null, "validator_ok": 1, "runtime_s": 5.539579284843057}, "mor": {"instance_id": "c10_e3_w80_u130_0021", "campus": 10, "size": 12219, "track": "e3", "structure": "chain", "phi": 1.0, "eta": 0.8, "m": 1.0, "u_target": 1.3, "u_realized": 1.2479349918830942, "method": "mor", "seed": 301, "twt": 116243.97759999987, "makespan": 177.1486, "mean_flow": 46.974733292413454, "breach_share": 0.06694492184303134, "breach_p1": 0.6942675159235668, "breach_p2": 0.5724233983286908, "breach_p3": 0.18137553256238587, "breach_p4": 0.0, "decisions": 12219, "latency_ms_per_decision": 1.216620259843349, "replans": null, "validator_ok": 1, "runtime_s": 14.865882955025882}, "lfj_atc": {"instance_id": "c10_e3_w80_u130_0021", "campus": 10, "size": 12219, "track": "e3", "structure": "chain", "phi": 1.0, "eta": 0.8, "m": 1.0, "u_target": 1.3, "u_realized": 1.2479349918830942, "method": "lfj_atc", "seed": 301, "twt": 1160.4892, "makespan": 164.2278, "mean_flow": 29.054542172027162, "breach_share": 0.0009820770930518046, "breach_p1": 0.06369426751592357, "breach_p2": 0.002785515320334262, "breach_p3": 0.0, "breach_p4": 0.0, "decisions": 12219, "latency_ms_per_decision": 4.23997832407771, "replans": null, "validator_ok": 1, "runtime_s": 51.808295141905546}, "atc_eta": {"instance_id": "c10_e3_w80_u130_0021", "campus": 10, "size": 12219, "track": "e3", "structure": "chain", "phi": 1.0, "eta": 0.8, "m": 1.0, "u_target": 1.3, "u_realized": 1.2479349918830942, "method": "atc_eta", "seed": 301, "twt": 1159.2476, "makespan": 164.1969, "mean_flow": 28.679338014567453, "breach_share": 0.0009820770930518046, "breach_p1": 0.06369426751592357, "breach_p2": 0.002785515320334262, "breach_p3": 0.0, "breach_p4": 0.0, "decisions": 12219, "latency_ms_per_decision": 5.376558956469173, "replans": null, "validator_ok": 1, "runtime_s": 65.69617388909683}, "random": {"instance_id": "c10_e3_w80_u130_0021", "campus": 10, "size": 12219, "track": "e3", "structure": "chain", "phi": 1.0, "eta": 0.8, "m": 1.0, "u_target": 1.3, "u_realized": 1.2479349918830942, "method": "random", "seed": 301, "twt": 25389.941799999993, "makespan": 197.51309999999995, "mean_flow": 15.119812791554127, "breach_share": 0.020705458711842213, "breach_p1": 0.5923566878980892, "breach_p2": 0.21727019498607242, "breach_p3": 0.002434570906877663, "breach_p4": 0.0, "decisions": 12219, "latency_ms_per_decision": 0.15765034291585014, "replans": null, "validator_ok": 1, "runtime_s": 1.9263295400887728}, "v2mlp301": {"instance_id": "c10_e3_w80_u130_0021", "campus": 10, "size": 12219, "track": "e3", "structure": "chain", "phi": 1.0, "eta": 0.8, "m": 1.0, "u_target": 1.3, "u_realized": 1.2479349918830942, "method": "v2mlp301", "seed": 301, "twt": 1160.3848, "makespan": 164.2205, "mean_flow": 19.005016826254185, "breach_share": 0.0009820770930518046, "breach_p1": 0.06369426751592357, "breach_p2": 0.002785515320334262, "breach_p3": 0.0, "breach_p4": 0.0, "decisions": 12219, "latency_ms_per_decision": 10.5883233345681, "replans": null, "validator_ok": 1, "runtime_s": 129.3787228250876}, "v2mlp302": {"instance_id": "c10_e3_w80_u130_0021", "campus": 10, "size": 12219, "track": "e3", "structure": "chain", "phi": 1.0, "eta": 0.8, "m": 1.0, "u_target": 1.3, "u_realized": 1.2479349918830942, "method": "v2mlp302", "seed": 302, "twt": 1113.5976, "makespan": 164.3123, "mean_flow": 23.03819176692036, "breach_share": 0.0009002373352974875, "breach_p1": 0.05732484076433121, "breach_p2": 0.002785515320334262, "breach_p3": 0.0, "breach_p4": 0.0, "decisions": 12219, "latency_ms_per_decision": 10.68705650631374, "replans": null, "validator_ok": 1, "runtime_s": 130.5851434506476}, "v2mlp303": {"instance_id": "c10_e3_w80_u130_0021", "campus": 10, "size": 12219, "track": "e3", "structure": "chain", "phi": 1.0, "eta": 0.8, "m": 1.0, "u_target": 1.3, "u_realized": 1.2479349918830942, "method": "v2mlp303", "seed": 303, "twt": 1159.7875999999999, "makespan": 164.2024, "mean_flow": 18.686980824944747, "breach_share": 0.0009820770930518046, "breach_p1": 0.06369426751592357, "breach_p2": 0.002785515320334262, "breach_p3": 0.0, "breach_p4": 0.0, "decisions": 12219, "latency_ms_per_decision": 10.149422248855766, "replans": null, "validator_ok": 1, "runtime_s": 124.0157904587686}, "v2mlp304": {"instance_id": "c10_e3_w80_u130_0021", "campus": 10, "size": 12219, "track": "e3", "structure": "chain", "phi": 1.0, "eta": 0.8, "m": 1.0, "u_target": 1.3, "u_realized": 1.2479349918830942, "method": "v2mlp304", "seed": 304, "twt": 1129.3647999999998, "makespan": 164.2163, "mean_flow": 20.114178312464183, "breach_share": 0.0009002373352974875, "breach_p1": 0.05732484076433121, "breach_p2": 0.002785515320334262, "breach_p3": 0.0, "breach_p4": 0.0, "decisions": 12219, "latency_ms_per_decision": 10.743753466279848, "replans": null, "validator_ok": 1, "runtime_s": 131.27792360447347}, "v2mlp305": {"instance_id": "c10_e3_w80_u130_0021", "campus": 10, "size": 12219, "track": "e3", "structure": "chain", "phi": 1.0, "eta": 0.8, "m": 1.0, "u_target": 1.3, "u_realized": 1.2479349918830942, "method": "v2mlp305", "seed": 305, "twt": 1113.8399999999997, "makespan": 164.2676, "mean_flow": 21.434011719453302, "breach_share": 0.0009820770930518046, "breach_p1": 0.06369426751592357, "breach_p2": 0.002785515320334262, "breach_p3": 0.0, "breach_p4": 0.0, "decisions": 12219, "latency_ms_per_decision": 12.055908106538793, "replans": null, "validator_ok": 1, "runtime_s": 147.3111411537975}, "v2mlp306": {"instance_id": "c10_e3_w80_u130_0021", "campus": 10, "size": 12219, "track": "e3", "structure": "chain", "phi": 1.0, "eta": 0.8, "m": 1.0,