{"config_id": "c10_e3_w80_u130_0010__c10_full_eta100_m100", "rows": {"edd": {"instance_id": "c10_e3_w80_u130_0010", "campus": 10, "size": 12138, "track": "e3", "structure": "full", "phi": null, "eta": 1.0, "m": 1.0, "u_target": 1.3, "u_realized": 1.2867573051947845, "method": "edd", "seed": 301, "twt": 1569.8951999999997, "makespan": 178.9201, "mean_flow": 9.743731356071835, "breach_share": 0.000906244850881529, "breach_p1": 0.06944444444444445, "breach_p2": 0.0014204545454545455, "breach_p3": 0.0, "breach_p4": 0.0, "decisions": 12138, "latency_ms_per_decision": 0.3529130583615201, "replans": null, "validator_ok": 1, "runtime_s": 4.283658702392131}, "wspt": {"instance_id": "c10_e3_w80_u130_0010", "campus": 10, "size": 12138, "track": "e3", "structure": "full", "phi": null, "eta": 1.0, "m": 1.0, "u_target": 1.3, "u_realized": 1.2867573051947845, "method": "wspt", "seed": 301, "twt": 1802.1635999999994, "makespan": 179.52999999999994, "mean_flow": 2.0020585022244153, "breach_share": 0.001071016641950898, "breach_p1": 0.06944444444444445, "breach_p2": 0.0014204545454545455, "breach_p3": 0.001224739742804654, "breach_p4": 0.0, "decisions": 12138, "latency_ms_per_decision": 0.0750332904102127, "replans": null, "validator_ok": 1, "runtime_s": 0.9107540789991617}, "atc": {"instance_id": "c10_e3_w80_u130_0010", "campus": 10, "size": 12138, "track": "e3", "structure": "full", "phi": null, "eta": 1.0, "m": 1.0, "u_target": 1.3, "u_realized": 1.2867573051947845, "method": "atc", "seed": 301, "twt": 1569.7671999999995, "makespan": 159.9947, "mean_flow": 18.34657225243038, "breach_share": 0.000906244850881529, "breach_p1": 0.06944444444444445, "breach_p2": 0.0014204545454545455, "breach_p3": 0.0, "breach_p4": 0.0, "decisions": 12138, "latency_ms_per_decision": 3.5714235204038873, "replans": null, "validator_ok": 1, "runtime_s": 43.349938690662384}, "pfifo": {"instance_id": "c10_e3_w80_u130_0010", "campus": 10, "size": 12138, "track": "e3", "structure": "full", "phi": null, "eta": 1.0, "m": 1.0, "u_target": 1.3, "u_realized": 1.2867573051947845, "method": "pfifo", "seed": 301, "twt": 1569.8951999999997, "makespan": 178.9201, "mean_flow": 9.743731356071835, "breach_share": 0.000906244850881529, "breach_p1": 0.06944444444444445, "breach_p2": 0.0014204545454545455, "breach_p3": 0.0, "breach_p4": 0.0, "decisions": 12138, "latency_ms_per_decision": 0.28819644662235006, "replans": null, "validator_ok": 1, "runtime_s": 3.4981284691020846}, "mor": {"instance_id": "c10_e3_w80_u130_0010", "campus": 10, "size": 12138, "track": "e3", "structure": "full", "phi": null, "eta": 1.0, "m": 1.0, "u_target": 1.3, "u_realized": 1.2867573051947845, "method": "mor", "seed": 301, "twt": 64797.037600000025, "makespan": 159.9891, "mean_flow": 34.37866771296754, "breach_share": 0.04341736694677871, "breach_p1": 0.5902777777777778, "breach_p2": 0.4275568181818182, "breach_p3": 0.0863441518677281, "breach_p4": 0.0, "decisions": 12138, "latency_ms_per_decision": 1.3902461769918346, "replans": null, "validator_ok": 1, "runtime_s": 16.874808096326888}, "lfj_atc": {"instance_id": "c10_e3_w80_u130_0010", "campus": 10, "size": 12138, "track": "e3", "structure": "full", "phi": null, "eta": 1.0, "m": 1.0, "u_target": 1.3, "u_realized": 1.2867573051947845, "method": "lfj_atc", "seed": 301, "twt": 1570.4092, "makespan": 159.98610000000002, "mean_flow": 18.298482550667323, "breach_share": 0.000906244850881529, "breach_p1": 0.06944444444444445, "breach_p2": 0.0014204545454545455, "breach_p3": 0.0, "breach_p4": 0.0, "decisions": 12138, "latency_ms_per_decision": 3.1222808050106203, "replans": null, "validator_ok": 1, "runtime_s": 37.89824441121891}, "atc_eta": {"instance_id": "c10_e3_w80_u130_0010", "campus": 10, "size": 12138, "track": "e3", "structure": "full", "phi": null, "eta": 1.0, "m": 1.0, "u_target": 1.3, "u_realized": 1.2867573051947845, "method": "atc_eta", "seed": 301, "twt": 1569.7671999999995, "makespan": 159.9947, "mean_flow": 18.34657225243038, "breach_share": 0.000906244850881529, "breach_p1": 0.06944444444444445, "breach_p2": 0.0014204545454545455, "breach_p3": 0.0, "breach_p4": 0.0, "decisions": 12138, "latency_ms_per_decision": 3.3374067665930807, "replans": null, "validator_ok": 1, "runtime_s": 40.50944333290681}, "random": {"instance_id": "c10_e3_w80_u130_0010", "campus": 10, "size": 12138, "track": "e3", "structure": "full", "phi": null, "eta": 1.0, "m": 1.0, "u_target": 1.3, "u_realized": 1.2867573051947845, "method": "random", "seed": 301, "twt": 11762.648799999986, "makespan": 175.85790000000003, "mean_flow": 9.515013898500571, "breach_share": 0.011698797165925194, "breach_p1": 0.4652777777777778, "breach_p2": 0.10653409090909091, "breach_p3": 0.0, "breach_p4": 0.0, "decisions": 12138, "latency_ms_per_decision": 0.0540931028304574, "replans": null, "validator_ok": 1, "runtime_s": 0.6565820821560919}, "v2mlp301": {"instance_id": "c10_e3_w80_u130_0010", "campus": 10, "size": 12138, "track": "e3", "structure": "full", "phi": null, "eta": 1.0, "m": 1.0, "u_target": 1.3, "u_realized": 1.2867573051947845, "method": "v2mlp301", "seed": 301, "twt": 1569.9076, "makespan": 159.9886, "mean_flow": 12.401201886637, "breach_share": 0.000906244850881529, "breach_p1": 0.06944444444444445, "breach_p2": 0.0014204545454545455, "breach_p3": 0.0, "breach_p4": 0.0, "decisions": 12138, "latency_ms_per_decision": 9.908451753043769, "replans": null, "validator_ok": 1, "runtime_s": 120.26878737844527}, "v2mlp302": {"instance_id": "c10_e3_w80_u130_0010", "campus": 10, "size": 12138, "track": "e3", "structure": "full", "phi": null, "eta": 1.0, "m": 1.0, "u_target": 1.3, "u_realized": 1.2867573051947845, "method": "v2mlp302", "seed": 302, "twt": 1570.0407999999993, "makespan": 159.9965, "mean_flow": 12.880380474542756, "breach_share": 0.000906244850881529, "breach_p1": 0.06944444444444445, "breach_p2": 0.0014204545454545455, "breach_p3": 0.0, "breach_p4": 0.0, "decisions": 12138, "latency_ms_per_decision": 10.62816744361826, "replans": null, "validator_ok": 1, "runtime_s": 129.00469643063843}, "v2mlp303": {"instance_id": "c10_e3_w80_u130_0010", "campus": 10, "size": 12138, "track": "e3", "structure": "full", "phi": null, "eta": 1.0, "m": 1.0, "u_target": 1.3, "u_realized": 1.2867573051947845, "method": "v2mlp303", "seed": 303, "twt": 1570.0603999999994, "makespan": 159.98429999999996, "mean_flow": 10.853119047619042, "breach_share": 0.000906244850881529, "breach_p1": 0.06944444444444445, "breach_p2": 0.0014204545454545455, "breach_p3": 0.0, "breach_p4": 0.0, "decisions": 12138, "latency_ms_per_decision": 9.165150500725955, "replans": null, "validator_ok": 1, "runtime_s": 111.24659677781165}, "v2mlp304": {"instance_id": "c10_e3_w80_u130_0010", "campus": 10, "size": 12138, "track": "e3", "structure": "full", "phi": null, "eta": 1.0, "m": 1.0, "u_target": 1.3, "u_realized": 1.2867573051947845, "method": "v2mlp304", "seed": 304, "twt": 1569.8328000000004, "makespan": 159.98629999999997, "mean_flow": 13.121078184214857, "breach_share": 0.000906244850881529, "breach_p1": 0.06944444444444445, "breach_p2": 0.0014204545454545455, "breach_p3": 0.0, "breach_p4": 0.0, "decisions": 12138, "latency_ms_per_decision": 11.680691903661142, "replans": null, "validator_ok": 1, "runtime_s": 141.78023832663894}, "v2mlp305": {"instance_id": "c10_e3_w80_u130_0010", "campus": 10, "size": 12138, "track": "e3", "structure": "full", "phi": null, "eta": 1.0, "m": 1.0, "u_target": 1.3, "u_realized": 1.2867573051947845, "method": "v2mlp305", "seed": 305, "twt": 1569.944399999999, "makespan": 159.9881, "mean_flow": 14.821118709836867, "breach_share": 0.000906244850881529, "breach_p1": 0.06944444444444445, "breach_p2": 0.0014204545454545455, "breach_p3": 0.0, "breach_p4": 0.0, "decisions": 12138, "latency_ms_per_decision": 11.78092952504015, "replans": null, "validator_ok": 1, "runtime_s": 142.99692257493734}, "v2mlp306": {"instance_id": "c10_e3_w80_u130_0010", "campus": 10, "size": 12138, "track": "e3", "structure": "full", "phi": null,