{"config_id": "c10_e3_w80_u130_0012__c10_full_eta080_m100", "rows": {"edd": {"instance_id": "c10_e3_w80_u130_0012", "campus": 10, "size": 12310, "track": "e3", "structure": "full", "phi": null, "eta": 0.8, "m": 1.0, "u_target": 1.3, "u_realized": 1.2836927435064642, "method": "edd", "seed": 301, "twt": 1217.9076, "makespan": 227.57359999999994, "mean_flow": 19.27888217709179, "breach_share": 0.0008935824532900081, "breach_p1": 0.0661764705882353, "breach_p2": 0.002728512960436562, "breach_p3": 0.0, "breach_p4": 0.0, "decisions": 12310, "latency_ms_per_decision": 1.0222885543578868, "replans": null, "validator_ok": 1, "runtime_s": 12.584372104145586}, "wspt": {"instance_id": "c10_e3_w80_u130_0012", "campus": 10, "size": 12310, "track": "e3", "structure": "full", "phi": null, "eta": 0.8, "m": 1.0, "u_target": 1.3, "u_realized": 1.2836927435064642, "method": "wspt", "seed": 301, "twt": 2242.1351000000004, "makespan": 218.7808, "mean_flow": 3.7808098375304624, "breach_share": 0.0019496344435418359, "breach_p1": 0.058823529411764705, "breach_p2": 0.005457025920873124, "breach_p3": 0.006470588235294118, "breach_p4": 0.0001026588645929576, "decisions": 12310, "latency_ms_per_decision": 0.22430712168780553, "replans": null, "validator_ok": 1, "runtime_s": 2.761220667976886}, "atc": {"instance_id": "c10_e3_w80_u130_0012", "campus": 10, "size": 12310, "track": "e3", "structure": "full", "phi": null, "eta": 0.8, "m": 1.0, "u_target": 1.3, "u_realized": 1.2836927435064642, "method": "atc", "seed": 301, "twt": 1188.2428000000004, "makespan": 191.07850000000002, "mean_flow": 32.27763497969129, "breach_share": 0.0007311129163281885, "breach_p1": 0.051470588235294115, "breach_p2": 0.002728512960436562, "breach_p3": 0.0, "breach_p4": 0.0, "decisions": 12310, "latency_ms_per_decision": 6.892522418898758, "replans": null, "validator_ok": 1, "runtime_s": 84.84695097664371}, "pfifo": {"instance_id": "c10_e3_w80_u130_0012", "campus": 10, "size": 12310, "track": "e3", "structure": "full", "phi": null, "eta": 0.8, "m": 1.0, "u_target": 1.3, "u_realized": 1.2836927435064642, "method": "pfifo", "seed": 301, "twt": 1217.9076, "makespan": 227.57359999999994, "mean_flow": 19.27888217709179, "breach_share": 0.0008935824532900081, "breach_p1": 0.0661764705882353, "breach_p2": 0.002728512960436562, "breach_p3": 0.0, "breach_p4": 0.0, "decisions": 12310, "latency_ms_per_decision": 1.3576437131320918, "replans": null, "validator_ok": 1, "runtime_s": 16.71259410865605}, "mor": {"instance_id": "c10_e3_w80_u130_0012", "campus": 10, "size": 12310, "track": "e3", "structure": "full", "phi": null, "eta": 0.8, "m": 1.0, "u_target": 1.3, "u_realized": 1.2836927435064642, "method": "mor", "seed": 301, "twt": 145340.45979999978, "makespan": 191.2826, "mean_flow": 53.71809038992689, "breach_share": 0.08058489033306256, "breach_p1": 0.7426470588235294, "breach_p2": 0.645293315143247, "breach_p3": 0.24588235294117647, "breach_p4": 0.0, "decisions": 12310, "latency_ms_per_decision": 2.2252846871609373, "replans": null, "validator_ok": 1, "runtime_s": 27.393254498951137}, "lfj_atc": {"instance_id": "c10_e3_w80_u130_0012", "campus": 10, "size": 12310, "track": "e3", "structure": "full", "phi": null, "eta": 0.8, "m": 1.0, "u_target": 1.3, "u_realized": 1.2836927435064642, "method": "lfj_atc", "seed": 301, "twt": 1199.286, "makespan": 191.12879999999998, "mean_flow": 32.544154118602755, "breach_share": 0.0008935824532900081, "breach_p1": 0.0661764705882353, "breach_p2": 0.002728512960436562, "breach_p3": 0.0, "breach_p4": 0.0, "decisions": 12310, "latency_ms_per_decision": 8.41723943104972, "replans": null, "validator_ok": 1, "runtime_s": 103.61621739622205}, "atc_eta": {"instance_id": "c10_e3_w80_u130_0012", "campus": 10, "size": 12310, "track": "e3", "structure": "full", "phi": null, "eta": 0.8, "m": 1.0, "u_target": 1.3, "u_realized": 1.2836927435064642, "method": "atc_eta", "seed": 301, "twt": 1210.1168000000002, "makespan": 191.0845, "mean_flow": 32.85855281884646, "breach_share": 0.0007311129163281885, "breach_p1": 0.051470588235294115, "breach_p2": 0.002728512960436562, "breach_p3": 0.0, "breach_p4": 0.0, "decisions": 12310, "latency_ms_per_decision": 9.402069816090451, "replans": null, "validator_ok": 1, "runtime_s": 115.73947943607345}, "random": {"instance_id": "c10_e3_w80_u130_0012", "campus": 10, "size": 12310, "track": "e3", "structure": "full", "phi": null, "eta": 0.8, "m": 1.0, "u_target": 1.3, "u_realized": 1.2836927435064642, "method": "random", "seed": 301, "twt": 30976.234399999994, "makespan": 191.9357, "mean_flow": 18.499686051990246, "breach_share": 0.025670186839967506, "breach_p1": 0.6470588235294118, "breach_p2": 0.2933151432469304, "breach_p3": 0.007647058823529412, "breach_p4": 0.0, "decisions": 12310, "latency_ms_per_decision": 0.02148629368186772, "replans": null, "validator_ok": 1, "runtime_s": 0.2644962752237916}, "v2mlp301": {"instance_id": "c10_e3_w80_u130_0012", "campus": 10, "size": 12310, "track": "e3", "structure": "full", "phi": null, "eta": 0.8, "m": 1.0, "u_target": 1.3, "u_realized": 1.2836927435064642, "method": "v2mlp301", "seed": 301, "twt": 1035.908, "makespan": 191.07829999999996, "mean_flow": 19.13932137286758, "breach_share": 0.0008935824532900081, "breach_p1": 0.0661764705882353, "breach_p2": 0.002728512960436562, "breach_p3": 0.0, "breach_p4": 0.0, "decisions": 12310, "latency_ms_per_decision": 15.723955278700197, "replans": null, "validator_ok": 1, "runtime_s": 193.56188948079944}, "v2mlp302": {"instance_id": "c10_e3_w80_u130_0012", "campus": 10, "size": 12310, "track": "e3", "structure": "full", "phi": null, "eta": 0.8, "m": 1.0, "u_target": 1.3, "u_realized": 1.2836927435064642, "method": "v2mlp302", "seed": 302, "twt": 1165.7176000000002, "makespan": 191.0809, "mean_flow": 22.71821875710803, "breach_share": 0.0008123476848090983, "breach_p1": 0.058823529411764705, "breach_p2": 0.002728512960436562, "breach_p3": 0.0, "breach_p4": 0.0, "decisions": 12310, "latency_ms_per_decision": 18.763337698995848, "replans": null, "validator_ok": 1, "runtime_s": 230.9766870746389}, "v2mlp303": {"instance_id": "c10_e3_w80_u130_0012", "campus": 10, "size": 12310, "track": "e3", "structure": "full", "phi": null, "eta": 0.8, "m": 1.0, "u_target": 1.3, "u_realized": 1.2836927435064642, "method": "v2mlp303", "seed": 303, "twt": 971.3903999999995, "makespan": 191.0847, "mean_flow": 17.86229383428107, "breach_share": 0.0008935824532900081, "breach_p1": 0.0661764705882353, "breach_p2": 0.002728512960436562, "breach_p3": 0.0, "breach_p4": 0.0, "decisions": 12310, "latency_ms_per_decision": 15.032254597573116, "replans": null, "validator_ok": 1, "runtime_s": 185.04705409612507}, "v2mlp304": {"instance_id": "c10_e3_w80_u130_0012", "campus": 10, "size": 12310, "track": "e3", "structure": "full", "phi": null, "eta": 0.8, "m": 1.0, "u_target": 1.3, "u_realized": 1.2836927435064642, "method": "v2mlp304", "seed": 304, "twt": 1219.3019999999997, "makespan": 191.0883, "mean_flow": 20.745322981315997, "breach_share": 0.0009748172217709179, "breach_p1": 0.07352941176470588, "breach_p2": 0.002728512960436562, "breach_p3": 0.0, "breach_p4": 0.0, "decisions": 12310, "latency_ms_per_decision": 17.2325213346706, "replans": null, "validator_ok": 1, "runtime_s": 212.13233762979507}, "v2mlp305": {"instance_id": "c10_e3_w80_u130_0012", "campus": 10, "size": 12310, "track": "e3", "structure": "full", "phi": null, "eta": 0.8, "m": 1.0, "u_target": 1.3, "u_realized": 1.2836927435064642, "method": "v2mlp305", "seed": 305, "twt": 1154.8780000000002, "makespan": 191.0863, "mean_flow": 22.526374175467094, "breach_share": 0.0009748172217709179, "breach_p1": 0.07352941176470588, "breach_p2": 0.002728512960436562, "breach_p3": 0.0, "breach_p4": 0.0, "decisions": 12310, "latency_ms_per_decision": 18.25229877826949, "replans": null, "validator_ok": 1, "runtime_s": 224.68579796049744}, "v2mlp306": {"instance_id": "c10_e3_w80_u130_0012", "campus": 10, "size": 12310, "track": "e3", "structure": "full",