{"config_id": "c10_e3_w80_u130_0018__c10_l0_eta100_m100", "rows": {"edd": {"instance_id": "c10_e3_w80_u130_0018", "campus": 10, "size": 12425, "track": "e3", "structure": "dedicated", "phi": null, "eta": 1.0, "m": 1.0, "u_target": 1.3, "u_realized": 1.3548466883116628, "method": "edd", "seed": 301, "twt": 1360.3675999999998, "makespan": 195.32710000000003, "mean_flow": 24.868562205231367, "breach_share": 0.001529175050301811, "breach_p1": 0.09433962264150944, "breach_p2": 0.003942181340341655, "breach_p3": 0.0006153846153846154, "breach_p4": 0.0, "decisions": 12425, "latency_ms_per_decision": 0.35417367001504485, "replans": null, "validator_ok": 1, "runtime_s": 4.400607849936932}, "wspt": {"instance_id": "c10_e3_w80_u130_0018", "campus": 10, "size": 12425, "track": "e3", "structure": "dedicated", "phi": null, "eta": 1.0, "m": 1.0, "u_target": 1.3, "u_realized": 1.3548466883116628, "method": "wspt", "seed": 301, "twt": 3265.0129999999995, "makespan": 197.5111, "mean_flow": 5.856045802816892, "breach_share": 0.004104627766599598, "breach_p1": 0.09433962264150944, "breach_p2": 0.00788436268068331, "breach_p3": 0.018461538461538463, "breach_p4": 0.0, "decisions": 12425, "latency_ms_per_decision": 0.0991518038439319, "replans": null, "validator_ok": 1, "runtime_s": 1.2319611627608538}, "atc": {"instance_id": "c10_e3_w80_u130_0018", "campus": 10, "size": 12425, "track": "e3", "structure": "dedicated", "phi": null, "eta": 1.0, "m": 1.0, "u_target": 1.3, "u_realized": 1.3548466883116628, "method": "atc", "seed": 301, "twt": 1358.0799999999997, "makespan": 157.9602, "mean_flow": 25.27833597585511, "breach_share": 0.001529175050301811, "breach_p1": 0.09433962264150944, "breach_p2": 0.003942181340341655, "breach_p3": 0.0006153846153846154, "breach_p4": 0.0, "decisions": 12425, "latency_ms_per_decision": 1.00906513376495, "replans": null, "validator_ok": 1, "runtime_s": 12.537634287029505}, "pfifo": {"instance_id": "c10_e3_w80_u130_0018", "campus": 10, "size": 12425, "track": "e3", "structure": "dedicated", "phi": null, "eta": 1.0, "m": 1.0, "u_target": 1.3, "u_realized": 1.3548466883116628, "method": "pfifo", "seed": 301, "twt": 1360.3675999999998, "makespan": 195.32710000000003, "mean_flow": 24.868562205231367, "breach_share": 0.001529175050301811, "breach_p1": 0.09433962264150944, "breach_p2": 0.003942181340341655, "breach_p3": 0.0006153846153846154, "breach_p4": 0.0, "decisions": 12425, "latency_ms_per_decision": 0.18696850694161304, "replans": null, "validator_ok": 1, "runtime_s": 2.3230836987495422}, "mor": {"instance_id": "c10_e3_w80_u130_0018", "campus": 10, "size": 12425, "track": "e3", "structure": "dedicated", "phi": null, "eta": 1.0, "m": 1.0, "u_target": 1.3, "u_realized": 1.3548466883116628, "method": "mor", "seed": 301, "twt": 199028.37620000023, "makespan": 157.9602, "mean_flow": 60.27134608450704, "breach_share": 0.09915492957746479, "breach_p1": 0.660377358490566, "breach_p2": 0.7227332457293035, "breach_p3": 0.35507692307692307, "breach_p4": 0.0, "decisions": 12425, "latency_ms_per_decision": 1.242852594883329, "replans": null, "validator_ok": 1, "runtime_s": 15.442443491425365}, "lfj_atc": {"instance_id": "c10_e3_w80_u130_0018", "campus": 10, "size": 12425, "track": "e3", "structure": "dedicated", "phi": null, "eta": 1.0, "m": 1.0, "u_target": 1.3, "u_realized": 1.3548466883116628, "method": "lfj_atc", "seed": 301, "twt": 1361.4075999999998, "makespan": 157.9602, "mean_flow": 25.300240209255513, "breach_share": 0.001529175050301811, "breach_p1": 0.09433962264150944, "breach_p2": 0.003942181340341655, "breach_p3": 0.0006153846153846154, "breach_p4": 0.0, "decisions": 12425, "latency_ms_per_decision": 1.1954227886659279, "replans": null, "validator_ok": 1, "runtime_s": 14.853128149174154}, "atc_eta": {"instance_id": "c10_e3_w80_u130_0018", "campus": 10, "size": 12425, "track": "e3", "structure": "dedicated", "phi": null, "eta": 1.0, "m": 1.0, "u_target": 1.3, "u_realized": 1.3548466883116628, "method": "atc_eta", "seed": 301, "twt": 1358.0799999999997, "makespan": 157.9602, "mean_flow": 25.27833597585511, "breach_share": 0.001529175050301811, "breach_p1": 0.09433962264150944, "breach_p2": 0.003942181340341655, "breach_p3": 0.0006153846153846154, "breach_p4": 0.0, "decisions": 12425, "latency_ms_per_decision": 0.6582279814036199, "replans": null, "validator_ok": 1, "runtime_s": 8.178482668939978}, "random": {"instance_id": "c10_e3_w80_u130_0018", "campus": 10, "size": 12425, "track": "e3", "structure": "dedicated", "phi": null, "eta": 1.0, "m": 1.0, "u_target": 1.3, "u_realized": 1.3548466883116628, "method": "random", "seed": 301, "twt": 58868.450399999936, "makespan": 159.66269999999997, "mean_flow": 25.989209698189118, "breach_share": 0.04104627766599597, "breach_p1": 0.49056603773584906, "breach_p2": 0.44415243101182655, "breach_p3": 0.057846153846153846, "breach_p4": 0.0, "decisions": 12425, "latency_ms_per_decision": 0.03623713430024728, "replans": null, "validator_ok": 1, "runtime_s": 0.4502463936805725}, "v2mlp301": {"instance_id": "c10_e3_w80_u130_0018", "campus": 10, "size": 12425, "track": "e3", "structure": "dedicated", "phi": null, "eta": 1.0, "m": 1.0, "u_target": 1.3, "u_realized": 1.3548466883116628, "method": "v2mlp301", "seed": 301, "twt": 1372.8077999999996, "makespan": 157.9602, "mean_flow": 26.3508170784708, "breach_share": 0.001529175050301811, "breach_p1": 0.09433962264150944, "breach_p2": 0.003942181340341655, "breach_p3": 0.0006153846153846154, "breach_p4": 0.0, "decisions": 12425, "latency_ms_per_decision": 2.5944390821025167, "replans": null, "validator_ok": 1, "runtime_s": 32.23590559512377}, "v2mlp302": {"instance_id": "c10_e3_w80_u130_0018", "campus": 10, "size": 12425, "track": "e3", "structure": "dedicated", "phi": null, "eta": 1.0, "m": 1.0, "u_target": 1.3, "u_realized": 1.3548466883116628, "method": "v2mlp302", "seed": 302, "twt": 2866.9610000000002, "makespan": 167.6164, "mean_flow": 27.75227553319917, "breach_share": 0.004346076458752515, "breach_p1": 0.09433962264150944, "breach_p2": 0.04993429697766097, "breach_p3": 0.0006153846153846154, "breach_p4": 0.0, "decisions": 12425, "latency_ms_per_decision": 3.0828053514722367, "replans": null, "validator_ok": 1, "runtime_s": 38.30385649204254}, "v2mlp303": {"instance_id": "c10_e3_w80_u130_0018", "campus": 10, "size": 12425, "track": "e3", "structure": "dedicated", "phi": null, "eta": 1.0, "m": 1.0, "u_target": 1.3, "u_realized": 1.3548466883116628, "method": "v2mlp303", "seed": 303, "twt": 1365.8427999999994, "makespan": 157.9602, "mean_flow": 26.176866704225333, "breach_share": 0.001529175050301811, "breach_p1": 0.09433962264150944, "breach_p2": 0.003942181340341655, "breach_p3": 0.0006153846153846154, "breach_p4": 0.0, "decisions": 12425, "latency_ms_per_decision": 2.836263466858768, "replans": null, "validator_ok": 1, "runtime_s": 35.24057357572019}, "v2mlp304": {"instance_id": "c10_e3_w80_u130_0018", "campus": 10, "size": 12425, "track": "e3", "structure": "dedicated", "phi": null, "eta": 1.0, "m": 1.0, "u_target": 1.3, "u_realized": 1.3548466883116628, "method": "v2mlp304", "seed": 304, "twt": 1367.9802, "makespan": 157.9602, "mean_flow": 28.42571632193157, "breach_share": 0.001529175050301811, "breach_p1": 0.09433962264150944, "breach_p2": 0.003942181340341655, "breach_p3": 0.0006153846153846154, "breach_p4": 0.0, "decisions": 12425, "latency_ms_per_decision": 3.3220135061523806, "replans": null, "validator_ok": 1, "runtime_s": 41.27601781394333}, "v2mlp305": {"instance_id": "c10_e3_w80_u130_0018", "campus": 10, "size": 12425, "track": "e3", "structure": "dedicated", "phi": null, "eta": 1.0, "m": 1.0, "u_target": 1.3, "u_realized": 1.3548466883116628, "method": "v2mlp305", "seed": 305, "twt": 1364.0453999999997, "makespan": 157.9602, "mean_flow": 29.114780386317886, "breach_share": 0.001529175050301811, "breach_p1": 0.09433962264150944, "breach_p2": 0.003942181340341655, "breach_p3": 0.0006153846153846154, "breach_p4": 0.0, "decisions": 12425,