{"config_id": "c12_e3_w80_u130_0016__c12_full_eta100_m100", "rows": {"edd": {"instance_id": "c12_e3_w80_u130_0016", "campus": 12, "size": 3655, "track": "e3", "structure": "full", "phi": null, "eta": 1.0, "m": 1.0, "u_target": 1.3, "u_realized": 1.3599185954301067, "method": "edd", "seed": 301, "twt": 14633.768999999998, "makespan": 188.01690000000002, "mean_flow": 14.322421313269496, "breach_share": 0.04021887824897401, "breach_p1": 0.22122302158273383, "breach_p2": 0.04142011834319527, "breach_p3": 0.003232758620689655, "breach_p4": 0.0, "decisions": 3655, "latency_ms_per_decision": 0.033962715763685314, "replans": null, "validator_ok": 1, "runtime_s": 0.12413372611626983}, "wspt": {"instance_id": "c12_e3_w80_u130_0016", "campus": 12, "size": 3655, "track": "e3", "structure": "full", "phi": null, "eta": 1.0, "m": 1.0, "u_target": 1.3, "u_realized": 1.3599185954301067, "method": "wspt", "seed": 301, "twt": 15893.441800000002, "makespan": 178.20690000000002, "mean_flow": 7.245494528043777, "breach_share": 0.04186046511627907, "breach_p1": 0.22482014388489208, "breach_p2": 0.04142011834319527, "breach_p3": 0.007543103448275862, "breach_p4": 0.0, "decisions": 3655, "latency_ms_per_decision": 0.043267048716993564, "replans": null, "validator_ok": 1, "runtime_s": 0.1581410630606115}, "atc": {"instance_id": "c12_e3_w80_u130_0016", "campus": 12, "size": 3655, "track": "e3", "structure": "full", "phi": null, "eta": 1.0, "m": 1.0, "u_target": 1.3, "u_realized": 1.3599185954301067, "method": "atc", "seed": 301, "twt": 14647.326000000005, "makespan": 176.5775, "mean_flow": 18.805178796169635, "breach_share": 0.04049247606019152, "breach_p1": 0.22302158273381295, "breach_p2": 0.04142011834319527, "breach_p3": 0.003232758620689655, "breach_p4": 0.0, "decisions": 3655, "latency_ms_per_decision": 0.23347772454024993, "replans": null, "validator_ok": 1, "runtime_s": 0.8533610831946135}, "pfifo": {"instance_id": "c12_e3_w80_u130_0016", "campus": 12, "size": 3655, "track": "e3", "structure": "full", "phi": null, "eta": 1.0, "m": 1.0, "u_target": 1.3, "u_realized": 1.3599185954301067, "method": "pfifo", "seed": 301, "twt": 14633.768999999998, "makespan": 188.01690000000002, "mean_flow": 14.322421313269496, "breach_share": 0.04021887824897401, "breach_p1": 0.22122302158273383, "breach_p2": 0.04142011834319527, "breach_p3": 0.003232758620689655, "breach_p4": 0.0, "decisions": 3655, "latency_ms_per_decision": 0.12157720497079326, "replans": null, "validator_ok": 1, "runtime_s": 0.44436468416824937}, "mor": {"instance_id": "c12_e3_w80_u130_0016", "campus": 12, "size": 3655, "track": "e3", "structure": "full", "phi": null, "eta": 1.0, "m": 1.0, "u_target": 1.3, "u_realized": 1.3599185954301067, "method": "mor", "seed": 301, "twt": 150615.95959999983, "makespan": 163.4417, "mean_flow": 35.40466268125856, "breach_share": 0.21149110807113544, "breach_p1": 0.75, "breach_p2": 0.5581854043392505, "breach_p3": 0.07866379310344827, "breach_p4": 0.0, "decisions": 3655, "latency_ms_per_decision": 0.1011153936600147, "replans": null, "validator_ok": 1, "runtime_s": 0.3695767638273537}, "lfj_atc": {"instance_id": "c12_e3_w80_u130_0016", "campus": 12, "size": 3655, "track": "e3", "structure": "full", "phi": null, "eta": 1.0, "m": 1.0, "u_target": 1.3, "u_realized": 1.3599185954301067, "method": "lfj_atc", "seed": 301, "twt": 14643.95000000001, "makespan": 176.54450000000003, "mean_flow": 18.76159731874145, "breach_share": 0.04049247606019152, "breach_p1": 0.22302158273381295, "breach_p2": 0.04142011834319527, "breach_p3": 0.003232758620689655, "breach_p4": 0.0, "decisions": 3655, "latency_ms_per_decision": 0.3197985945878456, "replans": null, "validator_ok": 1, "runtime_s": 1.1688638632185757}, "atc_eta": {"instance_id": "c12_e3_w80_u130_0016", "campus": 12, "size": 3655, "track": "e3", "structure": "full", "phi": null, "eta": 1.0, "m": 1.0, "u_target": 1.3, "u_realized": 1.3599185954301067, "method": "atc_eta", "seed": 301, "twt": 14647.326000000005, "makespan": 176.5775, "mean_flow": 18.805178796169635, "breach_share": 0.04049247606019152, "breach_p1": 0.22302158273381295, "breach_p2": 0.04142011834319527, "breach_p3": 0.003232758620689655, "breach_p4": 0.0, "decisions": 3655, "latency_ms_per_decision": 1.273941862105141, "replans": null, "validator_ok": 1, "runtime_s": 4.65625750599429}, "random": {"instance_id": "c12_e3_w80_u130_0016", "campus": 12, "size": 3655, "track": "e3", "structure": "full", "phi": null, "eta": 1.0, "m": 1.0, "u_target": 1.3, "u_realized": 1.3599185954301067, "method": "random", "seed": 301, "twt": 47800.23559999997, "makespan": 178.66729999999995, "mean_flow": 14.103103146374828, "breach_share": 0.11518467852257182, "breach_p1": 0.579136690647482, "breach_p2": 0.1854043392504931, "breach_p3": 0.005387931034482759, "breach_p4": 0.0, "decisions": 3655, "latency_ms_per_decision": 0.10610733489555634, "replans": null, "validator_ok": 1, "runtime_s": 0.38782230904325843}, "v2mlp301": {"instance_id": "c12_e3_w80_u130_0016", "campus": 12, "size": 3655, "track": "e3", "structure": "full", "phi": null, "eta": 1.0, "m": 1.0, "u_target": 1.3, "u_realized": 1.3599185954301067, "method": "v2mlp301", "seed": 301, "twt": 14628.6572, "makespan": 163.4543, "mean_flow": 19.344309603283175, "breach_share": 0.04021887824897401, "breach_p1": 0.22122302158273383, "breach_p2": 0.04142011834319527, "breach_p3": 0.003232758620689655, "breach_p4": 0.0, "decisions": 3655, "latency_ms_per_decision": 4.618709669454805, "replans": null, "validator_ok": 1, "runtime_s": 16.881383841857314}, "v2mlp302": {"instance_id": "c12_e3_w80_u130_0016", "campus": 12, "size": 3655, "track": "e3", "structure": "full", "phi": null, "eta": 1.0, "m": 1.0, "u_target": 1.3, "u_realized": 1.3599185954301067, "method": "v2mlp302", "seed": 302, "twt": 16171.680200000004, "makespan": 188.3116, "mean_flow": 14.293571436388508, "breach_share": 0.04596443228454172, "breach_p1": 0.25719424460431656, "breach_p2": 0.04339250493096647, "breach_p3": 0.003232758620689655, "breach_p4": 0.0, "decisions": 3655, "latency_ms_per_decision": 3.261130875188006, "replans": null, "validator_ok": 1, "runtime_s": 11.919433348812163}, "v2mlp303": {"instance_id": "c12_e3_w80_u130_0016", "campus": 12, "size": 3655, "track": "e3", "structure": "full", "phi": null, "eta": 1.0, "m": 1.0, "u_target": 1.3, "u_realized": 1.3599185954301067, "method": "v2mlp303", "seed": 303, "twt": 14637.181, "makespan": 165.2041, "mean_flow": 18.531189658002738, "breach_share": 0.04021887824897401, "breach_p1": 0.22122302158273383, "breach_p2": 0.04142011834319527, "breach_p3": 0.003232758620689655, "breach_p4": 0.0, "decisions": 3655, "latency_ms_per_decision": 5.156125878168604, "replans": null, "validator_ok": 1, "runtime_s": 18.845640084706247}, "v2mlp304": {"instance_id": "c12_e3_w80_u130_0016", "campus": 12, "size": 3655, "track": "e3", "structure": "full", "phi": null, "eta": 1.0, "m": 1.0, "u_target": 1.3, "u_realized": 1.3599185954301067, "method": "v2mlp304", "seed": 304, "twt": 14629.572600000009, "makespan": 163.4411, "mean_flow": 19.56902987688099, "breach_share": 0.04021887824897401, "breach_p1": 0.22122302158273383, "breach_p2": 0.04142011834319527, "breach_p3": 0.003232758620689655, "breach_p4": 0.0, "decisions": 3655, "latency_ms_per_decision": 5.4229520837153355, "replans": null, "validator_ok": 1, "runtime_s": 19.820889865979552}, "v2mlp305": {"instance_id": "c12_e3_w80_u130_0016", "campus": 12, "size": 3655, "track": "e3", "structure": "full", "phi": null, "eta": 1.0, "m": 1.0, "u_target": 1.3, "u_realized": 1.3599185954301067, "method": "v2mlp305", "seed": 305, "twt": 14629.409800000007, "makespan": 163.461, "mean_flow": 18.15181313269494, "breach_share": 0.04021887824897401, "breach_p1": 0.22122302158273383, "breach_p2": 0.04142011834319527, "breach_p3": 0.003232758620689655, "breach_p4": 0.0, "decisions": 3655, "latency_ms_per_decision": 4.871925638247124, "replans": null, "validator_ok": 1, "runtime_s": 17.806888207793236},