{"config_id": "c12_e3_w80_u090_0003__c12_chain_phi100_eta080_m100", "rows": {"edd": {"instance_id": "c12_e3_w80_u090_0003", "campus": 12, "size": 2480, "track": "e3", "structure": "chain", "phi": 1.0, "eta": 0.8, "m": 1.0, "u_target": 0.9, "u_realized": 0.9366232392473127, "method": "edd", "seed": 301, "twt": 9636.6102, "makespan": 171.8, "mean_flow": 6.520625241935484, "breach_share": 0.03508064516129032, "breach_p1": 0.20294117647058824, "breach_p2": 0.044673539518900345, "breach_p3": 0.007776049766718507, "breach_p4": 0.0, "decisions": 2480, "latency_ms_per_decision": 0.038824595075341, "replans": null, "validator_ok": 1, "runtime_s": 0.09628499578684568}, "wspt": {"instance_id": "c12_e3_w80_u090_0003", "campus": 12, "size": 2480, "track": "e3", "structure": "chain", "phi": 1.0, "eta": 0.8, "m": 1.0, "u_target": 0.9, "u_realized": 0.9366232392473127, "method": "wspt", "seed": 301, "twt": 10018.180599999998, "makespan": 187.9086, "mean_flow": 6.234576209677419, "breach_share": 0.03669354838709677, "breach_p1": 0.21176470588235294, "breach_p2": 0.048109965635738834, "breach_p3": 0.007776049766718507, "breach_p4": 0.0, "decisions": 2480, "latency_ms_per_decision": 0.02844306122091028, "replans": null, "validator_ok": 1, "runtime_s": 0.0705387918278575}, "atc": {"instance_id": "c12_e3_w80_u090_0003", "campus": 12, "size": 2480, "track": "e3", "structure": "chain", "phi": 1.0, "eta": 0.8, "m": 1.0, "u_target": 0.9, "u_realized": 0.9366232392473127, "method": "atc", "seed": 301, "twt": 9640.7034, "makespan": 170.3445, "mean_flow": 6.510544677419355, "breach_share": 0.035483870967741936, "breach_p1": 0.20588235294117646, "breach_p2": 0.041237113402061855, "breach_p3": 0.00933125972006221, "breach_p4": 0.0, "decisions": 2480, "latency_ms_per_decision": 0.031968625074613, "replans": null, "validator_ok": 1, "runtime_s": 0.07928219018504024}, "pfifo": {"instance_id": "c12_e3_w80_u090_0003", "campus": 12, "size": 2480, "track": "e3", "structure": "chain", "phi": 1.0, "eta": 0.8, "m": 1.0, "u_target": 0.9, "u_realized": 0.9366232392473127, "method": "pfifo", "seed": 301, "twt": 9636.6102, "makespan": 171.8, "mean_flow": 6.520625241935484, "breach_share": 0.03508064516129032, "breach_p1": 0.20294117647058824, "breach_p2": 0.044673539518900345, "breach_p3": 0.007776049766718507, "breach_p4": 0.0, "decisions": 2480, "latency_ms_per_decision": 0.02838650928629983, "replans": null, "validator_ok": 1, "runtime_s": 0.07039854303002357}, "mor": {"instance_id": "c12_e3_w80_u090_0003", "campus": 12, "size": 2480, "track": "e3", "structure": "chain", "phi": 1.0, "eta": 0.8, "m": 1.0, "u_target": 0.9, "u_realized": 0.9366232392473127, "method": "mor", "seed": 301, "twt": 22302.14519999999, "makespan": 187.9086, "mean_flow": 8.694981532258064, "breach_share": 0.07338709677419354, "breach_p1": 0.4147058823529412, "breach_p2": 0.12371134020618557, "breach_p3": 0.007776049766718507, "breach_p4": 0.0, "decisions": 2480, "latency_ms_per_decision": 0.02800288512521694, "replans": null, "validator_ok": 1, "runtime_s": 0.069447155110538}, "lfj_atc": {"instance_id": "c12_e3_w80_u090_0003", "campus": 12, "size": 2480, "track": "e3", "structure": "chain", "phi": 1.0, "eta": 0.8, "m": 1.0, "u_target": 0.9, "u_realized": 0.9366232392473127, "method": "lfj_atc", "seed": 301, "twt": 9640.7034, "makespan": 170.3445, "mean_flow": 6.5105763306451605, "breach_share": 0.035483870967741936, "breach_p1": 0.20588235294117646, "breach_p2": 0.041237113402061855, "breach_p3": 0.00933125972006221, "breach_p4": 0.0, "decisions": 2480, "latency_ms_per_decision": 0.050006187971561186, "replans": null, "validator_ok": 1, "runtime_s": 0.12401534616947174}, "atc_eta": {"instance_id": "c12_e3_w80_u090_0003", "campus": 12, "size": 2480, "track": "e3", "structure": "chain", "phi": 1.0, "eta": 0.8, "m": 1.0, "u_target": 0.9, "u_realized": 0.9366232392473127, "method": "atc_eta", "seed": 301, "twt": 9943.050000000001, "makespan": 187.9086, "mean_flow": 6.449320080645161, "breach_share": 0.036290322580645164, "breach_p1": 0.21176470588235294, "breach_p2": 0.044673539518900345, "breach_p3": 0.007776049766718507, "breach_p4": 0.0, "decisions": 2480, "latency_ms_per_decision": 0.09640550537545595, "replans": null, "validator_ok": 1, "runtime_s": 0.23908565333113074}, "random": {"instance_id": "c12_e3_w80_u090_0003", "campus": 12, "size": 2480, "track": "e3", "structure": "chain", "phi": 1.0, "eta": 0.8, "m": 1.0, "u_target": 0.9, "u_realized": 0.9366232392473127, "method": "random", "seed": 301, "twt": 11814.8622, "makespan": 210.1596, "mean_flow": 6.717750362903225, "breach_share": 0.04838709677419355, "breach_p1": 0.29411764705882354, "breach_p2": 0.05154639175257732, "breach_p3": 0.007776049766718507, "breach_p4": 0.0, "decisions": 2480, "latency_ms_per_decision": 0.048908798752592936, "replans": null, "validator_ok": 1, "runtime_s": 0.12129382090643048}, "v2mlp301": {"instance_id": "c12_e3_w80_u090_0003", "campus": 12, "size": 2480, "track": "e3", "structure": "chain", "phi": 1.0, "eta": 0.8, "m": 1.0, "u_target": 0.9, "u_realized": 0.9366232392473127, "method": "v2mlp301", "seed": 301, "twt": 9527.749400000004, "makespan": 168.35660000000001, "mean_flow": 7.007919999999998, "breach_share": 0.036290322580645164, "breach_p1": 0.21470588235294116, "breach_p2": 0.041237113402061855, "breach_p3": 0.007776049766718507, "breach_p4": 0.0, "decisions": 2480, "latency_ms_per_decision": 0.451757458804716, "replans": null, "validator_ok": 1, "runtime_s": 1.1203584978356957}, "v2mlp302": {"instance_id": "c12_e3_w80_u090_0003", "campus": 12, "size": 2480, "track": "e3", "structure": "chain", "phi": 1.0, "eta": 0.8, "m": 1.0, "u_target": 0.9, "u_realized": 0.9366232392473127, "method": "v2mlp302", "seed": 302, "twt": 9556.956200000004, "makespan": 170.3445, "mean_flow": 6.603367016129032, "breach_share": 0.03669354838709677, "breach_p1": 0.21470588235294116, "breach_p2": 0.044673539518900345, "breach_p3": 0.007776049766718507, "breach_p4": 0.0, "decisions": 2480, "latency_ms_per_decision": 0.39117498728897304, "replans": null, "validator_ok": 1, "runtime_s": 0.9701139684766531}, "v2mlp303": {"instance_id": "c12_e3_w80_u090_0003", "campus": 12, "size": 2480, "track": "e3", "structure": "chain", "phi": 1.0, "eta": 0.8, "m": 1.0, "u_target": 0.9, "u_realized": 0.9366232392473127, "method": "v2mlp303", "seed": 303, "twt": 9616.906399999998, "makespan": 185.7498, "mean_flow": 6.858628790322581, "breach_share": 0.03508064516129032, "breach_p1": 0.20588235294117646, "breach_p2": 0.041237113402061855, "breach_p3": 0.007776049766718507, "breach_p4": 0.0, "decisions": 2480, "latency_ms_per_decision": 0.42920508121530854, "replans": null, "validator_ok": 1, "runtime_s": 1.0644286014139652}, "v2mlp304": {"instance_id": "c12_e3_w80_u090_0003", "campus": 12, "size": 2480, "track": "e3", "structure": "chain", "phi": 1.0, "eta": 0.8, "m": 1.0, "u_target": 0.9, "u_realized": 0.9366232392473127, "method": "v2mlp304", "seed": 304, "twt": 9934.426599999995, "makespan": 187.9086, "mean_flow": 6.868697338709677, "breach_share": 0.03669354838709677, "breach_p1": 0.21470588235294116, "breach_p2": 0.041237113402061855, "breach_p3": 0.00933125972006221, "breach_p4": 0.0, "decisions": 2480, "latency_ms_per_decision": 0.4187079165281067, "replans": null, "validator_ok": 1, "runtime_s": 1.0383956329897046}, "v2mlp305": {"instance_id": "c12_e3_w80_u090_0003", "campus": 12, "size": 2480, "track": "e3", "structure": "chain", "phi": 1.0, "eta": 0.8, "m": 1.0, "u_target": 0.9, "u_realized": 0.9366232392473127, "method": "v2mlp305", "seed": 305, "twt": 9673.8954, "makespan": 187.9086, "mean_flow": 7.115707419354838, "breach_share": 0.03669354838709677, "breach_p1": 0.21470588235294116, "breach_p2": 0.041237113402061855, "breach_p3": 0.00933125972006221, "breach_p4": 0.0, "decisions": 2480, "latency_ms_per_decision": 0.47548146798245366, "replans": null, "validator_ok": 1, "runtime_s": 1.1791940405964851},