{"config_id": "c12_e3_w80_u090_0006__c12_full_eta080_m100", "rows": {"edd": {"instance_id": "c12_e3_w80_u090_0006", "campus": 12, "size": 2471, "track": "e3", "structure": "full", "phi": null, "eta": 0.8, "m": 1.0, "u_target": 0.9, "u_realized": 0.8789409677419365, "method": "edd", "seed": 301, "twt": 9386.7562, "makespan": 173.7859, "mean_flow": 5.990143180898421, "breach_share": 0.04168352893565358, "breach_p1": 0.23057644110275688, "breach_p2": 0.032679738562091505, "breach_p3": 0.0015267175572519084, "breach_p4": 0.0, "decisions": 2471, "latency_ms_per_decision": 0.01106815821955147, "replans": null, "validator_ok": 1, "runtime_s": 0.027349418960511684}, "wspt": {"instance_id": "c12_e3_w80_u090_0006", "campus": 12, "size": 2471, "track": "e3", "structure": "full", "phi": null, "eta": 0.8, "m": 1.0, "u_target": 0.9, "u_realized": 0.8789409677419365, "method": "wspt", "seed": 301, "twt": 9309.161999999998, "makespan": 180.257, "mean_flow": 5.8549290165924734, "breach_share": 0.04127883447996762, "breach_p1": 0.22807017543859648, "breach_p2": 0.032679738562091505, "breach_p3": 0.0015267175572519084, "breach_p4": 0.0, "decisions": 2471, "latency_ms_per_decision": 0.01108747195016754, "replans": null, "validator_ok": 1, "runtime_s": 0.027397143188863993}, "atc": {"instance_id": "c12_e3_w80_u090_0006", "campus": 12, "size": 2471, "track": "e3", "structure": "full", "phi": null, "eta": 0.8, "m": 1.0, "u_target": 0.9, "u_realized": 0.8789409677419365, "method": "atc", "seed": 301, "twt": 9468.003600000005, "makespan": 173.775, "mean_flow": 6.120548401456901, "breach_share": 0.04127883447996762, "breach_p1": 0.23057644110275688, "breach_p2": 0.029411764705882353, "breach_p3": 0.0015267175572519084, "breach_p4": 0.0, "decisions": 2471, "latency_ms_per_decision": 0.01390989872094399, "replans": null, "validator_ok": 1, "runtime_s": 0.0343713597394526}, "pfifo": {"instance_id": "c12_e3_w80_u090_0006", "campus": 12, "size": 2471, "track": "e3", "structure": "full", "phi": null, "eta": 0.8, "m": 1.0, "u_target": 0.9, "u_realized": 0.8789409677419365, "method": "pfifo", "seed": 301, "twt": 9386.7562, "makespan": 173.7859, "mean_flow": 5.990143180898421, "breach_share": 0.04168352893565358, "breach_p1": 0.23057644110275688, "breach_p2": 0.032679738562091505, "breach_p3": 0.0015267175572519084, "breach_p4": 0.0, "decisions": 2471, "latency_ms_per_decision": 0.011432776472579126, "replans": null, "validator_ok": 1, "runtime_s": 0.02825039066374302}, "mor": {"instance_id": "c12_e3_w80_u090_0006", "campus": 12, "size": 2471, "track": "e3", "structure": "full", "phi": null, "eta": 0.8, "m": 1.0, "u_target": 0.9, "u_realized": 0.8789409677419365, "method": "mor", "seed": 301, "twt": 10215.619800000002, "makespan": 173.7861, "mean_flow": 6.813055119384866, "breach_share": 0.04937272359368677, "breach_p1": 0.2706766917293233, "breach_p2": 0.042483660130718956, "breach_p3": 0.0015267175572519084, "breach_p4": 0.0, "decisions": 2471, "latency_ms_per_decision": 0.012992782678827492, "replans": null, "validator_ok": 1, "runtime_s": 0.032105165999382734}, "lfj_atc": {"instance_id": "c12_e3_w80_u090_0006", "campus": 12, "size": 2471, "track": "e3", "structure": "full", "phi": null, "eta": 0.8, "m": 1.0, "u_target": 0.9, "u_realized": 0.8789409677419365, "method": "lfj_atc", "seed": 301, "twt": 9421.137200000005, "makespan": 173.775, "mean_flow": 6.129211290975314, "breach_share": 0.04127883447996762, "breach_p1": 0.23057644110275688, "breach_p2": 0.029411764705882353, "breach_p3": 0.0015267175572519084, "breach_p4": 0.0, "decisions": 2471, "latency_ms_per_decision": 0.015148198746901589, "replans": null, "validator_ok": 1, "runtime_s": 0.037431199103593826}, "atc_eta": {"instance_id": "c12_e3_w80_u090_0006", "campus": 12, "size": 2471, "track": "e3", "structure": "full", "phi": null, "eta": 0.8, "m": 1.0, "u_target": 0.9, "u_realized": 0.8789409677419365, "method": "atc_eta", "seed": 301, "twt": 9429.854800000001, "makespan": 173.775, "mean_flow": 6.1304811412383655, "breach_share": 0.04208822339133954, "breach_p1": 0.23308270676691728, "breach_p2": 0.032679738562091505, "breach_p3": 0.0015267175572519084, "breach_p4": 0.0, "decisions": 2471, "latency_ms_per_decision": 0.02246673563016614, "replans": null, "validator_ok": 1, "runtime_s": 0.05551530374214053}, "random": {"instance_id": "c12_e3_w80_u090_0006", "campus": 12, "size": 2471, "track": "e3", "structure": "full", "phi": null, "eta": 0.8, "m": 1.0, "u_target": 0.9, "u_realized": 0.8789409677419365, "method": "random", "seed": 301, "twt": 9477.245599999998, "makespan": 175.356, "mean_flow": 6.001975961149332, "breach_share": 0.04411169566976932, "breach_p1": 0.24561403508771928, "breach_p2": 0.032679738562091505, "breach_p3": 0.0015267175572519084, "breach_p4": 0.0, "decisions": 2471, "latency_ms_per_decision": 0.010966724904200559, "replans": null, "validator_ok": 1, "runtime_s": 0.02709877723827958}, "v2mlp301": {"instance_id": "c12_e3_w80_u090_0006", "campus": 12, "size": 2471, "track": "e3", "structure": "full", "phi": null, "eta": 0.8, "m": 1.0, "u_target": 0.9, "u_realized": 0.8789409677419365, "method": "v2mlp301", "seed": 301, "twt": 9425.790800000004, "makespan": 173.775, "mean_flow": 6.244276649129906, "breach_share": 0.04127883447996762, "breach_p1": 0.22807017543859648, "breach_p2": 0.032679738562091505, "breach_p3": 0.0015267175572519084, "breach_p4": 0.0, "decisions": 2471, "latency_ms_per_decision": 0.46512607420228935, "replans": null, "validator_ok": 1, "runtime_s": 1.149326529353857}, "v2mlp302": {"instance_id": "c12_e3_w80_u090_0006", "campus": 12, "size": 2471, "track": "e3", "structure": "full", "phi": null, "eta": 0.8, "m": 1.0, "u_target": 0.9, "u_realized": 0.8789409677419365, "method": "v2mlp302", "seed": 302, "twt": 9427.419799999998, "makespan": 173.7859, "mean_flow": 5.95538547146904, "breach_share": 0.042492917847025496, "breach_p1": 0.23558897243107768, "breach_p2": 0.032679738562091505, "breach_p3": 0.0015267175572519084, "breach_p4": 0.0, "decisions": 2471, "latency_ms_per_decision": 0.3474786472840379, "replans": null, "validator_ok": 1, "runtime_s": 0.8586197374388576}, "v2mlp303": {"instance_id": "c12_e3_w80_u090_0006", "campus": 12, "size": 2471, "track": "e3", "structure": "full", "phi": null, "eta": 0.8, "m": 1.0, "u_target": 0.9, "u_realized": 0.8789409677419365, "method": "v2mlp303", "seed": 303, "twt": 9362.950199999996, "makespan": 173.7859, "mean_flow": 5.966924362606233, "breach_share": 0.042897612302711455, "breach_p1": 0.23809523809523808, "breach_p2": 0.032679738562091505, "breach_p3": 0.0015267175572519084, "breach_p4": 0.0, "decisions": 2471, "latency_ms_per_decision": 0.38737270269484136, "replans": null, "validator_ok": 1, "runtime_s": 0.957197948358953}, "v2mlp304": {"instance_id": "c12_e3_w80_u090_0006", "campus": 12, "size": 2471, "track": "e3", "structure": "full", "phi": null, "eta": 0.8, "m": 1.0, "u_target": 0.9, "u_realized": 0.8789409677419365, "method": "v2mlp304", "seed": 304, "twt": 9710.110399999998, "makespan": 173.7896, "mean_flow": 6.174194658033185, "breach_share": 0.04208822339133954, "breach_p1": 0.23057644110275688, "breach_p2": 0.03594771241830065, "breach_p3": 0.0015267175572519084, "breach_p4": 0.0, "decisions": 2471, "latency_ms_per_decision": 0.43515491709022663, "replans": null, "validator_ok": 1, "runtime_s": 1.07526780012995}, "v2mlp305": {"instance_id": "c12_e3_w80_u090_0006", "campus": 12, "size": 2471, "track": "e3", "structure": "full", "phi": null, "eta": 0.8, "m": 1.0, "u_target": 0.9, "u_realized": 0.8789409677419365, "method": "v2mlp305", "seed": 305, "twt": 9446.534, "makespan": 173.775, "mean_flow": 6.228267179279643, "breach_share": 0.042897612302711455, "breach_p1": 0.23809523809523808, "breach_p2": 0.032679738562091505, "breach_p3": 0.0015267175572519084, "breach_p4": 0.0, "decisions": 2471, "latency_ms_per_decision": 0.4655385656770016, "replans": null, "validator_ok": 1, "runtime_s": 1.1503457957878709},