{"config_id": "c12_e3_w80_u130_0001__c12_full_eta080_m100", "rows": {"edd": {"instance_id": "c12_e3_w80_u130_0001", "campus": 12, "size": 3501, "track": "e3", "structure": "full", "phi": null, "eta": 0.8, "m": 1.0, "u_target": 1.3, "u_realized": 1.2331391061827972, "method": "edd", "seed": 301, "twt": 18714.832400000003, "makespan": 220.0077, "mean_flow": 16.56970057126535, "breach_share": 0.0485575549842902, "breach_p1": 0.26765799256505574, "breach_p2": 0.042600896860986545, "breach_p3": 0.007700770077007701, "breach_p4": 0.0, "decisions": 3501, "latency_ms_per_decision": 0.05054191341190058, "replans": null, "validator_ok": 1, "runtime_s": 0.17694723885506392}, "wspt": {"instance_id": "c12_e3_w80_u130_0001", "campus": 12, "size": 3501, "track": "e3", "structure": "full", "phi": null, "eta": 0.8, "m": 1.0, "u_target": 1.3, "u_realized": 1.2331391061827972, "method": "wspt", "seed": 301, "twt": 22060.32579999999, "makespan": 208.8217, "mean_flow": 8.573718908883176, "breach_share": 0.05084261639531562, "breach_p1": 0.26394052044609667, "breach_p2": 0.042600896860986545, "breach_p3": 0.0187018701870187, "breach_p4": 0.0, "decisions": 3501, "latency_ms_per_decision": 0.0536674347654798, "replans": null, "validator_ok": 1, "runtime_s": 0.18788968911394477}, "atc": {"instance_id": "c12_e3_w80_u130_0001", "campus": 12, "size": 3501, "track": "e3", "structure": "full", "phi": null, "eta": 0.8, "m": 1.0, "u_target": 1.3, "u_realized": 1.2331391061827972, "method": "atc", "seed": 301, "twt": 18962.628, "makespan": 193.10360000000003, "mean_flow": 20.892960154241642, "breach_share": 0.04884318766066838, "breach_p1": 0.27137546468401486, "breach_p2": 0.04035874439461883, "breach_p3": 0.007700770077007701, "breach_p4": 0.0, "decisions": 3501, "latency_ms_per_decision": 0.8284925401766227, "replans": null, "validator_ok": 1, "runtime_s": 2.900552383158356}, "pfifo": {"instance_id": "c12_e3_w80_u130_0001", "campus": 12, "size": 3501, "track": "e3", "structure": "full", "phi": null, "eta": 0.8, "m": 1.0, "u_target": 1.3, "u_realized": 1.2331391061827972, "method": "pfifo", "seed": 301, "twt": 18714.832400000003, "makespan": 220.0077, "mean_flow": 16.56970057126535, "breach_share": 0.0485575549842902, "breach_p1": 0.26765799256505574, "breach_p2": 0.042600896860986545, "breach_p3": 0.007700770077007701, "breach_p4": 0.0, "decisions": 3501, "latency_ms_per_decision": 0.38682257953974836, "replans": null, "validator_ok": 1, "runtime_s": 1.354265850968659}, "mor": {"instance_id": "c12_e3_w80_u130_0001", "campus": 12, "size": 3501, "track": "e3", "structure": "full", "phi": null, "eta": 0.8, "m": 1.0, "u_target": 1.3, "u_realized": 1.2331391061827972, "method": "mor", "seed": 301, "twt": 155100.5568, "makespan": 191.9437, "mean_flow": 37.89166898029135, "breach_share": 0.21679520137103683, "breach_p1": 0.7490706319702602, "breach_p2": 0.5381165919282511, "breach_p3": 0.1276127612761276, "breach_p4": 0.0, "decisions": 3501, "latency_ms_per_decision": 0.7061321476952701, "replans": null, "validator_ok": 1, "runtime_s": 2.4721686490811408}, "lfj_atc": {"instance_id": "c12_e3_w80_u130_0001", "campus": 12, "size": 3501, "track": "e3", "structure": "full", "phi": null, "eta": 0.8, "m": 1.0, "u_target": 1.3, "u_realized": 1.2331391061827972, "method": "lfj_atc", "seed": 301, "twt": 18797.574799999995, "makespan": 192.89700000000002, "mean_flow": 21.065729820051413, "breach_share": 0.04798628963153385, "breach_p1": 0.26394052044609667, "breach_p2": 0.042600896860986545, "breach_p3": 0.007700770077007701, "breach_p4": 0.0, "decisions": 3501, "latency_ms_per_decision": 1.0565964944535104, "replans": null, "validator_ok": 1, "runtime_s": 3.69914432708174}, "atc_eta": {"instance_id": "c12_e3_w80_u130_0001", "campus": 12, "size": 3501, "track": "e3", "structure": "full", "phi": null, "eta": 0.8, "m": 1.0, "u_target": 1.3, "u_realized": 1.2331391061827972, "method": "atc_eta", "seed": 301, "twt": 18526.038599999996, "makespan": 193.8149, "mean_flow": 21.05538283347615, "breach_share": 0.04798628963153385, "breach_p1": 0.26579925650557623, "breach_p2": 0.04035874439461883, "breach_p3": 0.007700770077007701, "breach_p4": 0.0, "decisions": 3501, "latency_ms_per_decision": 1.1437286806905467, "replans": null, "validator_ok": 1, "runtime_s": 4.004194111097604}, "random": {"instance_id": "c12_e3_w80_u130_0001", "campus": 12, "size": 3501, "track": "e3", "structure": "full", "phi": null, "eta": 0.8, "m": 1.0, "u_target": 1.3, "u_realized": 1.2331391061827972, "method": "random", "seed": 301, "twt": 60559.05759999998, "makespan": 210.764, "mean_flow": 16.088334590117107, "breach_share": 0.1279634390174236, "breach_p1": 0.6152416356877324, "breach_p2": 0.24439461883408073, "breach_p3": 0.0088008800880088, "breach_p4": 0.0, "decisions": 3501, "latency_ms_per_decision": 0.014405898559360768, "replans": null, "validator_ok": 1, "runtime_s": 0.05043505085632205}, "v2mlp301": {"instance_id": "c12_e3_w80_u130_0001", "campus": 12, "size": 3501, "track": "e3", "structure": "full", "phi": null, "eta": 0.8, "m": 1.0, "u_target": 1.3, "u_realized": 1.2331391061827972, "method": "v2mlp301", "seed": 301, "twt": 19073.757800000007, "makespan": 189.2913, "mean_flow": 20.702388374750072, "breach_share": 0.04770065695515567, "breach_p1": 0.26394052044609667, "breach_p2": 0.042600896860986545, "breach_p3": 0.006600660066006601, "breach_p4": 0.0, "decisions": 3501, "latency_ms_per_decision": 5.278068150919578, "replans": null, "validator_ok": 1, "runtime_s": 18.478516596369445}, "v2mlp302": {"instance_id": "c12_e3_w80_u130_0001", "campus": 12, "size": 3501, "track": "e3", "structure": "full", "phi": null, "eta": 0.8, "m": 1.0, "u_target": 1.3, "u_realized": 1.2331391061827972, "method": "v2mlp302", "seed": 302, "twt": 19165.908799999994, "makespan": 213.98520000000002, "mean_flow": 14.572540845472723, "breach_share": 0.05512710654098829, "breach_p1": 0.30111524163568776, "breach_p2": 0.053811659192825115, "breach_p3": 0.007700770077007701, "breach_p4": 0.0, "decisions": 3501, "latency_ms_per_decision": 4.0583487640522575, "replans": null, "validator_ok": 1, "runtime_s": 14.208279022946954}, "v2mlp303": {"instance_id": "c12_e3_w80_u130_0001", "campus": 12, "size": 3501, "track": "e3", "structure": "full", "phi": null, "eta": 0.8, "m": 1.0, "u_target": 1.3, "u_realized": 1.2331391061827972, "method": "v2mlp303", "seed": 303, "twt": 18624.99120000001, "makespan": 194.95389999999998, "mean_flow": 18.772563867466438, "breach_share": 0.047415024278777494, "breach_p1": 0.26394052044609667, "breach_p2": 0.04035874439461883, "breach_p3": 0.006600660066006601, "breach_p4": 0.0, "decisions": 3501, "latency_ms_per_decision": 4.289569640444351, "replans": null, "validator_ok": 1, "runtime_s": 15.017783311195672}, "v2mlp304": {"instance_id": "c12_e3_w80_u130_0001", "campus": 12, "size": 3501, "track": "e3", "structure": "full", "phi": null, "eta": 0.8, "m": 1.0, "u_target": 1.3, "u_realized": 1.2331391061827972, "method": "v2mlp304", "seed": 304, "twt": 18698.3794, "makespan": 189.3005, "mean_flow": 20.159416595258495, "breach_share": 0.048271922307912024, "breach_p1": 0.26765799256505574, "breach_p2": 0.042600896860986545, "breach_p3": 0.006600660066006601, "breach_p4": 0.0, "decisions": 3501, "latency_ms_per_decision": 5.187008342360112, "replans": null, "validator_ok": 1, "runtime_s": 18.159716206602752}, "v2mlp305": {"instance_id": "c12_e3_w80_u130_0001", "campus": 12, "size": 3501, "track": "e3", "structure": "full", "phi": null, "eta": 0.8, "m": 1.0, "u_target": 1.3, "u_realized": 1.2331391061827972, "method": "v2mlp305", "seed": 305, "twt": 18781.0882, "makespan": 191.7555, "mean_flow": 19.737896543844613, "breach_share": 0.0485575549842902, "breach_p1": 0.26765799256505574, "breach_p2": 0.042600896860986545, "breach_p3": 0.007700770077007701, "breach_p4": 0.0, "decisions": 3501, "latency_ms_per_decision": 4.977300354529367, "replans": null, "validator_ok": 1, "runtime_s": 17.425528541207314},