{"config_id": "c12_e3_w80_u090_0006__c12_chain_phi100_eta100_m100", "rows": {"edd": {"instance_id": "c12_e3_w80_u090_0006", "campus": 12, "size": 2471, "track": "e3", "structure": "chain", "phi": 1.0, "eta": 1.0, "m": 1.0, "u_target": 0.9, "u_realized": 0.8789409677419365, "method": "edd", "seed": 301, "twt": 8415.946400000003, "makespan": 156.37310000000002, "mean_flow": 5.7952685957102394, "breach_share": 0.03925536220153784, "breach_p1": 0.21804511278195488, "breach_p2": 0.029411764705882353, "breach_p3": 0.0015267175572519084, "breach_p4": 0.0, "decisions": 2471, "latency_ms_per_decision": 0.011076976762626973, "replans": null, "validator_ok": 1, "runtime_s": 0.02737120958045125}, "wspt": {"instance_id": "c12_e3_w80_u090_0006", "campus": 12, "size": 2471, "track": "e3", "structure": "chain", "phi": 1.0, "eta": 1.0, "m": 1.0, "u_target": 0.9, "u_realized": 0.8789409677419365, "method": "wspt", "seed": 301, "twt": 8724.398800000004, "makespan": 155.9332, "mean_flow": 5.5583593686766495, "breach_share": 0.040064751112909754, "breach_p1": 0.21804511278195488, "breach_p2": 0.03594771241830065, "breach_p3": 0.0015267175572519084, "breach_p4": 0.0, "decisions": 2471, "latency_ms_per_decision": 0.006962695714193334, "replans": null, "validator_ok": 1, "runtime_s": 0.01720482110977173}, "atc": {"instance_id": "c12_e3_w80_u090_0006", "campus": 12, "size": 2471, "track": "e3", "structure": "chain", "phi": 1.0, "eta": 1.0, "m": 1.0, "u_target": 0.9, "u_realized": 0.8789409677419365, "method": "atc", "seed": 301, "twt": 8458.3608, "makespan": 156.3689, "mean_flow": 5.66163269931202, "breach_share": 0.03925536220153784, "breach_p1": 0.21804511278195488, "breach_p2": 0.029411764705882353, "breach_p3": 0.0015267175572519084, "breach_p4": 0.0, "decisions": 2471, "latency_ms_per_decision": 0.00832183003871849, "replans": null, "validator_ok": 1, "runtime_s": 0.02056324202567339}, "pfifo": {"instance_id": "c12_e3_w80_u090_0006", "campus": 12, "size": 2471, "track": "e3", "structure": "chain", "phi": 1.0, "eta": 1.0, "m": 1.0, "u_target": 0.9, "u_realized": 0.8789409677419365, "method": "pfifo", "seed": 301, "twt": 8415.946400000003, "makespan": 156.37310000000002, "mean_flow": 5.7952685957102394, "breach_share": 0.03925536220153784, "breach_p1": 0.21804511278195488, "breach_p2": 0.029411764705882353, "breach_p3": 0.0015267175572519084, "breach_p4": 0.0, "decisions": 2471, "latency_ms_per_decision": 0.007108795199918631, "replans": null, "validator_ok": 1, "runtime_s": 0.017565832938998938}, "mor": {"instance_id": "c12_e3_w80_u090_0006", "campus": 12, "size": 2471, "track": "e3", "structure": "chain", "phi": 1.0, "eta": 1.0, "m": 1.0, "u_target": 0.9, "u_realized": 0.8789409677419365, "method": "mor", "seed": 301, "twt": 22200.181999999993, "makespan": 151.0444, "mean_flow": 7.673916956697692, "breach_share": 0.07486847430190206, "breach_p1": 0.39849624060150374, "breach_p2": 0.08169934640522876, "breach_p3": 0.0015267175572519084, "breach_p4": 0.0, "decisions": 2471, "latency_ms_per_decision": 0.007905591978796674, "replans": null, "validator_ok": 1, "runtime_s": 0.01953471777960658}, "lfj_atc": {"instance_id": "c12_e3_w80_u090_0006", "campus": 12, "size": 2471, "track": "e3", "structure": "chain", "phi": 1.0, "eta": 1.0, "m": 1.0, "u_target": 0.9, "u_realized": 0.8789409677419365, "method": "lfj_atc", "seed": 301, "twt": 8467.134000000002, "makespan": 156.61849999999998, "mean_flow": 5.66192529340348, "breach_share": 0.03925536220153784, "breach_p1": 0.21804511278195488, "breach_p2": 0.029411764705882353, "breach_p3": 0.0015267175572519084, "breach_p4": 0.0, "decisions": 2471, "latency_ms_per_decision": 0.008708892374302104, "replans": null, "validator_ok": 1, "runtime_s": 0.0215196730569005}, "atc_eta": {"instance_id": "c12_e3_w80_u090_0006", "campus": 12, "size": 2471, "track": "e3", "structure": "chain", "phi": 1.0, "eta": 1.0, "m": 1.0, "u_target": 0.9, "u_realized": 0.8789409677419365, "method": "atc_eta", "seed": 301, "twt": 8458.3608, "makespan": 156.3689, "mean_flow": 5.66163269931202, "breach_share": 0.03925536220153784, "breach_p1": 0.21804511278195488, "breach_p2": 0.029411764705882353, "breach_p3": 0.0015267175572519084, "breach_p4": 0.0, "decisions": 2471, "latency_ms_per_decision": 0.011027606301392587, "replans": null, "validator_ok": 1, "runtime_s": 0.02724921517074108}, "random": {"instance_id": "c12_e3_w80_u090_0006", "campus": 12, "size": 2471, "track": "e3", "structure": "chain", "phi": 1.0, "eta": 1.0, "m": 1.0, "u_target": 0.9, "u_realized": 0.8789409677419365, "method": "random", "seed": 301, "twt": 9849.5196, "makespan": 153.4032, "mean_flow": 5.843861837312829, "breach_share": 0.04856333468231485, "breach_p1": 0.2731829573934837, "breach_p2": 0.032679738562091505, "breach_p3": 0.0015267175572519084, "breach_p4": 0.0, "decisions": 2471, "latency_ms_per_decision": 0.007201724119246223, "replans": null, "validator_ok": 1, "runtime_s": 0.017795460298657417}, "v2mlp301": {"instance_id": "c12_e3_w80_u090_0006", "campus": 12, "size": 2471, "track": "e3", "structure": "chain", "phi": 1.0, "eta": 1.0, "m": 1.0, "u_target": 0.9, "u_realized": 0.8789409677419365, "method": "v2mlp301", "seed": 301, "twt": 8406.0956, "makespan": 151.0444, "mean_flow": 6.140263860785107, "breach_share": 0.03925536220153784, "breach_p1": 0.21804511278195488, "breach_p2": 0.029411764705882353, "breach_p3": 0.0015267175572519084, "breach_p4": 0.0, "decisions": 2471, "latency_ms_per_decision": 0.3320181709143229, "replans": null, "validator_ok": 1, "runtime_s": 0.8204169003292918}, "v2mlp302": {"instance_id": "c12_e3_w80_u090_0006", "campus": 12, "size": 2471, "track": "e3", "structure": "chain", "phi": 1.0, "eta": 1.0, "m": 1.0, "u_target": 0.9, "u_realized": 0.8789409677419365, "method": "v2mlp302", "seed": 302, "twt": 8451.970399999998, "makespan": 157.75419999999997, "mean_flow": 6.030027397814649, "breach_share": 0.03925536220153784, "breach_p1": 0.21804511278195488, "breach_p2": 0.029411764705882353, "breach_p3": 0.0015267175572519084, "breach_p4": 0.0, "decisions": 2471, "latency_ms_per_decision": 0.3928030814292555, "replans": null, "validator_ok": 1, "runtime_s": 0.9706164142116904}, "v2mlp303": {"instance_id": "c12_e3_w80_u090_0006", "campus": 12, "size": 2471, "track": "e3", "structure": "chain", "phi": 1.0, "eta": 1.0, "m": 1.0, "u_target": 0.9, "u_realized": 0.8789409677419365, "method": "v2mlp303", "seed": 303, "twt": 8405.188800000002, "makespan": 151.0444, "mean_flow": 6.15830109267503, "breach_share": 0.03885066774585188, "breach_p1": 0.21553884711779447, "breach_p2": 0.029411764705882353, "breach_p3": 0.0015267175572519084, "breach_p4": 0.0, "decisions": 2471, "latency_ms_per_decision": 0.40138023406062134, "replans": null, "validator_ok": 1, "runtime_s": 0.9918105583637953}, "v2mlp304": {"instance_id": "c12_e3_w80_u090_0006", "campus": 12, "size": 2471, "track": "e3", "structure": "chain", "phi": 1.0, "eta": 1.0, "m": 1.0, "u_target": 0.9, "u_realized": 0.8789409677419365, "method": "v2mlp304", "seed": 304, "twt": 8406.4204, "makespan": 151.0444, "mean_flow": 6.149531930392554, "breach_share": 0.03925536220153784, "breach_p1": 0.21804511278195488, "breach_p2": 0.029411764705882353, "breach_p3": 0.0015267175572519084, "breach_p4": 0.0, "decisions": 2471, "latency_ms_per_decision": 0.39573376775933683, "replans": null, "validator_ok": 1, "runtime_s": 0.9778581401333213}, "v2mlp305": {"instance_id": "c12_e3_w80_u090_0006", "campus": 12, "size": 2471, "track": "e3", "structure": "chain", "phi": 1.0, "eta": 1.0, "m": 1.0, "u_target": 0.9, "u_realized": 0.8789409677419365, "method": "v2mlp305", "seed": 305, "twt": 8413.984399999996, "makespan": 151.19, "mean_flow": 6.150213435855929, "breach_share": 0.03925536220153784, "breach_p1": 0.21804511278195488, "breach_p2": 0.029411764705882353, "breach_p3": 0.0015267175572519084, "breach_p4": 0.0, "decisions": 2471, "latency_ms_per_decision": 0.41295423310737, "replans": null, "validator_ok": 1,