{"config_id": "c12_e3_w80_u130_0019__c12_chain_phi100_eta100_m100", "rows": {"edd": {"instance_id": "c12_e3_w80_u130_0019", "campus": 12, "size": 3527, "track": "e3", "structure": "chain", "phi": 1.0, "eta": 1.0, "m": 1.0, "u_target": 1.3, "u_realized": 1.2989232258064505, "method": "edd", "seed": 301, "twt": 14692.651000000002, "makespan": 193.09580000000003, "mean_flow": 13.109550921463, "breach_share": 0.047065494754749075, "breach_p1": 0.25045372050816694, "breach_p2": 0.04904051172707889, "breach_p3": 0.00547645125958379, "breach_p4": 0.0, "decisions": 3527, "latency_ms_per_decision": 0.026834134497265995, "replans": null, "validator_ok": 1, "runtime_s": 0.09464399237185717}, "wspt": {"instance_id": "c12_e3_w80_u130_0019", "campus": 12, "size": 3527, "track": "e3", "structure": "chain", "phi": 1.0, "eta": 1.0, "m": 1.0, "u_target": 1.3, "u_realized": 1.2989232258064505, "method": "wspt", "seed": 301, "twt": 19155.8244, "makespan": 192.0525, "mean_flow": 7.744162829600228, "breach_share": 0.050184292599943295, "breach_p1": 0.25045372050816694, "breach_p2": 0.05970149253731343, "breach_p3": 0.012048192771084338, "breach_p4": 0.0, "decisions": 3527, "latency_ms_per_decision": 0.008019932519580069, "replans": null, "validator_ok": 1, "runtime_s": 0.028286301996558905}, "atc": {"instance_id": "c12_e3_w80_u130_0019", "campus": 12, "size": 3527, "track": "e3", "structure": "chain", "phi": 1.0, "eta": 1.0, "m": 1.0, "u_target": 1.3, "u_realized": 1.2989232258064505, "method": "atc", "seed": 301, "twt": 15035.5348, "makespan": 169.4056, "mean_flow": 13.116248426424725, "breach_share": 0.04763254890842075, "breach_p1": 0.2540834845735027, "breach_p2": 0.04904051172707889, "breach_p3": 0.00547645125958379, "breach_p4": 0.0, "decisions": 3527, "latency_ms_per_decision": 0.026121558259770184, "replans": null, "validator_ok": 1, "runtime_s": 0.09213073598220944}, "pfifo": {"instance_id": "c12_e3_w80_u130_0019", "campus": 12, "size": 3527, "track": "e3", "structure": "chain", "phi": 1.0, "eta": 1.0, "m": 1.0, "u_target": 1.3, "u_realized": 1.2989232258064505, "method": "pfifo", "seed": 301, "twt": 14692.651000000002, "makespan": 193.09580000000003, "mean_flow": 13.109550921463, "breach_share": 0.047065494754749075, "breach_p1": 0.25045372050816694, "breach_p2": 0.04904051172707889, "breach_p3": 0.00547645125958379, "breach_p4": 0.0, "decisions": 3527, "latency_ms_per_decision": 0.01223519513648091, "replans": null, "validator_ok": 1, "runtime_s": 0.04315353324636817}, "mor": {"instance_id": "c12_e3_w80_u130_0019", "campus": 12, "size": 3527, "track": "e3", "structure": "chain", "phi": 1.0, "eta": 1.0, "m": 1.0, "u_target": 1.3, "u_realized": 1.2989232258064505, "method": "mor", "seed": 301, "twt": 161765.80560000008, "makespan": 169.06420000000003, "mean_flow": 27.679983328607882, "breach_share": 0.2030053870144599, "breach_p1": 0.7568058076225045, "breach_p2": 0.4840085287846482, "breach_p3": 0.07886089813800658, "breach_p4": 0.0, "decisions": 3527, "latency_ms_per_decision": 0.016967347063396684, "replans": null, "validator_ok": 1, "runtime_s": 0.05984383309260011}, "lfj_atc": {"instance_id": "c12_e3_w80_u130_0019", "campus": 12, "size": 3527, "track": "e3", "structure": "chain", "phi": 1.0, "eta": 1.0, "m": 1.0, "u_target": 1.3, "u_realized": 1.2989232258064505, "method": "lfj_atc", "seed": 301, "twt": 14878.008000000003, "makespan": 169.4056, "mean_flow": 13.333479727814007, "breach_share": 0.047916075985256594, "breach_p1": 0.2558983666061706, "breach_p2": 0.04904051172707889, "breach_p3": 0.00547645125958379, "breach_p4": 0.0, "decisions": 3527, "latency_ms_per_decision": 0.0248358233483006, "replans": null, "validator_ok": 1, "runtime_s": 0.08759594894945621}, "atc_eta": {"instance_id": "c12_e3_w80_u130_0019", "campus": 12, "size": 3527, "track": "e3", "structure": "chain", "phi": 1.0, "eta": 1.0, "m": 1.0, "u_target": 1.3, "u_realized": 1.2989232258064505, "method": "atc_eta", "seed": 301, "twt": 15035.5348, "makespan": 169.4056, "mean_flow": 13.116248426424725, "breach_share": 0.04763254890842075, "breach_p1": 0.2540834845735027, "breach_p2": 0.04904051172707889, "breach_p3": 0.00547645125958379, "breach_p4": 0.0, "decisions": 3527, "latency_ms_per_decision": 0.05800932683293563, "replans": null, "validator_ok": 1, "runtime_s": 0.20459889573976398}, "random": {"instance_id": "c12_e3_w80_u130_0019", "campus": 12, "size": 3527, "track": "e3", "structure": "chain", "phi": 1.0, "eta": 1.0, "m": 1.0, "u_target": 1.3, "u_realized": 1.2989232258064505, "method": "random", "seed": 301, "twt": 65910.47520000002, "makespan": 191.9135, "mean_flow": 12.639582818259145, "breach_share": 0.11823079104054438, "breach_p1": 0.5753176043557169, "breach_p2": 0.2025586353944563, "breach_p3": 0.00547645125958379, "breach_p4": 0.0, "decisions": 3527, "latency_ms_per_decision": 0.013960379635033745, "replans": null, "validator_ok": 1, "runtime_s": 0.049238258972764015}, "v2mlp301": {"instance_id": "c12_e3_w80_u130_0019", "campus": 12, "size": 3527, "track": "e3", "structure": "chain", "phi": 1.0, "eta": 1.0, "m": 1.0, "u_target": 1.3, "u_realized": 1.2989232258064505, "method": "v2mlp301", "seed": 301, "twt": 14554.763999999994, "makespan": 169.1011, "mean_flow": 15.90178162744542, "breach_share": 0.04734902183158492, "breach_p1": 0.2540834845735027, "breach_p2": 0.04904051172707889, "breach_p3": 0.004381161007667032, "breach_p4": 0.0, "decisions": 3527, "latency_ms_per_decision": 2.348286557603582, "replans": null, "validator_ok": 1, "runtime_s": 8.282406688667834}, "v2mlp302": {"instance_id": "c12_e3_w80_u130_0019", "campus": 12, "size": 3527, "track": "e3", "structure": "chain", "phi": 1.0, "eta": 1.0, "m": 1.0, "u_target": 1.3, "u_realized": 1.2989232258064505, "method": "v2mlp302", "seed": 302, "twt": 19580.01440000001, "makespan": 187.5171, "mean_flow": 13.557082903317268, "breach_share": 0.06379359228806351, "breach_p1": 0.3430127041742287, "breach_p2": 0.06823027718550106, "breach_p3": 0.004381161007667032, "breach_p4": 0.0, "decisions": 3527, "latency_ms_per_decision": 1.9608845182770807, "replans": null, "validator_ok": 1, "runtime_s": 6.9160396959632635}, "v2mlp303": {"instance_id": "c12_e3_w80_u130_0019", "campus": 12, "size": 3527, "track": "e3", "structure": "chain", "phi": 1.0, "eta": 1.0, "m": 1.0, "u_target": 1.3, "u_realized": 1.2989232258064505, "method": "v2mlp303", "seed": 303, "twt": 14773.060399999995, "makespan": 169.3789, "mean_flow": 15.93923305925716, "breach_share": 0.04734902183158492, "breach_p1": 0.2540834845735027, "breach_p2": 0.04904051172707889, "breach_p3": 0.004381161007667032, "breach_p4": 0.0, "decisions": 3527, "latency_ms_per_decision": 2.3763405559423423, "replans": null, "validator_ok": 1, "runtime_s": 8.381353140808642}, "v2mlp304": {"instance_id": "c12_e3_w80_u130_0019", "campus": 12, "size": 3527, "track": "e3", "structure": "chain", "phi": 1.0, "eta": 1.0, "m": 1.0, "u_target": 1.3, "u_realized": 1.2989232258064505, "method": "v2mlp304", "seed": 304, "twt": 14587.157600000004, "makespan": 169.11489999999998, "mean_flow": 16.115198837538983, "breach_share": 0.047065494754749075, "breach_p1": 0.25226860254083483, "breach_p2": 0.04904051172707889, "breach_p3": 0.004381161007667032, "breach_p4": 0.0, "decisions": 3527, "latency_ms_per_decision": 2.0985139633162118, "replans": null, "validator_ok": 1, "runtime_s": 7.401458748616278}, "v2mlp305": {"instance_id": "c12_e3_w80_u130_0019", "campus": 12, "size": 3527, "track": "e3", "structure": "chain", "phi": 1.0, "eta": 1.0, "m": 1.0, "u_target": 1.3, "u_realized": 1.2989232258064505, "method": "v2mlp305", "seed": 305, "twt": 14542.910399999999, "makespan": 169.0297, "mean_flow": 15.397765636518287, "breach_share": 0.04734902183158492, "breach_p1": 0.2540834845735027, "breach_p2": 0.04904051172707889, "breach_p3": 0.004381161007667032, "breach_p4": 0.0, "decisions": 3527, "latency_ms_per_decision": 2.1985888020099815, "replans": null, "validator_ok": 1,