{"config_id": "c12_e3_w80_u110_0009__c12_l0_eta100_m100", "rows": {"edd": {"instance_id": "c12_e3_w80_u110_0009", "campus": 12, "size": 2981, "track": "e3", "structure": "dedicated", "phi": null, "eta": 1.0, "m": 1.0, "u_target": 1.1, "u_realized": 1.0901949126344075, "method": "edd", "seed": 301, "twt": 13743.177799999996, "makespan": 189.2651, "mean_flow": 10.117540556860114, "breach_share": 0.04528681650452868, "breach_p1": 0.2399193548387097, "breach_p2": 0.03291139240506329, "breach_p3": 0.004103967168262654, "breach_p4": 0.0, "decisions": 2981, "latency_ms_per_decision": 0.032133670540633354, "replans": null, "validator_ok": 1, "runtime_s": 0.09579047188162804}, "wspt": {"instance_id": "c12_e3_w80_u110_0009", "campus": 12, "size": 2981, "track": "e3", "structure": "dedicated", "phi": null, "eta": 1.0, "m": 1.0, "u_target": 1.1, "u_realized": 1.0901949126344075, "method": "wspt", "seed": 301, "twt": 15609.532999999996, "makespan": 185.8347, "mean_flow": 7.079260885608855, "breach_share": 0.04696410600469641, "breach_p1": 0.23588709677419356, "breach_p2": 0.043037974683544304, "breach_p3": 0.008207934336525308, "breach_p4": 0.0, "decisions": 2981, "latency_ms_per_decision": 0.1142937202645164, "replans": null, "validator_ok": 1, "runtime_s": 0.34070958010852337}, "atc": {"instance_id": "c12_e3_w80_u110_0009", "campus": 12, "size": 2981, "track": "e3", "structure": "dedicated", "phi": null, "eta": 1.0, "m": 1.0, "u_target": 1.1, "u_realized": 1.0901949126344075, "method": "atc", "seed": 301, "twt": 14047.2326, "makespan": 188.7541, "mean_flow": 9.135323515598794, "breach_share": 0.04495135860449514, "breach_p1": 0.23790322580645162, "breach_p2": 0.035443037974683546, "breach_p3": 0.0027359781121751026, "breach_p4": 0.0, "decisions": 2981, "latency_ms_per_decision": 0.0690040220773608, "replans": null, "validator_ok": 1, "runtime_s": 0.20570098981261253}, "pfifo": {"instance_id": "c12_e3_w80_u110_0009", "campus": 12, "size": 2981, "track": "e3", "structure": "dedicated", "phi": null, "eta": 1.0, "m": 1.0, "u_target": 1.1, "u_realized": 1.0901949126344075, "method": "pfifo", "seed": 301, "twt": 13743.177799999996, "makespan": 189.2651, "mean_flow": 10.117540556860114, "breach_share": 0.04528681650452868, "breach_p1": 0.2399193548387097, "breach_p2": 0.03291139240506329, "breach_p3": 0.004103967168262654, "breach_p4": 0.0, "decisions": 2981, "latency_ms_per_decision": 0.07518132303768618, "replans": null, "validator_ok": 1, "runtime_s": 0.2241155239753425}, "mor": {"instance_id": "c12_e3_w80_u110_0009", "campus": 12, "size": 2981, "track": "e3", "structure": "dedicated", "phi": null, "eta": 1.0, "m": 1.0, "u_target": 1.1, "u_realized": 1.0901949126344075, "method": "mor", "seed": 301, "twt": 103872.19060000005, "makespan": 170.5105, "mean_flow": 20.24510711170748, "breach_share": 0.14525327071452532, "breach_p1": 0.592741935483871, "breach_p2": 0.27848101265822783, "breach_p3": 0.03967168262653899, "breach_p4": 0.0, "decisions": 2981, "latency_ms_per_decision": 0.0807267933314137, "replans": null, "validator_ok": 1, "runtime_s": 0.2406465709209442}, "lfj_atc": {"instance_id": "c12_e3_w80_u110_0009", "campus": 12, "size": 2981, "track": "e3", "structure": "dedicated", "phi": null, "eta": 1.0, "m": 1.0, "u_target": 1.1, "u_realized": 1.0901949126344075, "method": "lfj_atc", "seed": 301, "twt": 14043.3382, "makespan": 188.7541, "mean_flow": 9.141670244884267, "breach_share": 0.04495135860449514, "breach_p1": 0.23790322580645162, "breach_p2": 0.035443037974683546, "breach_p3": 0.0027359781121751026, "breach_p4": 0.0, "decisions": 2981, "latency_ms_per_decision": 0.09922146720949813, "replans": null, "validator_ok": 1, "runtime_s": 0.29577919375151396}, "atc_eta": {"instance_id": "c12_e3_w80_u110_0009", "campus": 12, "size": 2981, "track": "e3", "structure": "dedicated", "phi": null, "eta": 1.0, "m": 1.0, "u_target": 1.1, "u_realized": 1.0901949126344075, "method": "atc_eta", "seed": 301, "twt": 14047.2326, "makespan": 188.7541, "mean_flow": 9.135323515598794, "breach_share": 0.04495135860449514, "breach_p1": 0.23790322580645162, "breach_p2": 0.035443037974683546, "breach_p3": 0.0027359781121751026, "breach_p4": 0.0, "decisions": 2981, "latency_ms_per_decision": 0.11554304169817724, "replans": null, "validator_ok": 1, "runtime_s": 0.34443380730226636}, "random": {"instance_id": "c12_e3_w80_u110_0009", "campus": 12, "size": 2981, "track": "e3", "structure": "dedicated", "phi": null, "eta": 1.0, "m": 1.0, "u_target": 1.1, "u_realized": 1.0901949126344075, "method": "random", "seed": 301, "twt": 33749.75239999999, "makespan": 187.10790000000003, "mean_flow": 10.101672089902717, "breach_share": 0.09023817510902382, "breach_p1": 0.4475806451612903, "breach_p2": 0.11139240506329114, "breach_p3": 0.004103967168262654, "breach_p4": 0.0, "decisions": 2981, "latency_ms_per_decision": 0.05394707382954995, "replans": null, "validator_ok": 1, "runtime_s": 0.16081622708588839}, "v2mlp301": {"instance_id": "c12_e3_w80_u110_0009", "campus": 12, "size": 2981, "track": "e3", "structure": "dedicated", "phi": null, "eta": 1.0, "m": 1.0, "u_target": 1.1, "u_realized": 1.0901949126344075, "method": "v2mlp301", "seed": 301, "twt": 13656.456, "makespan": 168.8407, "mean_flow": 12.05459761824891, "breach_share": 0.04428044280442804, "breach_p1": 0.23790322580645162, "breach_p2": 0.030379746835443037, "breach_p3": 0.0027359781121751026, "breach_p4": 0.0, "decisions": 2981, "latency_ms_per_decision": 0.5229185230677578, "replans": null, "validator_ok": 1, "runtime_s": 1.558820117264986}, "v2mlp302": {"instance_id": "c12_e3_w80_u110_0009", "campus": 12, "size": 2981, "track": "e3", "structure": "dedicated", "phi": null, "eta": 1.0, "m": 1.0, "u_target": 1.1, "u_realized": 1.0901949126344075, "method": "v2mlp302", "seed": 302, "twt": 17500.496799999997, "makespan": 184.6252, "mean_flow": 10.839949480040255, "breach_share": 0.0593760483059376, "breach_p1": 0.3084677419354839, "breach_p2": 0.05569620253164557, "breach_p3": 0.0027359781121751026, "breach_p4": 0.0, "decisions": 2981, "latency_ms_per_decision": 0.4810641045784918, "replans": null, "validator_ok": 1, "runtime_s": 1.4340520957484841}, "v2mlp303": {"instance_id": "c12_e3_w80_u110_0009", "campus": 12, "size": 2981, "track": "e3", "structure": "dedicated", "phi": null, "eta": 1.0, "m": 1.0, "u_target": 1.1, "u_realized": 1.0901949126344075, "method": "v2mlp303", "seed": 303, "twt": 13743.030399999985, "makespan": 177.36649999999997, "mean_flow": 11.371158436766184, "breach_share": 0.04461590070446159, "breach_p1": 0.2399193548387097, "breach_p2": 0.030379746835443037, "breach_p3": 0.0027359781121751026, "breach_p4": 0.0, "decisions": 2981, "latency_ms_per_decision": 0.4981991390365556, "replans": null, "validator_ok": 1, "runtime_s": 1.4851316334679723}, "v2mlp304": {"instance_id": "c12_e3_w80_u110_0009", "campus": 12, "size": 2981, "track": "e3", "structure": "dedicated", "phi": null, "eta": 1.0, "m": 1.0, "u_target": 1.1, "u_realized": 1.0901949126344075, "method": "v2mlp304", "seed": 304, "twt": 13728.087399999999, "makespan": 168.8562, "mean_flow": 12.059031767863134, "breach_share": 0.04797047970479705, "breach_p1": 0.2600806451612903, "breach_p2": 0.030379746835443037, "breach_p3": 0.0027359781121751026, "breach_p4": 0.0, "decisions": 2981, "latency_ms_per_decision": 0.5203978986757708, "replans": null, "validator_ok": 1, "runtime_s": 1.5513061359524727}, "v2mlp305": {"instance_id": "c12_e3_w80_u110_0009", "campus": 12, "size": 2981, "track": "e3", "structure": "dedicated", "phi": null, "eta": 1.0, "m": 1.0, "u_target": 1.1, "u_realized": 1.0901949126344075, "method": "v2mlp305", "seed": 305, "twt": 13686.742399999994, "makespan": 168.75490000000002, "mean_flow": 11.679786011405568, "breach_share": 0.04528681650452868, "breach_p1": 0.2439516129032258, "breach_p2": 0.030379746835443037, "breach_p3": 0.0027359781121751026, "breach_p4": 0.0, "decisions": 2981, "latency_ms_per_decision": 0.5073672840331114,