{"config_id": "c01_replay_150_0160__c01_full_eta100_m080", "rows": {"edd": {"instance_id": "c01_replay_150_0160", "campus": 1, "size": 150, "track": "replay", "structure": "full", "phi": null, "eta": 1.0, "m": 0.8, "u_target": null, "u_realized": null, "method": "edd", "seed": 301, "twt": 38.0, "makespan": 56.815799999999996, "mean_flow": 2.986631333333333, "breach_share": 0.006666666666666667, "breach_p1": null, "breach_p2": 0.014285714285714285, "breach_p3": 0.0, "breach_p4": 0.0, "decisions": 150, "latency_ms_per_decision": 0.03712408555050691, "replans": null, "validator_ok": 1, "runtime_s": 0.0055686128325760365}, "wspt": {"instance_id": "c01_replay_150_0160", "campus": 1, "size": 150, "track": "replay", "structure": "full", "phi": null, "eta": 1.0, "m": 0.8, "u_target": null, "u_realized": null, "method": "wspt", "seed": 301, "twt": 38.0, "makespan": 56.815799999999996, "mean_flow": 2.986631333333333, "breach_share": 0.006666666666666667, "breach_p1": null, "breach_p2": 0.014285714285714285, "breach_p3": 0.0, "breach_p4": 0.0, "decisions": 150, "latency_ms_per_decision": 0.037305752436319985, "replans": null, "validator_ok": 1, "runtime_s": 0.005595862865447998}, "atc": {"instance_id": "c01_replay_150_0160", "campus": 1, "size": 150, "track": "replay", "structure": "full", "phi": null, "eta": 1.0, "m": 0.8, "u_target": null, "u_realized": null, "method": "atc", "seed": 301, "twt": 38.0, "makespan": 56.815799999999996, "mean_flow": 2.986631333333333, "breach_share": 0.006666666666666667, "breach_p1": null, "breach_p2": 0.014285714285714285, "breach_p3": 0.0, "breach_p4": 0.0, "decisions": 150, "latency_ms_per_decision": 0.0399137195199728, "replans": null, "validator_ok": 1, "runtime_s": 0.00598705792799592}, "pfifo": {"instance_id": "c01_replay_150_0160", "campus": 1, "size": 150, "track": "replay", "structure": "full", "phi": null, "eta": 1.0, "m": 0.8, "u_target": null, "u_realized": null, "method": "pfifo", "seed": 301, "twt": 38.0, "makespan": 56.815799999999996, "mean_flow": 2.986631333333333, "breach_share": 0.006666666666666667, "breach_p1": null, "breach_p2": 0.014285714285714285, "breach_p3": 0.0, "breach_p4": 0.0, "decisions": 150, "latency_ms_per_decision": 0.03774636114637057, "replans": null, "validator_ok": 1, "runtime_s": 0.0056619541719555855}, "mor": {"instance_id": "c01_replay_150_0160", "campus": 1, "size": 150, "track": "replay", "structure": "full", "phi": null, "eta": 1.0, "m": 0.8, "u_target": null, "u_realized": null, "method": "mor", "seed": 301, "twt": 38.0, "makespan": 56.815799999999996, "mean_flow": 2.986631333333333, "breach_share": 0.006666666666666667, "breach_p1": null, "breach_p2": 0.014285714285714285, "breach_p3": 0.0, "breach_p4": 0.0, "decisions": 150, "latency_ms_per_decision": 0.037471018731594086, "replans": null, "validator_ok": 1, "runtime_s": 0.005620652809739113}, "lfj_atc": {"instance_id": "c01_replay_150_0160", "campus": 1, "size": 150, "track": "replay", "structure": "full", "phi": null, "eta": 1.0, "m": 0.8, "u_target": null, "u_realized": null, "method": "lfj_atc", "seed": 301, "twt": 38.0, "makespan": 56.815799999999996, "mean_flow": 2.986631333333333, "breach_share": 0.006666666666666667, "breach_p1": null, "breach_p2": 0.014285714285714285, "breach_p3": 0.0, "breach_p4": 0.0, "decisions": 150, "latency_ms_per_decision": 0.04127655178308487, "replans": null, "validator_ok": 1, "runtime_s": 0.00619148276746273}, "atc_eta": {"instance_id": "c01_replay_150_0160", "campus": 1, "size": 150, "track": "replay", "structure": "full", "phi": null, "eta": 1.0, "m": 0.8, "u_target": null, "u_realized": null, "method": "atc_eta", "seed": 301, "twt": 38.0, "makespan": 56.815799999999996, "mean_flow": 2.986631333333333, "breach_share": 0.006666666666666667, "breach_p1": null, "breach_p2": 0.014285714285714285, "breach_p3": 0.0, "breach_p4": 0.0, "decisions": 150, "latency_ms_per_decision": 0.07872108059624831, "replans": null, "validator_ok": 1, "runtime_s": 0.011808162089437246}, "random": {"instance_id": "c01_replay_150_0160", "campus": 1, "size": 150, "track": "replay", "structure": "full", "phi": null, "eta": 1.0, "m": 0.8, "u_target": null, "u_realized": null, "method": "random", "seed": 301, "twt": 38.0, "makespan": 56.815799999999996, "mean_flow": 2.986631333333333, "breach_share": 0.006666666666666667, "breach_p1": null, "breach_p2": 0.014285714285714285, "breach_p3": 0.0, "breach_p4": 0.0, "decisions": 150, "latency_ms_per_decision": 0.016536048303047817, "replans": null, "validator_ok": 1, "runtime_s": 0.0024804072454571724}, "v2mlp301": {"instance_id": "c01_replay_150_0160", "campus": 1, "size": 150, "track": "replay", "structure": "full", "phi": null, "eta": 1.0, "m": 0.8, "u_target": null, "u_realized": null, "method": "v2mlp301", "seed": 301, "twt": 38.0, "makespan": 56.815799999999996, "mean_flow": 2.986631333333333, "breach_share": 0.006666666666666667, "breach_p1": null, "breach_p2": 0.014285714285714285, "breach_p3": 0.0, "breach_p4": 0.0, "decisions": 150, "latency_ms_per_decision": 2.2358019463717937, "replans": null, "validator_ok": 1, "runtime_s": 0.33537029195576906}, "v2mlp302": {"instance_id": "c01_replay_150_0160", "campus": 1, "size": 150, "track": "replay", "structure": "full", "phi": null, "eta": 1.0, "m": 0.8, "u_target": null, "u_realized": null, "method": "v2mlp302", "seed": 302, "twt": 38.0, "makespan": 56.815799999999996, "mean_flow": 2.986631333333333, "breach_share": 0.006666666666666667, "breach_p1": null, "breach_p2": 0.014285714285714285, "breach_p3": 0.0, "breach_p4": 0.0, "decisions": 150, "latency_ms_per_decision": 2.1928480391701064, "replans": null, "validator_ok": 1, "runtime_s": 0.32892720587551594}, "v2mlp303": {"instance_id": "c01_replay_150_0160", "campus": 1, "size": 150, "track": "replay", "structure": "full", "phi": null, "eta": 1.0, "m": 0.8, "u_target": null, "u_realized": null, "method": "v2mlp303", "seed": 303, "twt": 38.0, "makespan": 56.815799999999996, "mean_flow": 2.986631333333333, "breach_share": 0.006666666666666667, "breach_p1": null, "breach_p2": 0.014285714285714285, "breach_p3": 0.0, "breach_p4": 0.0, "decisions": 150, "latency_ms_per_decision": 1.2237418815493584, "replans": null, "validator_ok": 1, "runtime_s": 0.18356128223240376}, "v2mlp304": {"instance_id": "c01_replay_150_0160", "campus": 1, "size": 150, "track": "replay", "structure": "full", "phi": null, "eta": 1.0, "m": 0.8, "u_target": null, "u_realized": null, "method": "v2mlp304", "seed": 304, "twt": 38.0, "makespan": 56.815799999999996, "mean_flow": 2.986631333333333, "breach_share": 0.006666666666666667, "breach_p1": null, "breach_p2": 0.014285714285714285, "breach_p3": 0.0, "breach_p4": 0.0, "decisions": 150, "latency_ms_per_decision": 2.0060425779471793, "replans": null, "validator_ok": 1, "runtime_s": 0.3009063866920769}, "v2mlp305": {"instance_id": "c01_replay_150_0160", "campus": 1, "size": 150, "track": "replay", "structure": "full", "phi": null, "eta": 1.0, "m": 0.8, "u_target": null, "u_realized": null, "method": "v2mlp305", "seed": 305, "twt": 38.0, "makespan": 56.815799999999996, "mean_flow": 2.986631333333333, "breach_share": 0.006666666666666667, "breach_p1": null, "breach_p2": 0.014285714285714285, "breach_p3": 0.0, "breach_p4": 0.0, "decisions": 150, "latency_ms_per_decision": 2.1121609583497047, "replans": null, "validator_ok": 1, "runtime_s": 0.3168241437524557}, "v2mlp306": {"instance_id": "c01_replay_150_0160", "campus": 1, "size": 150, "track": "replay", "structure": "full", "phi": null, "eta": 1.0, "m": 0.8, "u_target": null, "u_realized": null, "method": "v2mlp306", "seed": 306, "twt": 38.0, "makespan": 56.815799999999996, "mean_flow": 2.986631333333333, "breach_share": 0.006666666666666667, "breach_p1": null, "breach_p2": 0.014285714285714285, "breach_p3": 0.0, "breach_p4": 0.0, "decisions": 150, "latency_ms_per_decision": 2.456625159829855, "replans": null, "validator_ok": 1, "runtime_s": 0.36849377397447824},