{"config_id": "c01_replay_400_0100__c01_chain_phi100_eta100_m100", "rows": {"edd": {"instance_id": "c01_replay_400_0100", "campus": 1, "size": 400, "track": "replay", "structure": "chain", "phi": 1.0, "eta": 1.0, "m": 1.0, "u_target": null, "u_realized": null, "method": "edd", "seed": 301, "twt": 181.72959999999998, "makespan": 121.16980000000001, "mean_flow": 3.4125712500000005, "breach_share": 0.0125, "breach_p1": null, "breach_p2": 0.017467248908296942, "breach_p3": 0.027777777777777776, "breach_p4": 0.0, "decisions": 400, "latency_ms_per_decision": 0.02307218499481678, "replans": null, "validator_ok": 1, "runtime_s": 0.009228873997926712}, "wspt": {"instance_id": "c01_replay_400_0100", "campus": 1, "size": 400, "track": "replay", "structure": "chain", "phi": 1.0, "eta": 1.0, "m": 1.0, "u_target": null, "u_realized": null, "method": "wspt", "seed": 301, "twt": 181.72959999999998, "makespan": 121.16980000000001, "mean_flow": 3.4082412499999997, "breach_share": 0.0125, "breach_p1": null, "breach_p2": 0.017467248908296942, "breach_p3": 0.027777777777777776, "breach_p4": 0.0, "decisions": 400, "latency_ms_per_decision": 0.05057030241005123, "replans": null, "validator_ok": 1, "runtime_s": 0.02022812096402049}, "atc": {"instance_id": "c01_replay_400_0100", "campus": 1, "size": 400, "track": "replay", "structure": "chain", "phi": 1.0, "eta": 1.0, "m": 1.0, "u_target": null, "u_realized": null, "method": "atc", "seed": 301, "twt": 181.72959999999998, "makespan": 121.16980000000001, "mean_flow": 3.4149890000000003, "breach_share": 0.0125, "breach_p1": null, "breach_p2": 0.017467248908296942, "breach_p3": 0.027777777777777776, "breach_p4": 0.0, "decisions": 400, "latency_ms_per_decision": 0.041883219964802265, "replans": null, "validator_ok": 1, "runtime_s": 0.016753287985920906}, "pfifo": {"instance_id": "c01_replay_400_0100", "campus": 1, "size": 400, "track": "replay", "structure": "chain", "phi": 1.0, "eta": 1.0, "m": 1.0, "u_target": null, "u_realized": null, "method": "pfifo", "seed": 301, "twt": 181.72959999999998, "makespan": 121.16980000000001, "mean_flow": 3.4125712500000005, "breach_share": 0.0125, "breach_p1": null, "breach_p2": 0.017467248908296942, "breach_p3": 0.027777777777777776, "breach_p4": 0.0, "decisions": 400, "latency_ms_per_decision": 0.033825362334027886, "replans": null, "validator_ok": 1, "runtime_s": 0.013530144933611155}, "mor": {"instance_id": "c01_replay_400_0100", "campus": 1, "size": 400, "track": "replay", "structure": "chain", "phi": 1.0, "eta": 1.0, "m": 1.0, "u_target": null, "u_realized": null, "method": "mor", "seed": 301, "twt": 181.72959999999998, "makespan": 121.16980000000001, "mean_flow": 3.4165134999999998, "breach_share": 0.0125, "breach_p1": null, "breach_p2": 0.017467248908296942, "breach_p3": 0.027777777777777776, "breach_p4": 0.0, "decisions": 400, "latency_ms_per_decision": 0.04784215008839965, "replans": null, "validator_ok": 1, "runtime_s": 0.01913686003535986}, "lfj_atc": {"instance_id": "c01_replay_400_0100", "campus": 1, "size": 400, "track": "replay", "structure": "chain", "phi": 1.0, "eta": 1.0, "m": 1.0, "u_target": null, "u_realized": null, "method": "lfj_atc", "seed": 301, "twt": 181.72959999999998, "makespan": 121.16980000000001, "mean_flow": 3.4149890000000003, "breach_share": 0.0125, "breach_p1": null, "breach_p2": 0.017467248908296942, "breach_p3": 0.027777777777777776, "breach_p4": 0.0, "decisions": 400, "latency_ms_per_decision": 0.08949011913500726, "replans": null, "validator_ok": 1, "runtime_s": 0.035796047654002905}, "atc_eta": {"instance_id": "c01_replay_400_0100", "campus": 1, "size": 400, "track": "replay", "structure": "chain", "phi": 1.0, "eta": 1.0, "m": 1.0, "u_target": null, "u_realized": null, "method": "atc_eta", "seed": 301, "twt": 181.72959999999998, "makespan": 121.16980000000001, "mean_flow": 3.4149890000000003, "breach_share": 0.0125, "breach_p1": null, "breach_p2": 0.017467248908296942, "breach_p3": 0.027777777777777776, "breach_p4": 0.0, "decisions": 400, "latency_ms_per_decision": 0.08447765954770148, "replans": null, "validator_ok": 1, "runtime_s": 0.03379106381908059}, "random": {"instance_id": "c01_replay_400_0100", "campus": 1, "size": 400, "track": "replay", "structure": "chain", "phi": 1.0, "eta": 1.0, "m": 1.0, "u_target": null, "u_realized": null, "method": "random", "seed": 301, "twt": 181.72959999999998, "makespan": 121.16980000000001, "mean_flow": 3.4114892500000003, "breach_share": 0.0125, "breach_p1": null, "breach_p2": 0.017467248908296942, "breach_p3": 0.027777777777777776, "breach_p4": 0.0, "decisions": 400, "latency_ms_per_decision": 0.0409736402798444, "replans": null, "validator_ok": 1, "runtime_s": 0.01638945611193776}, "v2mlp301": {"instance_id": "c01_replay_400_0100", "campus": 1, "size": 400, "track": "replay", "structure": "chain", "phi": 1.0, "eta": 1.0, "m": 1.0, "u_target": null, "u_realized": null, "method": "v2mlp301", "seed": 301, "twt": 181.72959999999998, "makespan": 121.16980000000001, "mean_flow": 3.411328, "breach_share": 0.0125, "breach_p1": null, "breach_p2": 0.017467248908296942, "breach_p3": 0.027777777777777776, "breach_p4": 0.0, "decisions": 400, "latency_ms_per_decision": 0.5408145242836326, "replans": null, "validator_ok": 1, "runtime_s": 0.21632580971345305}, "v2mlp302": {"instance_id": "c01_replay_400_0100", "campus": 1, "size": 400, "track": "replay", "structure": "chain", "phi": 1.0, "eta": 1.0, "m": 1.0, "u_target": null, "u_realized": null, "method": "v2mlp302", "seed": 302, "twt": 181.72959999999998, "makespan": 121.16980000000001, "mean_flow": 3.4104382500000003, "breach_share": 0.0125, "breach_p1": null, "breach_p2": 0.017467248908296942, "breach_p3": 0.027777777777777776, "breach_p4": 0.0, "decisions": 400, "latency_ms_per_decision": 0.1728218118660152, "replans": null, "validator_ok": 1, "runtime_s": 0.06912872474640608}, "v2mlp303": {"instance_id": "c01_replay_400_0100", "campus": 1, "size": 400, "track": "replay", "structure": "chain", "phi": 1.0, "eta": 1.0, "m": 1.0, "u_target": null, "u_realized": null, "method": "v2mlp303", "seed": 303, "twt": 181.72959999999998, "makespan": 121.16980000000001, "mean_flow": 3.4162982499999996, "breach_share": 0.0125, "breach_p1": null, "breach_p2": 0.017467248908296942, "breach_p3": 0.027777777777777776, "breach_p4": 0.0, "decisions": 400, "latency_ms_per_decision": 0.145592310000211, "replans": null, "validator_ok": 1, "runtime_s": 0.0582369240000844}, "v2mlp304": {"instance_id": "c01_replay_400_0100", "campus": 1, "size": 400, "track": "replay", "structure": "chain", "phi": 1.0, "eta": 1.0, "m": 1.0, "u_target": null, "u_realized": null, "method": "v2mlp304", "seed": 304, "twt": 181.72959999999998, "makespan": 121.16980000000001, "mean_flow": 3.4121750000000004, "breach_share": 0.0125, "breach_p1": null, "breach_p2": 0.017467248908296942, "breach_p3": 0.027777777777777776, "breach_p4": 0.0, "decisions": 400, "latency_ms_per_decision": 0.14092854573391378, "replans": null, "validator_ok": 1, "runtime_s": 0.05637141829356551}, "v2mlp305": {"instance_id": "c01_replay_400_0100", "campus": 1, "size": 400, "track": "replay", "structure": "chain", "phi": 1.0, "eta": 1.0, "m": 1.0, "u_target": null, "u_realized": null, "method": "v2mlp305", "seed": 305, "twt": 181.72959999999998, "makespan": 121.16980000000001, "mean_flow": 3.4133242500000005, "breach_share": 0.0125, "breach_p1": null, "breach_p2": 0.017467248908296942, "breach_p3": 0.027777777777777776, "breach_p4": 0.0, "decisions": 400, "latency_ms_per_decision": 0.14579901238903403, "replans": null, "validator_ok": 1, "runtime_s": 0.05831960495561361}, "v2mlp306": {"instance_id": "c01_replay_400_0100", "campus": 1, "size": 400, "track": "replay", "structure": "chain", "phi": 1.0, "eta": 1.0, "m": 1.0, "u_target": null, "u_realized": null, "method": "v2mlp306", "seed": 306, "twt": 181.72959999999998, "makespan": 121.16980000000001, "mean_flow": 3.4111685, "breach_share": 0.0125, "breach_p1": null,