{"config_id": "c01_replay_150_0161__c01_full_eta100_m060", "rows": {"edd": {"instance_id": "c01_replay_150_0161", "campus": 1, "size": 150, "track": "replay", "structure": "full", "phi": null, "eta": 1.0, "m": 0.6, "u_target": null, "u_realized": null, "method": "edd", "seed": 301, "twt": 28.0, "makespan": 99.3379, "mean_flow": 4.329098666666667, "breach_share": 0.006666666666666667, "breach_p1": null, "breach_p2": 0.009900990099009901, "breach_p3": 0.0, "breach_p4": 0.0, "decisions": 150, "latency_ms_per_decision": 0.03695640712976456, "replans": null, "validator_ok": 1, "runtime_s": 0.0055434610694646835}, "wspt": {"instance_id": "c01_replay_150_0161", "campus": 1, "size": 150, "track": "replay", "structure": "full", "phi": null, "eta": 1.0, "m": 0.6, "u_target": null, "u_realized": null, "method": "wspt", "seed": 301, "twt": 28.0, "makespan": 99.3379, "mean_flow": 4.329098666666667, "breach_share": 0.006666666666666667, "breach_p1": null, "breach_p2": 0.009900990099009901, "breach_p3": 0.0, "breach_p4": 0.0, "decisions": 150, "latency_ms_per_decision": 0.04366225562989712, "replans": null, "validator_ok": 1, "runtime_s": 0.006549338344484568}, "atc": {"instance_id": "c01_replay_150_0161", "campus": 1, "size": 150, "track": "replay", "structure": "full", "phi": null, "eta": 1.0, "m": 0.6, "u_target": null, "u_realized": null, "method": "atc", "seed": 301, "twt": 28.0, "makespan": 99.3379, "mean_flow": 4.329098666666667, "breach_share": 0.006666666666666667, "breach_p1": null, "breach_p2": 0.009900990099009901, "breach_p3": 0.0, "breach_p4": 0.0, "decisions": 150, "latency_ms_per_decision": 0.018006588021914165, "replans": null, "validator_ok": 1, "runtime_s": 0.0027009882032871246}, "pfifo": {"instance_id": "c01_replay_150_0161", "campus": 1, "size": 150, "track": "replay", "structure": "full", "phi": null, "eta": 1.0, "m": 0.6, "u_target": null, "u_realized": null, "method": "pfifo", "seed": 301, "twt": 28.0, "makespan": 99.3379, "mean_flow": 4.329098666666667, "breach_share": 0.006666666666666667, "breach_p1": null, "breach_p2": 0.009900990099009901, "breach_p3": 0.0, "breach_p4": 0.0, "decisions": 150, "latency_ms_per_decision": 0.030442712207635243, "replans": null, "validator_ok": 1, "runtime_s": 0.0045664068311452866}, "mor": {"instance_id": "c01_replay_150_0161", "campus": 1, "size": 150, "track": "replay", "structure": "full", "phi": null, "eta": 1.0, "m": 0.6, "u_target": null, "u_realized": null, "method": "mor", "seed": 301, "twt": 28.0, "makespan": 99.3379, "mean_flow": 4.329098666666667, "breach_share": 0.006666666666666667, "breach_p1": null, "breach_p2": 0.009900990099009901, "breach_p3": 0.0, "breach_p4": 0.0, "decisions": 150, "latency_ms_per_decision": 0.0503126656015714, "replans": null, "validator_ok": 1, "runtime_s": 0.00754689984023571}, "lfj_atc": {"instance_id": "c01_replay_150_0161", "campus": 1, "size": 150, "track": "replay", "structure": "full", "phi": null, "eta": 1.0, "m": 0.6, "u_target": null, "u_realized": null, "method": "lfj_atc", "seed": 301, "twt": 28.0, "makespan": 99.3379, "mean_flow": 4.329098666666667, "breach_share": 0.006666666666666667, "breach_p1": null, "breach_p2": 0.009900990099009901, "breach_p3": 0.0, "breach_p4": 0.0, "decisions": 150, "latency_ms_per_decision": 0.039839946354428925, "replans": null, "validator_ok": 1, "runtime_s": 0.005975991953164339}, "atc_eta": {"instance_id": "c01_replay_150_0161", "campus": 1, "size": 150, "track": "replay", "structure": "full", "phi": null, "eta": 1.0, "m": 0.6, "u_target": null, "u_realized": null, "method": "atc_eta", "seed": 301, "twt": 28.0, "makespan": 99.3379, "mean_flow": 4.329098666666667, "breach_share": 0.006666666666666667, "breach_p1": null, "breach_p2": 0.009900990099009901, "breach_p3": 0.0, "breach_p4": 0.0, "decisions": 150, "latency_ms_per_decision": 0.07912999950349331, "replans": null, "validator_ok": 1, "runtime_s": 0.011869499925523996}, "random": {"instance_id": "c01_replay_150_0161", "campus": 1, "size": 150, "track": "replay", "structure": "full", "phi": null, "eta": 1.0, "m": 0.6, "u_target": null, "u_realized": null, "method": "random", "seed": 301, "twt": 28.0, "makespan": 99.3379, "mean_flow": 4.329098666666667, "breach_share": 0.006666666666666667, "breach_p1": null, "breach_p2": 0.009900990099009901, "breach_p3": 0.0, "breach_p4": 0.0, "decisions": 150, "latency_ms_per_decision": 0.06402627564966679, "replans": null, "validator_ok": 1, "runtime_s": 0.009603941347450018}, "v2mlp301": {"instance_id": "c01_replay_150_0161", "campus": 1, "size": 150, "track": "replay", "structure": "full", "phi": null, "eta": 1.0, "m": 0.6, "u_target": null, "u_realized": null, "method": "v2mlp301", "seed": 301, "twt": 28.0, "makespan": 99.3379, "mean_flow": 4.329098666666667, "breach_share": 0.006666666666666667, "breach_p1": null, "breach_p2": 0.009900990099009901, "breach_p3": 0.0, "breach_p4": 0.0, "decisions": 150, "latency_ms_per_decision": 1.434305974592765, "replans": null, "validator_ok": 1, "runtime_s": 0.21514589618891478}, "v2mlp302": {"instance_id": "c01_replay_150_0161", "campus": 1, "size": 150, "track": "replay", "structure": "full", "phi": null, "eta": 1.0, "m": 0.6, "u_target": null, "u_realized": null, "method": "v2mlp302", "seed": 302, "twt": 28.0, "makespan": 99.3379, "mean_flow": 4.329098666666667, "breach_share": 0.006666666666666667, "breach_p1": null, "breach_p2": 0.009900990099009901, "breach_p3": 0.0, "breach_p4": 0.0, "decisions": 150, "latency_ms_per_decision": 1.3707297015935183, "replans": null, "validator_ok": 1, "runtime_s": 0.20560945523902774}, "v2mlp303": {"instance_id": "c01_replay_150_0161", "campus": 1, "size": 150, "track": "replay", "structure": "full", "phi": null, "eta": 1.0, "m": 0.6, "u_target": null, "u_realized": null, "method": "v2mlp303", "seed": 303, "twt": 28.0, "makespan": 99.3379, "mean_flow": 4.329098666666667, "breach_share": 0.006666666666666667, "breach_p1": null, "breach_p2": 0.009900990099009901, "breach_p3": 0.0, "breach_p4": 0.0, "decisions": 150, "latency_ms_per_decision": 0.4828478458027045, "replans": null, "validator_ok": 1, "runtime_s": 0.07242717687040567}, "v2mlp304": {"instance_id": "c01_replay_150_0161", "campus": 1, "size": 150, "track": "replay", "structure": "full", "phi": null, "eta": 1.0, "m": 0.6, "u_target": null, "u_realized": null, "method": "v2mlp304", "seed": 304, "twt": 28.0, "makespan": 99.3379, "mean_flow": 4.329098666666667, "breach_share": 0.006666666666666667, "breach_p1": null, "breach_p2": 0.009900990099009901, "breach_p3": 0.0, "breach_p4": 0.0, "decisions": 150, "latency_ms_per_decision": 0.6851710534344116, "replans": null, "validator_ok": 1, "runtime_s": 0.10277565801516175}, "v2mlp305": {"instance_id": "c01_replay_150_0161", "campus": 1, "size": 150, "track": "replay", "structure": "full", "phi": null, "eta": 1.0, "m": 0.6, "u_target": null, "u_realized": null, "method": "v2mlp305", "seed": 305, "twt": 28.0, "makespan": 99.3379, "mean_flow": 4.329098666666667, "breach_share": 0.006666666666666667, "breach_p1": null, "breach_p2": 0.009900990099009901, "breach_p3": 0.0, "breach_p4": 0.0, "decisions": 150, "latency_ms_per_decision": 0.5491809950520595, "replans": null, "validator_ok": 1, "runtime_s": 0.08237714925780892}, "v2mlp306": {"instance_id": "c01_replay_150_0161", "campus": 1, "size": 150, "track": "replay", "structure": "full", "phi": null, "eta": 1.0, "m": 0.6, "u_target": null, "u_realized": null, "method": "v2mlp306", "seed": 306, "twt": 28.0, "makespan": 99.3379, "mean_flow": 4.329098666666667, "breach_share": 0.006666666666666667, "breach_p1": null, "breach_p2": 0.009900990099009901, "breach_p3": 0.0, "breach_p4": 0.0, "decisions": 150, "latency_ms_per_decision": 0.5909434178223213, "replans": null, "validator_ok": 1, "runtime_s": 0.08864151267334819}, "v2mlp307": {"instance_id": "c01_replay_150_0161", "campus": 1, "size": 150, "track": "replay", "structure": "full", "phi": null, "eta": 1.0, "m": 0.6, "u_target": null, "u_realized": null,