{"config_id": "c01_replay_150_0122__c01_chain_phi100_eta100_m060", "rows": {"edd": {"instance_id": "c01_replay_150_0122", "campus": 1, "size": 150, "track": "replay", "structure": "chain", "phi": 1.0, "eta": 1.0, "m": 0.6, "u_target": null, "u_realized": null, "method": "edd", "seed": 301, "twt": 117.99999999999999, "makespan": 58.4631, "mean_flow": 3.2940773333333335, "breach_share": 0.006666666666666667, "breach_p1": null, "breach_p2": 0.011363636363636364, "breach_p3": 0.0, "breach_p4": 0.0, "decisions": 150, "latency_ms_per_decision": 0.0063215941190719604, "replans": null, "validator_ok": 1, "runtime_s": 0.0009482391178607941}, "wspt": {"instance_id": "c01_replay_150_0122", "campus": 1, "size": 150, "track": "replay", "structure": "chain", "phi": 1.0, "eta": 1.0, "m": 0.6, "u_target": null, "u_realized": null, "method": "wspt", "seed": 301, "twt": 117.99999999999999, "makespan": 58.4631, "mean_flow": 3.2074106666666666, "breach_share": 0.006666666666666667, "breach_p1": null, "breach_p2": 0.011363636363636364, "breach_p3": 0.0, "breach_p4": 0.0, "decisions": 150, "latency_ms_per_decision": 0.1536396269996961, "replans": null, "validator_ok": 1, "runtime_s": 0.023045944049954414}, "atc": {"instance_id": "c01_replay_150_0122", "campus": 1, "size": 150, "track": "replay", "structure": "chain", "phi": 1.0, "eta": 1.0, "m": 0.6, "u_target": null, "u_realized": null, "method": "atc", "seed": 301, "twt": 117.99999999999999, "makespan": 58.4631, "mean_flow": 3.2007440000000003, "breach_share": 0.006666666666666667, "breach_p1": null, "breach_p2": 0.011363636363636364, "breach_p3": 0.0, "breach_p4": 0.0, "decisions": 150, "latency_ms_per_decision": 0.007681719337900479, "replans": null, "validator_ok": 1, "runtime_s": 0.001152257900685072}, "pfifo": {"instance_id": "c01_replay_150_0122", "campus": 1, "size": 150, "track": "replay", "structure": "chain", "phi": 1.0, "eta": 1.0, "m": 0.6, "u_target": null, "u_realized": null, "method": "pfifo", "seed": 301, "twt": 117.99999999999999, "makespan": 58.4631, "mean_flow": 3.2940773333333335, "breach_share": 0.006666666666666667, "breach_p1": null, "breach_p2": 0.011363636363636364, "breach_p3": 0.0, "breach_p4": 0.0, "decisions": 150, "latency_ms_per_decision": 0.10662691357235114, "replans": null, "validator_ok": 1, "runtime_s": 0.01599403703585267}, "mor": {"instance_id": "c01_replay_150_0122", "campus": 1, "size": 150, "track": "replay", "structure": "chain", "phi": 1.0, "eta": 1.0, "m": 0.6, "u_target": null, "u_realized": null, "method": "mor", "seed": 301, "twt": 117.99999999999999, "makespan": 58.4631, "mean_flow": 3.360744, "breach_share": 0.006666666666666667, "breach_p1": null, "breach_p2": 0.011363636363636364, "breach_p3": 0.0, "breach_p4": 0.0, "decisions": 150, "latency_ms_per_decision": 0.006305609519282977, "replans": null, "validator_ok": 1, "runtime_s": 0.0009458414278924465}, "lfj_atc": {"instance_id": "c01_replay_150_0122", "campus": 1, "size": 150, "track": "replay", "structure": "chain", "phi": 1.0, "eta": 1.0, "m": 0.6, "u_target": null, "u_realized": null, "method": "lfj_atc", "seed": 301, "twt": 117.99999999999999, "makespan": 58.4631, "mean_flow": 3.2007440000000003, "breach_share": 0.006666666666666667, "breach_p1": null, "breach_p2": 0.011363636363636364, "breach_p3": 0.0, "breach_p4": 0.0, "decisions": 150, "latency_ms_per_decision": 0.00860497976342837, "replans": null, "validator_ok": 1, "runtime_s": 0.0012907469645142555}, "atc_eta": {"instance_id": "c01_replay_150_0122", "campus": 1, "size": 150, "track": "replay", "structure": "chain", "phi": 1.0, "eta": 1.0, "m": 0.6, "u_target": null, "u_realized": null, "method": "atc_eta", "seed": 301, "twt": 117.99999999999999, "makespan": 58.4631, "mean_flow": 3.2007440000000003, "breach_share": 0.006666666666666667, "breach_p1": null, "breach_p2": 0.011363636363636364, "breach_p3": 0.0, "breach_p4": 0.0, "decisions": 150, "latency_ms_per_decision": 0.161539688706398, "replans": null, "validator_ok": 1, "runtime_s": 0.0242309533059597}, "random": {"instance_id": "c01_replay_150_0122", "campus": 1, "size": 150, "track": "replay", "structure": "chain", "phi": 1.0, "eta": 1.0, "m": 0.6, "u_target": null, "u_realized": null, "method": "random", "seed": 301, "twt": 117.99999999999999, "makespan": 58.4631, "mean_flow": 3.2333333333333334, "breach_share": 0.006666666666666667, "breach_p1": null, "breach_p2": 0.011363636363636364, "breach_p3": 0.0, "breach_p4": 0.0, "decisions": 150, "latency_ms_per_decision": 0.04630565953751405, "replans": null, "validator_ok": 1, "runtime_s": 0.006945848930627108}, "v2mlp301": {"instance_id": "c01_replay_150_0122", "campus": 1, "size": 150, "track": "replay", "structure": "chain", "phi": 1.0, "eta": 1.0, "m": 0.6, "u_target": null, "u_realized": null, "method": "v2mlp301", "seed": 301, "twt": 117.99999999999999, "makespan": 58.4631, "mean_flow": 3.230744, "breach_share": 0.006666666666666667, "breach_p1": null, "breach_p2": 0.011363636363636364, "breach_p3": 0.0, "breach_p4": 0.0, "decisions": 150, "latency_ms_per_decision": 0.9049590242405733, "replans": null, "validator_ok": 1, "runtime_s": 0.135743853636086}, "v2mlp302": {"instance_id": "c01_replay_150_0122", "campus": 1, "size": 150, "track": "replay", "structure": "chain", "phi": 1.0, "eta": 1.0, "m": 0.6, "u_target": null, "u_realized": null, "method": "v2mlp302", "seed": 302, "twt": 117.99999999999999, "makespan": 58.4631, "mean_flow": 3.4, "breach_share": 0.006666666666666667, "breach_p1": null, "breach_p2": 0.011363636363636364, "breach_p3": 0.0, "breach_p4": 0.0, "decisions": 150, "latency_ms_per_decision": 0.7723519206047058, "replans": null, "validator_ok": 1, "runtime_s": 0.11585278809070587}, "v2mlp303": {"instance_id": "c01_replay_150_0122", "campus": 1, "size": 150, "track": "replay", "structure": "chain", "phi": 1.0, "eta": 1.0, "m": 0.6, "u_target": null, "u_realized": null, "method": "v2mlp303", "seed": 303, "twt": 117.99999999999999, "makespan": 58.4631, "mean_flow": 3.3740773333333336, "breach_share": 0.006666666666666667, "breach_p1": null, "breach_p2": 0.011363636363636364, "breach_p3": 0.0, "breach_p4": 0.0, "decisions": 150, "latency_ms_per_decision": 0.7824534426132838, "replans": null, "validator_ok": 1, "runtime_s": 0.11736801639199257}, "v2mlp304": {"instance_id": "c01_replay_150_0122", "campus": 1, "size": 150, "track": "replay", "structure": "chain", "phi": 1.0, "eta": 1.0, "m": 0.6, "u_target": null, "u_realized": null, "method": "v2mlp304", "seed": 304, "twt": 117.99999999999999, "makespan": 58.4631, "mean_flow": 3.3733333333333335, "breach_share": 0.006666666666666667, "breach_p1": null, "breach_p2": 0.011363636363636364, "breach_p3": 0.0, "breach_p4": 0.0, "decisions": 150, "latency_ms_per_decision": 0.789552666246891, "replans": null, "validator_ok": 1, "runtime_s": 0.11843289993703365}, "v2mlp305": {"instance_id": "c01_replay_150_0122", "campus": 1, "size": 150, "track": "replay", "structure": "chain", "phi": 1.0, "eta": 1.0, "m": 0.6, "u_target": null, "u_realized": null, "method": "v2mlp305", "seed": 305, "twt": 117.99999999999999, "makespan": 58.4631, "mean_flow": 3.2066666666666666, "breach_share": 0.006666666666666667, "breach_p1": null, "breach_p2": 0.011363636363636364, "breach_p3": 0.0, "breach_p4": 0.0, "decisions": 150, "latency_ms_per_decision": 0.9000359196215868, "replans": null, "validator_ok": 1, "runtime_s": 0.13500538794323802}, "v2mlp306": {"instance_id": "c01_replay_150_0122", "campus": 1, "size": 150, "track": "replay", "structure": "chain", "phi": 1.0, "eta": 1.0, "m": 0.6, "u_target": null, "u_realized": null, "method": "v2mlp306", "seed": 306, "twt": 117.99999999999999, "makespan": 58.4631, "mean_flow": 3.3740773333333336, "breach_share": 0.006666666666666667, "breach_p1": null, "breach_p2": 0.011363636363636364, "breach_p3": 0.0, "breach_p4": 0.0, "decisions": 150, "latency_ms_per_decision": 0.7162831847866377, "replans": null, "validator_ok": 1, "runtime_s": 0.10744247771799564},