{"config_id": "c01_replay_400_0131__c01_chain_phi100_eta080_m100", "rows": {"edd": {"instance_id": "c01_replay_400_0131", "campus": 1, "size": 400, "track": "replay", "structure": "chain", "phi": 1.0, "eta": 0.8, "m": 1.0, "u_target": null, "u_realized": null, "method": "edd", "seed": 301, "twt": 110.00000000000003, "makespan": 107.772, "mean_flow": 4.00376775, "breach_share": 0.005, "breach_p1": null, "breach_p2": 0.011834319526627219, "breach_p3": 0.0, "breach_p4": 0.0, "decisions": 400, "latency_ms_per_decision": 0.038644205778837204, "replans": null, "validator_ok": 1, "runtime_s": 0.015457682311534882}, "wspt": {"instance_id": "c01_replay_400_0131", "campus": 1, "size": 400, "track": "replay", "structure": "chain", "phi": 1.0, "eta": 0.8, "m": 1.0, "u_target": null, "u_realized": null, "method": "wspt", "seed": 301, "twt": 110.00000000000003, "makespan": 107.772, "mean_flow": 3.9108355, "breach_share": 0.005, "breach_p1": null, "breach_p2": 0.011834319526627219, "breach_p3": 0.0, "breach_p4": 0.0, "decisions": 400, "latency_ms_per_decision": 0.026298945304006338, "replans": null, "validator_ok": 1, "runtime_s": 0.010519578121602535}, "atc": {"instance_id": "c01_replay_400_0131", "campus": 1, "size": 400, "track": "replay", "structure": "chain", "phi": 1.0, "eta": 0.8, "m": 1.0, "u_target": null, "u_realized": null, "method": "atc", "seed": 301, "twt": 110.00000000000003, "makespan": 107.772, "mean_flow": 3.9603545, "breach_share": 0.005, "breach_p1": null, "breach_p2": 0.011834319526627219, "breach_p3": 0.0, "breach_p4": 0.0, "decisions": 400, "latency_ms_per_decision": 0.041284027975052595, "replans": null, "validator_ok": 1, "runtime_s": 0.016513611190021038}, "pfifo": {"instance_id": "c01_replay_400_0131", "campus": 1, "size": 400, "track": "replay", "structure": "chain", "phi": 1.0, "eta": 0.8, "m": 1.0, "u_target": null, "u_realized": null, "method": "pfifo", "seed": 301, "twt": 110.00000000000003, "makespan": 107.772, "mean_flow": 4.00376775, "breach_share": 0.005, "breach_p1": null, "breach_p2": 0.011834319526627219, "breach_p3": 0.0, "breach_p4": 0.0, "decisions": 400, "latency_ms_per_decision": 0.05386068485677242, "replans": null, "validator_ok": 1, "runtime_s": 0.02154427394270897}, "mor": {"instance_id": "c01_replay_400_0131", "campus": 1, "size": 400, "track": "replay", "structure": "chain", "phi": 1.0, "eta": 0.8, "m": 1.0, "u_target": null, "u_realized": null, "method": "mor", "seed": 301, "twt": 110.00000000000003, "makespan": 107.772, "mean_flow": 4.41685325, "breach_share": 0.005, "breach_p1": null, "breach_p2": 0.011834319526627219, "breach_p3": 0.0, "breach_p4": 0.0, "decisions": 400, "latency_ms_per_decision": 0.03831258276477456, "replans": null, "validator_ok": 1, "runtime_s": 0.015325033105909824}, "lfj_atc": {"instance_id": "c01_replay_400_0131", "campus": 1, "size": 400, "track": "replay", "structure": "chain", "phi": 1.0, "eta": 0.8, "m": 1.0, "u_target": null, "u_realized": null, "method": "lfj_atc", "seed": 301, "twt": 110.00000000000003, "makespan": 107.772, "mean_flow": 3.9603545, "breach_share": 0.005, "breach_p1": null, "breach_p2": 0.011834319526627219, "breach_p3": 0.0, "breach_p4": 0.0, "decisions": 400, "latency_ms_per_decision": 0.0601278874091804, "replans": null, "validator_ok": 1, "runtime_s": 0.02405115496367216}, "atc_eta": {"instance_id": "c01_replay_400_0131", "campus": 1, "size": 400, "track": "replay", "structure": "chain", "phi": 1.0, "eta": 0.8, "m": 1.0, "u_target": null, "u_realized": null, "method": "atc_eta", "seed": 301, "twt": 110.00000000000003, "makespan": 107.772, "mean_flow": 3.9596315000000004, "breach_share": 0.005, "breach_p1": null, "breach_p2": 0.011834319526627219, "breach_p3": 0.0, "breach_p4": 0.0, "decisions": 400, "latency_ms_per_decision": 0.08494292735122144, "replans": null, "validator_ok": 1, "runtime_s": 0.03397717094048858}, "random": {"instance_id": "c01_replay_400_0131", "campus": 1, "size": 400, "track": "replay", "structure": "chain", "phi": 1.0, "eta": 0.8, "m": 1.0, "u_target": null, "u_realized": null, "method": "random", "seed": 301, "twt": 110.00000000000003, "makespan": 107.772, "mean_flow": 4.12680125, "breach_share": 0.005, "breach_p1": null, "breach_p2": 0.011834319526627219, "breach_p3": 0.0, "breach_p4": 0.0, "decisions": 400, "latency_ms_per_decision": 0.027394096832722425, "replans": null, "validator_ok": 1, "runtime_s": 0.01095763873308897}, "v2mlp301": {"instance_id": "c01_replay_400_0131", "campus": 1, "size": 400, "track": "replay", "structure": "chain", "phi": 1.0, "eta": 0.8, "m": 1.0, "u_target": null, "u_realized": null, "method": "v2mlp301", "seed": 301, "twt": 110.00000000000003, "makespan": 107.772, "mean_flow": 3.9170050000000005, "breach_share": 0.005, "breach_p1": null, "breach_p2": 0.011834319526627219, "breach_p3": 0.0, "breach_p4": 0.0, "decisions": 400, "latency_ms_per_decision": 0.36748160026036203, "replans": null, "validator_ok": 1, "runtime_s": 0.1469926401041448}, "v2mlp302": {"instance_id": "c01_replay_400_0131", "campus": 1, "size": 400, "track": "replay", "structure": "chain", "phi": 1.0, "eta": 0.8, "m": 1.0, "u_target": null, "u_realized": null, "method": "v2mlp302", "seed": 302, "twt": 110.00000000000003, "makespan": 107.772, "mean_flow": 4.41257925, "breach_share": 0.005, "breach_p1": null, "breach_p2": 0.011834319526627219, "breach_p3": 0.0, "breach_p4": 0.0, "decisions": 400, "latency_ms_per_decision": 0.3277244500350207, "replans": null, "validator_ok": 1, "runtime_s": 0.13108978001400828}, "v2mlp303": {"instance_id": "c01_replay_400_0131", "campus": 1, "size": 400, "track": "replay", "structure": "chain", "phi": 1.0, "eta": 0.8, "m": 1.0, "u_target": null, "u_realized": null, "method": "v2mlp303", "seed": 303, "twt": 110.00000000000003, "makespan": 107.772, "mean_flow": 4.420415500000001, "breach_share": 0.005, "breach_p1": null, "breach_p2": 0.011834319526627219, "breach_p3": 0.0, "breach_p4": 0.0, "decisions": 400, "latency_ms_per_decision": 0.37486296030692756, "replans": null, "validator_ok": 1, "runtime_s": 0.14994518412277102}, "v2mlp304": {"instance_id": "c01_replay_400_0131", "campus": 1, "size": 400, "track": "replay", "structure": "chain", "phi": 1.0, "eta": 0.8, "m": 1.0, "u_target": null, "u_realized": null, "method": "v2mlp304", "seed": 304, "twt": 110.00000000000003, "makespan": 107.772, "mean_flow": 4.489285, "breach_share": 0.005, "breach_p1": null, "breach_p2": 0.011834319526627219, "breach_p3": 0.0, "breach_p4": 0.0, "decisions": 400, "latency_ms_per_decision": 0.4513788898475468, "replans": null, "validator_ok": 1, "runtime_s": 0.18055155593901873}, "v2mlp305": {"instance_id": "c01_replay_400_0131", "campus": 1, "size": 400, "track": "replay", "structure": "chain", "phi": 1.0, "eta": 0.8, "m": 1.0, "u_target": null, "u_realized": null, "method": "v2mlp305", "seed": 305, "twt": 110.00000000000003, "makespan": 107.772, "mean_flow": 4.06283875, "breach_share": 0.005, "breach_p1": null, "breach_p2": 0.011834319526627219, "breach_p3": 0.0, "breach_p4": 0.0, "decisions": 400, "latency_ms_per_decision": 0.35173133248463273, "replans": null, "validator_ok": 1, "runtime_s": 0.1406925329938531}, "v2mlp306": {"instance_id": "c01_replay_400_0131", "campus": 1, "size": 400, "track": "replay", "structure": "chain", "phi": 1.0, "eta": 0.8, "m": 1.0, "u_target": null, "u_realized": null, "method": "v2mlp306", "seed": 306, "twt": 110.00000000000003, "makespan": 107.772, "mean_flow": 4.47109675, "breach_share": 0.005, "breach_p1": null, "breach_p2": 0.011834319526627219, "breach_p3": 0.0, "breach_p4": 0.0, "decisions": 400, "latency_ms_per_decision": 0.6208483420778066, "replans": null, "validator_ok": 1, "runtime_s": 0.24833933683112264}, "v2mlp307": {"instance_id": "c01_replay_400_0131", "campus": 1, "size": 400, "track": "replay", "structure": "chain", "phi": 1.0, "eta": 0.8, "m": 1.0, "u_target": null, "u_realized": null, "method": "v2mlp307", "seed": 307, "twt": 110.00000000000003, "makespan": 107.772,