{"config_id": "c01_replay_150_0196__c01_chain_phi100_eta080_m060", "rows": {"edd": {"instance_id": "c01_replay_150_0196", "campus": 1, "size": 150, "track": "replay", "structure": "chain", "phi": 1.0, "eta": 0.8, "m": 0.6, "u_target": null, "u_realized": null, "method": "edd", "seed": 301, "twt": 231.7296, "makespan": 98.8648, "mean_flow": 4.914815333333333, "breach_share": 0.02, "breach_p1": 0.0, "breach_p2": 0.0196078431372549, "breach_p3": 0.05263157894736842, "breach_p4": 0.0, "decisions": 150, "latency_ms_per_decision": 0.13925128616392612, "replans": null, "validator_ok": 1, "runtime_s": 0.02088769292458892}, "wspt": {"instance_id": "c01_replay_150_0196", "campus": 1, "size": 150, "track": "replay", "structure": "chain", "phi": 1.0, "eta": 0.8, "m": 0.6, "u_target": null, "u_realized": null, "method": "wspt", "seed": 301, "twt": 233.212, "makespan": 98.8648, "mean_flow": 4.913692000000001, "breach_share": 0.02666666666666667, "breach_p1": 0.0, "breach_p2": 0.029411764705882353, "breach_p3": 0.05263157894736842, "breach_p4": 0.0, "decisions": 150, "latency_ms_per_decision": 0.02717318634192149, "replans": null, "validator_ok": 1, "runtime_s": 0.004075977951288223}, "atc": {"instance_id": "c01_replay_150_0196", "campus": 1, "size": 150, "track": "replay", "structure": "chain", "phi": 1.0, "eta": 0.8, "m": 0.6, "u_target": null, "u_realized": null, "method": "atc", "seed": 301, "twt": 231.7296, "makespan": 98.8648, "mean_flow": 4.880872666666666, "breach_share": 0.02, "breach_p1": 0.0, "breach_p2": 0.0196078431372549, "breach_p3": 0.05263157894736842, "breach_p4": 0.0, "decisions": 150, "latency_ms_per_decision": 0.047187693417072296, "replans": null, "validator_ok": 1, "runtime_s": 0.007078154012560844}, "pfifo": {"instance_id": "c01_replay_150_0196", "campus": 1, "size": 150, "track": "replay", "structure": "chain", "phi": 1.0, "eta": 0.8, "m": 0.6, "u_target": null, "u_realized": null, "method": "pfifo", "seed": 301, "twt": 231.7296, "makespan": 98.8648, "mean_flow": 4.914815333333333, "breach_share": 0.02, "breach_p1": 0.0, "breach_p2": 0.0196078431372549, "breach_p3": 0.05263157894736842, "breach_p4": 0.0, "decisions": 150, "latency_ms_per_decision": 0.005888072773814201, "replans": null, "validator_ok": 1, "runtime_s": 0.0008832109160721302}, "mor": {"instance_id": "c01_replay_150_0196", "campus": 1, "size": 150, "track": "replay", "structure": "chain", "phi": 1.0, "eta": 0.8, "m": 0.6, "u_target": null, "u_realized": null, "method": "mor", "seed": 301, "twt": 231.7296, "makespan": 98.8648, "mean_flow": 4.976268, "breach_share": 0.02, "breach_p1": 0.0, "breach_p2": 0.0196078431372549, "breach_p3": 0.05263157894736842, "breach_p4": 0.0, "decisions": 150, "latency_ms_per_decision": 0.005726432427763939, "replans": null, "validator_ok": 1, "runtime_s": 0.0008589648641645908}, "lfj_atc": {"instance_id": "c01_replay_150_0196", "campus": 1, "size": 150, "track": "replay", "structure": "chain", "phi": 1.0, "eta": 0.8, "m": 0.6, "u_target": null, "u_realized": null, "method": "lfj_atc", "seed": 301, "twt": 231.7296, "makespan": 98.8648, "mean_flow": 4.880872666666668, "breach_share": 0.02, "breach_p1": 0.0, "breach_p2": 0.0196078431372549, "breach_p3": 0.05263157894736842, "breach_p4": 0.0, "decisions": 150, "latency_ms_per_decision": 0.10390783349672954, "replans": null, "validator_ok": 1, "runtime_s": 0.01558617502450943}, "atc_eta": {"instance_id": "c01_replay_150_0196", "campus": 1, "size": 150, "track": "replay", "structure": "chain", "phi": 1.0, "eta": 0.8, "m": 0.6, "u_target": null, "u_realized": null, "method": "atc_eta", "seed": 301, "twt": 231.7296, "makespan": 98.8648, "mean_flow": 4.880872666666668, "breach_share": 0.02, "breach_p1": 0.0, "breach_p2": 0.0196078431372549, "breach_p3": 0.05263157894736842, "breach_p4": 0.0, "decisions": 150, "latency_ms_per_decision": 0.01098038007815679, "replans": null, "validator_ok": 1, "runtime_s": 0.0016470570117235184}, "random": {"instance_id": "c01_replay_150_0196", "campus": 1, "size": 150, "track": "replay", "structure": "chain", "phi": 1.0, "eta": 0.8, "m": 0.6, "u_target": null, "u_realized": null, "method": "random", "seed": 301, "twt": 231.7296, "makespan": 98.8648, "mean_flow": 4.912106666666667, "breach_share": 0.02, "breach_p1": 0.0, "breach_p2": 0.0196078431372549, "breach_p3": 0.05263157894736842, "breach_p4": 0.0, "decisions": 150, "latency_ms_per_decision": 0.15272444114089012, "replans": null, "validator_ok": 1, "runtime_s": 0.022908666171133518}, "v2mlp301": {"instance_id": "c01_replay_150_0196", "campus": 1, "size": 150, "track": "replay", "structure": "chain", "phi": 1.0, "eta": 0.8, "m": 0.6, "u_target": null, "u_realized": null, "method": "v2mlp301", "seed": 301, "twt": 231.7296, "makespan": 98.8648, "mean_flow": 4.971431333333333, "breach_share": 0.02, "breach_p1": 0.0, "breach_p2": 0.0196078431372549, "breach_p3": 0.05263157894736842, "breach_p4": 0.0, "decisions": 150, "latency_ms_per_decision": 0.9805501718074083, "replans": null, "validator_ok": 1, "runtime_s": 0.14708252577111125}, "v2mlp302": {"instance_id": "c01_replay_150_0196", "campus": 1, "size": 150, "track": "replay", "structure": "chain", "phi": 1.0, "eta": 0.8, "m": 0.6, "u_target": null, "u_realized": null, "method": "v2mlp302", "seed": 302, "twt": 231.7296, "makespan": 98.8648, "mean_flow": 4.890611333333333, "breach_share": 0.02, "breach_p1": 0.0, "breach_p2": 0.0196078431372549, "breach_p3": 0.05263157894736842, "breach_p4": 0.0, "decisions": 150, "latency_ms_per_decision": 0.9432783257216215, "replans": null, "validator_ok": 1, "runtime_s": 0.14149174885824323}, "v2mlp303": {"instance_id": "c01_replay_150_0196", "campus": 1, "size": 150, "track": "replay", "structure": "chain", "phi": 1.0, "eta": 0.8, "m": 0.6, "u_target": null, "u_realized": null, "method": "v2mlp303", "seed": 303, "twt": 231.7296, "makespan": 98.8648, "mean_flow": 4.915498, "breach_share": 0.02, "breach_p1": 0.0, "breach_p2": 0.0196078431372549, "breach_p3": 0.05263157894736842, "breach_p4": 0.0, "decisions": 150, "latency_ms_per_decision": 1.040760235240062, "replans": null, "validator_ok": 1, "runtime_s": 0.1561140352860093}, "v2mlp304": {"instance_id": "c01_replay_150_0196", "campus": 1, "size": 150, "track": "replay", "structure": "chain", "phi": 1.0, "eta": 0.8, "m": 0.6, "u_target": null, "u_realized": null, "method": "v2mlp304", "seed": 304, "twt": 231.7296, "makespan": 98.8648, "mean_flow": 5.081239999999999, "breach_share": 0.02, "breach_p1": 0.0, "breach_p2": 0.0196078431372549, "breach_p3": 0.05263157894736842, "breach_p4": 0.0, "decisions": 150, "latency_ms_per_decision": 1.031723062818249, "replans": null, "validator_ok": 1, "runtime_s": 0.15475845942273736}, "v2mlp305": {"instance_id": "c01_replay_150_0196", "campus": 1, "size": 150, "track": "replay", "structure": "chain", "phi": 1.0, "eta": 0.8, "m": 0.6, "u_target": null, "u_realized": null, "method": "v2mlp305", "seed": 305, "twt": 231.7296, "makespan": 98.8648, "mean_flow": 4.986622, "breach_share": 0.02, "breach_p1": 0.0, "breach_p2": 0.0196078431372549, "breach_p3": 0.05263157894736842, "breach_p4": 0.0, "decisions": 150, "latency_ms_per_decision": 0.9317983935276667, "replans": null, "validator_ok": 1, "runtime_s": 0.13976975902915}, "v2mlp306": {"instance_id": "c01_replay_150_0196", "campus": 1, "size": 150, "track": "replay", "structure": "chain", "phi": 1.0, "eta": 0.8, "m": 0.6, "u_target": null, "u_realized": null, "method": "v2mlp306", "seed": 306, "twt": 231.7296, "makespan": 98.8648, "mean_flow": 4.947966, "breach_share": 0.02, "breach_p1": 0.0, "breach_p2": 0.0196078431372549, "breach_p3": 0.05263157894736842, "breach_p4": 0.0, "decisions": 150, "latency_ms_per_decision": 1.0208020421365898, "replans": null, "validator_ok": 1, "runtime_s": 0.15312030632048845}, "v2mlp307": {"instance_id": "c01_replay_150_0196", "campus": 1, "size": 150, "track": "replay", "structure": "chain", "phi": 1.0, "eta": 0.8, "m": 0.6, "u_target": null, "u_realized": null,