{"config_id": "c01_replay_400_0105__c01_full_eta100_m080", "rows": {"edd": {"instance_id": "c01_replay_400_0105", "campus": 1, "size": 400, "track": "replay", "structure": "full", "phi": null, "eta": 1.0, "m": 0.8, "u_target": null, "u_realized": null, "method": "edd", "seed": 301, "twt": 112.00000000000003, "makespan": 59.021100000000004, "mean_flow": 3.2875, "breach_share": 0.01, "breach_p1": 0.0, "breach_p2": 0.014035087719298246, "breach_p3": 0.0, "breach_p4": 0.0, "decisions": 400, "latency_ms_per_decision": 0.06518283975310624, "replans": null, "validator_ok": 1, "runtime_s": 0.026073135901242495}, "wspt": {"instance_id": "c01_replay_400_0105", "campus": 1, "size": 400, "track": "replay", "structure": "full", "phi": null, "eta": 1.0, "m": 0.8, "u_target": null, "u_realized": null, "method": "wspt", "seed": 301, "twt": 112.00000000000003, "makespan": 59.021100000000004, "mean_flow": 3.2875, "breach_share": 0.01, "breach_p1": 0.0, "breach_p2": 0.014035087719298246, "breach_p3": 0.0, "breach_p4": 0.0, "decisions": 400, "latency_ms_per_decision": 0.06434547831304371, "replans": null, "validator_ok": 1, "runtime_s": 0.025738191325217485}, "atc": {"instance_id": "c01_replay_400_0105", "campus": 1, "size": 400, "track": "replay", "structure": "full", "phi": null, "eta": 1.0, "m": 0.8, "u_target": null, "u_realized": null, "method": "atc", "seed": 301, "twt": 112.00000000000003, "makespan": 59.021100000000004, "mean_flow": 3.2875, "breach_share": 0.01, "breach_p1": 0.0, "breach_p2": 0.014035087719298246, "breach_p3": 0.0, "breach_p4": 0.0, "decisions": 400, "latency_ms_per_decision": 0.0689629151020199, "replans": null, "validator_ok": 1, "runtime_s": 0.027585166040807962}, "pfifo": {"instance_id": "c01_replay_400_0105", "campus": 1, "size": 400, "track": "replay", "structure": "full", "phi": null, "eta": 1.0, "m": 0.8, "u_target": null, "u_realized": null, "method": "pfifo", "seed": 301, "twt": 112.00000000000003, "makespan": 59.021100000000004, "mean_flow": 3.2875, "breach_share": 0.01, "breach_p1": 0.0, "breach_p2": 0.014035087719298246, "breach_p3": 0.0, "breach_p4": 0.0, "decisions": 400, "latency_ms_per_decision": 0.039603119948878884, "replans": null, "validator_ok": 1, "runtime_s": 0.015841247979551554}, "mor": {"instance_id": "c01_replay_400_0105", "campus": 1, "size": 400, "track": "replay", "structure": "full", "phi": null, "eta": 1.0, "m": 0.8, "u_target": null, "u_realized": null, "method": "mor", "seed": 301, "twt": 112.00000000000003, "makespan": 59.021100000000004, "mean_flow": 3.2875, "breach_share": 0.01, "breach_p1": 0.0, "breach_p2": 0.014035087719298246, "breach_p3": 0.0, "breach_p4": 0.0, "decisions": 400, "latency_ms_per_decision": 0.32966315746307373, "replans": null, "validator_ok": 1, "runtime_s": 0.1318652629852295}, "lfj_atc": {"instance_id": "c01_replay_400_0105", "campus": 1, "size": 400, "track": "replay", "structure": "full", "phi": null, "eta": 1.0, "m": 0.8, "u_target": null, "u_realized": null, "method": "lfj_atc", "seed": 301, "twt": 112.00000000000003, "makespan": 59.021100000000004, "mean_flow": 3.2875, "breach_share": 0.01, "breach_p1": 0.0, "breach_p2": 0.014035087719298246, "breach_p3": 0.0, "breach_p4": 0.0, "decisions": 400, "latency_ms_per_decision": 0.022202570689842105, "replans": null, "validator_ok": 1, "runtime_s": 0.008881028275936842}, "atc_eta": {"instance_id": "c01_replay_400_0105", "campus": 1, "size": 400, "track": "replay", "structure": "full", "phi": null, "eta": 1.0, "m": 0.8, "u_target": null, "u_realized": null, "method": "atc_eta", "seed": 301, "twt": 112.00000000000003, "makespan": 59.021100000000004, "mean_flow": 3.2875, "breach_share": 0.01, "breach_p1": 0.0, "breach_p2": 0.014035087719298246, "breach_p3": 0.0, "breach_p4": 0.0, "decisions": 400, "latency_ms_per_decision": 0.04798516514711082, "replans": null, "validator_ok": 1, "runtime_s": 0.019194066058844328}, "random": {"instance_id": "c01_replay_400_0105", "campus": 1, "size": 400, "track": "replay", "structure": "full", "phi": null, "eta": 1.0, "m": 0.8, "u_target": null, "u_realized": null, "method": "random", "seed": 301, "twt": 112.00000000000003, "makespan": 59.021100000000004, "mean_flow": 3.2875, "breach_share": 0.01, "breach_p1": 0.0, "breach_p2": 0.014035087719298246, "breach_p3": 0.0, "breach_p4": 0.0, "decisions": 400, "latency_ms_per_decision": 0.02773621235974133, "replans": null, "validator_ok": 1, "runtime_s": 0.011094484943896532}, "v2mlp301": {"instance_id": "c01_replay_400_0105", "campus": 1, "size": 400, "track": "replay", "structure": "full", "phi": null, "eta": 1.0, "m": 0.8, "u_target": null, "u_realized": null, "method": "v2mlp301", "seed": 301, "twt": 112.00000000000003, "makespan": 59.021100000000004, "mean_flow": 3.2875, "breach_share": 0.01, "breach_p1": 0.0, "breach_p2": 0.014035087719298246, "breach_p3": 0.0, "breach_p4": 0.0, "decisions": 400, "latency_ms_per_decision": 0.2711673150770366, "replans": null, "validator_ok": 1, "runtime_s": 0.10846692603081465}, "v2mlp302": {"instance_id": "c01_replay_400_0105", "campus": 1, "size": 400, "track": "replay", "structure": "full", "phi": null, "eta": 1.0, "m": 0.8, "u_target": null, "u_realized": null, "method": "v2mlp302", "seed": 302, "twt": 112.00000000000003, "makespan": 59.021100000000004, "mean_flow": 3.2875, "breach_share": 0.01, "breach_p1": 0.0, "breach_p2": 0.014035087719298246, "breach_p3": 0.0, "breach_p4": 0.0, "decisions": 400, "latency_ms_per_decision": 0.23574653430841863, "replans": null, "validator_ok": 1, "runtime_s": 0.09429861372336745}, "v2mlp303": {"instance_id": "c01_replay_400_0105", "campus": 1, "size": 400, "track": "replay", "structure": "full", "phi": null, "eta": 1.0, "m": 0.8, "u_target": null, "u_realized": null, "method": "v2mlp303", "seed": 303, "twt": 112.00000000000003, "makespan": 59.021100000000004, "mean_flow": 3.2875, "breach_share": 0.01, "breach_p1": 0.0, "breach_p2": 0.014035087719298246, "breach_p3": 0.0, "breach_p4": 0.0, "decisions": 400, "latency_ms_per_decision": 0.20594374276697636, "replans": null, "validator_ok": 1, "runtime_s": 0.08237749710679054}, "v2mlp304": {"instance_id": "c01_replay_400_0105", "campus": 1, "size": 400, "track": "replay", "structure": "full", "phi": null, "eta": 1.0, "m": 0.8, "u_target": null, "u_realized": null, "method": "v2mlp304", "seed": 304, "twt": 112.00000000000003, "makespan": 59.021100000000004, "mean_flow": 3.2875, "breach_share": 0.01, "breach_p1": 0.0, "breach_p2": 0.014035087719298246, "breach_p3": 0.0, "breach_p4": 0.0, "decisions": 400, "latency_ms_per_decision": 0.20311540574766695, "replans": null, "validator_ok": 1, "runtime_s": 0.08124616229906678}, "v2mlp305": {"instance_id": "c01_replay_400_0105", "campus": 1, "size": 400, "track": "replay", "structure": "full", "phi": null, "eta": 1.0, "m": 0.8, "u_target": null, "u_realized": null, "method": "v2mlp305", "seed": 305, "twt": 112.00000000000003, "makespan": 59.021100000000004, "mean_flow": 3.2875, "breach_share": 0.01, "breach_p1": 0.0, "breach_p2": 0.014035087719298246, "breach_p3": 0.0, "breach_p4": 0.0, "decisions": 400, "latency_ms_per_decision": 0.21593890036456287, "replans": null, "validator_ok": 1, "runtime_s": 0.08637556014582515}, "v2mlp306": {"instance_id": "c01_replay_400_0105", "campus": 1, "size": 400, "track": "replay", "structure": "full", "phi": null, "eta": 1.0, "m": 0.8, "u_target": null, "u_realized": null, "method": "v2mlp306", "seed": 306, "twt": 112.00000000000003, "makespan": 59.021100000000004, "mean_flow": 3.2875, "breach_share": 0.01, "breach_p1": 0.0, "breach_p2": 0.014035087719298246, "breach_p3": 0.0, "breach_p4": 0.0, "decisions": 400, "latency_ms_per_decision": 0.20116794272325933, "replans": null, "validator_ok": 1, "runtime_s": 0.08046717708930373}, "v2mlp307": {"instance_id": "c01_replay_400_0105", "campus": 1, "size": 400, "track": "replay", "structure": "full", "phi": null, "eta": 1.0, "m": 0.8, "u_target": null, "u_realized": null, "method": "v2mlp307", "seed": 307,