{"config_id": "c01_replay_150_0164__c01_l0_eta100_m080", "rows": {"edd": {"instance_id": "c01_replay_150_0164", "campus": 1, "size": 150, "track": "replay", "structure": "dedicated", "phi": null, "eta": 1.0, "m": 0.8, "u_target": null, "u_realized": null, "method": "edd", "seed": 301, "twt": 61.729600000000005, "makespan": 98.8648, "mean_flow": 5.015184666666667, "breach_share": 0.02, "breach_p1": null, "breach_p2": 0.02, "breach_p3": 0.047619047619047616, "breach_p4": 0.0, "decisions": 150, "latency_ms_per_decision": 0.006452780216932297, "replans": null, "validator_ok": 1, "runtime_s": 0.0009679170325398445}, "wspt": {"instance_id": "c01_replay_150_0164", "campus": 1, "size": 150, "track": "replay", "structure": "dedicated", "phi": null, "eta": 1.0, "m": 0.8, "u_target": null, "u_realized": null, "method": "wspt", "seed": 301, "twt": 61.729600000000005, "makespan": 98.8648, "mean_flow": 4.980006666666666, "breach_share": 0.02, "breach_p1": null, "breach_p2": 0.02, "breach_p3": 0.047619047619047616, "breach_p4": 0.0, "decisions": 150, "latency_ms_per_decision": 0.006762947887182236, "replans": null, "validator_ok": 1, "runtime_s": 0.0010144421830773354}, "atc": {"instance_id": "c01_replay_150_0164", "campus": 1, "size": 150, "track": "replay", "structure": "dedicated", "phi": null, "eta": 1.0, "m": 0.8, "u_target": null, "u_realized": null, "method": "atc", "seed": 301, "twt": 61.729600000000005, "makespan": 98.8648, "mean_flow": 4.995184666666667, "breach_share": 0.02, "breach_p1": null, "breach_p2": 0.02, "breach_p3": 0.047619047619047616, "breach_p4": 0.0, "decisions": 150, "latency_ms_per_decision": 0.02763575253387292, "replans": null, "validator_ok": 1, "runtime_s": 0.004145362880080938}, "pfifo": {"instance_id": "c01_replay_150_0164", "campus": 1, "size": 150, "track": "replay", "structure": "dedicated", "phi": null, "eta": 1.0, "m": 0.8, "u_target": null, "u_realized": null, "method": "pfifo", "seed": 301, "twt": 61.729600000000005, "makespan": 98.8648, "mean_flow": 5.015184666666667, "breach_share": 0.02, "breach_p1": null, "breach_p2": 0.02, "breach_p3": 0.047619047619047616, "breach_p4": 0.0, "decisions": 150, "latency_ms_per_decision": 0.027207558353741963, "replans": null, "validator_ok": 1, "runtime_s": 0.0040811337530612946}, "mor": {"instance_id": "c01_replay_150_0164", "campus": 1, "size": 150, "track": "replay", "structure": "dedicated", "phi": null, "eta": 1.0, "m": 0.8, "u_target": null, "u_realized": null, "method": "mor", "seed": 301, "twt": 61.729600000000005, "makespan": 98.8648, "mean_flow": 5.139264666666667, "breach_share": 0.02, "breach_p1": null, "breach_p2": 0.02, "breach_p3": 0.047619047619047616, "breach_p4": 0.0, "decisions": 150, "latency_ms_per_decision": 0.006380065654714902, "replans": null, "validator_ok": 1, "runtime_s": 0.0009570098482072353}, "lfj_atc": {"instance_id": "c01_replay_150_0164", "campus": 1, "size": 150, "track": "replay", "structure": "dedicated", "phi": null, "eta": 1.0, "m": 0.8, "u_target": null, "u_realized": null, "method": "lfj_atc", "seed": 301, "twt": 61.729600000000005, "makespan": 98.8648, "mean_flow": 4.995184666666667, "breach_share": 0.02, "breach_p1": null, "breach_p2": 0.02, "breach_p3": 0.047619047619047616, "breach_p4": 0.0, "decisions": 150, "latency_ms_per_decision": 0.010560095931092897, "replans": null, "validator_ok": 1, "runtime_s": 0.0015840143896639347}, "atc_eta": {"instance_id": "c01_replay_150_0164", "campus": 1, "size": 150, "track": "replay", "structure": "dedicated", "phi": null, "eta": 1.0, "m": 0.8, "u_target": null, "u_realized": null, "method": "atc_eta", "seed": 301, "twt": 61.729600000000005, "makespan": 98.8648, "mean_flow": 4.995184666666667, "breach_share": 0.02, "breach_p1": null, "breach_p2": 0.02, "breach_p3": 0.047619047619047616, "breach_p4": 0.0, "decisions": 150, "latency_ms_per_decision": 0.010482386375466982, "replans": null, "validator_ok": 1, "runtime_s": 0.0015723579563200474}, "random": {"instance_id": "c01_replay_150_0164", "campus": 1, "size": 150, "track": "replay", "structure": "dedicated", "phi": null, "eta": 1.0, "m": 0.8, "u_target": null, "u_realized": null, "method": "random", "seed": 301, "twt": 61.729600000000005, "makespan": 98.8648, "mean_flow": 5.047198, "breach_share": 0.02, "breach_p1": null, "breach_p2": 0.02, "breach_p3": 0.047619047619047616, "breach_p4": 0.0, "decisions": 150, "latency_ms_per_decision": 0.00660351167122523, "replans": null, "validator_ok": 1, "runtime_s": 0.0009905267506837845}, "v2mlp301": {"instance_id": "c01_replay_150_0164", "campus": 1, "size": 150, "track": "replay", "structure": "dedicated", "phi": null, "eta": 1.0, "m": 0.8, "u_target": null, "u_realized": null, "method": "v2mlp301", "seed": 301, "twt": 61.729600000000005, "makespan": 98.8648, "mean_flow": 4.986522, "breach_share": 0.02, "breach_p1": null, "breach_p2": 0.02, "breach_p3": 0.047619047619047616, "breach_p4": 0.0, "decisions": 150, "latency_ms_per_decision": 0.12563800439238548, "replans": null, "validator_ok": 1, "runtime_s": 0.018845700658857822}, "v2mlp302": {"instance_id": "c01_replay_150_0164", "campus": 1, "size": 150, "track": "replay", "structure": "dedicated", "phi": null, "eta": 1.0, "m": 0.8, "u_target": null, "u_realized": null, "method": "v2mlp302", "seed": 302, "twt": 61.729600000000005, "makespan": 98.8648, "mean_flow": 5.02493, "breach_share": 0.02, "breach_p1": null, "breach_p2": 0.02, "breach_p3": 0.047619047619047616, "breach_p4": 0.0, "decisions": 150, "latency_ms_per_decision": 0.12312980058292548, "replans": null, "validator_ok": 1, "runtime_s": 0.018469470087438822}, "v2mlp303": {"instance_id": "c01_replay_150_0164", "campus": 1, "size": 150, "track": "replay", "structure": "dedicated", "phi": null, "eta": 1.0, "m": 0.8, "u_target": null, "u_realized": null, "method": "v2mlp303", "seed": 303, "twt": 61.729600000000005, "makespan": 98.8648, "mean_flow": 5.010133333333333, "breach_share": 0.02, "breach_p1": null, "breach_p2": 0.02, "breach_p3": 0.047619047619047616, "breach_p4": 0.0, "decisions": 150, "latency_ms_per_decision": 0.12516657200952372, "replans": null, "validator_ok": 1, "runtime_s": 0.018774985801428556}, "v2mlp304": {"instance_id": "c01_replay_150_0164", "campus": 1, "size": 150, "track": "replay", "structure": "dedicated", "phi": null, "eta": 1.0, "m": 0.8, "u_target": null, "u_realized": null, "method": "v2mlp304", "seed": 304, "twt": 61.729600000000005, "makespan": 98.8648, "mean_flow": 5.009861333333333, "breach_share": 0.02, "breach_p1": null, "breach_p2": 0.02, "breach_p3": 0.047619047619047616, "breach_p4": 0.0, "decisions": 150, "latency_ms_per_decision": 0.12430739589035511, "replans": null, "validator_ok": 1, "runtime_s": 0.018646109383553267}, "v2mlp305": {"instance_id": "c01_replay_150_0164", "campus": 1, "size": 150, "track": "replay", "structure": "dedicated", "phi": null, "eta": 1.0, "m": 0.8, "u_target": null, "u_realized": null, "method": "v2mlp305", "seed": 305, "twt": 61.729600000000005, "makespan": 98.8648, "mean_flow": 5.024756666666667, "breach_share": 0.02, "breach_p1": null, "breach_p2": 0.02, "breach_p3": 0.047619047619047616, "breach_p4": 0.0, "decisions": 150, "latency_ms_per_decision": 0.1266825913141171, "replans": null, "validator_ok": 1, "runtime_s": 0.019002388697117567}, "v2mlp306": {"instance_id": "c01_replay_150_0164", "campus": 1, "size": 150, "track": "replay", "structure": "dedicated", "phi": null, "eta": 1.0, "m": 0.8, "u_target": null, "u_realized": null, "method": "v2mlp306", "seed": 306, "twt": 61.729600000000005, "makespan": 98.8648, "mean_flow": 5.03555, "breach_share": 0.02, "breach_p1": null, "breach_p2": 0.02, "breach_p3": 0.047619047619047616, "breach_p4": 0.0, "decisions": 150, "latency_ms_per_decision": 0.12491945487757523, "replans": null, "validator_ok": 1, "runtime_s": 0.018737918231636286}, "v2mlp307": {"instance_id": "c01_replay_150_0164", "campus": 1, "size": 150, "track": "replay", "structure": "dedicated", "phi": null, "eta": 1.0, "m": 0.8,