{"config_id": "c01_replay_400_0100__c01_full_eta100_m060", "rows": {"edd": {"instance_id": "c01_replay_400_0100", "campus": 1, "size": 400, "track": "replay", "structure": "full", "phi": null, "eta": 1.0, "m": 0.6, "u_target": null, "u_realized": null, "method": "edd", "seed": 301, "twt": 181.72959999999998, "makespan": 121.16980000000001, "mean_flow": 3.4865035, "breach_share": 0.0125, "breach_p1": null, "breach_p2": 0.017467248908296942, "breach_p3": 0.027777777777777776, "breach_p4": 0.0, "decisions": 400, "latency_ms_per_decision": 0.03791296971030533, "replans": null, "validator_ok": 1, "runtime_s": 0.015165187884122133}, "wspt": {"instance_id": "c01_replay_400_0100", "campus": 1, "size": 400, "track": "replay", "structure": "full", "phi": null, "eta": 1.0, "m": 0.6, "u_target": null, "u_realized": null, "method": "wspt", "seed": 301, "twt": 181.72959999999998, "makespan": 121.16980000000001, "mean_flow": 3.4852430000000005, "breach_share": 0.0125, "breach_p1": null, "breach_p2": 0.017467248908296942, "breach_p3": 0.027777777777777776, "breach_p4": 0.0, "decisions": 400, "latency_ms_per_decision": 0.04240717040374875, "replans": null, "validator_ok": 1, "runtime_s": 0.0169628681614995}, "atc": {"instance_id": "c01_replay_400_0100", "campus": 1, "size": 400, "track": "replay", "structure": "full", "phi": null, "eta": 1.0, "m": 0.6, "u_target": null, "u_realized": null, "method": "atc", "seed": 301, "twt": 181.72959999999998, "makespan": 121.16980000000001, "mean_flow": 3.485508, "breach_share": 0.0125, "breach_p1": null, "breach_p2": 0.017467248908296942, "breach_p3": 0.027777777777777776, "breach_p4": 0.0, "decisions": 400, "latency_ms_per_decision": 0.04136970266699791, "replans": null, "validator_ok": 1, "runtime_s": 0.016547881066799164}, "pfifo": {"instance_id": "c01_replay_400_0100", "campus": 1, "size": 400, "track": "replay", "structure": "full", "phi": null, "eta": 1.0, "m": 0.6, "u_target": null, "u_realized": null, "method": "pfifo", "seed": 301, "twt": 181.72959999999998, "makespan": 121.16980000000001, "mean_flow": 3.4865035, "breach_share": 0.0125, "breach_p1": null, "breach_p2": 0.017467248908296942, "breach_p3": 0.027777777777777776, "breach_p4": 0.0, "decisions": 400, "latency_ms_per_decision": 0.03987454227171838, "replans": null, "validator_ok": 1, "runtime_s": 0.015949816908687353}, "mor": {"instance_id": "c01_replay_400_0100", "campus": 1, "size": 400, "track": "replay", "structure": "full", "phi": null, "eta": 1.0, "m": 0.6, "u_target": null, "u_realized": null, "method": "mor", "seed": 301, "twt": 181.72959999999998, "makespan": 121.16980000000001, "mean_flow": 3.49622625, "breach_share": 0.0125, "breach_p1": null, "breach_p2": 0.017467248908296942, "breach_p3": 0.027777777777777776, "breach_p4": 0.0, "decisions": 400, "latency_ms_per_decision": 0.04242707742378116, "replans": null, "validator_ok": 1, "runtime_s": 0.016970830969512463}, "lfj_atc": {"instance_id": "c01_replay_400_0100", "campus": 1, "size": 400, "track": "replay", "structure": "full", "phi": null, "eta": 1.0, "m": 0.6, "u_target": null, "u_realized": null, "method": "lfj_atc", "seed": 301, "twt": 181.72959999999998, "makespan": 121.16980000000001, "mean_flow": 3.485508, "breach_share": 0.0125, "breach_p1": null, "breach_p2": 0.017467248908296942, "breach_p3": 0.027777777777777776, "breach_p4": 0.0, "decisions": 400, "latency_ms_per_decision": 0.060502017149701715, "replans": null, "validator_ok": 1, "runtime_s": 0.024200806859880686}, "atc_eta": {"instance_id": "c01_replay_400_0100", "campus": 1, "size": 400, "track": "replay", "structure": "full", "phi": null, "eta": 1.0, "m": 0.6, "u_target": null, "u_realized": null, "method": "atc_eta", "seed": 301, "twt": 181.72959999999998, "makespan": 121.16980000000001, "mean_flow": 3.485508, "breach_share": 0.0125, "breach_p1": null, "breach_p2": 0.017467248908296942, "breach_p3": 0.027777777777777776, "breach_p4": 0.0, "decisions": 400, "latency_ms_per_decision": 0.05366574274376035, "replans": null, "validator_ok": 1, "runtime_s": 0.02146629709750414}, "random": {"instance_id": "c01_replay_400_0100", "campus": 1, "size": 400, "track": "replay", "structure": "full", "phi": null, "eta": 1.0, "m": 0.6, "u_target": null, "u_realized": null, "method": "random", "seed": 301, "twt": 181.72959999999998, "makespan": 121.16980000000001, "mean_flow": 3.48762775, "breach_share": 0.0125, "breach_p1": null, "breach_p2": 0.017467248908296942, "breach_p3": 0.027777777777777776, "breach_p4": 0.0, "decisions": 400, "latency_ms_per_decision": 0.014559649862349033, "replans": null, "validator_ok": 1, "runtime_s": 0.005823859944939613}, "v2mlp301": {"instance_id": "c01_replay_400_0100", "campus": 1, "size": 400, "track": "replay", "structure": "full", "phi": null, "eta": 1.0, "m": 0.6, "u_target": null, "u_realized": null, "method": "v2mlp301", "seed": 301, "twt": 181.72959999999998, "makespan": 121.16980000000001, "mean_flow": 3.4852430000000005, "breach_share": 0.0125, "breach_p1": null, "breach_p2": 0.017467248908296942, "breach_p3": 0.027777777777777776, "breach_p4": 0.0, "decisions": 400, "latency_ms_per_decision": 0.3264805825892836, "replans": null, "validator_ok": 1, "runtime_s": 0.13059223303571343}, "v2mlp302": {"instance_id": "c01_replay_400_0100", "campus": 1, "size": 400, "track": "replay", "structure": "full", "phi": null, "eta": 1.0, "m": 0.6, "u_target": null, "u_realized": null, "method": "v2mlp302", "seed": 302, "twt": 181.72959999999998, "makespan": 121.16980000000001, "mean_flow": 3.4878602499999998, "breach_share": 0.0125, "breach_p1": null, "breach_p2": 0.017467248908296942, "breach_p3": 0.027777777777777776, "breach_p4": 0.0, "decisions": 400, "latency_ms_per_decision": 0.2897742495406419, "replans": null, "validator_ok": 1, "runtime_s": 0.11590969981625676}, "v2mlp303": {"instance_id": "c01_replay_400_0100", "campus": 1, "size": 400, "track": "replay", "structure": "full", "phi": null, "eta": 1.0, "m": 0.6, "u_target": null, "u_realized": null, "method": "v2mlp303", "seed": 303, "twt": 181.72959999999998, "makespan": 121.16980000000001, "mean_flow": 3.4902637500000004, "breach_share": 0.0125, "breach_p1": null, "breach_p2": 0.017467248908296942, "breach_p3": 0.027777777777777776, "breach_p4": 0.0, "decisions": 400, "latency_ms_per_decision": 0.5425620882306248, "replans": null, "validator_ok": 1, "runtime_s": 0.21702483529224992}, "v2mlp304": {"instance_id": "c01_replay_400_0100", "campus": 1, "size": 400, "track": "replay", "structure": "full", "phi": null, "eta": 1.0, "m": 0.6, "u_target": null, "u_realized": null, "method": "v2mlp304", "seed": 304, "twt": 181.72959999999998, "makespan": 121.16980000000001, "mean_flow": 3.4928825, "breach_share": 0.0125, "breach_p1": null, "breach_p2": 0.017467248908296942, "breach_p3": 0.027777777777777776, "breach_p4": 0.0, "decisions": 400, "latency_ms_per_decision": 0.6294232397340238, "replans": null, "validator_ok": 1, "runtime_s": 0.2517692958936095}, "v2mlp305": {"instance_id": "c01_replay_400_0100", "campus": 1, "size": 400, "track": "replay", "structure": "full", "phi": null, "eta": 1.0, "m": 0.6, "u_target": null, "u_realized": null, "method": "v2mlp305", "seed": 305, "twt": 181.72959999999998, "makespan": 121.16980000000001, "mean_flow": 3.4878505, "breach_share": 0.0125, "breach_p1": null, "breach_p2": 0.017467248908296942, "breach_p3": 0.027777777777777776, "breach_p4": 0.0, "decisions": 400, "latency_ms_per_decision": 0.6324914772994816, "replans": null, "validator_ok": 1, "runtime_s": 0.25299659091979265}, "v2mlp306": {"instance_id": "c01_replay_400_0100", "campus": 1, "size": 400, "track": "replay", "structure": "full", "phi": null, "eta": 1.0, "m": 0.6, "u_target": null, "u_realized": null, "method": "v2mlp306", "seed": 306, "twt": 181.72959999999998, "makespan": 121.16980000000001, "mean_flow": 3.491345, "breach_share": 0.0125, "breach_p1": null, "breach_p2": 0.017467248908296942, "breach_p3": 0.027777777777777776, "breach_p4": 0.0, "decisions": 400,