{"config_id": "c01_replay_150_0190__c01_full_eta100_m080", "rows": {"edd": {"instance_id": "c01_replay_150_0190", "campus": 1, "size": 150, "track": "replay", "structure": "full", "phi": null, "eta": 1.0, "m": 0.8, "u_target": null, "u_realized": null, "method": "edd", "seed": 301, "twt": 302.0, "makespan": 87.2175, "mean_flow": 4.463333333333333, "breach_share": 0.013333333333333334, "breach_p1": null, "breach_p2": 0.028985507246376812, "breach_p3": 0.0, "breach_p4": 0.0, "decisions": 150, "latency_ms_per_decision": 0.03262291972835859, "replans": null, "validator_ok": 1, "runtime_s": 0.004893437959253788}, "wspt": {"instance_id": "c01_replay_150_0190", "campus": 1, "size": 150, "track": "replay", "structure": "full", "phi": null, "eta": 1.0, "m": 0.8, "u_target": null, "u_realized": null, "method": "wspt", "seed": 301, "twt": 302.0, "makespan": 87.2175, "mean_flow": 4.463333333333333, "breach_share": 0.013333333333333334, "breach_p1": null, "breach_p2": 0.028985507246376812, "breach_p3": 0.0, "breach_p4": 0.0, "decisions": 150, "latency_ms_per_decision": 0.08777934436996777, "replans": null, "validator_ok": 1, "runtime_s": 0.013166901655495167}, "atc": {"instance_id": "c01_replay_150_0190", "campus": 1, "size": 150, "track": "replay", "structure": "full", "phi": null, "eta": 1.0, "m": 0.8, "u_target": null, "u_realized": null, "method": "atc", "seed": 301, "twt": 302.0, "makespan": 87.2175, "mean_flow": 4.463333333333333, "breach_share": 0.013333333333333334, "breach_p1": null, "breach_p2": 0.028985507246376812, "breach_p3": 0.0, "breach_p4": 0.0, "decisions": 150, "latency_ms_per_decision": 0.08427795333166917, "replans": null, "validator_ok": 1, "runtime_s": 0.012641692999750376}, "pfifo": {"instance_id": "c01_replay_150_0190", "campus": 1, "size": 150, "track": "replay", "structure": "full", "phi": null, "eta": 1.0, "m": 0.8, "u_target": null, "u_realized": null, "method": "pfifo", "seed": 301, "twt": 302.0, "makespan": 87.2175, "mean_flow": 4.463333333333333, "breach_share": 0.013333333333333334, "breach_p1": null, "breach_p2": 0.028985507246376812, "breach_p3": 0.0, "breach_p4": 0.0, "decisions": 150, "latency_ms_per_decision": 0.03961971960961819, "replans": null, "validator_ok": 1, "runtime_s": 0.005942957941442728}, "mor": {"instance_id": "c01_replay_150_0190", "campus": 1, "size": 150, "track": "replay", "structure": "full", "phi": null, "eta": 1.0, "m": 0.8, "u_target": null, "u_realized": null, "method": "mor", "seed": 301, "twt": 302.0, "makespan": 87.2175, "mean_flow": 4.463333333333333, "breach_share": 0.013333333333333334, "breach_p1": null, "breach_p2": 0.028985507246376812, "breach_p3": 0.0, "breach_p4": 0.0, "decisions": 150, "latency_ms_per_decision": 0.039356968676050506, "replans": null, "validator_ok": 1, "runtime_s": 0.005903545301407576}, "lfj_atc": {"instance_id": "c01_replay_150_0190", "campus": 1, "size": 150, "track": "replay", "structure": "full", "phi": null, "eta": 1.0, "m": 0.8, "u_target": null, "u_realized": null, "method": "lfj_atc", "seed": 301, "twt": 302.0, "makespan": 87.2175, "mean_flow": 4.463333333333333, "breach_share": 0.013333333333333334, "breach_p1": null, "breach_p2": 0.028985507246376812, "breach_p3": 0.0, "breach_p4": 0.0, "decisions": 150, "latency_ms_per_decision": 0.06856970489025116, "replans": null, "validator_ok": 1, "runtime_s": 0.010285455733537674}, "atc_eta": {"instance_id": "c01_replay_150_0190", "campus": 1, "size": 150, "track": "replay", "structure": "full", "phi": null, "eta": 1.0, "m": 0.8, "u_target": null, "u_realized": null, "method": "atc_eta", "seed": 301, "twt": 302.0, "makespan": 87.2175, "mean_flow": 4.463333333333333, "breach_share": 0.013333333333333334, "breach_p1": null, "breach_p2": 0.028985507246376812, "breach_p3": 0.0, "breach_p4": 0.0, "decisions": 150, "latency_ms_per_decision": 0.1064051128923893, "replans": null, "validator_ok": 1, "runtime_s": 0.015960766933858395}, "random": {"instance_id": "c01_replay_150_0190", "campus": 1, "size": 150, "track": "replay", "structure": "full", "phi": null, "eta": 1.0, "m": 0.8, "u_target": null, "u_realized": null, "method": "random", "seed": 301, "twt": 302.0, "makespan": 87.2175, "mean_flow": 4.463333333333333, "breach_share": 0.013333333333333334, "breach_p1": null, "breach_p2": 0.028985507246376812, "breach_p3": 0.0, "breach_p4": 0.0, "decisions": 150, "latency_ms_per_decision": 0.052775793398420014, "replans": null, "validator_ok": 1, "runtime_s": 0.007916369009763002}, "v2mlp301": {"instance_id": "c01_replay_150_0190", "campus": 1, "size": 150, "track": "replay", "structure": "full", "phi": null, "eta": 1.0, "m": 0.8, "u_target": null, "u_realized": null, "method": "v2mlp301", "seed": 301, "twt": 302.0, "makespan": 87.2175, "mean_flow": 4.463333333333333, "breach_share": 0.013333333333333334, "breach_p1": null, "breach_p2": 0.028985507246376812, "breach_p3": 0.0, "breach_p4": 0.0, "decisions": 150, "latency_ms_per_decision": 0.21354574710130692, "replans": null, "validator_ok": 1, "runtime_s": 0.03203186206519604}, "v2mlp302": {"instance_id": "c01_replay_150_0190", "campus": 1, "size": 150, "track": "replay", "structure": "full", "phi": null, "eta": 1.0, "m": 0.8, "u_target": null, "u_realized": null, "method": "v2mlp302", "seed": 302, "twt": 302.0, "makespan": 87.2175, "mean_flow": 4.463333333333333, "breach_share": 0.013333333333333334, "breach_p1": null, "breach_p2": 0.028985507246376812, "breach_p3": 0.0, "breach_p4": 0.0, "decisions": 150, "latency_ms_per_decision": 0.20964616599182287, "replans": null, "validator_ok": 1, "runtime_s": 0.03144692489877343}, "v2mlp303": {"instance_id": "c01_replay_150_0190", "campus": 1, "size": 150, "track": "replay", "structure": "full", "phi": null, "eta": 1.0, "m": 0.8, "u_target": null, "u_realized": null, "method": "v2mlp303", "seed": 303, "twt": 302.0, "makespan": 87.2175, "mean_flow": 4.463333333333333, "breach_share": 0.013333333333333334, "breach_p1": null, "breach_p2": 0.028985507246376812, "breach_p3": 0.0, "breach_p4": 0.0, "decisions": 150, "latency_ms_per_decision": 0.21158410546680292, "replans": null, "validator_ok": 1, "runtime_s": 0.03173761582002044}, "v2mlp304": {"instance_id": "c01_replay_150_0190", "campus": 1, "size": 150, "track": "replay", "structure": "full", "phi": null, "eta": 1.0, "m": 0.8, "u_target": null, "u_realized": null, "method": "v2mlp304", "seed": 304, "twt": 302.0, "makespan": 87.2175, "mean_flow": 4.463333333333333, "breach_share": 0.013333333333333334, "breach_p1": null, "breach_p2": 0.028985507246376812, "breach_p3": 0.0, "breach_p4": 0.0, "decisions": 150, "latency_ms_per_decision": 0.21172865914801756, "replans": null, "validator_ok": 1, "runtime_s": 0.031759298872202635}, "v2mlp305": {"instance_id": "c01_replay_150_0190", "campus": 1, "size": 150, "track": "replay", "structure": "full", "phi": null, "eta": 1.0, "m": 0.8, "u_target": null, "u_realized": null, "method": "v2mlp305", "seed": 305, "twt": 302.0, "makespan": 87.2175, "mean_flow": 4.463333333333333, "breach_share": 0.013333333333333334, "breach_p1": null, "breach_p2": 0.028985507246376812, "breach_p3": 0.0, "breach_p4": 0.0, "decisions": 150, "latency_ms_per_decision": 0.21210741872588793, "replans": null, "validator_ok": 1, "runtime_s": 0.03181611280888319}, "v2mlp306": {"instance_id": "c01_replay_150_0190", "campus": 1, "size": 150, "track": "replay", "structure": "full", "phi": null, "eta": 1.0, "m": 0.8, "u_target": null, "u_realized": null, "method": "v2mlp306", "seed": 306, "twt": 302.0, "makespan": 87.2175, "mean_flow": 4.463333333333333, "breach_share": 0.013333333333333334, "breach_p1": null, "breach_p2": 0.028985507246376812, "breach_p3": 0.0, "breach_p4": 0.0, "decisions": 150, "latency_ms_per_decision": 0.20308065228164196, "replans": null, "validator_ok": 1, "runtime_s": 0.030462097842246294}, "v2mlp307": {"instance_id": "c01_replay_150_0190", "campus": 1, "size": 150, "track": "replay", "structure": "full", "phi": null, "eta": 1.0, "m": 0.8, "u_target": null,