{"config_id": "c02_replay_150_0045__c02_chain_phi100_eta080_m080", "rows": {"edd": {"instance_id": "c02_replay_150_0045", "campus": 2, "size": 150, "track": "replay", "structure": "chain", "phi": 1.0, "eta": 0.8, "m": 0.8, "u_target": null, "u_realized": null, "method": "edd", "seed": 301, "twt": 1548.6216, "makespan": 137.3567, "mean_flow": 10.361453333333332, "breach_share": 0.06666666666666667, "breach_p1": 0.0, "breach_p2": 0.1125, "breach_p3": 0.02040816326530612, "breach_p4": 0.0, "decisions": 150, "latency_ms_per_decision": 0.005534635856747627, "replans": null, "validator_ok": 1, "runtime_s": 0.0008301953785121441}, "wspt": {"instance_id": "c02_replay_150_0045", "campus": 2, "size": 150, "track": "replay", "structure": "chain", "phi": 1.0, "eta": 0.8, "m": 0.8, "u_target": null, "u_realized": null, "method": "wspt", "seed": 301, "twt": 1667.4424, "makespan": 151.9, "mean_flow": 10.375221999999999, "breach_share": 0.06666666666666667, "breach_p1": 0.0, "breach_p2": 0.1125, "breach_p3": 0.02040816326530612, "breach_p4": 0.0, "decisions": 150, "latency_ms_per_decision": 0.0049821070084969206, "replans": null, "validator_ok": 1, "runtime_s": 0.000747316051274538}, "atc": {"instance_id": "c02_replay_150_0045", "campus": 2, "size": 150, "track": "replay", "structure": "chain", "phi": 1.0, "eta": 0.8, "m": 0.8, "u_target": null, "u_realized": null, "method": "atc", "seed": 301, "twt": 1659.4024, "makespan": 150.3, "mean_flow": 10.393266, "breach_share": 0.06666666666666667, "breach_p1": 0.0, "breach_p2": 0.1125, "breach_p3": 0.02040816326530612, "breach_p4": 0.0, "decisions": 150, "latency_ms_per_decision": 0.06626587981979053, "replans": null, "validator_ok": 1, "runtime_s": 0.009939881972968578}, "pfifo": {"instance_id": "c02_replay_150_0045", "campus": 2, "size": 150, "track": "replay", "structure": "chain", "phi": 1.0, "eta": 0.8, "m": 0.8, "u_target": null, "u_realized": null, "method": "pfifo", "seed": 301, "twt": 1548.6216, "makespan": 137.3567, "mean_flow": 10.361453333333332, "breach_share": 0.06666666666666667, "breach_p1": 0.0, "breach_p2": 0.1125, "breach_p3": 0.02040816326530612, "breach_p4": 0.0, "decisions": 150, "latency_ms_per_decision": 0.005123040949304898, "replans": null, "validator_ok": 1, "runtime_s": 0.0007684561423957348}, "mor": {"instance_id": "c02_replay_150_0045", "campus": 2, "size": 150, "track": "replay", "structure": "chain", "phi": 1.0, "eta": 0.8, "m": 0.8, "u_target": null, "u_realized": null, "method": "mor", "seed": 301, "twt": 1485.5816, "makespan": 140.92000000000002, "mean_flow": 10.623098666666667, "breach_share": 0.06666666666666667, "breach_p1": 0.0, "breach_p2": 0.1125, "breach_p3": 0.02040816326530612, "breach_p4": 0.0, "decisions": 150, "latency_ms_per_decision": 0.004911686604221662, "replans": null, "validator_ok": 1, "runtime_s": 0.0007367529906332493}, "lfj_atc": {"instance_id": "c02_replay_150_0045", "campus": 2, "size": 150, "track": "replay", "structure": "chain", "phi": 1.0, "eta": 0.8, "m": 0.8, "u_target": null, "u_realized": null, "method": "lfj_atc", "seed": 301, "twt": 1659.4024, "makespan": 150.3, "mean_flow": 10.393266, "breach_share": 0.06666666666666667, "breach_p1": 0.0, "breach_p2": 0.1125, "breach_p3": 0.02040816326530612, "breach_p4": 0.0, "decisions": 150, "latency_ms_per_decision": 0.09238791341582935, "replans": null, "validator_ok": 1, "runtime_s": 0.013858187012374401}, "atc_eta": {"instance_id": "c02_replay_150_0045", "campus": 2, "size": 150, "track": "replay", "structure": "chain", "phi": 1.0, "eta": 0.8, "m": 0.8, "u_target": null, "u_realized": null, "method": "atc_eta", "seed": 301, "twt": 1665.8023999999998, "makespan": 151.9, "mean_flow": 10.359332666666665, "breach_share": 0.06666666666666667, "breach_p1": 0.0, "breach_p2": 0.1125, "breach_p3": 0.02040816326530612, "breach_p4": 0.0, "decisions": 150, "latency_ms_per_decision": 0.008307419096430143, "replans": null, "validator_ok": 1, "runtime_s": 0.0012461128644645214}, "random": {"instance_id": "c02_replay_150_0045", "campus": 2, "size": 150, "track": "replay", "structure": "chain", "phi": 1.0, "eta": 0.8, "m": 0.8, "u_target": null, "u_realized": null, "method": "random", "seed": 301, "twt": 1435.5876, "makespan": 129.59, "mean_flow": 10.175708666666667, "breach_share": 0.06666666666666667, "breach_p1": 0.0, "breach_p2": 0.1125, "breach_p3": 0.02040816326530612, "breach_p4": 0.0, "decisions": 150, "latency_ms_per_decision": 0.004990032563606898, "replans": null, "validator_ok": 1, "runtime_s": 0.0007485048845410347}, "v2mlp301": {"instance_id": "c02_replay_150_0045", "campus": 2, "size": 150, "track": "replay", "structure": "chain", "phi": 1.0, "eta": 0.8, "m": 0.8, "u_target": null, "u_realized": null, "method": "v2mlp301", "seed": 301, "twt": 1618.8424, "makespan": 140.92000000000002, "mean_flow": 10.491843333333334, "breach_share": 0.06666666666666667, "breach_p1": 0.0, "breach_p2": 0.1125, "breach_p3": 0.02040816326530612, "breach_p4": 0.0, "decisions": 150, "latency_ms_per_decision": 0.19386988133192062, "replans": null, "validator_ok": 1, "runtime_s": 0.029080482199788094}, "v2mlp302": {"instance_id": "c02_replay_150_0045", "campus": 2, "size": 150, "track": "replay", "structure": "chain", "phi": 1.0, "eta": 0.8, "m": 0.8, "u_target": null, "u_realized": null, "method": "v2mlp302", "seed": 302, "twt": 1471.9416, "makespan": 138.09, "mean_flow": 10.332766, "breach_share": 0.06666666666666667, "breach_p1": 0.0, "breach_p2": 0.1125, "breach_p3": 0.02040816326530612, "breach_p4": 0.0, "decisions": 150, "latency_ms_per_decision": 0.19846154687305292, "replans": null, "validator_ok": 1, "runtime_s": 0.029769232030957937}, "v2mlp303": {"instance_id": "c02_replay_150_0045", "campus": 2, "size": 150, "track": "replay", "structure": "chain", "phi": 1.0, "eta": 0.8, "m": 0.8, "u_target": null, "u_realized": null, "method": "v2mlp303", "seed": 303, "twt": 1474.2615999999998, "makespan": 138.09, "mean_flow": 10.310565333333335, "breach_share": 0.06666666666666667, "breach_p1": 0.0, "breach_p2": 0.1125, "breach_p3": 0.02040816326530612, "breach_p4": 0.0, "decisions": 150, "latency_ms_per_decision": 0.19317187989751497, "replans": null, "validator_ok": 1, "runtime_s": 0.028975781984627247}, "v2mlp304": {"instance_id": "c02_replay_150_0045", "campus": 2, "size": 150, "track": "replay", "structure": "chain", "phi": 1.0, "eta": 0.8, "m": 0.8, "u_target": null, "u_realized": null, "method": "v2mlp304", "seed": 304, "twt": 1483.4216000000001, "makespan": 140.92000000000002, "mean_flow": 10.583122000000001, "breach_share": 0.06666666666666667, "breach_p1": 0.0, "breach_p2": 0.1125, "breach_p3": 0.02040816326530612, "breach_p4": 0.0, "decisions": 150, "latency_ms_per_decision": 0.2005321936060985, "replans": null, "validator_ok": 1, "runtime_s": 0.030079829040914774}, "v2mlp305": {"instance_id": "c02_replay_150_0045", "campus": 2, "size": 150, "track": "replay", "structure": "chain", "phi": 1.0, "eta": 0.8, "m": 0.8, "u_target": null, "u_realized": null, "method": "v2mlp305", "seed": 305, "twt": 1403.6808, "makespan": 140.92000000000002, "mean_flow": 10.513799333333333, "breach_share": 0.07333333333333333, "breach_p1": 0.0, "breach_p2": 0.125, "breach_p3": 0.02040816326530612, "breach_p4": 0.0, "decisions": 150, "latency_ms_per_decision": 0.19718478744228682, "replans": null, "validator_ok": 1, "runtime_s": 0.02957771811634302}, "v2mlp306": {"instance_id": "c02_replay_150_0045", "campus": 2, "size": 150, "track": "replay", "structure": "chain", "phi": 1.0, "eta": 0.8, "m": 0.8, "u_target": null, "u_realized": null, "method": "v2mlp306", "seed": 306, "twt": 1483.2616000000003, "makespan": 140.92000000000002, "mean_flow": 10.342343333333334, "breach_share": 0.06666666666666667, "breach_p1": 0.0, "breach_p2": 0.1125, "breach_p3": 0.02040816326530612, "breach_p4": 0.0, "decisions": 150, "latency_ms_per_decision": 0.19525175293286642, "replans": null, "validator_ok": 1, "runtime_s": 0.029287762939929962},