{"config_id": "c02_replay_150_0045__c02_l0_eta100_m060", "rows": {"edd": {"instance_id": "c02_replay_150_0045", "campus": 2, "size": 150, "track": "replay", "structure": "dedicated", "phi": null, "eta": 1.0, "m": 0.6, "u_target": null, "u_realized": null, "method": "edd", "seed": 301, "twt": 2071.2858, "makespan": 119.5, "mean_flow": 14.582244666666666, "breach_share": 0.10666666666666667, "breach_p1": 0.0, "breach_p2": 0.175, "breach_p3": 0.04081632653061224, "breach_p4": 0.0, "decisions": 150, "latency_ms_per_decision": 0.08687368594110012, "replans": null, "validator_ok": 1, "runtime_s": 0.013031052891165018}, "wspt": {"instance_id": "c02_replay_150_0045", "campus": 2, "size": 150, "track": "replay", "structure": "dedicated", "phi": null, "eta": 1.0, "m": 0.6, "u_target": null, "u_realized": null, "method": "wspt", "seed": 301, "twt": 1829.3198000000002, "makespan": 159.0481, "mean_flow": 12.084866666666667, "breach_share": 0.08, "breach_p1": 0.0, "breach_p2": 0.125, "breach_p3": 0.04081632653061224, "breach_p4": 0.0, "decisions": 150, "latency_ms_per_decision": 0.006546185662349065, "replans": null, "validator_ok": 1, "runtime_s": 0.0009819278493523598}, "atc": {"instance_id": "c02_replay_150_0045", "campus": 2, "size": 150, "track": "replay", "structure": "dedicated", "phi": null, "eta": 1.0, "m": 0.6, "u_target": null, "u_realized": null, "method": "atc", "seed": 301, "twt": 1746.2132, "makespan": 154.4481, "mean_flow": 12.601288666666665, "breach_share": 0.08, "breach_p1": 0.0, "breach_p2": 0.125, "breach_p3": 0.04081632653061224, "breach_p4": 0.0, "decisions": 150, "latency_ms_per_decision": 0.06829638034105301, "replans": null, "validator_ok": 1, "runtime_s": 0.010244457051157951}, "pfifo": {"instance_id": "c02_replay_150_0045", "campus": 2, "size": 150, "track": "replay", "structure": "dedicated", "phi": null, "eta": 1.0, "m": 0.6, "u_target": null, "u_realized": null, "method": "pfifo", "seed": 301, "twt": 2071.2858, "makespan": 119.5, "mean_flow": 14.582244666666666, "breach_share": 0.10666666666666667, "breach_p1": 0.0, "breach_p2": 0.175, "breach_p3": 0.04081632653061224, "breach_p4": 0.0, "decisions": 150, "latency_ms_per_decision": 0.00659800445040067, "replans": null, "validator_ok": 1, "runtime_s": 0.0009897006675601006}, "mor": {"instance_id": "c02_replay_150_0045", "campus": 2, "size": 150, "track": "replay", "structure": "dedicated", "phi": null, "eta": 1.0, "m": 0.6, "u_target": null, "u_realized": null, "method": "mor", "seed": 301, "twt": 4526.6192, "makespan": 116.5648, "mean_flow": 19.624329333333336, "breach_share": 0.14666666666666667, "breach_p1": 0.0, "breach_p2": 0.25, "breach_p3": 0.04081632653061224, "breach_p4": 0.0, "decisions": 150, "latency_ms_per_decision": 0.0066303399701913195, "replans": null, "validator_ok": 1, "runtime_s": 0.000994550995528698}, "lfj_atc": {"instance_id": "c02_replay_150_0045", "campus": 2, "size": 150, "track": "replay", "structure": "dedicated", "phi": null, "eta": 1.0, "m": 0.6, "u_target": null, "u_realized": null, "method": "lfj_atc", "seed": 301, "twt": 1746.2132, "makespan": 154.4481, "mean_flow": 12.601288666666665, "breach_share": 0.08, "breach_p1": 0.0, "breach_p2": 0.125, "breach_p3": 0.04081632653061224, "breach_p4": 0.0, "decisions": 150, "latency_ms_per_decision": 0.0702235537270705, "replans": null, "validator_ok": 1, "runtime_s": 0.010533533059060574}, "atc_eta": {"instance_id": "c02_replay_150_0045", "campus": 2, "size": 150, "track": "replay", "structure": "dedicated", "phi": null, "eta": 1.0, "m": 0.6, "u_target": null, "u_realized": null, "method": "atc_eta", "seed": 301, "twt": 1746.2132, "makespan": 154.4481, "mean_flow": 12.601288666666665, "breach_share": 0.08, "breach_p1": 0.0, "breach_p2": 0.125, "breach_p3": 0.04081632653061224, "breach_p4": 0.0, "decisions": 150, "latency_ms_per_decision": 0.07059059105813503, "replans": null, "validator_ok": 1, "runtime_s": 0.010588588658720255}, "random": {"instance_id": "c02_replay_150_0045", "campus": 2, "size": 150, "track": "replay", "structure": "dedicated", "phi": null, "eta": 1.0, "m": 0.6, "u_target": null, "u_realized": null, "method": "random", "seed": 301, "twt": 2939.9768, "makespan": 123.3148, "mean_flow": 15.840207333333334, "breach_share": 0.13333333333333333, "breach_p1": 0.0, "breach_p2": 0.225, "breach_p3": 0.04081632653061224, "breach_p4": 0.0, "decisions": 150, "latency_ms_per_decision": 0.00646100069085757, "replans": null, "validator_ok": 1, "runtime_s": 0.0009691501036286354}, "v2mlp301": {"instance_id": "c02_replay_150_0045", "campus": 2, "size": 150, "track": "replay", "structure": "dedicated", "phi": null, "eta": 1.0, "m": 0.6, "u_target": null, "u_realized": null, "method": "v2mlp301", "seed": 301, "twt": 2891.5054000000005, "makespan": 120.97000000000001, "mean_flow": 16.654843333333336, "breach_share": 0.14666666666666667, "breach_p1": 0.0, "breach_p2": 0.2375, "breach_p3": 0.061224489795918366, "breach_p4": 0.0, "decisions": 150, "latency_ms_per_decision": 0.12086535183091958, "replans": null, "validator_ok": 1, "runtime_s": 0.018129802774637938}, "v2mlp302": {"instance_id": "c02_replay_150_0045", "campus": 2, "size": 150, "track": "replay", "structure": "dedicated", "phi": null, "eta": 1.0, "m": 0.6, "u_target": null, "u_realized": null, "method": "v2mlp302", "seed": 302, "twt": 3327.0648, "makespan": 128.5033, "mean_flow": 17.509944, "breach_share": 0.14666666666666667, "breach_p1": 0.0, "breach_p2": 0.25, "breach_p3": 0.04081632653061224, "breach_p4": 0.0, "decisions": 150, "latency_ms_per_decision": 0.1203371211886406, "replans": null, "validator_ok": 1, "runtime_s": 0.01805056817829609}, "v2mlp303": {"instance_id": "c02_replay_150_0045", "campus": 2, "size": 150, "track": "replay", "structure": "dedicated", "phi": null, "eta": 1.0, "m": 0.6, "u_target": null, "u_realized": null, "method": "v2mlp303", "seed": 303, "twt": 3109.5922000000005, "makespan": 117.34810000000002, "mean_flow": 17.2303, "breach_share": 0.15333333333333332, "breach_p1": 0.0, "breach_p2": 0.25, "breach_p3": 0.061224489795918366, "breach_p4": 0.0, "decisions": 150, "latency_ms_per_decision": 0.22467919314901033, "replans": null, "validator_ok": 1, "runtime_s": 0.03370187897235155}, "v2mlp304": {"instance_id": "c02_replay_150_0045", "campus": 2, "size": 150, "track": "replay", "structure": "dedicated", "phi": null, "eta": 1.0, "m": 0.6, "u_target": null, "u_realized": null, "method": "v2mlp304", "seed": 304, "twt": 2663.6651999999995, "makespan": 122.1833, "mean_flow": 16.37892, "breach_share": 0.14, "breach_p1": 0.0, "breach_p2": 0.2375, "breach_p3": 0.04081632653061224, "breach_p4": 0.0, "decisions": 150, "latency_ms_per_decision": 0.11924499335388343, "replans": null, "validator_ok": 1, "runtime_s": 0.017886749003082514}, "v2mlp305": {"instance_id": "c02_replay_150_0045", "campus": 2, "size": 150, "track": "replay", "structure": "dedicated", "phi": null, "eta": 1.0, "m": 0.6, "u_target": null, "u_realized": null, "method": "v2mlp305", "seed": 305, "twt": 3018.5188000000003, "makespan": 127.36330000000001, "mean_flow": 16.750200666666668, "breach_share": 0.14, "breach_p1": 0.0, "breach_p2": 0.2375, "breach_p3": 0.04081632653061224, "breach_p4": 0.0, "decisions": 150, "latency_ms_per_decision": 0.22565737987558046, "replans": null, "validator_ok": 1, "runtime_s": 0.03384860698133707}, "v2mlp306": {"instance_id": "c02_replay_150_0045", "campus": 2, "size": 150, "track": "replay", "structure": "dedicated", "phi": null, "eta": 1.0, "m": 0.6, "u_target": null, "u_realized": null, "method": "v2mlp306", "seed": 306, "twt": 2885.5782000000004, "makespan": 125.68, "mean_flow": 16.878065333333335, "breach_share": 0.15333333333333332, "breach_p1": 0.0, "breach_p2": 0.25, "breach_p3": 0.061224489795918366, "breach_p4": 0.0, "decisions": 150, "latency_ms_per_decision": 0.16827231273055077, "replans": null, "validator_ok": 1, "runtime_s": 0.025240846909582615}, "v2mlp307": {"instance_id": "c02_replay_150_0045", "campus": 2,