{"config_id": "c02_replay_400_0004__c02_full_eta080_m100", "rows": {"edd": {"instance_id": "c02_replay_400_0004", "campus": 2, "size": 400, "track": "replay", "structure": "full", "phi": null, "eta": 0.8, "m": 1.0, "u_target": null, "u_realized": null, "method": "edd", "seed": 301, "twt": 1863.8976000000002, "makespan": 137.59, "mean_flow": 25.224140749999997, "breach_share": 0.0325, "breach_p1": 0.0, "breach_p2": 0.12222222222222222, "breach_p3": 0.03571428571428571, "breach_p4": 0.0, "decisions": 400, "latency_ms_per_decision": 0.012784784194082022, "replans": null, "validator_ok": 1, "runtime_s": 0.005113913677632809}, "wspt": {"instance_id": "c02_replay_400_0004", "campus": 2, "size": 400, "track": "replay", "structure": "full", "phi": null, "eta": 0.8, "m": 1.0, "u_target": null, "u_realized": null, "method": "wspt", "seed": 301, "twt": 1863.8976000000002, "makespan": 155.73329999999999, "mean_flow": 15.7839545, "breach_share": 0.0325, "breach_p1": 0.0, "breach_p2": 0.12222222222222222, "breach_p3": 0.03571428571428571, "breach_p4": 0.0, "decisions": 400, "latency_ms_per_decision": 0.01570394029840827, "replans": null, "validator_ok": 1, "runtime_s": 0.006281576119363308}, "atc": {"instance_id": "c02_replay_400_0004", "campus": 2, "size": 400, "track": "replay", "structure": "full", "phi": null, "eta": 0.8, "m": 1.0, "u_target": null, "u_realized": null, "method": "atc", "seed": 301, "twt": 1863.8976000000002, "makespan": 137.59, "mean_flow": 19.22234925, "breach_share": 0.0325, "breach_p1": 0.0, "breach_p2": 0.12222222222222222, "breach_p3": 0.03571428571428571, "breach_p4": 0.0, "decisions": 400, "latency_ms_per_decision": 0.030502445297315717, "replans": null, "validator_ok": 1, "runtime_s": 0.012200978118926287}, "pfifo": {"instance_id": "c02_replay_400_0004", "campus": 2, "size": 400, "track": "replay", "structure": "full", "phi": null, "eta": 0.8, "m": 1.0, "u_target": null, "u_realized": null, "method": "pfifo", "seed": 301, "twt": 1863.8976000000002, "makespan": 137.59, "mean_flow": 25.224140749999997, "breach_share": 0.0325, "breach_p1": 0.0, "breach_p2": 0.12222222222222222, "breach_p3": 0.03571428571428571, "breach_p4": 0.0, "decisions": 400, "latency_ms_per_decision": 0.015770485624670982, "replans": null, "validator_ok": 1, "runtime_s": 0.006308194249868393}, "mor": {"instance_id": "c02_replay_400_0004", "campus": 2, "size": 400, "track": "replay", "structure": "full", "phi": null, "eta": 0.8, "m": 1.0, "u_target": null, "u_realized": null, "method": "mor", "seed": 301, "twt": 1854.9536, "makespan": 129.64000000000001, "mean_flow": 30.255432749999997, "breach_share": 0.035, "breach_p1": 0.0, "breach_p2": 0.13333333333333333, "breach_p3": 0.03571428571428571, "breach_p4": 0.0, "decisions": 400, "latency_ms_per_decision": 0.01433438272215426, "replans": null, "validator_ok": 1, "runtime_s": 0.005733753088861704}, "lfj_atc": {"instance_id": "c02_replay_400_0004", "campus": 2, "size": 400, "track": "replay", "structure": "full", "phi": null, "eta": 0.8, "m": 1.0, "u_target": null, "u_realized": null, "method": "lfj_atc", "seed": 301, "twt": 1863.8976000000002, "makespan": 137.59, "mean_flow": 19.22257425, "breach_share": 0.0325, "breach_p1": 0.0, "breach_p2": 0.12222222222222222, "breach_p3": 0.03571428571428571, "breach_p4": 0.0, "decisions": 400, "latency_ms_per_decision": 0.03281349199824035, "replans": null, "validator_ok": 1, "runtime_s": 0.01312539679929614}, "atc_eta": {"instance_id": "c02_replay_400_0004", "campus": 2, "size": 400, "track": "replay", "structure": "full", "phi": null, "eta": 0.8, "m": 1.0, "u_target": null, "u_realized": null, "method": "atc_eta", "seed": 301, "twt": 1863.8976000000002, "makespan": 137.59, "mean_flow": 19.175115750000003, "breach_share": 0.0325, "breach_p1": 0.0, "breach_p2": 0.12222222222222222, "breach_p3": 0.03571428571428571, "breach_p4": 0.0, "decisions": 400, "latency_ms_per_decision": 0.046866785269230604, "replans": null, "validator_ok": 1, "runtime_s": 0.01874671410769224}, "random": {"instance_id": "c02_replay_400_0004", "campus": 2, "size": 400, "track": "replay", "structure": "full", "phi": null, "eta": 0.8, "m": 1.0, "u_target": null, "u_realized": null, "method": "random", "seed": 301, "twt": 1850.1804000000002, "makespan": 147.2767, "mean_flow": 21.022748999999997, "breach_share": 0.0375, "breach_p1": 0.0, "breach_p2": 0.14444444444444443, "breach_p3": 0.03571428571428571, "breach_p4": 0.0, "decisions": 400, "latency_ms_per_decision": 0.008473172783851624, "replans": null, "validator_ok": 1, "runtime_s": 0.0033892691135406494}, "v2mlp301": {"instance_id": "c02_replay_400_0004", "campus": 2, "size": 400, "track": "replay", "structure": "full", "phi": null, "eta": 0.8, "m": 1.0, "u_target": null, "u_realized": null, "method": "v2mlp301", "seed": 301, "twt": 1967.5080000000003, "makespan": 148.5567, "mean_flow": 24.834938249999997, "breach_share": 0.0325, "breach_p1": 0.0, "breach_p2": 0.12222222222222222, "breach_p3": 0.03571428571428571, "breach_p4": 0.0, "decisions": 400, "latency_ms_per_decision": 0.27028423035517335, "replans": null, "validator_ok": 1, "runtime_s": 0.10811369214206934}, "v2mlp302": {"instance_id": "c02_replay_400_0004", "campus": 2, "size": 400, "track": "replay", "structure": "full", "phi": null, "eta": 0.8, "m": 1.0, "u_target": null, "u_realized": null, "method": "v2mlp302", "seed": 302, "twt": 1967.5080000000003, "makespan": 148.5567, "mean_flow": 29.887405499999996, "breach_share": 0.0325, "breach_p1": 0.0, "breach_p2": 0.12222222222222222, "breach_p3": 0.03571428571428571, "breach_p4": 0.0, "decisions": 400, "latency_ms_per_decision": 0.27125796070322394, "replans": null, "validator_ok": 1, "runtime_s": 0.10850318428128958}, "v2mlp303": {"instance_id": "c02_replay_400_0004", "campus": 2, "size": 400, "track": "replay", "structure": "full", "phi": null, "eta": 0.8, "m": 1.0, "u_target": null, "u_realized": null, "method": "v2mlp303", "seed": 303, "twt": 1967.5080000000003, "makespan": 148.5567, "mean_flow": 29.93078874999999, "breach_share": 0.0325, "breach_p1": 0.0, "breach_p2": 0.12222222222222222, "breach_p3": 0.03571428571428571, "breach_p4": 0.0, "decisions": 400, "latency_ms_per_decision": 0.2675001393072307, "replans": null, "validator_ok": 1, "runtime_s": 0.10700005572289228}, "v2mlp304": {"instance_id": "c02_replay_400_0004", "campus": 2, "size": 400, "track": "replay", "structure": "full", "phi": null, "eta": 0.8, "m": 1.0, "u_target": null, "u_realized": null, "method": "v2mlp304", "seed": 304, "twt": 1967.5080000000003, "makespan": 148.5567, "mean_flow": 29.964138499999994, "breach_share": 0.0325, "breach_p1": 0.0, "breach_p2": 0.12222222222222222, "breach_p3": 0.03571428571428571, "breach_p4": 0.0, "decisions": 400, "latency_ms_per_decision": 0.27551246574148536, "replans": null, "validator_ok": 1, "runtime_s": 0.11020498629659414}, "v2mlp305": {"instance_id": "c02_replay_400_0004", "campus": 2, "size": 400, "track": "replay", "structure": "full", "phi": null, "eta": 0.8, "m": 1.0, "u_target": null, "u_realized": null, "method": "v2mlp305", "seed": 305, "twt": 1967.5080000000003, "makespan": 148.5567, "mean_flow": 27.11311349999999, "breach_share": 0.0325, "breach_p1": 0.0, "breach_p2": 0.12222222222222222, "breach_p3": 0.03571428571428571, "breach_p4": 0.0, "decisions": 400, "latency_ms_per_decision": 0.26820175000466406, "replans": null, "validator_ok": 1, "runtime_s": 0.10728070000186563}, "v2mlp306": {"instance_id": "c02_replay_400_0004", "campus": 2, "size": 400, "track": "replay", "structure": "full", "phi": null, "eta": 0.8, "m": 1.0, "u_target": null, "u_realized": null, "method": "v2mlp306", "seed": 306, "twt": 1967.5080000000003, "makespan": 148.5567, "mean_flow": 29.91841375, "breach_share": 0.0325, "breach_p1": 0.0, "breach_p2": 0.12222222222222222, "breach_p3": 0.03571428571428571, "breach_p4": 0.0, "decisions": 400, "latency_ms_per_decision": 0.6071982276625931, "replans": null, "validator_ok": 1,