{"config_id": "c02_replay_400_0003__c02_full_eta100_m100", "rows": {"edd": {"instance_id": "c02_replay_400_0003", "campus": 2, "size": 400, "track": "replay", "structure": "full", "phi": null, "eta": 1.0, "m": 1.0, "u_target": null, "u_realized": null, "method": "edd", "seed": 301, "twt": 2046.1263999999994, "makespan": 133.4815, "mean_flow": 9.460387500000001, "breach_share": 0.055, "breach_p1": 0.0, "breach_p2": 0.15789473684210525, "breach_p3": 0.00980392156862745, "breach_p4": 0.0, "decisions": 400, "latency_ms_per_decision": 0.014718397287651896, "replans": null, "validator_ok": 1, "runtime_s": 0.005887358915060759}, "wspt": {"instance_id": "c02_replay_400_0003", "campus": 2, "size": 400, "track": "replay", "structure": "full", "phi": null, "eta": 1.0, "m": 1.0, "u_target": null, "u_realized": null, "method": "wspt", "seed": 301, "twt": 2068.6463999999996, "makespan": 133.4815, "mean_flow": 8.116574250000001, "breach_share": 0.0575, "breach_p1": 0.0, "breach_p2": 0.16541353383458646, "breach_p3": 0.00980392156862745, "breach_p4": 0.0, "decisions": 400, "latency_ms_per_decision": 0.01485043321736157, "replans": null, "validator_ok": 1, "runtime_s": 0.005940173286944628}, "atc": {"instance_id": "c02_replay_400_0003", "campus": 2, "size": 400, "track": "replay", "structure": "full", "phi": null, "eta": 1.0, "m": 1.0, "u_target": null, "u_realized": null, "method": "atc", "seed": 301, "twt": 2046.1263999999994, "makespan": 133.4815, "mean_flow": 9.865169500000002, "breach_share": 0.055, "breach_p1": 0.0, "breach_p2": 0.15789473684210525, "breach_p3": 0.00980392156862745, "breach_p4": 0.0, "decisions": 400, "latency_ms_per_decision": 0.01946160919032991, "replans": null, "validator_ok": 1, "runtime_s": 0.007784643676131964}, "pfifo": {"instance_id": "c02_replay_400_0003", "campus": 2, "size": 400, "track": "replay", "structure": "full", "phi": null, "eta": 1.0, "m": 1.0, "u_target": null, "u_realized": null, "method": "pfifo", "seed": 301, "twt": 2046.1263999999994, "makespan": 133.4815, "mean_flow": 9.460387500000001, "breach_share": 0.055, "breach_p1": 0.0, "breach_p2": 0.15789473684210525, "breach_p3": 0.00980392156862745, "breach_p4": 0.0, "decisions": 400, "latency_ms_per_decision": 0.015583117492496967, "replans": null, "validator_ok": 1, "runtime_s": 0.006233246996998787}, "mor": {"instance_id": "c02_replay_400_0003", "campus": 2, "size": 400, "track": "replay", "structure": "full", "phi": null, "eta": 1.0, "m": 1.0, "u_target": null, "u_realized": null, "method": "mor", "seed": 301, "twt": 2046.1263999999994, "makespan": 133.4815, "mean_flow": 11.425684500000003, "breach_share": 0.055, "breach_p1": 0.0, "breach_p2": 0.15789473684210525, "breach_p3": 0.00980392156862745, "breach_p4": 0.0, "decisions": 400, "latency_ms_per_decision": 0.015211604768410325, "replans": null, "validator_ok": 1, "runtime_s": 0.00608464190736413}, "lfj_atc": {"instance_id": "c02_replay_400_0003", "campus": 2, "size": 400, "track": "replay", "structure": "full", "phi": null, "eta": 1.0, "m": 1.0, "u_target": null, "u_realized": null, "method": "lfj_atc", "seed": 301, "twt": 2046.1263999999994, "makespan": 133.4815, "mean_flow": 9.865194500000001, "breach_share": 0.055, "breach_p1": 0.0, "breach_p2": 0.15789473684210525, "breach_p3": 0.00980392156862745, "breach_p4": 0.0, "decisions": 400, "latency_ms_per_decision": 0.0811838882509619, "replans": null, "validator_ok": 1, "runtime_s": 0.03247355530038476}, "atc_eta": {"instance_id": "c02_replay_400_0003", "campus": 2, "size": 400, "track": "replay", "structure": "full", "phi": null, "eta": 1.0, "m": 1.0, "u_target": null, "u_realized": null, "method": "atc_eta", "seed": 301, "twt": 2046.1263999999994, "makespan": 133.4815, "mean_flow": 9.865169500000002, "breach_share": 0.055, "breach_p1": 0.0, "breach_p2": 0.15789473684210525, "breach_p3": 0.00980392156862745, "breach_p4": 0.0, "decisions": 400, "latency_ms_per_decision": 0.03241989528760314, "replans": null, "validator_ok": 1, "runtime_s": 0.012967958115041256}, "random": {"instance_id": "c02_replay_400_0003", "campus": 2, "size": 400, "track": "replay", "structure": "full", "phi": null, "eta": 1.0, "m": 1.0, "u_target": null, "u_realized": null, "method": "random", "seed": 301, "twt": 2046.1263999999994, "makespan": 133.4815, "mean_flow": 9.221853000000001, "breach_share": 0.055, "breach_p1": 0.0, "breach_p2": 0.15789473684210525, "breach_p3": 0.00980392156862745, "breach_p4": 0.0, "decisions": 400, "latency_ms_per_decision": 0.01367763034068048, "replans": null, "validator_ok": 1, "runtime_s": 0.005471052136272192}, "v2mlp301": {"instance_id": "c02_replay_400_0003", "campus": 2, "size": 400, "track": "replay", "structure": "full", "phi": null, "eta": 1.0, "m": 1.0, "u_target": null, "u_realized": null, "method": "v2mlp301", "seed": 301, "twt": 2046.1263999999994, "makespan": 133.4815, "mean_flow": 8.878551000000002, "breach_share": 0.055, "breach_p1": 0.0, "breach_p2": 0.15789473684210525, "breach_p3": 0.00980392156862745, "breach_p4": 0.0, "decisions": 400, "latency_ms_per_decision": 0.4004699073266238, "replans": null, "validator_ok": 1, "runtime_s": 0.16018796293064952}, "v2mlp302": {"instance_id": "c02_replay_400_0003", "campus": 2, "size": 400, "track": "replay", "structure": "full", "phi": null, "eta": 1.0, "m": 1.0, "u_target": null, "u_realized": null, "method": "v2mlp302", "seed": 302, "twt": 2046.1263999999994, "makespan": 133.4815, "mean_flow": 10.672895250000002, "breach_share": 0.055, "breach_p1": 0.0, "breach_p2": 0.15789473684210525, "breach_p3": 0.00980392156862745, "breach_p4": 0.0, "decisions": 400, "latency_ms_per_decision": 0.40215721004642546, "replans": null, "validator_ok": 1, "runtime_s": 0.16086288401857018}, "v2mlp303": {"instance_id": "c02_replay_400_0003", "campus": 2, "size": 400, "track": "replay", "structure": "full", "phi": null, "eta": 1.0, "m": 1.0, "u_target": null, "u_realized": null, "method": "v2mlp303", "seed": 303, "twt": 2046.1263999999994, "makespan": 133.4815, "mean_flow": 10.320302250000003, "breach_share": 0.055, "breach_p1": 0.0, "breach_p2": 0.15789473684210525, "breach_p3": 0.00980392156862745, "breach_p4": 0.0, "decisions": 400, "latency_ms_per_decision": 0.4838419973384589, "replans": null, "validator_ok": 1, "runtime_s": 0.19353679893538356}, "v2mlp304": {"instance_id": "c02_replay_400_0003", "campus": 2, "size": 400, "track": "replay", "structure": "full", "phi": null, "eta": 1.0, "m": 1.0, "u_target": null, "u_realized": null, "method": "v2mlp304", "seed": 304, "twt": 2046.1263999999994, "makespan": 133.4815, "mean_flow": 10.832486000000001, "breach_share": 0.055, "breach_p1": 0.0, "breach_p2": 0.15789473684210525, "breach_p3": 0.00980392156862745, "breach_p4": 0.0, "decisions": 400, "latency_ms_per_decision": 0.36630472750402987, "replans": null, "validator_ok": 1, "runtime_s": 0.14652189100161195}, "v2mlp305": {"instance_id": "c02_replay_400_0003", "campus": 2, "size": 400, "track": "replay", "structure": "full", "phi": null, "eta": 1.0, "m": 1.0, "u_target": null, "u_realized": null, "method": "v2mlp305", "seed": 305, "twt": 2046.1263999999994, "makespan": 133.4815, "mean_flow": 10.569021000000003, "breach_share": 0.055, "breach_p1": 0.0, "breach_p2": 0.15789473684210525, "breach_p3": 0.00980392156862745, "breach_p4": 0.0, "decisions": 400, "latency_ms_per_decision": 0.3189962892793119, "replans": null, "validator_ok": 1, "runtime_s": 0.12759851571172476}, "v2mlp306": {"instance_id": "c02_replay_400_0003", "campus": 2, "size": 400, "track": "replay", "structure": "full", "phi": null, "eta": 1.0, "m": 1.0, "u_target": null, "u_realized": null, "method": "v2mlp306", "seed": 306, "twt": 2046.1263999999994, "makespan": 133.4815, "mean_flow": 10.63541075, "breach_share": 0.055, "breach_p1": 0.0, "breach_p2": 0.15789473684210525, "breach_p3": 0.00980392156862745, "breach_p4": 0.0, "decisions": 400, "latency_ms_per_decision": 0.36188836791552603, "replans": null, "validator_ok": 1, "runtime_s": 0.1447553471662104},