{"config_id": "c02_replay_150_0021__c02_chain_phi100_eta080_m080", "rows": {"edd": {"instance_id": "c02_replay_150_0021", "campus": 2, "size": 150, "track": "replay", "structure": "chain", "phi": 1.0, "eta": 0.8, "m": 0.8, "u_target": null, "u_realized": null, "method": "edd", "seed": 301, "twt": 1158.0976, "makespan": 111.94810000000001, "mean_flow": 12.054428, "breach_share": 0.04, "breach_p1": 1.0, "breach_p2": 0.058823529411764705, "breach_p3": 0.046511627906976744, "breach_p4": 0.0, "decisions": 150, "latency_ms_per_decision": 0.005296819532910983, "replans": null, "validator_ok": 1, "runtime_s": 0.0007945229299366474}, "wspt": {"instance_id": "c02_replay_150_0021", "campus": 2, "size": 150, "track": "replay", "structure": "chain", "phi": 1.0, "eta": 0.8, "m": 0.8, "u_target": null, "u_realized": null, "method": "wspt", "seed": 301, "twt": 1158.0976, "makespan": 111.94810000000001, "mean_flow": 10.00994, "breach_share": 0.04, "breach_p1": 1.0, "breach_p2": 0.058823529411764705, "breach_p3": 0.046511627906976744, "breach_p4": 0.0, "decisions": 150, "latency_ms_per_decision": 0.006009914601842563, "replans": null, "validator_ok": 1, "runtime_s": 0.0009014871902763844}, "atc": {"instance_id": "c02_replay_150_0021", "campus": 2, "size": 150, "track": "replay", "structure": "chain", "phi": 1.0, "eta": 0.8, "m": 0.8, "u_target": null, "u_realized": null, "method": "atc", "seed": 301, "twt": 1158.0976, "makespan": 111.94810000000001, "mean_flow": 10.680496666666668, "breach_share": 0.04, "breach_p1": 1.0, "breach_p2": 0.058823529411764705, "breach_p3": 0.046511627906976744, "breach_p4": 0.0, "decisions": 150, "latency_ms_per_decision": 0.007681241258978844, "replans": null, "validator_ok": 1, "runtime_s": 0.0011521861888468266}, "pfifo": {"instance_id": "c02_replay_150_0021", "campus": 2, "size": 150, "track": "replay", "structure": "chain", "phi": 1.0, "eta": 0.8, "m": 0.8, "u_target": null, "u_realized": null, "method": "pfifo", "seed": 301, "twt": 1158.0976, "makespan": 111.94810000000001, "mean_flow": 12.054428, "breach_share": 0.04, "breach_p1": 1.0, "breach_p2": 0.058823529411764705, "breach_p3": 0.046511627906976744, "breach_p4": 0.0, "decisions": 150, "latency_ms_per_decision": 0.06609270038704078, "replans": null, "validator_ok": 1, "runtime_s": 0.009913905058056116}, "mor": {"instance_id": "c02_replay_150_0021", "campus": 2, "size": 150, "track": "replay", "structure": "chain", "phi": 1.0, "eta": 0.8, "m": 0.8, "u_target": null, "u_realized": null, "method": "mor", "seed": 301, "twt": 1158.0976, "makespan": 111.94810000000001, "mean_flow": 13.780694666666665, "breach_share": 0.04, "breach_p1": 1.0, "breach_p2": 0.058823529411764705, "breach_p3": 0.046511627906976744, "breach_p4": 0.0, "decisions": 150, "latency_ms_per_decision": 0.005456019813815753, "replans": null, "validator_ok": 1, "runtime_s": 0.0008184029720723629}, "lfj_atc": {"instance_id": "c02_replay_150_0021", "campus": 2, "size": 150, "track": "replay", "structure": "chain", "phi": 1.0, "eta": 0.8, "m": 0.8, "u_target": null, "u_realized": null, "method": "lfj_atc", "seed": 301, "twt": 1158.0976, "makespan": 111.94810000000001, "mean_flow": 10.680496666666668, "breach_share": 0.04, "breach_p1": 1.0, "breach_p2": 0.058823529411764705, "breach_p3": 0.046511627906976744, "breach_p4": 0.0, "decisions": 150, "latency_ms_per_decision": 0.008693753431240717, "replans": null, "validator_ok": 1, "runtime_s": 0.0013040630146861076}, "atc_eta": {"instance_id": "c02_replay_150_0021", "campus": 2, "size": 150, "track": "replay", "structure": "chain", "phi": 1.0, "eta": 0.8, "m": 0.8, "u_target": null, "u_realized": null, "method": "atc_eta", "seed": 301, "twt": 1158.0976, "makespan": 111.94810000000001, "mean_flow": 10.680496666666668, "breach_share": 0.04, "breach_p1": 1.0, "breach_p2": 0.058823529411764705, "breach_p3": 0.046511627906976744, "breach_p4": 0.0, "decisions": 150, "latency_ms_per_decision": 0.011170155679186186, "replans": null, "validator_ok": 1, "runtime_s": 0.0016755233518779278}, "random": {"instance_id": "c02_replay_150_0021", "campus": 2, "size": 150, "track": "replay", "structure": "chain", "phi": 1.0, "eta": 0.8, "m": 0.8, "u_target": null, "u_realized": null, "method": "random", "seed": 301, "twt": 1180.7376000000002, "makespan": 111.94810000000001, "mean_flow": 10.909096, "breach_share": 0.04666666666666667, "breach_p1": 1.0, "breach_p2": 0.08823529411764706, "breach_p3": 0.046511627906976744, "breach_p4": 0.0, "decisions": 150, "latency_ms_per_decision": 0.004891051600376765, "replans": null, "validator_ok": 1, "runtime_s": 0.0007336577400565147}, "v2mlp301": {"instance_id": "c02_replay_150_0021", "campus": 2, "size": 150, "track": "replay", "structure": "chain", "phi": 1.0, "eta": 0.8, "m": 0.8, "u_target": null, "u_realized": null, "method": "v2mlp301", "seed": 301, "twt": 1177.5644, "makespan": 111.94810000000001, "mean_flow": 9.922118000000001, "breach_share": 0.04666666666666667, "breach_p1": 1.0, "breach_p2": 0.08823529411764706, "breach_p3": 0.046511627906976744, "breach_p4": 0.0, "decisions": 150, "latency_ms_per_decision": 0.2356530725955963, "replans": null, "validator_ok": 1, "runtime_s": 0.03534796088933945}, "v2mlp302": {"instance_id": "c02_replay_150_0021", "campus": 2, "size": 150, "track": "replay", "structure": "chain", "phi": 1.0, "eta": 0.8, "m": 0.8, "u_target": null, "u_realized": null, "method": "v2mlp302", "seed": 302, "twt": 1158.0976, "makespan": 117.94, "mean_flow": 13.737054, "breach_share": 0.04, "breach_p1": 1.0, "breach_p2": 0.058823529411764705, "breach_p3": 0.046511627906976744, "breach_p4": 0.0, "decisions": 150, "latency_ms_per_decision": 0.2374415441105763, "replans": null, "validator_ok": 1, "runtime_s": 0.03561623161658645}, "v2mlp303": {"instance_id": "c02_replay_150_0021", "campus": 2, "size": 150, "track": "replay", "structure": "chain", "phi": 1.0, "eta": 0.8, "m": 0.8, "u_target": null, "u_realized": null, "method": "v2mlp303", "seed": 303, "twt": 1158.0976, "makespan": 111.94810000000001, "mean_flow": 13.740472666666667, "breach_share": 0.04, "breach_p1": 1.0, "breach_p2": 0.058823529411764705, "breach_p3": 0.046511627906976744, "breach_p4": 0.0, "decisions": 150, "latency_ms_per_decision": 0.2335733858247598, "replans": null, "validator_ok": 1, "runtime_s": 0.03503600787371397}, "v2mlp304": {"instance_id": "c02_replay_150_0021", "campus": 2, "size": 150, "track": "replay", "structure": "chain", "phi": 1.0, "eta": 0.8, "m": 0.8, "u_target": null, "u_realized": null, "method": "v2mlp304", "seed": 304, "twt": 1158.0976, "makespan": 111.94810000000001, "mean_flow": 13.763828, "breach_share": 0.04, "breach_p1": 1.0, "breach_p2": 0.058823529411764705, "breach_p3": 0.046511627906976744, "breach_p4": 0.0, "decisions": 150, "latency_ms_per_decision": 0.24393650082250437, "replans": null, "validator_ok": 1, "runtime_s": 0.036590475123375654}, "v2mlp305": {"instance_id": "c02_replay_150_0021", "campus": 2, "size": 150, "track": "replay", "structure": "chain", "phi": 1.0, "eta": 0.8, "m": 0.8, "u_target": null, "u_realized": null, "method": "v2mlp305", "seed": 305, "twt": 1158.0976, "makespan": 111.94810000000001, "mean_flow": 11.309384, "breach_share": 0.04, "breach_p1": 1.0, "breach_p2": 0.058823529411764705, "breach_p3": 0.046511627906976744, "breach_p4": 0.0, "decisions": 150, "latency_ms_per_decision": 0.3140769340097904, "replans": null, "validator_ok": 1, "runtime_s": 0.04711154010146856}, "v2mlp306": {"instance_id": "c02_replay_150_0021", "campus": 2, "size": 150, "track": "replay", "structure": "chain", "phi": 1.0, "eta": 0.8, "m": 0.8, "u_target": null, "u_realized": null, "method": "v2mlp306", "seed": 306, "twt": 1158.0976, "makespan": 111.94810000000001, "mean_flow": 13.776961333333334, "breach_share": 0.04, "breach_p1": 1.0, "breach_p2": 0.058823529411764705, "breach_p3": 0.046511627906976744, "breach_p4": 0.0, "decisions": 150, "latency_ms_per_decision": 0.36901600038011867, "replans": null, "validator_ok": 1,