{"config_id": "c02_replay_400_0027__c02_full_eta080_m060", "rows": {"edd": {"instance_id": "c02_replay_400_0027", "campus": 2, "size": 400, "track": "replay", "structure": "full", "phi": null, "eta": 0.8, "m": 0.6, "u_target": null, "u_realized": null, "method": "edd", "seed": 301, "twt": 6597.522500000001, "makespan": 266.98670000000004, "mean_flow": 29.50865675, "breach_share": 0.0925, "breach_p1": 0.3684210526315789, "breach_p2": 0.11242603550295859, "breach_p3": 0.05, "breach_p4": 0.057692307692307696, "decisions": 400, "latency_ms_per_decision": 0.025958821643143892, "replans": null, "validator_ok": 1, "runtime_s": 0.010383528657257557}, "wspt": {"instance_id": "c02_replay_400_0027", "campus": 2, "size": 400, "track": "replay", "structure": "full", "phi": null, "eta": 0.8, "m": 0.6, "u_target": null, "u_realized": null, "method": "wspt", "seed": 301, "twt": 8425.608400000001, "makespan": 240.5433, "mean_flow": 14.928636999999998, "breach_share": 0.095, "breach_p1": 0.42105263157894735, "breach_p2": 0.11834319526627218, "breach_p3": 0.05625, "breach_p4": 0.019230769230769232, "decisions": 400, "latency_ms_per_decision": 0.016380815068259835, "replans": null, "validator_ok": 1, "runtime_s": 0.006552326027303934}, "atc": {"instance_id": "c02_replay_400_0027", "campus": 2, "size": 400, "track": "replay", "structure": "full", "phi": null, "eta": 0.8, "m": 0.6, "u_target": null, "u_realized": null, "method": "atc", "seed": 301, "twt": 7645.497799999999, "makespan": 248.5, "mean_flow": 22.06604225, "breach_share": 0.0925, "breach_p1": 0.42105263157894735, "breach_p2": 0.11834319526627218, "breach_p3": 0.05, "breach_p4": 0.019230769230769232, "decisions": 400, "latency_ms_per_decision": 0.04225302021950483, "replans": null, "validator_ok": 1, "runtime_s": 0.016901208087801933}, "pfifo": {"instance_id": "c02_replay_400_0027", "campus": 2, "size": 400, "track": "replay", "structure": "full", "phi": null, "eta": 0.8, "m": 0.6, "u_target": null, "u_realized": null, "method": "pfifo", "seed": 301, "twt": 6597.522500000001, "makespan": 266.98670000000004, "mean_flow": 29.50865675, "breach_share": 0.0925, "breach_p1": 0.3684210526315789, "breach_p2": 0.11242603550295859, "breach_p3": 0.05, "breach_p4": 0.057692307692307696, "decisions": 400, "latency_ms_per_decision": 0.027544418117031455, "replans": null, "validator_ok": 1, "runtime_s": 0.011017767246812582}, "mor": {"instance_id": "c02_replay_400_0027", "campus": 2, "size": 400, "track": "replay", "structure": "full", "phi": null, "eta": 0.8, "m": 0.6, "u_target": null, "u_realized": null, "method": "mor", "seed": 301, "twt": 54633.76979999997, "makespan": 202.4, "mean_flow": 70.26858499999999, "breach_share": 0.55, "breach_p1": 0.7894736842105263, "breach_p2": 0.6331360946745562, "breach_p3": 0.6125, "breach_p4": 0.0, "decisions": 400, "latency_ms_per_decision": 0.028634151676669717, "replans": null, "validator_ok": 1, "runtime_s": 0.011453660670667887}, "lfj_atc": {"instance_id": "c02_replay_400_0027", "campus": 2, "size": 400, "track": "replay", "structure": "full", "phi": null, "eta": 0.8, "m": 0.6, "u_target": null, "u_realized": null, "method": "lfj_atc", "seed": 301, "twt": 7731.2447999999995, "makespan": 249.02, "mean_flow": 22.13444325, "breach_share": 0.0975, "breach_p1": 0.42105263157894735, "breach_p2": 0.11834319526627218, "breach_p3": 0.05, "breach_p4": 0.057692307692307696, "decisions": 400, "latency_ms_per_decision": 0.04393404466100037, "replans": null, "validator_ok": 1, "runtime_s": 0.01757361786440015}, "atc_eta": {"instance_id": "c02_replay_400_0027", "campus": 2, "size": 400, "track": "replay", "structure": "full", "phi": null, "eta": 0.8, "m": 0.6, "u_target": null, "u_realized": null, "method": "atc_eta", "seed": 301, "twt": 7133.032900000001, "makespan": 246.00150000000002, "mean_flow": 20.512258499999998, "breach_share": 0.0925, "breach_p1": 0.42105263157894735, "breach_p2": 0.11242603550295859, "breach_p3": 0.05, "breach_p4": 0.038461538461538464, "decisions": 400, "latency_ms_per_decision": 0.0327798118814826, "replans": null, "validator_ok": 1, "runtime_s": 0.01311192475259304}, "random": {"instance_id": "c02_replay_400_0027", "campus": 2, "size": 400, "track": "replay", "structure": "full", "phi": null, "eta": 0.8, "m": 0.6, "u_target": null, "u_realized": null, "method": "random", "seed": 301, "twt": 21471.806600000004, "makespan": 255.8967, "mean_flow": 35.596246, "breach_share": 0.2925, "breach_p1": 0.6842105263157895, "breach_p2": 0.4319526627218935, "breach_p3": 0.1875, "breach_p4": 0.019230769230769232, "decisions": 400, "latency_ms_per_decision": 0.009562382474541664, "replans": null, "validator_ok": 1, "runtime_s": 0.0038249529898166656}, "v2mlp301": {"instance_id": "c02_replay_400_0027", "campus": 2, "size": 400, "track": "replay", "structure": "full", "phi": null, "eta": 0.8, "m": 0.6, "u_target": null, "u_realized": null, "method": "v2mlp301", "seed": 301, "twt": 7366.281700000005, "makespan": 256.5381, "mean_flow": 36.1193135, "breach_share": 0.2525, "breach_p1": 0.42105263157894735, "breach_p2": 0.4556213017751479, "breach_p3": 0.0875, "breach_p4": 0.038461538461538464, "decisions": 400, "latency_ms_per_decision": 0.4325816500931978, "replans": null, "validator_ok": 1, "runtime_s": 0.17303266003727913}, "v2mlp302": {"instance_id": "c02_replay_400_0027", "campus": 2, "size": 400, "track": "replay", "structure": "full", "phi": null, "eta": 0.8, "m": 0.6, "u_target": null, "u_realized": null, "method": "v2mlp302", "seed": 302, "twt": 14709.162300000013, "makespan": 255.87, "mean_flow": 42.756244499999994, "breach_share": 0.3675, "breach_p1": 0.5263157894736842, "breach_p2": 0.5680473372781065, "breach_p3": 0.2375, "breach_p4": 0.057692307692307696, "decisions": 400, "latency_ms_per_decision": 0.5597998853772879, "replans": null, "validator_ok": 1, "runtime_s": 0.22391995415091515}, "v2mlp303": {"instance_id": "c02_replay_400_0027", "campus": 2, "size": 400, "track": "replay", "structure": "full", "phi": null, "eta": 0.8, "m": 0.6, "u_target": null, "u_realized": null, "method": "v2mlp303", "seed": 303, "twt": 10888.737799999995, "makespan": 264.3867, "mean_flow": 38.1872055, "breach_share": 0.2175, "breach_p1": 0.5263157894736842, "breach_p2": 0.39644970414201186, "breach_p3": 0.05, "breach_p4": 0.038461538461538464, "decisions": 400, "latency_ms_per_decision": 0.6915818294510245, "replans": null, "validator_ok": 1, "runtime_s": 0.2766327317804098}, "v2mlp304": {"instance_id": "c02_replay_400_0027", "campus": 2, "size": 400, "track": "replay", "structure": "full", "phi": null, "eta": 0.8, "m": 0.6, "u_target": null, "u_realized": null, "method": "v2mlp304", "seed": 304, "twt": 8162.473699999997, "makespan": 260.1548, "mean_flow": 37.357112750000006, "breach_share": 0.17, "breach_p1": 0.47368421052631576, "breach_p2": 0.28994082840236685, "breach_p3": 0.05625, "breach_p4": 0.019230769230769232, "decisions": 400, "latency_ms_per_decision": 0.8092743530869484, "replans": null, "validator_ok": 1, "runtime_s": 0.32370974123477936}, "v2mlp305": {"instance_id": "c02_replay_400_0027", "campus": 2, "size": 400, "track": "replay", "structure": "full", "phi": null, "eta": 0.8, "m": 0.6, "u_target": null, "u_realized": null, "method": "v2mlp305", "seed": 305, "twt": 8641.412800000002, "makespan": 227.1448, "mean_flow": 38.96586675, "breach_share": 0.2275, "breach_p1": 0.42105263157894735, "breach_p2": 0.4260355029585799, "breach_p3": 0.06875, "breach_p4": 0.0, "decisions": 400, "latency_ms_per_decision": 0.503980639623478, "replans": null, "validator_ok": 1, "runtime_s": 0.20159225584939122}, "v2mlp306": {"instance_id": "c02_replay_400_0027", "campus": 2, "size": 400, "track": "replay", "structure": "full", "phi": null, "eta": 0.8, "m": 0.6, "u_target": null, "u_realized": null, "method": "v2mlp306", "seed": 306, "twt": 9326.306600000005, "makespan": 253.34330000000003, "mean_flow": 39.088879, "breach_share": 0.2275, "breach_p1": 0.42105263157894735,