{"config_id": "c02_replay_150_0016__c02_full_eta080_m060", "rows": {"edd": {"instance_id": "c02_replay_150_0016", "campus": 2, "size": 150, "track": "replay", "structure": "full", "phi": null, "eta": 0.8, "m": 0.6, "u_target": null, "u_realized": null, "method": "edd", "seed": 301, "twt": 701.8532, "makespan": 134.3567, "mean_flow": 9.254290666666666, "breach_share": 0.04666666666666667, "breach_p1": 0.0, "breach_p2": 0.07142857142857142, "breach_p3": 0.03333333333333333, "breach_p4": 0.0, "decisions": 150, "latency_ms_per_decision": 0.007590940222144127, "replans": null, "validator_ok": 1, "runtime_s": 0.001138641033321619}, "wspt": {"instance_id": "c02_replay_150_0016", "campus": 2, "size": 150, "track": "replay", "structure": "full", "phi": null, "eta": 0.8, "m": 0.6, "u_target": null, "u_realized": null, "method": "wspt", "seed": 301, "twt": 734.1999999999998, "makespan": 134.3567, "mean_flow": 9.007179333333333, "breach_share": 0.04666666666666667, "breach_p1": 0.0, "breach_p2": 0.07142857142857142, "breach_p3": 0.03333333333333333, "breach_p4": 0.0, "decisions": 150, "latency_ms_per_decision": 0.35092946452399093, "replans": null, "validator_ok": 1, "runtime_s": 0.05263941967859864}, "atc": {"instance_id": "c02_replay_150_0016", "campus": 2, "size": 150, "track": "replay", "structure": "full", "phi": null, "eta": 0.8, "m": 0.6, "u_target": null, "u_realized": null, "method": "atc", "seed": 301, "twt": 763.9199999999998, "makespan": 134.3567, "mean_flow": 9.383801333333334, "breach_share": 0.04666666666666667, "breach_p1": 0.0, "breach_p2": 0.07142857142857142, "breach_p3": 0.03333333333333333, "breach_p4": 0.0, "decisions": 150, "latency_ms_per_decision": 0.009507782136400541, "replans": null, "validator_ok": 1, "runtime_s": 0.001426167320460081}, "pfifo": {"instance_id": "c02_replay_150_0016", "campus": 2, "size": 150, "track": "replay", "structure": "full", "phi": null, "eta": 0.8, "m": 0.6, "u_target": null, "u_realized": null, "method": "pfifo", "seed": 301, "twt": 701.8532, "makespan": 134.3567, "mean_flow": 9.254290666666666, "breach_share": 0.04666666666666667, "breach_p1": 0.0, "breach_p2": 0.07142857142857142, "breach_p3": 0.03333333333333333, "breach_p4": 0.0, "decisions": 150, "latency_ms_per_decision": 0.007563872883717219, "replans": null, "validator_ok": 1, "runtime_s": 0.0011345809325575829}, "mor": {"instance_id": "c02_replay_150_0016", "campus": 2, "size": 150, "track": "replay", "structure": "full", "phi": null, "eta": 0.8, "m": 0.6, "u_target": null, "u_realized": null, "method": "mor", "seed": 301, "twt": 635.7199999999999, "makespan": 134.3567, "mean_flow": 9.397623999999999, "breach_share": 0.04666666666666667, "breach_p1": 0.0, "breach_p2": 0.07142857142857142, "breach_p3": 0.03333333333333333, "breach_p4": 0.0, "decisions": 150, "latency_ms_per_decision": 0.007374066238602002, "replans": null, "validator_ok": 1, "runtime_s": 0.0011061099357903004}, "lfj_atc": {"instance_id": "c02_replay_150_0016", "campus": 2, "size": 150, "track": "replay", "structure": "full", "phi": null, "eta": 0.8, "m": 0.6, "u_target": null, "u_realized": null, "method": "lfj_atc", "seed": 301, "twt": 763.9199999999998, "makespan": 134.3567, "mean_flow": 9.383801333333334, "breach_share": 0.04666666666666667, "breach_p1": 0.0, "breach_p2": 0.07142857142857142, "breach_p3": 0.03333333333333333, "breach_p4": 0.0, "decisions": 150, "latency_ms_per_decision": 0.010341902573903402, "replans": null, "validator_ok": 1, "runtime_s": 0.0015512853860855103}, "atc_eta": {"instance_id": "c02_replay_150_0016", "campus": 2, "size": 150, "track": "replay", "structure": "full", "phi": null, "eta": 0.8, "m": 0.6, "u_target": null, "u_realized": null, "method": "atc_eta", "seed": 301, "twt": 766.8668, "makespan": 134.3567, "mean_flow": 9.369267999999998, "breach_share": 0.04666666666666667, "breach_p1": 0.0, "breach_p2": 0.07142857142857142, "breach_p3": 0.03333333333333333, "breach_p4": 0.0, "decisions": 150, "latency_ms_per_decision": 0.013003520046671232, "replans": null, "validator_ok": 1, "runtime_s": 0.0019505280070006847}, "random": {"instance_id": "c02_replay_150_0016", "campus": 2, "size": 150, "track": "replay", "structure": "full", "phi": null, "eta": 0.8, "m": 0.6, "u_target": null, "u_realized": null, "method": "random", "seed": 301, "twt": 644.4, "makespan": 134.3567, "mean_flow": 9.125712, "breach_share": 0.04666666666666667, "breach_p1": 0.0, "breach_p2": 0.07142857142857142, "breach_p3": 0.03333333333333333, "breach_p4": 0.0, "decisions": 150, "latency_ms_per_decision": 0.007250218962629636, "replans": null, "validator_ok": 1, "runtime_s": 0.0010875328443944454}, "v2mlp301": {"instance_id": "c02_replay_150_0016", "campus": 2, "size": 150, "track": "replay", "structure": "full", "phi": null, "eta": 0.8, "m": 0.6, "u_target": null, "u_realized": null, "method": "v2mlp301", "seed": 301, "twt": 693.52, "makespan": 134.3567, "mean_flow": 9.348135333333333, "breach_share": 0.04666666666666667, "breach_p1": 0.0, "breach_p2": 0.07142857142857142, "breach_p3": 0.03333333333333333, "breach_p4": 0.0, "decisions": 150, "latency_ms_per_decision": 0.44435860589146614, "replans": null, "validator_ok": 1, "runtime_s": 0.06665379088371992}, "v2mlp302": {"instance_id": "c02_replay_150_0016", "campus": 2, "size": 150, "track": "replay", "structure": "full", "phi": null, "eta": 0.8, "m": 0.6, "u_target": null, "u_realized": null, "method": "v2mlp302", "seed": 302, "twt": 693.52, "makespan": 134.3567, "mean_flow": 9.341958, "breach_share": 0.04666666666666667, "breach_p1": 0.0, "breach_p2": 0.07142857142857142, "breach_p3": 0.03333333333333333, "breach_p4": 0.0, "decisions": 150, "latency_ms_per_decision": 0.506258603806297, "replans": null, "validator_ok": 1, "runtime_s": 0.07593879057094455}, "v2mlp303": {"instance_id": "c02_replay_150_0016", "campus": 2, "size": 150, "track": "replay", "structure": "full", "phi": null, "eta": 0.8, "m": 0.6, "u_target": null, "u_realized": null, "method": "v2mlp303", "seed": 303, "twt": 693.52, "makespan": 134.3567, "mean_flow": 9.226734666666667, "breach_share": 0.04666666666666667, "breach_p1": 0.0, "breach_p2": 0.07142857142857142, "breach_p3": 0.03333333333333333, "breach_p4": 0.0, "decisions": 150, "latency_ms_per_decision": 0.446042117352287, "replans": null, "validator_ok": 1, "runtime_s": 0.06690631760284305}, "v2mlp304": {"instance_id": "c02_replay_150_0016", "campus": 2, "size": 150, "track": "replay", "structure": "full", "phi": null, "eta": 0.8, "m": 0.6, "u_target": null, "u_realized": null, "method": "v2mlp304", "seed": 304, "twt": 763.9199999999998, "makespan": 134.3567, "mean_flow": 9.490090666666669, "breach_share": 0.04666666666666667, "breach_p1": 0.0, "breach_p2": 0.07142857142857142, "breach_p3": 0.03333333333333333, "breach_p4": 0.0, "decisions": 150, "latency_ms_per_decision": 0.44452252487341565, "replans": null, "validator_ok": 1, "runtime_s": 0.06667837873101234}, "v2mlp305": {"instance_id": "c02_replay_150_0016", "campus": 2, "size": 150, "track": "replay", "structure": "full", "phi": null, "eta": 0.8, "m": 0.6, "u_target": null, "u_realized": null, "method": "v2mlp305", "seed": 305, "twt": 693.52, "makespan": 134.3567, "mean_flow": 9.507890666666666, "breach_share": 0.04666666666666667, "breach_p1": 0.0, "breach_p2": 0.07142857142857142, "breach_p3": 0.03333333333333333, "breach_p4": 0.0, "decisions": 150, "latency_ms_per_decision": 0.44524474690357846, "replans": null, "validator_ok": 1, "runtime_s": 0.06678671203553677}, "v2mlp306": {"instance_id": "c02_replay_150_0016", "campus": 2, "size": 150, "track": "replay", "structure": "full", "phi": null, "eta": 0.8, "m": 0.6, "u_target": null, "u_realized": null, "method": "v2mlp306", "seed": 306, "twt": 693.52, "makespan": 134.3567, "mean_flow": 9.361134666666667, "breach_share": 0.04666666666666667, "breach_p1": 0.0, "breach_p2": 0.07142857142857142, "breach_p3": 0.03333333333333333, "breach_p4": 0.0, "decisions": 150,