{"config_id": "c02_replay_400_0030__c02_l0_eta100_m100", "rows": {"edd": {"instance_id": "c02_replay_400_0030", "campus": 2, "size": 400, "track": "replay", "structure": "dedicated", "phi": null, "eta": 1.0, "m": 1.0, "u_target": null, "u_realized": null, "method": "edd", "seed": 301, "twt": 3360.8885999999993, "makespan": 195.0263, "mean_flow": 27.311502, "breach_share": 0.08, "breach_p1": 0.3333333333333333, "breach_p2": 0.14193548387096774, "breach_p3": 0.06293706293706294, "breach_p4": 0.0, "decisions": 400, "latency_ms_per_decision": 0.007523627718910575, "replans": null, "validator_ok": 1, "runtime_s": 0.00300945108756423}, "wspt": {"instance_id": "c02_replay_400_0030", "campus": 2, "size": 400, "track": "replay", "structure": "dedicated", "phi": null, "eta": 1.0, "m": 1.0, "u_target": null, "u_realized": null, "method": "wspt", "seed": 301, "twt": 4385.7388, "makespan": 212.7781, "mean_flow": 14.625931499999997, "breach_share": 0.08, "breach_p1": 0.3333333333333333, "breach_p2": 0.14838709677419354, "breach_p3": 0.055944055944055944, "breach_p4": 0.0, "decisions": 400, "latency_ms_per_decision": 0.007272493094205856, "replans": null, "validator_ok": 1, "runtime_s": 0.0029089972376823425}, "atc": {"instance_id": "c02_replay_400_0030", "campus": 2, "size": 400, "track": "replay", "structure": "dedicated", "phi": null, "eta": 1.0, "m": 1.0, "u_target": null, "u_realized": null, "method": "atc", "seed": 301, "twt": 3667.3622, "makespan": 190.3515, "mean_flow": 22.387629749999995, "breach_share": 0.0825, "breach_p1": 0.3333333333333333, "breach_p2": 0.14838709677419354, "breach_p3": 0.06293706293706294, "breach_p4": 0.0, "decisions": 400, "latency_ms_per_decision": 0.010360452579334378, "replans": null, "validator_ok": 1, "runtime_s": 0.004144181031733751}, "pfifo": {"instance_id": "c02_replay_400_0030", "campus": 2, "size": 400, "track": "replay", "structure": "dedicated", "phi": null, "eta": 1.0, "m": 1.0, "u_target": null, "u_realized": null, "method": "pfifo", "seed": 301, "twt": 3360.8885999999993, "makespan": 195.0263, "mean_flow": 27.311502, "breach_share": 0.08, "breach_p1": 0.3333333333333333, "breach_p2": 0.14193548387096774, "breach_p3": 0.06293706293706294, "breach_p4": 0.0, "decisions": 400, "latency_ms_per_decision": 0.008034079801291227, "replans": null, "validator_ok": 1, "runtime_s": 0.003213631920516491}, "mor": {"instance_id": "c02_replay_400_0030", "campus": 2, "size": 400, "track": "replay", "structure": "dedicated", "phi": null, "eta": 1.0, "m": 1.0, "u_target": null, "u_realized": null, "method": "mor", "seed": 301, "twt": 27200.725000000002, "makespan": 159.66330000000002, "mean_flow": 48.5784515, "breach_share": 0.325, "breach_p1": 0.6666666666666666, "breach_p2": 0.6, "breach_p3": 0.24475524475524477, "breach_p4": 0.0, "decisions": 400, "latency_ms_per_decision": 0.008568132761865854, "replans": null, "validator_ok": 1, "runtime_s": 0.0034272531047463417}, "lfj_atc": {"instance_id": "c02_replay_400_0030", "campus": 2, "size": 400, "track": "replay", "structure": "dedicated", "phi": null, "eta": 1.0, "m": 1.0, "u_target": null, "u_realized": null, "method": "lfj_atc", "seed": 301, "twt": 3776.7688, "makespan": 188.59629999999999, "mean_flow": 22.290146, "breach_share": 0.08, "breach_p1": 0.3333333333333333, "breach_p2": 0.14838709677419354, "breach_p3": 0.055944055944055944, "breach_p4": 0.0, "decisions": 400, "latency_ms_per_decision": 0.011331437854096293, "replans": null, "validator_ok": 1, "runtime_s": 0.004532575141638517}, "atc_eta": {"instance_id": "c02_replay_400_0030", "campus": 2, "size": 400, "track": "replay", "structure": "dedicated", "phi": null, "eta": 1.0, "m": 1.0, "u_target": null, "u_realized": null, "method": "atc_eta", "seed": 301, "twt": 3667.3622, "makespan": 190.3515, "mean_flow": 22.387629749999995, "breach_share": 0.0825, "breach_p1": 0.3333333333333333, "breach_p2": 0.14838709677419354, "breach_p3": 0.06293706293706294, "breach_p4": 0.0, "decisions": 400, "latency_ms_per_decision": 0.012906552292406559, "replans": null, "validator_ok": 1, "runtime_s": 0.005162620916962624}, "random": {"instance_id": "c02_replay_400_0030", "campus": 2, "size": 400, "track": "replay", "structure": "dedicated", "phi": null, "eta": 1.0, "m": 1.0, "u_target": null, "u_realized": null, "method": "random", "seed": 301, "twt": 9833.562599999997, "makespan": 191.6463, "mean_flow": 26.800359, "breach_share": 0.195, "breach_p1": 0.6666666666666666, "breach_p2": 0.432258064516129, "breach_p3": 0.06293706293706294, "breach_p4": 0.0, "decisions": 400, "latency_ms_per_decision": 0.006805412704125047, "replans": null, "validator_ok": 1, "runtime_s": 0.0027221650816500187}, "v2mlp301": {"instance_id": "c02_replay_400_0030", "campus": 2, "size": 400, "track": "replay", "structure": "dedicated", "phi": null, "eta": 1.0, "m": 1.0, "u_target": null, "u_realized": null, "method": "v2mlp301", "seed": 301, "twt": 7306.595799999999, "makespan": 168.73999999999998, "mean_flow": 35.02675525000001, "breach_share": 0.27, "breach_p1": 0.3333333333333333, "breach_p2": 0.45161290322580644, "breach_p3": 0.25874125874125875, "breach_p4": 0.0, "decisions": 400, "latency_ms_per_decision": 1.198880155570805, "replans": null, "validator_ok": 1, "runtime_s": 0.47955206222832203}, "v2mlp302": {"instance_id": "c02_replay_400_0030", "campus": 2, "size": 400, "track": "replay", "structure": "dedicated", "phi": null, "eta": 1.0, "m": 1.0, "u_target": null, "u_realized": null, "method": "v2mlp302", "seed": 302, "twt": 11684.089600000001, "makespan": 178.1267, "mean_flow": 37.715317, "breach_share": 0.2875, "breach_p1": 0.6666666666666666, "breach_p2": 0.5161290322580645, "breach_p3": 0.23076923076923078, "breach_p4": 0.0, "decisions": 400, "latency_ms_per_decision": 0.8401590923313051, "replans": null, "validator_ok": 1, "runtime_s": 0.33606363693252206}, "v2mlp303": {"instance_id": "c02_replay_400_0030", "campus": 2, "size": 400, "track": "replay", "structure": "dedicated", "phi": null, "eta": 1.0, "m": 1.0, "u_target": null, "u_realized": null, "method": "v2mlp303", "seed": 303, "twt": 11295.756800000005, "makespan": 171.96, "mean_flow": 38.248101000000005, "breach_share": 0.2725, "breach_p1": 0.6666666666666666, "breach_p2": 0.5096774193548387, "breach_p3": 0.1958041958041958, "breach_p4": 0.0, "decisions": 400, "latency_ms_per_decision": 0.979458597721532, "replans": null, "validator_ok": 1, "runtime_s": 0.3917834390886128}, "v2mlp304": {"instance_id": "c02_replay_400_0030", "campus": 2, "size": 400, "track": "replay", "structure": "dedicated", "phi": null, "eta": 1.0, "m": 1.0, "u_target": null, "u_realized": null, "method": "v2mlp304", "seed": 304, "twt": 7806.894200000001, "makespan": 170.3481, "mean_flow": 35.680416, "breach_share": 0.2425, "breach_p1": 0.6666666666666666, "breach_p2": 0.47096774193548385, "breach_p3": 0.15384615384615385, "breach_p4": 0.0, "decisions": 400, "latency_ms_per_decision": 1.1555729573592544, "replans": null, "validator_ok": 1, "runtime_s": 0.46222918294370174}, "v2mlp305": {"instance_id": "c02_replay_400_0030", "campus": 2, "size": 400, "track": "replay", "structure": "dedicated", "phi": null, "eta": 1.0, "m": 1.0, "u_target": null, "u_realized": null, "method": "v2mlp305", "seed": 305, "twt": 9506.825, "makespan": 171.8567, "mean_flow": 37.241532750000005, "breach_share": 0.285, "breach_p1": 0.6666666666666666, "breach_p2": 0.5032258064516129, "breach_p3": 0.23776223776223776, "breach_p4": 0.0, "decisions": 400, "latency_ms_per_decision": 0.9787904331460595, "replans": null, "validator_ok": 1, "runtime_s": 0.3915161732584238}, "v2mlp306": {"instance_id": "c02_replay_400_0030", "campus": 2, "size": 400, "track": "replay", "structure": "dedicated", "phi": null, "eta": 1.0, "m": 1.0, "u_target": null, "u_realized": null, "method": "v2mlp306", "seed": 306, "twt": 11455.932399999996, "makespan": 178.4281, "mean_flow": 38.620056749999996, "breach_share": 0.28, "breach_p1": 0.6666666666666666,