{"config_id": "c02_replay_150_0006__c02_chain_phi100_eta080_m080", "rows": {"edd": {"instance_id": "c02_replay_150_0006", "campus": 2, "size": 150, "track": "replay", "structure": "chain", "phi": 1.0, "eta": 0.8, "m": 0.8, "u_target": null, "u_realized": null, "method": "edd", "seed": 301, "twt": 1673.9515999999999, "makespan": 146.34, "mean_flow": 10.000309333333332, "breach_share": 0.08, "breach_p1": 0.2, "breach_p2": 0.15384615384615385, "breach_p3": 0.014084507042253521, "breach_p4": 0.0, "decisions": 150, "latency_ms_per_decision": 0.006910267596443494, "replans": null, "validator_ok": 1, "runtime_s": 0.0010365401394665241}, "wspt": {"instance_id": "c02_replay_150_0006", "campus": 2, "size": 150, "track": "replay", "structure": "chain", "phi": 1.0, "eta": 0.8, "m": 0.8, "u_target": null, "u_realized": null, "method": "wspt", "seed": 301, "twt": 1714.5783999999999, "makespan": 146.1567, "mean_flow": 9.818064666666666, "breach_share": 0.08, "breach_p1": 0.2, "breach_p2": 0.15384615384615385, "breach_p3": 0.014084507042253521, "breach_p4": 0.0, "decisions": 150, "latency_ms_per_decision": 0.04052874011298021, "replans": null, "validator_ok": 1, "runtime_s": 0.006079311016947031}, "atc": {"instance_id": "c02_replay_150_0006", "campus": 2, "size": 150, "track": "replay", "structure": "chain", "phi": 1.0, "eta": 0.8, "m": 0.8, "u_target": null, "u_realized": null, "method": "atc", "seed": 301, "twt": 1769.8655999999996, "makespan": 147.43, "mean_flow": 9.950055333333333, "breach_share": 0.08, "breach_p1": 0.2, "breach_p2": 0.15384615384615385, "breach_p3": 0.014084507042253521, "breach_p4": 0.0, "decisions": 150, "latency_ms_per_decision": 0.07571407283345859, "replans": null, "validator_ok": 1, "runtime_s": 0.011357110925018787}, "pfifo": {"instance_id": "c02_replay_150_0006", "campus": 2, "size": 150, "track": "replay", "structure": "chain", "phi": 1.0, "eta": 0.8, "m": 0.8, "u_target": null, "u_realized": null, "method": "pfifo", "seed": 301, "twt": 1673.9515999999999, "makespan": 146.34, "mean_flow": 10.000309333333332, "breach_share": 0.08, "breach_p1": 0.2, "breach_p2": 0.15384615384615385, "breach_p3": 0.014084507042253521, "breach_p4": 0.0, "decisions": 150, "latency_ms_per_decision": 0.04745420689384142, "replans": null, "validator_ok": 1, "runtime_s": 0.007118131034076214}, "mor": {"instance_id": "c02_replay_150_0006", "campus": 2, "size": 150, "track": "replay", "structure": "chain", "phi": 1.0, "eta": 0.8, "m": 0.8, "u_target": null, "u_realized": null, "method": "mor", "seed": 301, "twt": 1767.9455999999998, "makespan": 146.7533, "mean_flow": 10.409164666666666, "breach_share": 0.08, "breach_p1": 0.2, "breach_p2": 0.15384615384615385, "breach_p3": 0.014084507042253521, "breach_p4": 0.0, "decisions": 150, "latency_ms_per_decision": 0.05441367315749327, "replans": null, "validator_ok": 1, "runtime_s": 0.008162050973623991}, "lfj_atc": {"instance_id": "c02_replay_150_0006", "campus": 2, "size": 150, "track": "replay", "structure": "chain", "phi": 1.0, "eta": 0.8, "m": 0.8, "u_target": null, "u_realized": null, "method": "lfj_atc", "seed": 301, "twt": 1769.8655999999996, "makespan": 147.43, "mean_flow": 9.955788666666667, "breach_share": 0.08, "breach_p1": 0.2, "breach_p2": 0.15384615384615385, "breach_p3": 0.014084507042253521, "breach_p4": 0.0, "decisions": 150, "latency_ms_per_decision": 0.04322724727292856, "replans": null, "validator_ok": 1, "runtime_s": 0.006484087090939283}, "atc_eta": {"instance_id": "c02_replay_150_0006", "campus": 2, "size": 150, "track": "replay", "structure": "chain", "phi": 1.0, "eta": 0.8, "m": 0.8, "u_target": null, "u_realized": null, "method": "atc_eta", "seed": 301, "twt": 1681.0715999999998, "makespan": 147.9567, "mean_flow": 9.802065333333333, "breach_share": 0.08, "breach_p1": 0.2, "breach_p2": 0.15384615384615385, "breach_p3": 0.014084507042253521, "breach_p4": 0.0, "decisions": 150, "latency_ms_per_decision": 0.01103794202208519, "replans": null, "validator_ok": 1, "runtime_s": 0.0016556913033127785}, "random": {"instance_id": "c02_replay_150_0006", "campus": 2, "size": 150, "track": "replay", "structure": "chain", "phi": 1.0, "eta": 0.8, "m": 0.8, "u_target": null, "u_realized": null, "method": "random", "seed": 301, "twt": 1699.6316, "makespan": 146.09, "mean_flow": 10.171353333333332, "breach_share": 0.08, "breach_p1": 0.2, "breach_p2": 0.15384615384615385, "breach_p3": 0.014084507042253521, "breach_p4": 0.0, "decisions": 150, "latency_ms_per_decision": 0.060689387222131096, "replans": null, "validator_ok": 1, "runtime_s": 0.009103408083319664}, "v2mlp301": {"instance_id": "c02_replay_150_0006", "campus": 2, "size": 150, "track": "replay", "structure": "chain", "phi": 1.0, "eta": 0.8, "m": 0.8, "u_target": null, "u_realized": null, "method": "v2mlp301", "seed": 301, "twt": 1669.7383999999997, "makespan": 146.1567, "mean_flow": 10.016886666666666, "breach_share": 0.08, "breach_p1": 0.2, "breach_p2": 0.15384615384615385, "breach_p3": 0.014084507042253521, "breach_p4": 0.0, "decisions": 150, "latency_ms_per_decision": 0.668537492553393, "replans": null, "validator_ok": 1, "runtime_s": 0.10028062388300896}, "v2mlp302": {"instance_id": "c02_replay_150_0006", "campus": 2, "size": 150, "track": "replay", "structure": "chain", "phi": 1.0, "eta": 0.8, "m": 0.8, "u_target": null, "u_realized": null, "method": "v2mlp302", "seed": 302, "twt": 1737.5056, "makespan": 146.32330000000002, "mean_flow": 10.431719333333334, "breach_share": 0.08, "breach_p1": 0.2, "breach_p2": 0.15384615384615385, "breach_p3": 0.014084507042253521, "breach_p4": 0.0, "decisions": 150, "latency_ms_per_decision": 0.7913605403155088, "replans": null, "validator_ok": 1, "runtime_s": 0.11870408104732633}, "v2mlp303": {"instance_id": "c02_replay_150_0006", "campus": 2, "size": 150, "track": "replay", "structure": "chain", "phi": 1.0, "eta": 0.8, "m": 0.8, "u_target": null, "u_realized": null, "method": "v2mlp303", "seed": 303, "twt": 1685.2316, "makespan": 146.84, "mean_flow": 10.268996666666665, "breach_share": 0.08, "breach_p1": 0.2, "breach_p2": 0.15384615384615385, "breach_p3": 0.014084507042253521, "breach_p4": 0.0, "decisions": 150, "latency_ms_per_decision": 0.34521938612063724, "replans": null, "validator_ok": 1, "runtime_s": 0.05178290791809559}, "v2mlp304": {"instance_id": "c02_replay_150_0006", "campus": 2, "size": 150, "track": "replay", "structure": "chain", "phi": 1.0, "eta": 0.8, "m": 0.8, "u_target": null, "u_realized": null, "method": "v2mlp304", "seed": 304, "twt": 1769.239, "makespan": 146.34, "mean_flow": 10.727920000000001, "breach_share": 0.08666666666666667, "breach_p1": 0.2, "breach_p2": 0.16923076923076924, "breach_p3": 0.014084507042253521, "breach_p4": 0.0, "decisions": 150, "latency_ms_per_decision": 0.34872588080664474, "replans": null, "validator_ok": 1, "runtime_s": 0.052308882120996714}, "v2mlp305": {"instance_id": "c02_replay_150_0006", "campus": 2, "size": 150, "track": "replay", "structure": "chain", "phi": 1.0, "eta": 0.8, "m": 0.8, "u_target": null, "u_realized": null, "method": "v2mlp305", "seed": 305, "twt": 1648.7118, "makespan": 148.0, "mean_flow": 10.481640666666665, "breach_share": 0.08666666666666667, "breach_p1": 0.2, "breach_p2": 0.16923076923076924, "breach_p3": 0.014084507042253521, "breach_p4": 0.0, "decisions": 150, "latency_ms_per_decision": 0.36548081785440445, "replans": null, "validator_ok": 1, "runtime_s": 0.05482212267816067}, "v2mlp306": {"instance_id": "c02_replay_150_0006", "campus": 2, "size": 150, "track": "replay", "structure": "chain", "phi": 1.0, "eta": 0.8, "m": 0.8, "u_target": null, "u_realized": null, "method": "v2mlp306", "seed": 306, "twt": 1760.8923999999997, "makespan": 146.84, "mean_flow": 10.253720666666664, "breach_share": 0.08, "breach_p1": 0.2, "breach_p2": 0.15384615384615385, "breach_p3": 0.014084507042253521, "breach_p4": 0.0, "decisions": 150, "latency_ms_per_decision": 0.2854410683115323, "replans": null, "validator_ok": 1, "runtime_s": 0.04281616024672985},