{"config_id": "c02_replay_150_0077__c02_chain_phi100_eta100_m080", "rows": {"edd": {"instance_id": "c02_replay_150_0077", "campus": 2, "size": 150, "track": "replay", "structure": "chain", "phi": 1.0, "eta": 1.0, "m": 0.8, "u_target": null, "u_realized": null, "method": "edd", "seed": 301, "twt": 850.9946000000001, "makespan": 116.9781, "mean_flow": 6.813251333333334, "breach_share": 0.04, "breach_p1": 0.5, "breach_p2": 0.06060606060606061, "breach_p3": 0.017543859649122806, "breach_p4": 0.0, "decisions": 150, "latency_ms_per_decision": 0.004827926556269328, "replans": null, "validator_ok": 1, "runtime_s": 0.0007241889834403992}, "wspt": {"instance_id": "c02_replay_150_0077", "campus": 2, "size": 150, "track": "replay", "structure": "chain", "phi": 1.0, "eta": 1.0, "m": 0.8, "u_target": null, "u_realized": null, "method": "wspt", "seed": 301, "twt": 851.4080000000001, "makespan": 117.1848, "mean_flow": 6.784562666666667, "breach_share": 0.04, "breach_p1": 0.5, "breach_p2": 0.06060606060606061, "breach_p3": 0.017543859649122806, "breach_p4": 0.0, "decisions": 150, "latency_ms_per_decision": 0.06527243182063103, "replans": null, "validator_ok": 1, "runtime_s": 0.009790864773094654}, "atc": {"instance_id": "c02_replay_150_0077", "campus": 2, "size": 150, "track": "replay", "structure": "chain", "phi": 1.0, "eta": 1.0, "m": 0.8, "u_target": null, "u_realized": null, "method": "atc", "seed": 301, "twt": 851.2946000000002, "makespan": 117.1281, "mean_flow": 6.825294666666667, "breach_share": 0.04, "breach_p1": 0.5, "breach_p2": 0.06060606060606061, "breach_p3": 0.017543859649122806, "breach_p4": 0.0, "decisions": 150, "latency_ms_per_decision": 0.0060486265768607455, "replans": null, "validator_ok": 1, "runtime_s": 0.0009072939865291119}, "pfifo": {"instance_id": "c02_replay_150_0077", "campus": 2, "size": 150, "track": "replay", "structure": "chain", "phi": 1.0, "eta": 1.0, "m": 0.8, "u_target": null, "u_realized": null, "method": "pfifo", "seed": 301, "twt": 850.9946000000001, "makespan": 116.9781, "mean_flow": 6.813251333333334, "breach_share": 0.04, "breach_p1": 0.5, "breach_p2": 0.06060606060606061, "breach_p3": 0.017543859649122806, "breach_p4": 0.0, "decisions": 150, "latency_ms_per_decision": 0.004827699934442838, "replans": null, "validator_ok": 1, "runtime_s": 0.0007241549901664257}, "mor": {"instance_id": "c02_replay_150_0077", "campus": 2, "size": 150, "track": "replay", "structure": "chain", "phi": 1.0, "eta": 1.0, "m": 0.8, "u_target": null, "u_realized": null, "method": "mor", "seed": 301, "twt": 847.1680000000001, "makespan": 115.0648, "mean_flow": 6.972118, "breach_share": 0.04, "breach_p1": 0.5, "breach_p2": 0.06060606060606061, "breach_p3": 0.017543859649122806, "breach_p4": 0.0, "decisions": 150, "latency_ms_per_decision": 0.051973359659314156, "replans": null, "validator_ok": 1, "runtime_s": 0.007796003948897123}, "lfj_atc": {"instance_id": "c02_replay_150_0077", "campus": 2, "size": 150, "track": "replay", "structure": "chain", "phi": 1.0, "eta": 1.0, "m": 0.8, "u_target": null, "u_realized": null, "method": "lfj_atc", "seed": 301, "twt": 851.3346000000001, "makespan": 117.1481, "mean_flow": 6.8254280000000005, "breach_share": 0.04, "breach_p1": 0.5, "breach_p2": 0.06060606060606061, "breach_p3": 0.017543859649122806, "breach_p4": 0.0, "decisions": 150, "latency_ms_per_decision": 0.007079793140292168, "replans": null, "validator_ok": 1, "runtime_s": 0.0010619689710438251}, "atc_eta": {"instance_id": "c02_replay_150_0077", "campus": 2, "size": 150, "track": "replay", "structure": "chain", "phi": 1.0, "eta": 1.0, "m": 0.8, "u_target": null, "u_realized": null, "method": "atc_eta", "seed": 301, "twt": 851.2946000000002, "makespan": 117.1281, "mean_flow": 6.825294666666667, "breach_share": 0.04, "breach_p1": 0.5, "breach_p2": 0.06060606060606061, "breach_p3": 0.017543859649122806, "breach_p4": 0.0, "decisions": 150, "latency_ms_per_decision": 0.0683833130945762, "replans": null, "validator_ok": 1, "runtime_s": 0.01025749696418643}, "random": {"instance_id": "c02_replay_150_0077", "campus": 2, "size": 150, "track": "replay", "structure": "chain", "phi": 1.0, "eta": 1.0, "m": 0.8, "u_target": null, "u_realized": null, "method": "random", "seed": 301, "twt": 853.6146000000001, "makespan": 118.2881, "mean_flow": 6.801851333333334, "breach_share": 0.04, "breach_p1": 0.5, "breach_p2": 0.06060606060606061, "breach_p3": 0.017543859649122806, "breach_p4": 0.0, "decisions": 150, "latency_ms_per_decision": 0.005042261133591334, "replans": null, "validator_ok": 1, "runtime_s": 0.0007563391700387001}, "v2mlp301": {"instance_id": "c02_replay_150_0077", "campus": 2, "size": 150, "track": "replay", "structure": "chain", "phi": 1.0, "eta": 1.0, "m": 0.8, "u_target": null, "u_realized": null, "method": "v2mlp301", "seed": 301, "twt": 847.1680000000001, "makespan": 115.0648, "mean_flow": 6.8701620000000005, "breach_share": 0.04, "breach_p1": 0.5, "breach_p2": 0.06060606060606061, "breach_p3": 0.017543859649122806, "breach_p4": 0.0, "decisions": 150, "latency_ms_per_decision": 0.12841806436578432, "replans": null, "validator_ok": 1, "runtime_s": 0.01926270965486765}, "v2mlp302": {"instance_id": "c02_replay_150_0077", "campus": 2, "size": 150, "track": "replay", "structure": "chain", "phi": 1.0, "eta": 1.0, "m": 0.8, "u_target": null, "u_realized": null, "method": "v2mlp302", "seed": 302, "twt": 847.1680000000001, "makespan": 115.0648, "mean_flow": 6.856206, "breach_share": 0.04, "breach_p1": 0.5, "breach_p2": 0.06060606060606061, "breach_p3": 0.017543859649122806, "breach_p4": 0.0, "decisions": 150, "latency_ms_per_decision": 0.12290654083093007, "replans": null, "validator_ok": 1, "runtime_s": 0.01843598112463951}, "v2mlp303": {"instance_id": "c02_replay_150_0077", "campus": 2, "size": 150, "track": "replay", "structure": "chain", "phi": 1.0, "eta": 1.0, "m": 0.8, "u_target": null, "u_realized": null, "method": "v2mlp303", "seed": 303, "twt": 847.1680000000001, "makespan": 115.0648, "mean_flow": 6.847650666666668, "breach_share": 0.04, "breach_p1": 0.5, "breach_p2": 0.06060606060606061, "breach_p3": 0.017543859649122806, "breach_p4": 0.0, "decisions": 150, "latency_ms_per_decision": 0.12335562768081824, "replans": null, "validator_ok": 1, "runtime_s": 0.018503344152122736}, "v2mlp304": {"instance_id": "c02_replay_150_0077", "campus": 2, "size": 150, "track": "replay", "structure": "chain", "phi": 1.0, "eta": 1.0, "m": 0.8, "u_target": null, "u_realized": null, "method": "v2mlp304", "seed": 304, "twt": 847.1680000000001, "makespan": 115.0648, "mean_flow": 6.9138953333333335, "breach_share": 0.04, "breach_p1": 0.5, "breach_p2": 0.06060606060606061, "breach_p3": 0.017543859649122806, "breach_p4": 0.0, "decisions": 150, "latency_ms_per_decision": 0.12348021380603313, "replans": null, "validator_ok": 1, "runtime_s": 0.01852203207090497}, "v2mlp305": {"instance_id": "c02_replay_150_0077", "campus": 2, "size": 150, "track": "replay", "structure": "chain", "phi": 1.0, "eta": 1.0, "m": 0.8, "u_target": null, "u_realized": null, "method": "v2mlp305", "seed": 305, "twt": 847.6346000000001, "makespan": 115.2981, "mean_flow": 7.069850666666667, "breach_share": 0.04, "breach_p1": 0.5, "breach_p2": 0.06060606060606061, "breach_p3": 0.017543859649122806, "breach_p4": 0.0, "decisions": 150, "latency_ms_per_decision": 0.12285723971823852, "replans": null, "validator_ok": 1, "runtime_s": 0.018428585957735777}, "v2mlp306": {"instance_id": "c02_replay_150_0077", "campus": 2, "size": 150, "track": "replay", "structure": "chain", "phi": 1.0, "eta": 1.0, "m": 0.8, "u_target": null, "u_realized": null, "method": "v2mlp306", "seed": 306, "twt": 847.1680000000001, "makespan": 115.0648, "mean_flow": 6.861272666666667, "breach_share": 0.04, "breach_p1": 0.5, "breach_p2": 0.06060606060606061, "breach_p3": 0.017543859649122806, "breach_p4": 0.0, "decisions": 150, "latency_ms_per_decision": 0.12496866596241792, "replans": null, "validator_ok": 1, "runtime_s": 0.018745299894362688},