{"config_id": "c02_replay_400_0005__c02_full_eta100_m100", "rows": {"edd": {"instance_id": "c02_replay_400_0005", "campus": 2, "size": 400, "track": "replay", "structure": "full", "phi": null, "eta": 1.0, "m": 1.0, "u_target": null, "u_realized": null, "method": "edd", "seed": 301, "twt": 4196.2572, "makespan": 180.78, "mean_flow": 13.613109249999997, "breach_share": 0.08, "breach_p1": 0.0, "breach_p2": 0.12389380530973451, "breach_p3": 0.031496062992125984, "breach_p4": 0.0, "decisions": 400, "latency_ms_per_decision": 0.008952744537964463, "replans": null, "validator_ok": 1, "runtime_s": 0.0035810978151857853}, "wspt": {"instance_id": "c02_replay_400_0005", "campus": 2, "size": 400, "track": "replay", "structure": "full", "phi": null, "eta": 1.0, "m": 1.0, "u_target": null, "u_realized": null, "method": "wspt", "seed": 301, "twt": 4558.678000000002, "makespan": 181.7081, "mean_flow": 11.495511, "breach_share": 0.085, "breach_p1": 0.0, "breach_p2": 0.13274336283185842, "breach_p3": 0.031496062992125984, "breach_p4": 0.0, "decisions": 400, "latency_ms_per_decision": 0.008536739042028785, "replans": null, "validator_ok": 1, "runtime_s": 0.003414695616811514}, "atc": {"instance_id": "c02_replay_400_0005", "campus": 2, "size": 400, "track": "replay", "structure": "full", "phi": null, "eta": 1.0, "m": 1.0, "u_target": null, "u_realized": null, "method": "atc", "seed": 301, "twt": 4432.463400000001, "makespan": 178.5315, "mean_flow": 13.045977750000002, "breach_share": 0.0775, "breach_p1": 0.0, "breach_p2": 0.12389380530973451, "breach_p3": 0.023622047244094488, "breach_p4": 0.0, "decisions": 400, "latency_ms_per_decision": 0.013009875547140837, "replans": null, "validator_ok": 1, "runtime_s": 0.005203950218856335}, "pfifo": {"instance_id": "c02_replay_400_0005", "campus": 2, "size": 400, "track": "replay", "structure": "full", "phi": null, "eta": 1.0, "m": 1.0, "u_target": null, "u_realized": null, "method": "pfifo", "seed": 301, "twt": 4196.2572, "makespan": 180.78, "mean_flow": 13.613109249999997, "breach_share": 0.08, "breach_p1": 0.0, "breach_p2": 0.12389380530973451, "breach_p3": 0.031496062992125984, "breach_p4": 0.0, "decisions": 400, "latency_ms_per_decision": 0.009501157328486443, "replans": null, "validator_ok": 1, "runtime_s": 0.003800462931394577}, "mor": {"instance_id": "c02_replay_400_0005", "campus": 2, "size": 400, "track": "replay", "structure": "full", "phi": null, "eta": 1.0, "m": 1.0, "u_target": null, "u_realized": null, "method": "mor", "seed": 301, "twt": 9796.3138, "makespan": 175.63479999999998, "mean_flow": 22.530923749999996, "breach_share": 0.25, "breach_p1": 0.5, "breach_p2": 0.4247787610619469, "breach_p3": 0.023622047244094488, "breach_p4": 0.0, "decisions": 400, "latency_ms_per_decision": 0.01055969507433474, "replans": null, "validator_ok": 1, "runtime_s": 0.004223878029733896}, "lfj_atc": {"instance_id": "c02_replay_400_0005", "campus": 2, "size": 400, "track": "replay", "structure": "full", "phi": null, "eta": 1.0, "m": 1.0, "u_target": null, "u_realized": null, "method": "lfj_atc", "seed": 301, "twt": 4428.357, "makespan": 178.6381, "mean_flow": 13.068726500000002, "breach_share": 0.0775, "breach_p1": 0.0, "breach_p2": 0.12389380530973451, "breach_p3": 0.023622047244094488, "breach_p4": 0.0, "decisions": 400, "latency_ms_per_decision": 0.01431976561434567, "replans": null, "validator_ok": 1, "runtime_s": 0.005727906245738268}, "atc_eta": {"instance_id": "c02_replay_400_0005", "campus": 2, "size": 400, "track": "replay", "structure": "full", "phi": null, "eta": 1.0, "m": 1.0, "u_target": null, "u_realized": null, "method": "atc_eta", "seed": 301, "twt": 4432.463400000001, "makespan": 178.5315, "mean_flow": 13.045977750000002, "breach_share": 0.0775, "breach_p1": 0.0, "breach_p2": 0.12389380530973451, "breach_p3": 0.023622047244094488, "breach_p4": 0.0, "decisions": 400, "latency_ms_per_decision": 0.019897724268957973, "replans": null, "validator_ok": 1, "runtime_s": 0.007959089707583189}, "random": {"instance_id": "c02_replay_400_0005", "campus": 2, "size": 400, "track": "replay", "structure": "full", "phi": null, "eta": 1.0, "m": 1.0, "u_target": null, "u_realized": null, "method": "random", "seed": 301, "twt": 4746.336799999999, "makespan": 192.32479999999998, "mean_flow": 14.242280749999997, "breach_share": 0.1125, "breach_p1": 0.0, "breach_p2": 0.18584070796460178, "breach_p3": 0.023622047244094488, "breach_p4": 0.0, "decisions": 400, "latency_ms_per_decision": 0.00789975980296731, "replans": null, "validator_ok": 1, "runtime_s": 0.003159903921186924}, "v2mlp301": {"instance_id": "c02_replay_400_0005", "campus": 2, "size": 400, "track": "replay", "structure": "full", "phi": null, "eta": 1.0, "m": 1.0, "u_target": null, "u_realized": null, "method": "v2mlp301", "seed": 301, "twt": 4088.9770000000003, "makespan": 180.68, "mean_flow": 15.046301999999999, "breach_share": 0.0775, "breach_p1": 0.0, "breach_p2": 0.12389380530973451, "breach_p3": 0.023622047244094488, "breach_p4": 0.0, "decisions": 400, "latency_ms_per_decision": 0.6255068944301456, "replans": null, "validator_ok": 1, "runtime_s": 0.25020275777205825}, "v2mlp302": {"instance_id": "c02_replay_400_0005", "campus": 2, "size": 400, "track": "replay", "structure": "full", "phi": null, "eta": 1.0, "m": 1.0, "u_target": null, "u_realized": null, "method": "v2mlp302", "seed": 302, "twt": 4950.992000000002, "makespan": 190.0248, "mean_flow": 17.066922499999997, "breach_share": 0.16, "breach_p1": 0.0, "breach_p2": 0.26991150442477874, "breach_p3": 0.023622047244094488, "breach_p4": 0.0, "decisions": 400, "latency_ms_per_decision": 0.7734737999271601, "replans": null, "validator_ok": 1, "runtime_s": 0.30938951997086406}, "v2mlp303": {"instance_id": "c02_replay_400_0005", "campus": 2, "size": 400, "track": "replay", "structure": "full", "phi": null, "eta": 1.0, "m": 1.0, "u_target": null, "u_realized": null, "method": "v2mlp303", "seed": 303, "twt": 4086.884, "makespan": 180.29, "mean_flow": 14.745570749999999, "breach_share": 0.0775, "breach_p1": 0.0, "breach_p2": 0.12389380530973451, "breach_p3": 0.023622047244094488, "breach_p4": 0.0, "decisions": 400, "latency_ms_per_decision": 0.6909382925368845, "replans": null, "validator_ok": 1, "runtime_s": 0.2763753170147538}, "v2mlp304": {"instance_id": "c02_replay_400_0005", "campus": 2, "size": 400, "track": "replay", "structure": "full", "phi": null, "eta": 1.0, "m": 1.0, "u_target": null, "u_realized": null, "method": "v2mlp304", "seed": 304, "twt": 4086.9776, "makespan": 179.7133, "mean_flow": 15.55099675, "breach_share": 0.0775, "breach_p1": 0.0, "breach_p2": 0.12389380530973451, "breach_p3": 0.023622047244094488, "breach_p4": 0.0, "decisions": 400, "latency_ms_per_decision": 0.7087160495575517, "replans": null, "validator_ok": 1, "runtime_s": 0.2834864198230207}, "v2mlp305": {"instance_id": "c02_replay_400_0005", "campus": 2, "size": 400, "track": "replay", "structure": "full", "phi": null, "eta": 1.0, "m": 1.0, "u_target": null, "u_realized": null, "method": "v2mlp305", "seed": 305, "twt": 4088.8436000000006, "makespan": 180.0, "mean_flow": 15.728889500000001, "breach_share": 0.0775, "breach_p1": 0.0, "breach_p2": 0.12389380530973451, "breach_p3": 0.023622047244094488, "breach_p4": 0.0, "decisions": 400, "latency_ms_per_decision": 0.4938965232577175, "replans": null, "validator_ok": 1, "runtime_s": 0.197558609303087}, "v2mlp306": {"instance_id": "c02_replay_400_0005", "campus": 2, "size": 400, "track": "replay", "structure": "full", "phi": null, "eta": 1.0, "m": 1.0, "u_target": null, "u_realized": null, "method": "v2mlp306", "seed": 306, "twt": 4082.4844000000003, "makespan": 182.86810000000003, "mean_flow": 15.029240250000003, "breach_share": 0.0775, "breach_p1": 0.0, "breach_p2": 0.12389380530973451, "breach_p3": 0.023622047244094488, "breach_p4": 0.0, "decisions": 400, "latency_ms_per_decision": 0.4508772923145443, "replans": null, "validator_ok": 1, "runtime_s": 0.18035091692581773},