{"config_id": "c02_replay_400_0032__c02_chain_phi100_eta100_m080", "rows": {"edd": {"instance_id": "c02_replay_400_0032", "campus": 2, "size": 400, "track": "replay", "structure": "chain", "phi": 1.0, "eta": 1.0, "m": 0.8, "u_target": null, "u_realized": null, "method": "edd", "seed": 301, "twt": 2142.6904, "makespan": 177.41809999999998, "mean_flow": 8.233500249999999, "breach_share": 0.0425, "breach_p1": 0.5, "breach_p2": 0.07006369426751592, "breach_p3": 0.018072289156626505, "breach_p4": 0.0, "decisions": 400, "latency_ms_per_decision": 0.006413040682673454, "replans": null, "validator_ok": 1, "runtime_s": 0.0025652162730693817}, "wspt": {"instance_id": "c02_replay_400_0032", "campus": 2, "size": 400, "track": "replay", "structure": "chain", "phi": 1.0, "eta": 1.0, "m": 0.8, "u_target": null, "u_realized": null, "method": "wspt", "seed": 301, "twt": 2321.2772, "makespan": 186.0548, "mean_flow": 7.59246475, "breach_share": 0.0425, "breach_p1": 0.5, "breach_p2": 0.07006369426751592, "breach_p3": 0.018072289156626505, "breach_p4": 0.0, "decisions": 400, "latency_ms_per_decision": 0.006305937422439456, "replans": null, "validator_ok": 1, "runtime_s": 0.0025223749689757824}, "atc": {"instance_id": "c02_replay_400_0032", "campus": 2, "size": 400, "track": "replay", "structure": "chain", "phi": 1.0, "eta": 1.0, "m": 0.8, "u_target": null, "u_realized": null, "method": "atc", "seed": 301, "twt": 2179.0771999999997, "makespan": 184.9948, "mean_flow": 8.01366725, "breach_share": 0.0425, "breach_p1": 0.5, "breach_p2": 0.07006369426751592, "breach_p3": 0.018072289156626505, "breach_p4": 0.0, "decisions": 400, "latency_ms_per_decision": 0.007999464869499207, "replans": null, "validator_ok": 1, "runtime_s": 0.0031997859477996826}, "pfifo": {"instance_id": "c02_replay_400_0032", "campus": 2, "size": 400, "track": "replay", "structure": "chain", "phi": 1.0, "eta": 1.0, "m": 0.8, "u_target": null, "u_realized": null, "method": "pfifo", "seed": 301, "twt": 2142.6904, "makespan": 177.41809999999998, "mean_flow": 8.233500249999999, "breach_share": 0.0425, "breach_p1": 0.5, "breach_p2": 0.07006369426751592, "breach_p3": 0.018072289156626505, "breach_p4": 0.0, "decisions": 400, "latency_ms_per_decision": 0.0064742297399789095, "replans": null, "validator_ok": 1, "runtime_s": 0.002589691895991564}, "mor": {"instance_id": "c02_replay_400_0032", "campus": 2, "size": 400, "track": "replay", "structure": "chain", "phi": 1.0, "eta": 1.0, "m": 0.8, "u_target": null, "u_realized": null, "method": "mor", "seed": 301, "twt": 2556.9171999999994, "makespan": 175.6648, "mean_flow": 10.660003249999999, "breach_share": 0.0725, "breach_p1": 0.5, "breach_p2": 0.1464968152866242, "breach_p3": 0.018072289156626505, "breach_p4": 0.0, "decisions": 400, "latency_ms_per_decision": 0.006394073134288192, "replans": null, "validator_ok": 1, "runtime_s": 0.0025576292537152767}, "lfj_atc": {"instance_id": "c02_replay_400_0032", "campus": 2, "size": 400, "track": "replay", "structure": "chain", "phi": 1.0, "eta": 1.0, "m": 0.8, "u_target": null, "u_realized": null, "method": "lfj_atc", "seed": 301, "twt": 2178.9572, "makespan": 184.8648, "mean_flow": 8.01374225, "breach_share": 0.0425, "breach_p1": 0.5, "breach_p2": 0.07006369426751592, "breach_p3": 0.018072289156626505, "breach_p4": 0.0, "decisions": 400, "latency_ms_per_decision": 0.009047739440575242, "replans": null, "validator_ok": 1, "runtime_s": 0.003619095776230097}, "atc_eta": {"instance_id": "c02_replay_400_0032", "campus": 2, "size": 400, "track": "replay", "structure": "chain", "phi": 1.0, "eta": 1.0, "m": 0.8, "u_target": null, "u_realized": null, "method": "atc_eta", "seed": 301, "twt": 2179.0771999999997, "makespan": 184.9948, "mean_flow": 8.01366725, "breach_share": 0.0425, "breach_p1": 0.5, "breach_p2": 0.07006369426751592, "breach_p3": 0.018072289156626505, "breach_p4": 0.0, "decisions": 400, "latency_ms_per_decision": 0.010602959664538503, "replans": null, "validator_ok": 1, "runtime_s": 0.004241183865815401}, "random": {"instance_id": "c02_replay_400_0032", "campus": 2, "size": 400, "track": "replay", "structure": "chain", "phi": 1.0, "eta": 1.0, "m": 0.8, "u_target": null, "u_realized": null, "method": "random", "seed": 301, "twt": 2230.3106000000002, "makespan": 189.7948, "mean_flow": 8.321101, "breach_share": 0.04, "breach_p1": 0.5, "breach_p2": 0.06369426751592357, "breach_p3": 0.018072289156626505, "breach_p4": 0.0, "decisions": 400, "latency_ms_per_decision": 0.00628352165222168, "replans": null, "validator_ok": 1, "runtime_s": 0.002513408660888672}, "v2mlp301": {"instance_id": "c02_replay_400_0032", "campus": 2, "size": 400, "track": "replay", "structure": "chain", "phi": 1.0, "eta": 1.0, "m": 0.8, "u_target": null, "u_realized": null, "method": "v2mlp301", "seed": 301, "twt": 2117.5704, "makespan": 174.15480000000002, "mean_flow": 8.34765825, "breach_share": 0.04, "breach_p1": 0.5, "breach_p2": 0.06369426751592357, "breach_p3": 0.018072289156626505, "breach_p4": 0.0, "decisions": 400, "latency_ms_per_decision": 0.18824445083737373, "replans": null, "validator_ok": 1, "runtime_s": 0.0752977803349495}, "v2mlp302": {"instance_id": "c02_replay_400_0032", "campus": 2, "size": 400, "track": "replay", "structure": "chain", "phi": 1.0, "eta": 1.0, "m": 0.8, "u_target": null, "u_realized": null, "method": "v2mlp302", "seed": 302, "twt": 2203.0240000000003, "makespan": 177.7515, "mean_flow": 9.750269000000001, "breach_share": 0.0575, "breach_p1": 0.5, "breach_p2": 0.10828025477707007, "breach_p3": 0.018072289156626505, "breach_p4": 0.0, "decisions": 400, "latency_ms_per_decision": 0.14889192418195307, "replans": null, "validator_ok": 1, "runtime_s": 0.05955676967278123}, "v2mlp303": {"instance_id": "c02_replay_400_0032", "campus": 2, "size": 400, "track": "replay", "structure": "chain", "phi": 1.0, "eta": 1.0, "m": 0.8, "u_target": null, "u_realized": null, "method": "v2mlp303", "seed": 303, "twt": 2116.8302, "makespan": 173.7148, "mean_flow": 8.22010175, "breach_share": 0.04, "breach_p1": 0.5, "breach_p2": 0.06369426751592357, "breach_p3": 0.018072289156626505, "breach_p4": 0.0, "decisions": 400, "latency_ms_per_decision": 0.1318479678593576, "replans": null, "validator_ok": 1, "runtime_s": 0.05273918714374304}, "v2mlp304": {"instance_id": "c02_replay_400_0032", "campus": 2, "size": 400, "track": "replay", "structure": "chain", "phi": 1.0, "eta": 1.0, "m": 0.8, "u_target": null, "u_realized": null, "method": "v2mlp304", "seed": 304, "twt": 2115.5506, "makespan": 173.84480000000002, "mean_flow": 8.974468750000002, "breach_share": 0.04, "breach_p1": 0.5, "breach_p2": 0.06369426751592357, "breach_p3": 0.018072289156626505, "breach_p4": 0.0, "decisions": 400, "latency_ms_per_decision": 0.13722853735089302, "replans": null, "validator_ok": 1, "runtime_s": 0.05489141494035721}, "v2mlp305": {"instance_id": "c02_replay_400_0032", "campus": 2, "size": 400, "track": "replay", "structure": "chain", "phi": 1.0, "eta": 1.0, "m": 0.8, "u_target": null, "u_realized": null, "method": "v2mlp305", "seed": 305, "twt": 2129.6971999999996, "makespan": 177.7515, "mean_flow": 9.01840975, "breach_share": 0.04, "breach_p1": 0.5, "breach_p2": 0.06369426751592357, "breach_p3": 0.018072289156626505, "breach_p4": 0.0, "decisions": 400, "latency_ms_per_decision": 0.13343559461645782, "replans": null, "validator_ok": 1, "runtime_s": 0.05337423784658313}, "v2mlp306": {"instance_id": "c02_replay_400_0032", "campus": 2, "size": 400, "track": "replay", "structure": "chain", "phi": 1.0, "eta": 1.0, "m": 0.8, "u_target": null, "u_realized": null, "method": "v2mlp306", "seed": 306, "twt": 2116.304, "makespan": 174.6848, "mean_flow": 9.415159500000001, "breach_share": 0.04, "breach_p1": 0.5, "breach_p2": 0.06369426751592357, "breach_p3": 0.018072289156626505, "breach_p4": 0.0, "decisions": 400, "latency_ms_per_decision": 0.13481180649250746, "replans": null, "validator_ok": 1, "runtime_s": 0.05392472259700298}, "v2mlp307": {"instance_id": "c02_replay_400_0032",