{"config_id": "c02_replay_150_0010__c02_chain_phi100_eta080_m060", "rows": {"edd": {"instance_id": "c02_replay_150_0010", "campus": 2, "size": 150, "track": "replay", "structure": "chain", "phi": 1.0, "eta": 0.8, "m": 0.6, "u_target": null, "u_realized": null, "method": "edd", "seed": 301, "twt": 1840.3848000000003, "makespan": 147.84, "mean_flow": 13.126164000000001, "breach_share": 0.08, "breach_p1": 0.0, "breach_p2": 0.125, "breach_p3": 0.045454545454545456, "breach_p4": 0.0, "decisions": 150, "latency_ms_per_decision": 0.027225200707713764, "replans": null, "validator_ok": 1, "runtime_s": 0.0040837801061570644}, "wspt": {"instance_id": "c02_replay_150_0010", "campus": 2, "size": 150, "track": "replay", "structure": "chain", "phi": 1.0, "eta": 0.8, "m": 0.6, "u_target": null, "u_realized": null, "method": "wspt", "seed": 301, "twt": 1905.3858, "makespan": 154.29000000000002, "mean_flow": 12.396397333333335, "breach_share": 0.08, "breach_p1": 0.0, "breach_p2": 0.125, "breach_p3": 0.045454545454545456, "breach_p4": 0.0, "decisions": 150, "latency_ms_per_decision": 0.006921067833900452, "replans": null, "validator_ok": 1, "runtime_s": 0.0010381601750850677}, "atc": {"instance_id": "c02_replay_150_0010", "campus": 2, "size": 150, "track": "replay", "structure": "chain", "phi": 1.0, "eta": 0.8, "m": 0.6, "u_target": null, "u_realized": null, "method": "atc", "seed": 301, "twt": 1737.555, "makespan": 151.2867, "mean_flow": 12.176676000000002, "breach_share": 0.08, "breach_p1": 0.0, "breach_p2": 0.125, "breach_p3": 0.045454545454545456, "breach_p4": 0.0, "decisions": 150, "latency_ms_per_decision": 0.02874428095916907, "replans": null, "validator_ok": 1, "runtime_s": 0.0043116421438753605}, "pfifo": {"instance_id": "c02_replay_150_0010", "campus": 2, "size": 150, "track": "replay", "structure": "chain", "phi": 1.0, "eta": 0.8, "m": 0.6, "u_target": null, "u_realized": null, "method": "pfifo", "seed": 301, "twt": 1840.3848000000003, "makespan": 147.84, "mean_flow": 13.126164000000001, "breach_share": 0.08, "breach_p1": 0.0, "breach_p2": 0.125, "breach_p3": 0.045454545454545456, "breach_p4": 0.0, "decisions": 150, "latency_ms_per_decision": 0.007001766934990883, "replans": null, "validator_ok": 1, "runtime_s": 0.0010502650402486324}, "mor": {"instance_id": "c02_replay_150_0010", "campus": 2, "size": 150, "track": "replay", "structure": "chain", "phi": 1.0, "eta": 0.8, "m": 0.6, "u_target": null, "u_realized": null, "method": "mor", "seed": 301, "twt": 2470.4263999999994, "makespan": 141.5067, "mean_flow": 16.742478000000002, "breach_share": 0.17333333333333334, "breach_p1": 0.5, "breach_p2": 0.3055555555555556, "breach_p3": 0.045454545454545456, "breach_p4": 0.0, "decisions": 150, "latency_ms_per_decision": 0.26089038078983623, "replans": null, "validator_ok": 1, "runtime_s": 0.03913355711847544}, "lfj_atc": {"instance_id": "c02_replay_150_0010", "campus": 2, "size": 150, "track": "replay", "structure": "chain", "phi": 1.0, "eta": 0.8, "m": 0.6, "u_target": null, "u_realized": null, "method": "lfj_atc", "seed": 301, "twt": 1737.555, "makespan": 151.2867, "mean_flow": 12.176676000000002, "breach_share": 0.08, "breach_p1": 0.0, "breach_p2": 0.125, "breach_p3": 0.045454545454545456, "breach_p4": 0.0, "decisions": 150, "latency_ms_per_decision": 0.010341868425408999, "replans": null, "validator_ok": 1, "runtime_s": 0.0015512802638113499}, "atc_eta": {"instance_id": "c02_replay_150_0010", "campus": 2, "size": 150, "track": "replay", "structure": "chain", "phi": 1.0, "eta": 0.8, "m": 0.6, "u_target": null, "u_realized": null, "method": "atc_eta", "seed": 301, "twt": 1737.555, "makespan": 151.2867, "mean_flow": 12.176676000000002, "breach_share": 0.08, "breach_p1": 0.0, "breach_p2": 0.125, "breach_p3": 0.045454545454545456, "breach_p4": 0.0, "decisions": 150, "latency_ms_per_decision": 0.0319404931118091, "replans": null, "validator_ok": 1, "runtime_s": 0.004791073966771364}, "random": {"instance_id": "c02_replay_150_0010", "campus": 2, "size": 150, "track": "replay", "structure": "chain", "phi": 1.0, "eta": 0.8, "m": 0.6, "u_target": null, "u_realized": null, "method": "random", "seed": 301, "twt": 2106.0717999999997, "makespan": 151.9167, "mean_flow": 13.852517333333335, "breach_share": 0.10666666666666667, "breach_p1": 0.5, "breach_p2": 0.16666666666666666, "breach_p3": 0.045454545454545456, "breach_p4": 0.0, "decisions": 150, "latency_ms_per_decision": 0.006543717657526334, "replans": null, "validator_ok": 1, "runtime_s": 0.0009815576486289501}, "v2mlp301": {"instance_id": "c02_replay_150_0010", "campus": 2, "size": 150, "track": "replay", "structure": "chain", "phi": 1.0, "eta": 0.8, "m": 0.6, "u_target": null, "u_realized": null, "method": "v2mlp301", "seed": 301, "twt": 1733.9650000000001, "makespan": 141.5067, "mean_flow": 13.988522, "breach_share": 0.07333333333333333, "breach_p1": 0.0, "breach_p2": 0.1111111111111111, "breach_p3": 0.045454545454545456, "breach_p4": 0.0, "decisions": 150, "latency_ms_per_decision": 0.15130151994526386, "replans": null, "validator_ok": 1, "runtime_s": 0.02269522799178958}, "v2mlp302": {"instance_id": "c02_replay_150_0010", "campus": 2, "size": 150, "track": "replay", "structure": "chain", "phi": 1.0, "eta": 0.8, "m": 0.6, "u_target": null, "u_realized": null, "method": "v2mlp302", "seed": 302, "twt": 1746.9173999999998, "makespan": 137.93, "mean_flow": 14.142506, "breach_share": 0.08, "breach_p1": 0.0, "breach_p2": 0.125, "breach_p3": 0.045454545454545456, "breach_p4": 0.0, "decisions": 150, "latency_ms_per_decision": 0.13856401356558004, "replans": null, "validator_ok": 1, "runtime_s": 0.020784602034837008}, "v2mlp303": {"instance_id": "c02_replay_150_0010", "campus": 2, "size": 150, "track": "replay", "structure": "chain", "phi": 1.0, "eta": 0.8, "m": 0.6, "u_target": null, "u_realized": null, "method": "v2mlp303", "seed": 303, "twt": 1766.8546, "makespan": 146.0967, "mean_flow": 14.54316, "breach_share": 0.08, "breach_p1": 0.0, "breach_p2": 0.125, "breach_p3": 0.045454545454545456, "breach_p4": 0.0, "decisions": 150, "latency_ms_per_decision": 0.13987548649311066, "replans": null, "validator_ok": 1, "runtime_s": 0.0209813229739666}, "v2mlp304": {"instance_id": "c02_replay_150_0010", "campus": 2, "size": 150, "track": "replay", "structure": "chain", "phi": 1.0, "eta": 0.8, "m": 0.6, "u_target": null, "u_realized": null, "method": "v2mlp304", "seed": 304, "twt": 1848.1989999999998, "makespan": 144.0833, "mean_flow": 14.170955333333332, "breach_share": 0.08666666666666667, "breach_p1": 0.0, "breach_p2": 0.1388888888888889, "breach_p3": 0.045454545454545456, "breach_p4": 0.0, "decisions": 150, "latency_ms_per_decision": 0.147462859749794, "replans": null, "validator_ok": 1, "runtime_s": 0.0221194289624691}, "v2mlp305": {"instance_id": "c02_replay_150_0010", "campus": 2, "size": 150, "track": "replay", "structure": "chain", "phi": 1.0, "eta": 0.8, "m": 0.6, "u_target": null, "u_realized": null, "method": "v2mlp305", "seed": 305, "twt": 1852.9448000000002, "makespan": 142.8533, "mean_flow": 14.56314, "breach_share": 0.08666666666666667, "breach_p1": 0.0, "breach_p2": 0.1388888888888889, "breach_p3": 0.045454545454545456, "breach_p4": 0.0, "decisions": 150, "latency_ms_per_decision": 0.1488772345085939, "replans": null, "validator_ok": 1, "runtime_s": 0.02233158517628908}, "v2mlp306": {"instance_id": "c02_replay_150_0010", "campus": 2, "size": 150, "track": "replay", "structure": "chain", "phi": 1.0, "eta": 0.8, "m": 0.6, "u_target": null, "u_realized": null, "method": "v2mlp306", "seed": 306, "twt": 1755.3973999999998, "makespan": 136.1867, "mean_flow": 14.300462666666668, "breach_share": 0.08, "breach_p1": 0.0, "breach_p2": 0.125, "breach_p3": 0.045454545454545456, "breach_p4": 0.0, "decisions": 150, "latency_ms_per_decision": 0.14087706493834654, "replans": null, "validator_ok": 1, "runtime_s": 0.021131559740751982}, "v2mlp307": {"instance_id": "c02_replay_150_0010", "campus": 2, "size": 150, "track": "replay",