{"config_id": "c02_replay_400_0010__c02_full_eta080_m060", "rows": {"edd": {"instance_id": "c02_replay_400_0010", "campus": 2, "size": 400, "track": "replay", "structure": "full", "phi": null, "eta": 0.8, "m": 0.6, "u_target": null, "u_realized": null, "method": "edd", "seed": 301, "twt": 411.0792, "makespan": 152.6, "mean_flow": 21.76957175, "breach_share": 0.015, "breach_p1": 0.0, "breach_p2": 0.041237113402061855, "breach_p3": 0.03389830508474576, "breach_p4": 0.0, "decisions": 400, "latency_ms_per_decision": 0.027944979956373572, "replans": null, "validator_ok": 1, "runtime_s": 0.011177991982549429}, "wspt": {"instance_id": "c02_replay_400_0010", "campus": 2, "size": 400, "track": "replay", "structure": "full", "phi": null, "eta": 0.8, "m": 0.6, "u_target": null, "u_realized": null, "method": "wspt", "seed": 301, "twt": 618.82, "makespan": 152.02000000000004, "mean_flow": 15.218866500000004, "breach_share": 0.0175, "breach_p1": 0.0, "breach_p2": 0.05154639175257732, "breach_p3": 0.03389830508474576, "breach_p4": 0.0, "decisions": 400, "latency_ms_per_decision": 0.03650955972261727, "replans": null, "validator_ok": 1, "runtime_s": 0.014603823889046907}, "atc": {"instance_id": "c02_replay_400_0010", "campus": 2, "size": 400, "track": "replay", "structure": "full", "phi": null, "eta": 0.8, "m": 0.6, "u_target": null, "u_realized": null, "method": "atc", "seed": 301, "twt": 411.0792, "makespan": 137.32330000000002, "mean_flow": 21.120501000000004, "breach_share": 0.015, "breach_p1": 0.0, "breach_p2": 0.041237113402061855, "breach_p3": 0.03389830508474576, "breach_p4": 0.0, "decisions": 400, "latency_ms_per_decision": 0.06850360310636461, "replans": null, "validator_ok": 1, "runtime_s": 0.027401441242545843}, "pfifo": {"instance_id": "c02_replay_400_0010", "campus": 2, "size": 400, "track": "replay", "structure": "full", "phi": null, "eta": 0.8, "m": 0.6, "u_target": null, "u_realized": null, "method": "pfifo", "seed": 301, "twt": 411.0792, "makespan": 152.6, "mean_flow": 21.76957175, "breach_share": 0.015, "breach_p1": 0.0, "breach_p2": 0.041237113402061855, "breach_p3": 0.03389830508474576, "breach_p4": 0.0, "decisions": 400, "latency_ms_per_decision": 0.030705094104632735, "replans": null, "validator_ok": 1, "runtime_s": 0.012282037641853094}, "mor": {"instance_id": "c02_replay_400_0010", "campus": 2, "size": 400, "track": "replay", "structure": "full", "phi": null, "eta": 0.8, "m": 0.6, "u_target": null, "u_realized": null, "method": "mor", "seed": 301, "twt": 1807.3459999999998, "makespan": 139.6667, "mean_flow": 29.121723499999995, "breach_share": 0.05, "breach_p1": 0.0, "breach_p2": 0.18556701030927836, "breach_p3": 0.03389830508474576, "breach_p4": 0.0, "decisions": 400, "latency_ms_per_decision": 0.02908040303736925, "replans": null, "validator_ok": 1, "runtime_s": 0.0116321612149477}, "lfj_atc": {"instance_id": "c02_replay_400_0010", "campus": 2, "size": 400, "track": "replay", "structure": "full", "phi": null, "eta": 0.8, "m": 0.6, "u_target": null, "u_realized": null, "method": "lfj_atc", "seed": 301, "twt": 411.0792, "makespan": 137.32330000000002, "mean_flow": 21.104108500000002, "breach_share": 0.015, "breach_p1": 0.0, "breach_p2": 0.041237113402061855, "breach_p3": 0.03389830508474576, "breach_p4": 0.0, "decisions": 400, "latency_ms_per_decision": 0.07121553760953248, "replans": null, "validator_ok": 1, "runtime_s": 0.02848621504381299}, "atc_eta": {"instance_id": "c02_replay_400_0010", "campus": 2, "size": 400, "track": "replay", "structure": "full", "phi": null, "eta": 0.8, "m": 0.6, "u_target": null, "u_realized": null, "method": "atc_eta", "seed": 301, "twt": 411.0792, "makespan": 137.32330000000002, "mean_flow": 21.8004675, "breach_share": 0.015, "breach_p1": 0.0, "breach_p2": 0.041237113402061855, "breach_p3": 0.03389830508474576, "breach_p4": 0.0, "decisions": 400, "latency_ms_per_decision": 0.09408443700522184, "replans": null, "validator_ok": 1, "runtime_s": 0.03763377480208874}, "random": {"instance_id": "c02_replay_400_0010", "campus": 2, "size": 400, "track": "replay", "structure": "full", "phi": null, "eta": 0.8, "m": 0.6, "u_target": null, "u_realized": null, "method": "random", "seed": 301, "twt": 549.9188, "makespan": 137.32330000000002, "mean_flow": 20.989591, "breach_share": 0.025, "breach_p1": 0.0, "breach_p2": 0.08247422680412371, "breach_p3": 0.03389830508474576, "breach_p4": 0.0, "decisions": 400, "latency_ms_per_decision": 0.015333819901570678, "replans": null, "validator_ok": 1, "runtime_s": 0.006133527960628271}, "v2mlp301": {"instance_id": "c02_replay_400_0010", "campus": 2, "size": 400, "track": "replay", "structure": "full", "phi": null, "eta": 0.8, "m": 0.6, "u_target": null, "u_realized": null, "method": "v2mlp301", "seed": 301, "twt": 454.8792000000001, "makespan": 139.6667, "mean_flow": 17.911418, "breach_share": 0.015, "breach_p1": 0.0, "breach_p2": 0.041237113402061855, "breach_p3": 0.03389830508474576, "breach_p4": 0.0, "decisions": 400, "latency_ms_per_decision": 2.0898829319048673, "replans": null, "validator_ok": 1, "runtime_s": 0.8359531727619469}, "v2mlp302": {"instance_id": "c02_replay_400_0010", "campus": 2, "size": 400, "track": "replay", "structure": "full", "phi": null, "eta": 0.8, "m": 0.6, "u_target": null, "u_realized": null, "method": "v2mlp302", "seed": 302, "twt": 487.15920000000006, "makespan": 139.6667, "mean_flow": 26.1685545, "breach_share": 0.02, "breach_p1": 0.0, "breach_p2": 0.061855670103092786, "breach_p3": 0.03389830508474576, "breach_p4": 0.0, "decisions": 400, "latency_ms_per_decision": 1.9761929346714169, "replans": null, "validator_ok": 1, "runtime_s": 0.7904771738685668}, "v2mlp303": {"instance_id": "c02_replay_400_0010", "campus": 2, "size": 400, "track": "replay", "structure": "full", "phi": null, "eta": 0.8, "m": 0.6, "u_target": null, "u_realized": null, "method": "v2mlp303", "seed": 303, "twt": 411.0792, "makespan": 137.32330000000002, "mean_flow": 25.619504499999998, "breach_share": 0.015, "breach_p1": 0.0, "breach_p2": 0.041237113402061855, "breach_p3": 0.03389830508474576, "breach_p4": 0.0, "decisions": 400, "latency_ms_per_decision": 1.994330279994756, "replans": null, "validator_ok": 1, "runtime_s": 0.7977321119979024}, "v2mlp304": {"instance_id": "c02_replay_400_0010", "campus": 2, "size": 400, "track": "replay", "structure": "full", "phi": null, "eta": 0.8, "m": 0.6, "u_target": null, "u_realized": null, "method": "v2mlp304", "seed": 304, "twt": 409.51919999999996, "makespan": 137.32330000000002, "mean_flow": 26.406075749999996, "breach_share": 0.015, "breach_p1": 0.0, "breach_p2": 0.041237113402061855, "breach_p3": 0.03389830508474576, "breach_p4": 0.0, "decisions": 400, "latency_ms_per_decision": 2.5968034530524164, "replans": null, "validator_ok": 1, "runtime_s": 1.0387213812209666}, "v2mlp305": {"instance_id": "c02_replay_400_0010", "campus": 2, "size": 400, "track": "replay", "structure": "full", "phi": null, "eta": 0.8, "m": 0.6, "u_target": null, "u_realized": null, "method": "v2mlp305", "seed": 305, "twt": 443.3592, "makespan": 137.32330000000002, "mean_flow": 23.468105249999997, "breach_share": 0.02, "breach_p1": 0.0, "breach_p2": 0.061855670103092786, "breach_p3": 0.03389830508474576, "breach_p4": 0.0, "decisions": 400, "latency_ms_per_decision": 1.7174007941503078, "replans": null, "validator_ok": 1, "runtime_s": 0.6869603176601231}, "v2mlp306": {"instance_id": "c02_replay_400_0010", "campus": 2, "size": 400, "track": "replay", "structure": "full", "phi": null, "eta": 0.8, "m": 0.6, "u_target": null, "u_realized": null, "method": "v2mlp306", "seed": 306, "twt": 443.3592, "makespan": 137.32330000000002, "mean_flow": 26.783885499999997, "breach_share": 0.02, "breach_p1": 0.0, "breach_p2": 0.061855670103092786, "breach_p3": 0.03389830508474576, "breach_p4": 0.0, "decisions": 400, "latency_ms_per_decision": 0.8375315798912197, "replans": null, "validator_ok": 1, "runtime_s": 0.3350126319564879}, "v2mlp307": {"instance_id": "c02_replay_400_0010",