{"config_id": "c02_replay_150_0027__c02_l0_eta100_m080", "rows": {"edd": {"instance_id": "c02_replay_150_0027", "campus": 2, "size": 150, "track": "replay", "structure": "dedicated", "phi": null, "eta": 1.0, "m": 0.8, "u_target": null, "u_realized": null, "method": "edd", "seed": 301, "twt": 2097.9004, "makespan": 115.0667, "mean_flow": 17.568256666666667, "breach_share": 0.06666666666666667, "breach_p1": 0.25, "breach_p2": 0.12121212121212122, "breach_p3": 0.016129032258064516, "breach_p4": 0.0, "decisions": 150, "latency_ms_per_decision": 0.006792346636454265, "replans": null, "validator_ok": 1, "runtime_s": 0.0010188519954681396}, "wspt": {"instance_id": "c02_replay_150_0027", "campus": 2, "size": 150, "track": "replay", "structure": "dedicated", "phi": null, "eta": 1.0, "m": 0.8, "u_target": null, "u_realized": null, "method": "wspt", "seed": 301, "twt": 2271.9136, "makespan": 129.2948, "mean_flow": 11.771592666666665, "breach_share": 0.06666666666666667, "breach_p1": 0.25, "breach_p2": 0.12121212121212122, "breach_p3": 0.016129032258064516, "breach_p4": 0.0, "decisions": 150, "latency_ms_per_decision": 0.020198173200090725, "replans": null, "validator_ok": 1, "runtime_s": 0.003029725980013609}, "atc": {"instance_id": "c02_replay_150_0027", "campus": 2, "size": 150, "track": "replay", "structure": "dedicated", "phi": null, "eta": 1.0, "m": 0.8, "u_target": null, "u_realized": null, "method": "atc", "seed": 301, "twt": 2244.5536, "makespan": 131.9115, "mean_flow": 12.610393333333333, "breach_share": 0.06666666666666667, "breach_p1": 0.25, "breach_p2": 0.12121212121212122, "breach_p3": 0.016129032258064516, "breach_p4": 0.0, "decisions": 150, "latency_ms_per_decision": 0.028899172320961952, "replans": null, "validator_ok": 1, "runtime_s": 0.004334875848144293}, "pfifo": {"instance_id": "c02_replay_150_0027", "campus": 2, "size": 150, "track": "replay", "structure": "dedicated", "phi": null, "eta": 1.0, "m": 0.8, "u_target": null, "u_realized": null, "method": "pfifo", "seed": 301, "twt": 2097.9004, "makespan": 115.0667, "mean_flow": 17.568256666666667, "breach_share": 0.06666666666666667, "breach_p1": 0.25, "breach_p2": 0.12121212121212122, "breach_p3": 0.016129032258064516, "breach_p4": 0.0, "decisions": 150, "latency_ms_per_decision": 0.027253391842047375, "replans": null, "validator_ok": 1, "runtime_s": 0.004088008776307106}, "mor": {"instance_id": "c02_replay_150_0027", "campus": 2, "size": 150, "track": "replay", "structure": "dedicated", "phi": null, "eta": 1.0, "m": 0.8, "u_target": null, "u_realized": null, "method": "mor", "seed": 301, "twt": 4547.6884, "makespan": 104.5667, "mean_flow": 24.97081133333333, "breach_share": 0.22666666666666666, "breach_p1": 0.25, "breach_p2": 0.48484848484848486, "breach_p3": 0.016129032258064516, "breach_p4": 0.0, "decisions": 150, "latency_ms_per_decision": 0.02732505400975545, "replans": null, "validator_ok": 1, "runtime_s": 0.004098758101463318}, "lfj_atc": {"instance_id": "c02_replay_150_0027", "campus": 2, "size": 150, "track": "replay", "structure": "dedicated", "phi": null, "eta": 1.0, "m": 0.8, "u_target": null, "u_realized": null, "method": "lfj_atc", "seed": 301, "twt": 2244.5536, "makespan": 131.9115, "mean_flow": 12.610393333333333, "breach_share": 0.06666666666666667, "breach_p1": 0.25, "breach_p2": 0.12121212121212122, "breach_p3": 0.016129032258064516, "breach_p4": 0.0, "decisions": 150, "latency_ms_per_decision": 0.05013957930107912, "replans": null, "validator_ok": 1, "runtime_s": 0.007520936895161867}, "atc_eta": {"instance_id": "c02_replay_150_0027", "campus": 2, "size": 150, "track": "replay", "structure": "dedicated", "phi": null, "eta": 1.0, "m": 0.8, "u_target": null, "u_realized": null, "method": "atc_eta", "seed": 301, "twt": 2244.5536, "makespan": 131.9115, "mean_flow": 12.610393333333333, "breach_share": 0.06666666666666667, "breach_p1": 0.25, "breach_p2": 0.12121212121212122, "breach_p3": 0.016129032258064516, "breach_p4": 0.0, "decisions": 150, "latency_ms_per_decision": 0.05135033279657364, "replans": null, "validator_ok": 1, "runtime_s": 0.007702549919486046}, "random": {"instance_id": "c02_replay_150_0027", "campus": 2, "size": 150, "track": "replay", "structure": "dedicated", "phi": null, "eta": 1.0, "m": 0.8, "u_target": null, "u_realized": null, "method": "random", "seed": 301, "twt": 2423.7808, "makespan": 115.0667, "mean_flow": 15.171835333333332, "breach_share": 0.11333333333333333, "breach_p1": 0.25, "breach_p2": 0.22727272727272727, "breach_p3": 0.016129032258064516, "breach_p4": 0.0, "decisions": 150, "latency_ms_per_decision": 0.027050900583465893, "replans": null, "validator_ok": 1, "runtime_s": 0.004057635087519884}, "v2mlp301": {"instance_id": "c02_replay_150_0027", "campus": 2, "size": 150, "track": "replay", "structure": "dedicated", "phi": null, "eta": 1.0, "m": 0.8, "u_target": null, "u_realized": null, "method": "v2mlp301", "seed": 301, "twt": 2102.0335999999998, "makespan": 104.5667, "mean_flow": 16.27439533333333, "breach_share": 0.09333333333333334, "breach_p1": 0.25, "breach_p2": 0.18181818181818182, "breach_p3": 0.016129032258064516, "breach_p4": 0.0, "decisions": 150, "latency_ms_per_decision": 0.190245204915603, "replans": null, "validator_ok": 1, "runtime_s": 0.02853678073734045}, "v2mlp302": {"instance_id": "c02_replay_150_0027", "campus": 2, "size": 150, "track": "replay", "structure": "dedicated", "phi": null, "eta": 1.0, "m": 0.8, "u_target": null, "u_realized": null, "method": "v2mlp302", "seed": 302, "twt": 2091.1004, "makespan": 104.5667, "mean_flow": 19.349106666666668, "breach_share": 0.09333333333333334, "breach_p1": 0.25, "breach_p2": 0.18181818181818182, "breach_p3": 0.016129032258064516, "breach_p4": 0.0, "decisions": 150, "latency_ms_per_decision": 0.24015908129513264, "replans": null, "validator_ok": 1, "runtime_s": 0.036023862194269896}, "v2mlp303": {"instance_id": "c02_replay_150_0027", "campus": 2, "size": 150, "track": "replay", "structure": "dedicated", "phi": null, "eta": 1.0, "m": 0.8, "u_target": null, "u_realized": null, "method": "v2mlp303", "seed": 303, "twt": 2084.354, "makespan": 104.5667, "mean_flow": 18.333478000000003, "breach_share": 0.1, "breach_p1": 0.25, "breach_p2": 0.19696969696969696, "breach_p3": 0.016129032258064516, "breach_p4": 0.0, "decisions": 150, "latency_ms_per_decision": 0.1891705859452486, "replans": null, "validator_ok": 1, "runtime_s": 0.02837558789178729}, "v2mlp304": {"instance_id": "c02_replay_150_0027", "campus": 2, "size": 150, "track": "replay", "structure": "dedicated", "phi": null, "eta": 1.0, "m": 0.8, "u_target": null, "u_realized": null, "method": "v2mlp304", "seed": 304, "twt": 2089.8335999999995, "makespan": 104.5667, "mean_flow": 18.056418, "breach_share": 0.08666666666666667, "breach_p1": 0.25, "breach_p2": 0.16666666666666666, "breach_p3": 0.016129032258064516, "breach_p4": 0.0, "decisions": 150, "latency_ms_per_decision": 0.19485014801224074, "replans": null, "validator_ok": 1, "runtime_s": 0.02922752220183611}, "v2mlp305": {"instance_id": "c02_replay_150_0027", "campus": 2, "size": 150, "track": "replay", "structure": "dedicated", "phi": null, "eta": 1.0, "m": 0.8, "u_target": null, "u_realized": null, "method": "v2mlp305", "seed": 305, "twt": 2091.1004, "makespan": 104.5667, "mean_flow": 18.69924, "breach_share": 0.09333333333333334, "breach_p1": 0.25, "breach_p2": 0.18181818181818182, "breach_p3": 0.016129032258064516, "breach_p4": 0.0, "decisions": 150, "latency_ms_per_decision": 0.19179111967484155, "replans": null, "validator_ok": 1, "runtime_s": 0.028768667951226234}, "v2mlp306": {"instance_id": "c02_replay_150_0027", "campus": 2, "size": 150, "track": "replay", "structure": "dedicated", "phi": null, "eta": 1.0, "m": 0.8, "u_target": null, "u_realized": null, "method": "v2mlp306", "seed": 306, "twt": 2084.1403999999993, "makespan": 104.5667, "mean_flow": 18.83381133333333, "breach_share": 0.08666666666666667, "breach_p1": 0.25, "breach_p2": 0.16666666666666666,