{"config_id": "c02_replay_400_0028__c02_chain_phi100_eta080_m080", "rows": {"edd": {"instance_id": "c02_replay_400_0028", "campus": 2, "size": 400, "track": "replay", "structure": "chain", "phi": 1.0, "eta": 0.8, "m": 0.8, "u_target": null, "u_realized": null, "method": "edd", "seed": 301, "twt": 511.0324, "makespan": 112.32329999999997, "mean_flow": 36.235399750000006, "breach_share": 0.0075, "breach_p1": 0.0, "breach_p2": 0.08333333333333333, "breach_p3": 0.0, "breach_p4": 0.0, "decisions": 400, "latency_ms_per_decision": 0.016166274435818195, "replans": null, "validator_ok": 1, "runtime_s": 0.006466509774327278}, "wspt": {"instance_id": "c02_replay_400_0028", "campus": 2, "size": 400, "track": "replay", "structure": "chain", "phi": 1.0, "eta": 0.8, "m": 0.8, "u_target": null, "u_realized": null, "method": "wspt", "seed": 301, "twt": 511.0324, "makespan": 169.3433, "mean_flow": 26.117989750000007, "breach_share": 0.0075, "breach_p1": 0.0, "breach_p2": 0.08333333333333333, "breach_p3": 0.0, "breach_p4": 0.0, "decisions": 400, "latency_ms_per_decision": 0.02120144315995276, "replans": null, "validator_ok": 1, "runtime_s": 0.008480577263981104}, "atc": {"instance_id": "c02_replay_400_0028", "campus": 2, "size": 400, "track": "replay", "structure": "chain", "phi": 1.0, "eta": 0.8, "m": 0.8, "u_target": null, "u_realized": null, "method": "atc", "seed": 301, "twt": 511.0324, "makespan": 118.4633, "mean_flow": 29.744273250000003, "breach_share": 0.0075, "breach_p1": 0.0, "breach_p2": 0.08333333333333333, "breach_p3": 0.0, "breach_p4": 0.0, "decisions": 400, "latency_ms_per_decision": 0.044166832230985165, "replans": null, "validator_ok": 1, "runtime_s": 0.017666732892394066}, "pfifo": {"instance_id": "c02_replay_400_0028", "campus": 2, "size": 400, "track": "replay", "structure": "chain", "phi": 1.0, "eta": 0.8, "m": 0.8, "u_target": null, "u_realized": null, "method": "pfifo", "seed": 301, "twt": 511.0324, "makespan": 112.32329999999997, "mean_flow": 36.235399750000006, "breach_share": 0.0075, "breach_p1": 0.0, "breach_p2": 0.08333333333333333, "breach_p3": 0.0, "breach_p4": 0.0, "decisions": 400, "latency_ms_per_decision": 0.034106067614629865, "replans": null, "validator_ok": 1, "runtime_s": 0.013642427045851946}, "mor": {"instance_id": "c02_replay_400_0028", "campus": 2, "size": 400, "track": "replay", "structure": "chain", "phi": 1.0, "eta": 0.8, "m": 0.8, "u_target": null, "u_realized": null, "method": "mor", "seed": 301, "twt": 511.0324, "makespan": 107.61329999999994, "mean_flow": 56.57208725, "breach_share": 0.0075, "breach_p1": 0.0, "breach_p2": 0.08333333333333333, "breach_p3": 0.0, "breach_p4": 0.0, "decisions": 400, "latency_ms_per_decision": 0.03415193990804255, "replans": null, "validator_ok": 1, "runtime_s": 0.01366077596321702}, "lfj_atc": {"instance_id": "c02_replay_400_0028", "campus": 2, "size": 400, "track": "replay", "structure": "chain", "phi": 1.0, "eta": 0.8, "m": 0.8, "u_target": null, "u_realized": null, "method": "lfj_atc", "seed": 301, "twt": 511.0324, "makespan": 118.4533, "mean_flow": 29.74667325, "breach_share": 0.0075, "breach_p1": 0.0, "breach_p2": 0.08333333333333333, "breach_p3": 0.0, "breach_p4": 0.0, "decisions": 400, "latency_ms_per_decision": 0.09988887584768236, "replans": null, "validator_ok": 1, "runtime_s": 0.03995555033907294}, "atc_eta": {"instance_id": "c02_replay_400_0028", "campus": 2, "size": 400, "track": "replay", "structure": "chain", "phi": 1.0, "eta": 0.8, "m": 0.8, "u_target": null, "u_realized": null, "method": "atc_eta", "seed": 301, "twt": 511.0324, "makespan": 118.4633, "mean_flow": 29.74322325, "breach_share": 0.0075, "breach_p1": 0.0, "breach_p2": 0.08333333333333333, "breach_p3": 0.0, "breach_p4": 0.0, "decisions": 400, "latency_ms_per_decision": 0.12239649659022689, "replans": null, "validator_ok": 1, "runtime_s": 0.048958598636090755}, "random": {"instance_id": "c02_replay_400_0028", "campus": 2, "size": 400, "track": "replay", "structure": "chain", "phi": 1.0, "eta": 0.8, "m": 0.8, "u_target": null, "u_realized": null, "method": "random", "seed": 301, "twt": 511.0324, "makespan": 123.74, "mean_flow": 39.34484325, "breach_share": 0.0075, "breach_p1": 0.0, "breach_p2": 0.08333333333333333, "breach_p3": 0.0, "breach_p4": 0.0, "decisions": 400, "latency_ms_per_decision": 0.016059972112998366, "replans": null, "validator_ok": 1, "runtime_s": 0.0064239888451993465}, "v2mlp301": {"instance_id": "c02_replay_400_0028", "campus": 2, "size": 400, "track": "replay", "structure": "chain", "phi": 1.0, "eta": 0.8, "m": 0.8, "u_target": null, "u_realized": null, "method": "v2mlp301", "seed": 301, "twt": 511.0324, "makespan": 113.08329999999997, "mean_flow": 42.81631025000001, "breach_share": 0.0075, "breach_p1": 0.0, "breach_p2": 0.08333333333333333, "breach_p3": 0.0, "breach_p4": 0.0, "decisions": 400, "latency_ms_per_decision": 1.895284012425691, "replans": null, "validator_ok": 1, "runtime_s": 0.7581136049702764}, "v2mlp302": {"instance_id": "c02_replay_400_0028", "campus": 2, "size": 400, "track": "replay", "structure": "chain", "phi": 1.0, "eta": 0.8, "m": 0.8, "u_target": null, "u_realized": null, "method": "v2mlp302", "seed": 302, "twt": 511.0324, "makespan": 113.59, "mean_flow": 55.86033325, "breach_share": 0.0075, "breach_p1": 0.0, "breach_p2": 0.08333333333333333, "breach_p3": 0.0, "breach_p4": 0.0, "decisions": 400, "latency_ms_per_decision": 2.145879027666524, "replans": null, "validator_ok": 1, "runtime_s": 0.8583516110666096}, "v2mlp303": {"instance_id": "c02_replay_400_0028", "campus": 2, "size": 400, "track": "replay", "structure": "chain", "phi": 1.0, "eta": 0.8, "m": 0.8, "u_target": null, "u_realized": null, "method": "v2mlp303", "seed": 303, "twt": 511.0324, "makespan": 108.01329999999997, "mean_flow": 56.48377874999999, "breach_share": 0.0075, "breach_p1": 0.0, "breach_p2": 0.08333333333333333, "breach_p3": 0.0, "breach_p4": 0.0, "decisions": 400, "latency_ms_per_decision": 1.478727355133742, "replans": null, "validator_ok": 1, "runtime_s": 0.5914909420534968}, "v2mlp304": {"instance_id": "c02_replay_400_0028", "campus": 2, "size": 400, "track": "replay", "structure": "chain", "phi": 1.0, "eta": 0.8, "m": 0.8, "u_target": null, "u_realized": null, "method": "v2mlp304", "seed": 304, "twt": 511.0324, "makespan": 113.59, "mean_flow": 53.98523224999999, "breach_share": 0.0075, "breach_p1": 0.0, "breach_p2": 0.08333333333333333, "breach_p3": 0.0, "breach_p4": 0.0, "decisions": 400, "latency_ms_per_decision": 0.7847496203612536, "replans": null, "validator_ok": 1, "runtime_s": 0.31389984814450145}, "v2mlp305": {"instance_id": "c02_replay_400_0028", "campus": 2, "size": 400, "track": "replay", "structure": "chain", "phi": 1.0, "eta": 0.8, "m": 0.8, "u_target": null, "u_realized": null, "method": "v2mlp305", "seed": 305, "twt": 511.0324, "makespan": 107.19329999999997, "mean_flow": 50.518929499999985, "breach_share": 0.0075, "breach_p1": 0.0, "breach_p2": 0.08333333333333333, "breach_p3": 0.0, "breach_p4": 0.0, "decisions": 400, "latency_ms_per_decision": 0.7966575224418193, "replans": null, "validator_ok": 1, "runtime_s": 0.3186630089767277}, "v2mlp306": {"instance_id": "c02_replay_400_0028", "campus": 2, "size": 400, "track": "replay", "structure": "chain", "phi": 1.0, "eta": 0.8, "m": 0.8, "u_target": null, "u_realized": null, "method": "v2mlp306", "seed": 306, "twt": 511.0324, "makespan": 107.88329999999999, "mean_flow": 56.18856174999999, "breach_share": 0.0075, "breach_p1": 0.0, "breach_p2": 0.08333333333333333, "breach_p3": 0.0, "breach_p4": 0.0, "decisions": 400, "latency_ms_per_decision": 0.7408153475262225, "replans": null, "validator_ok": 1, "runtime_s": 0.296326139010489}, "v2mlp307": {"instance_id": "c02_replay_400_0028", "campus": 2, "size": 400, "track": "replay", "structure": "chain", "phi": 1.0, "eta": 0.8, "m": 0.8, "u_target": null, "u_realized": null, "method": "v2mlp307", "seed": 307, "twt": 511.0324, "makespan": 108.07330000000002, "mean_flow": 55.423076249999994,