{"config_id": "c02_replay_400_0041__c02_chain_phi100_eta100_m060", "rows": {"edd": {"instance_id": "c02_replay_400_0041", "campus": 2, "size": 400, "track": "replay", "structure": "chain", "phi": 1.0, "eta": 1.0, "m": 0.6, "u_target": null, "u_realized": null, "method": "edd", "seed": 301, "twt": 10461.325400000002, "makespan": 248.0229, "mean_flow": 38.09840825, "breach_share": 0.265, "breach_p1": 0.5555555555555556, "breach_p2": 0.3953488372093023, "breach_p3": 0.1896551724137931, "breach_p4": 0.0, "decisions": 400, "latency_ms_per_decision": 0.01815167022868991, "replans": null, "validator_ok": 1, "runtime_s": 0.007260668091475964}, "wspt": {"instance_id": "c02_replay_400_0041", "campus": 2, "size": 400, "track": "replay", "structure": "chain", "phi": 1.0, "eta": 1.0, "m": 0.6, "u_target": null, "u_realized": null, "method": "wspt", "seed": 301, "twt": 8377.7875, "makespan": 272.8396, "mean_flow": 16.70747625, "breach_share": 0.11, "breach_p1": 0.5555555555555556, "breach_p2": 0.1511627906976744, "breach_p3": 0.06896551724137931, "breach_p4": 0.022222222222222223, "decisions": 400, "latency_ms_per_decision": 0.017490482423454523, "replans": null, "validator_ok": 1, "runtime_s": 0.006996192969381809}, "atc": {"instance_id": "c02_replay_400_0041", "campus": 2, "size": 400, "track": "replay", "structure": "chain", "phi": 1.0, "eta": 1.0, "m": 0.6, "u_target": null, "u_realized": null, "method": "atc", "seed": 301, "twt": 8420.395999999999, "makespan": 230.0829, "mean_flow": 24.708463500000004, "breach_share": 0.1125, "breach_p1": 0.4444444444444444, "breach_p2": 0.1744186046511628, "breach_p3": 0.06321839080459771, "breach_p4": 0.0, "decisions": 400, "latency_ms_per_decision": 0.023127745371311903, "replans": null, "validator_ok": 1, "runtime_s": 0.009251098148524761}, "pfifo": {"instance_id": "c02_replay_400_0041", "campus": 2, "size": 400, "track": "replay", "structure": "chain", "phi": 1.0, "eta": 1.0, "m": 0.6, "u_target": null, "u_realized": null, "method": "pfifo", "seed": 301, "twt": 9791.0096, "makespan": 248.53289999999998, "mean_flow": 37.934047, "breach_share": 0.2725, "breach_p1": 0.4444444444444444, "breach_p2": 0.4069767441860465, "breach_p3": 0.20114942528735633, "breach_p4": 0.0, "decisions": 400, "latency_ms_per_decision": 0.026410232530906796, "replans": null, "validator_ok": 1, "runtime_s": 0.010564093012362719}, "mor": {"instance_id": "c02_replay_400_0041", "campus": 2, "size": 400, "track": "replay", "structure": "chain", "phi": 1.0, "eta": 1.0, "m": 0.6, "u_target": null, "u_realized": null, "method": "mor", "seed": 301, "twt": 66589.0759, "makespan": 200.66479999999999, "mean_flow": 85.39310425, "breach_share": 0.5825, "breach_p1": 0.8888888888888888, "breach_p2": 0.7965116279069767, "breach_p3": 0.4942528735632184, "breach_p4": 0.044444444444444446, "decisions": 400, "latency_ms_per_decision": 0.024289570283144712, "replans": null, "validator_ok": 1, "runtime_s": 0.009715828113257885}, "lfj_atc": {"instance_id": "c02_replay_400_0041", "campus": 2, "size": 400, "track": "replay", "structure": "chain", "phi": 1.0, "eta": 1.0, "m": 0.6, "u_target": null, "u_realized": null, "method": "lfj_atc", "seed": 301, "twt": 8512.066200000001, "makespan": 232.0829, "mean_flow": 24.71088475, "breach_share": 0.1125, "breach_p1": 0.4444444444444444, "breach_p2": 0.1744186046511628, "breach_p3": 0.06321839080459771, "breach_p4": 0.0, "decisions": 400, "latency_ms_per_decision": 0.024753654142841697, "replans": null, "validator_ok": 1, "runtime_s": 0.009901461657136679}, "atc_eta": {"instance_id": "c02_replay_400_0041", "campus": 2, "size": 400, "track": "replay", "structure": "chain", "phi": 1.0, "eta": 1.0, "m": 0.6, "u_target": null, "u_realized": null, "method": "atc_eta", "seed": 301, "twt": 8420.395999999999, "makespan": 230.0829, "mean_flow": 24.708463500000004, "breach_share": 0.1125, "breach_p1": 0.4444444444444444, "breach_p2": 0.1744186046511628, "breach_p3": 0.06321839080459771, "breach_p4": 0.0, "decisions": 400, "latency_ms_per_decision": 0.04077153746038675, "replans": null, "validator_ok": 1, "runtime_s": 0.0163086149841547}, "random": {"instance_id": "c02_replay_400_0041", "campus": 2, "size": 400, "track": "replay", "structure": "chain", "phi": 1.0, "eta": 1.0, "m": 0.6, "u_target": null, "u_realized": null, "method": "random", "seed": 301, "twt": 19983.33099999999, "makespan": 257.2315, "mean_flow": 34.2145955, "breach_share": 0.2725, "breach_p1": 0.8888888888888888, "breach_p2": 0.47093023255813954, "breach_p3": 0.11494252873563218, "breach_p4": 0.0, "decisions": 400, "latency_ms_per_decision": 0.030979940202087164, "replans": null, "validator_ok": 1, "runtime_s": 0.012391976080834866}, "v2mlp301": {"instance_id": "c02_replay_400_0041", "campus": 2, "size": 400, "track": "replay", "structure": "chain", "phi": 1.0, "eta": 1.0, "m": 0.6, "u_target": null, "u_realized": null, "method": "v2mlp301", "seed": 301, "twt": 21058.8449, "makespan": 268.42960000000005, "mean_flow": 50.53298825000001, "breach_share": 0.425, "breach_p1": 0.8888888888888888, "breach_p2": 0.5465116279069767, "breach_p3": 0.3850574712643678, "breach_p4": 0.022222222222222223, "decisions": 400, "latency_ms_per_decision": 1.3384000828955323, "replans": null, "validator_ok": 1, "runtime_s": 0.5353600331582129}, "v2mlp302": {"instance_id": "c02_replay_400_0041", "campus": 2, "size": 400, "track": "replay", "structure": "chain", "phi": 1.0, "eta": 1.0, "m": 0.6, "u_target": null, "u_realized": null, "method": "v2mlp302", "seed": 302, "twt": 33426.93100000001, "makespan": 274.05629999999996, "mean_flow": 59.3544915, "breach_share": 0.4825, "breach_p1": 0.8888888888888888, "breach_p2": 0.7093023255813954, "breach_p3": 0.3505747126436782, "breach_p4": 0.044444444444444446, "decisions": 400, "latency_ms_per_decision": 0.7713516801595688, "replans": null, "validator_ok": 1, "runtime_s": 0.3085406720638275}, "v2mlp303": {"instance_id": "c02_replay_400_0041", "campus": 2, "size": 400, "track": "replay", "structure": "chain", "phi": 1.0, "eta": 1.0, "m": 0.6, "u_target": null, "u_realized": null, "method": "v2mlp303", "seed": 303, "twt": 27165.1354, "makespan": 271.70289999999994, "mean_flow": 54.386833, "breach_share": 0.405, "breach_p1": 0.8888888888888888, "breach_p2": 0.5930232558139535, "breach_p3": 0.29310344827586204, "breach_p4": 0.022222222222222223, "decisions": 400, "latency_ms_per_decision": 0.37557622068561614, "replans": null, "validator_ok": 1, "runtime_s": 0.15023048827424645}, "v2mlp304": {"instance_id": "c02_replay_400_0041", "campus": 2, "size": 400, "track": "replay", "structure": "chain", "phi": 1.0, "eta": 1.0, "m": 0.6, "u_target": null, "u_realized": null, "method": "v2mlp304", "seed": 304, "twt": 22016.440700000014, "makespan": 272.3848, "mean_flow": 49.825846999999996, "breach_share": 0.3725, "breach_p1": 0.8888888888888888, "breach_p2": 0.5290697674418605, "breach_p3": 0.28160919540229884, "breach_p4": 0.022222222222222223, "decisions": 400, "latency_ms_per_decision": 0.41177753475494683, "replans": null, "validator_ok": 1, "runtime_s": 0.16471101390197873}, "v2mlp305": {"instance_id": "c02_replay_400_0041", "campus": 2, "size": 400, "track": "replay", "structure": "chain", "phi": 1.0, "eta": 1.0, "m": 0.6, "u_target": null, "u_realized": null, "method": "v2mlp305", "seed": 305, "twt": 23042.753999999994, "makespan": 262.66150000000005, "mean_flow": 55.23372775, "breach_share": 0.4875, "breach_p1": 0.7777777777777778, "breach_p2": 0.5872093023255814, "breach_p3": 0.4942528735632184, "breach_p4": 0.022222222222222223, "decisions": 400, "latency_ms_per_decision": 0.5011552397627383, "replans": null, "validator_ok": 1, "runtime_s": 0.20046209590509534}, "v2mlp306": {"instance_id": "c02_replay_400_0041", "campus": 2, "size": 400, "track": "replay", "structure": "chain", "phi": 1.0, "eta": 1.0, "m": 0.6, "u_target": null, "u_realized": null, "method": "v2mlp306", "seed": 306, "twt": 20772.23059999999, "makespan": 267.4029,