{"config_id": "c02_replay_400_0044__c02_chain_phi100_eta100_m060", "rows": {"edd": {"instance_id": "c02_replay_400_0044", "campus": 2, "size": 400, "track": "replay", "structure": "chain", "phi": 1.0, "eta": 1.0, "m": 0.6, "u_target": null, "u_realized": null, "method": "edd", "seed": 301, "twt": 2829.6284, "makespan": 211.8681, "mean_flow": 14.561816999999996, "breach_share": 0.06, "breach_p1": 0.0, "breach_p2": 0.1111111111111111, "breach_p3": 0.013986013986013986, "breach_p4": 0.0, "decisions": 400, "latency_ms_per_decision": 0.06989310262724757, "replans": null, "validator_ok": 1, "runtime_s": 0.02795724105089903}, "wspt": {"instance_id": "c02_replay_400_0044", "campus": 2, "size": 400, "track": "replay", "structure": "chain", "phi": 1.0, "eta": 1.0, "m": 0.6, "u_target": null, "u_realized": null, "method": "wspt", "seed": 301, "twt": 3645.5660000000007, "makespan": 213.3981, "mean_flow": 9.8456675, "breach_share": 0.07, "breach_p1": 0.0, "breach_p2": 0.13131313131313133, "breach_p3": 0.013986013986013986, "breach_p4": 0.0, "decisions": 400, "latency_ms_per_decision": 0.06411483394913375, "replans": null, "validator_ok": 1, "runtime_s": 0.0256459335796535}, "atc": {"instance_id": "c02_replay_400_0044", "campus": 2, "size": 400, "track": "replay", "structure": "chain", "phi": 1.0, "eta": 1.0, "m": 0.6, "u_target": null, "u_realized": null, "method": "atc", "seed": 301, "twt": 2958.9477999999995, "makespan": 213.1548, "mean_flow": 12.475314499999998, "breach_share": 0.06, "breach_p1": 0.0, "breach_p2": 0.1111111111111111, "breach_p3": 0.013986013986013986, "breach_p4": 0.0, "decisions": 400, "latency_ms_per_decision": 0.02905657747760415, "replans": null, "validator_ok": 1, "runtime_s": 0.01162263099104166}, "pfifo": {"instance_id": "c02_replay_400_0044", "campus": 2, "size": 400, "track": "replay", "structure": "chain", "phi": 1.0, "eta": 1.0, "m": 0.6, "u_target": null, "u_realized": null, "method": "pfifo", "seed": 301, "twt": 2829.6284, "makespan": 211.8681, "mean_flow": 14.561816999999996, "breach_share": 0.06, "breach_p1": 0.0, "breach_p2": 0.1111111111111111, "breach_p3": 0.013986013986013986, "breach_p4": 0.0, "decisions": 400, "latency_ms_per_decision": 0.027456502430140972, "replans": null, "validator_ok": 1, "runtime_s": 0.010982600972056389}, "mor": {"instance_id": "c02_replay_400_0044", "campus": 2, "size": 400, "track": "replay", "structure": "chain", "phi": 1.0, "eta": 1.0, "m": 0.6, "u_target": null, "u_realized": null, "method": "mor", "seed": 301, "twt": 11140.159400000002, "makespan": 189.6381, "mean_flow": 23.353224250000004, "breach_share": 0.2275, "breach_p1": 0.16666666666666666, "breach_p2": 0.41919191919191917, "breach_p3": 0.04895104895104895, "breach_p4": 0.0, "decisions": 400, "latency_ms_per_decision": 0.00505080446600914, "replans": null, "validator_ok": 1, "runtime_s": 0.002020321786403656}, "lfj_atc": {"instance_id": "c02_replay_400_0044", "campus": 2, "size": 400, "track": "replay", "structure": "chain", "phi": 1.0, "eta": 1.0, "m": 0.6, "u_target": null, "u_realized": null, "method": "lfj_atc", "seed": 301, "twt": 2958.9477999999995, "makespan": 213.1548, "mean_flow": 12.475314499999998, "breach_share": 0.06, "breach_p1": 0.0, "breach_p2": 0.1111111111111111, "breach_p3": 0.013986013986013986, "breach_p4": 0.0, "decisions": 400, "latency_ms_per_decision": 0.007196365622803569, "replans": null, "validator_ok": 1, "runtime_s": 0.0028785462491214275}, "atc_eta": {"instance_id": "c02_replay_400_0044", "campus": 2, "size": 400, "track": "replay", "structure": "chain", "phi": 1.0, "eta": 1.0, "m": 0.6, "u_target": null, "u_realized": null, "method": "atc_eta", "seed": 301, "twt": 2958.9477999999995, "makespan": 213.1548, "mean_flow": 12.475314499999998, "breach_share": 0.06, "breach_p1": 0.0, "breach_p2": 0.1111111111111111, "breach_p3": 0.013986013986013986, "breach_p4": 0.0, "decisions": 400, "latency_ms_per_decision": 0.09174550767056644, "replans": null, "validator_ok": 1, "runtime_s": 0.036698203068226576}, "random": {"instance_id": "c02_replay_400_0044", "campus": 2, "size": 400, "track": "replay", "structure": "chain", "phi": 1.0, "eta": 1.0, "m": 0.6, "u_target": null, "u_realized": null, "method": "random", "seed": 301, "twt": 4008.9097999999994, "makespan": 205.02960000000002, "mean_flow": 13.777449749999999, "breach_share": 0.1075, "breach_p1": 0.0, "breach_p2": 0.20707070707070707, "breach_p3": 0.013986013986013986, "breach_p4": 0.0, "decisions": 400, "latency_ms_per_decision": 0.004412314156070352, "replans": null, "validator_ok": 1, "runtime_s": 0.0017649256624281406}, "v2mlp301": {"instance_id": "c02_replay_400_0044", "campus": 2, "size": 400, "track": "replay", "structure": "chain", "phi": 1.0, "eta": 1.0, "m": 0.6, "u_target": null, "u_realized": null, "method": "v2mlp301", "seed": 301, "twt": 2701.9474, "makespan": 188.07479999999998, "mean_flow": 17.1701785, "breach_share": 0.0925, "breach_p1": 0.3333333333333333, "breach_p2": 0.16666666666666666, "breach_p3": 0.013986013986013986, "breach_p4": 0.0, "decisions": 400, "latency_ms_per_decision": 0.2128295844886452, "replans": null, "validator_ok": 1, "runtime_s": 0.08513183379545808}, "v2mlp302": {"instance_id": "c02_replay_400_0044", "campus": 2, "size": 400, "track": "replay", "structure": "chain", "phi": 1.0, "eta": 1.0, "m": 0.6, "u_target": null, "u_realized": null, "method": "v2mlp302", "seed": 302, "twt": 4031.5676000000008, "makespan": 190.43810000000002, "mean_flow": 18.554215999999997, "breach_share": 0.1475, "breach_p1": 0.3333333333333333, "breach_p2": 0.2777777777777778, "breach_p3": 0.013986013986013986, "breach_p4": 0.0, "decisions": 400, "latency_ms_per_decision": 0.19191356492228806, "replans": null, "validator_ok": 1, "runtime_s": 0.07676542596891522}, "v2mlp303": {"instance_id": "c02_replay_400_0044", "campus": 2, "size": 400, "track": "replay", "structure": "chain", "phi": 1.0, "eta": 1.0, "m": 0.6, "u_target": null, "u_realized": null, "method": "v2mlp303", "seed": 303, "twt": 2769.676400000001, "makespan": 190.0181, "mean_flow": 16.189359500000002, "breach_share": 0.1025, "breach_p1": 0.0, "breach_p2": 0.19696969696969696, "breach_p3": 0.013986013986013986, "breach_p4": 0.0, "decisions": 400, "latency_ms_per_decision": 0.16354623716324568, "replans": null, "validator_ok": 1, "runtime_s": 0.06541849486529827}, "v2mlp304": {"instance_id": "c02_replay_400_0044", "campus": 2, "size": 400, "track": "replay", "structure": "chain", "phi": 1.0, "eta": 1.0, "m": 0.6, "u_target": null, "u_realized": null, "method": "v2mlp304", "seed": 304, "twt": 2762.3471999999992, "makespan": 190.70149999999998, "mean_flow": 16.2153085, "breach_share": 0.08, "breach_p1": 0.3333333333333333, "breach_p2": 0.1414141414141414, "breach_p3": 0.013986013986013986, "breach_p4": 0.0, "decisions": 400, "latency_ms_per_decision": 0.16601689043454826, "replans": null, "validator_ok": 1, "runtime_s": 0.0664067561738193}, "v2mlp305": {"instance_id": "c02_replay_400_0044", "campus": 2, "size": 400, "track": "replay", "structure": "chain", "phi": 1.0, "eta": 1.0, "m": 0.6, "u_target": null, "u_realized": null, "method": "v2mlp305", "seed": 305, "twt": 3279.7956000000004, "makespan": 200.74809999999997, "mean_flow": 16.891770499999996, "breach_share": 0.095, "breach_p1": 0.16666666666666666, "breach_p2": 0.17676767676767677, "breach_p3": 0.013986013986013986, "breach_p4": 0.0, "decisions": 400, "latency_ms_per_decision": 0.16541612218134105, "replans": null, "validator_ok": 1, "runtime_s": 0.06616644887253642}, "v2mlp306": {"instance_id": "c02_replay_400_0044", "campus": 2, "size": 400, "track": "replay", "structure": "chain", "phi": 1.0, "eta": 1.0, "m": 0.6, "u_target": null, "u_realized": null, "method": "v2mlp306", "seed": 306, "twt": 2805.167, "makespan": 187.82479999999998, "mean_flow": 16.961203249999997, "breach_share": 0.095, "breach_p1": 0.0, "breach_p2": 0.18181818181818182, "breach_p3": 0.013986013986013986, "breach_p4": 0.0, "decisions": 400,