{"config_id": "c02_replay_400_0008__c02_full_eta100_m080", "rows": {"edd": {"instance_id": "c02_replay_400_0008", "campus": 2, "size": 400, "track": "replay", "structure": "full", "phi": null, "eta": 1.0, "m": 0.8, "u_target": null, "u_realized": null, "method": "edd", "seed": 301, "twt": 452.8864, "makespan": 116.5067, "mean_flow": 16.0708285, "breach_share": 0.015, "breach_p1": 0.25, "breach_p2": 0.04285714285714286, "breach_p3": 0.037037037037037035, "breach_p4": 0.0, "decisions": 400, "latency_ms_per_decision": 0.014283404452726245, "replans": null, "validator_ok": 1, "runtime_s": 0.005713361781090498}, "wspt": {"instance_id": "c02_replay_400_0008", "campus": 2, "size": 400, "track": "replay", "structure": "full", "phi": null, "eta": 1.0, "m": 0.8, "u_target": null, "u_realized": null, "method": "wspt", "seed": 301, "twt": 452.8864, "makespan": 116.5067, "mean_flow": 11.75641175, "breach_share": 0.015, "breach_p1": 0.25, "breach_p2": 0.04285714285714286, "breach_p3": 0.037037037037037035, "breach_p4": 0.0, "decisions": 400, "latency_ms_per_decision": 0.020874234614893794, "replans": null, "validator_ok": 1, "runtime_s": 0.008349693845957518}, "atc": {"instance_id": "c02_replay_400_0008", "campus": 2, "size": 400, "track": "replay", "structure": "full", "phi": null, "eta": 1.0, "m": 0.8, "u_target": null, "u_realized": null, "method": "atc", "seed": 301, "twt": 452.8864, "makespan": 116.5067, "mean_flow": 14.575228749999997, "breach_share": 0.015, "breach_p1": 0.25, "breach_p2": 0.04285714285714286, "breach_p3": 0.037037037037037035, "breach_p4": 0.0, "decisions": 400, "latency_ms_per_decision": 0.025364011526107788, "replans": null, "validator_ok": 1, "runtime_s": 0.010145604610443115}, "pfifo": {"instance_id": "c02_replay_400_0008", "campus": 2, "size": 400, "track": "replay", "structure": "full", "phi": null, "eta": 1.0, "m": 0.8, "u_target": null, "u_realized": null, "method": "pfifo", "seed": 301, "twt": 452.8864, "makespan": 116.5067, "mean_flow": 16.0708285, "breach_share": 0.015, "breach_p1": 0.25, "breach_p2": 0.04285714285714286, "breach_p3": 0.037037037037037035, "breach_p4": 0.0, "decisions": 400, "latency_ms_per_decision": 0.014139354461804032, "replans": null, "validator_ok": 1, "runtime_s": 0.005655741784721613}, "mor": {"instance_id": "c02_replay_400_0008", "campus": 2, "size": 400, "track": "replay", "structure": "full", "phi": null, "eta": 1.0, "m": 0.8, "u_target": null, "u_realized": null, "method": "mor", "seed": 301, "twt": 646.66, "makespan": 116.5567, "mean_flow": 19.452662, "breach_share": 0.0175, "breach_p1": 0.5, "breach_p2": 0.04285714285714286, "breach_p3": 0.037037037037037035, "breach_p4": 0.0, "decisions": 400, "latency_ms_per_decision": 0.012072590179741383, "replans": null, "validator_ok": 1, "runtime_s": 0.004829036071896553}, "lfj_atc": {"instance_id": "c02_replay_400_0008", "campus": 2, "size": 400, "track": "replay", "structure": "full", "phi": null, "eta": 1.0, "m": 0.8, "u_target": null, "u_realized": null, "method": "lfj_atc", "seed": 301, "twt": 452.8864, "makespan": 116.5067, "mean_flow": 14.575003749999999, "breach_share": 0.015, "breach_p1": 0.25, "breach_p2": 0.04285714285714286, "breach_p3": 0.037037037037037035, "breach_p4": 0.0, "decisions": 400, "latency_ms_per_decision": 0.02880372223444283, "replans": null, "validator_ok": 1, "runtime_s": 0.011521488893777132}, "atc_eta": {"instance_id": "c02_replay_400_0008", "campus": 2, "size": 400, "track": "replay", "structure": "full", "phi": null, "eta": 1.0, "m": 0.8, "u_target": null, "u_realized": null, "method": "atc_eta", "seed": 301, "twt": 452.8864, "makespan": 116.5067, "mean_flow": 14.575228749999997, "breach_share": 0.015, "breach_p1": 0.25, "breach_p2": 0.04285714285714286, "breach_p3": 0.037037037037037035, "breach_p4": 0.0, "decisions": 400, "latency_ms_per_decision": 0.03587483544833958, "replans": null, "validator_ok": 1, "runtime_s": 0.014349934179335833}, "random": {"instance_id": "c02_replay_400_0008", "campus": 2, "size": 400, "track": "replay", "structure": "full", "phi": null, "eta": 1.0, "m": 0.8, "u_target": null, "u_realized": null, "method": "random", "seed": 301, "twt": 627.5663999999999, "makespan": 116.5567, "mean_flow": 14.7864615, "breach_share": 0.0175, "breach_p1": 0.5, "breach_p2": 0.04285714285714286, "breach_p3": 0.037037037037037035, "breach_p4": 0.0, "decisions": 400, "latency_ms_per_decision": 0.006245067343115807, "replans": null, "validator_ok": 1, "runtime_s": 0.0024980269372463226}, "v2mlp301": {"instance_id": "c02_replay_400_0008", "campus": 2, "size": 400, "track": "replay", "structure": "full", "phi": null, "eta": 1.0, "m": 0.8, "u_target": null, "u_realized": null, "method": "v2mlp301", "seed": 301, "twt": 452.8864, "makespan": 116.5067, "mean_flow": 13.324178, "breach_share": 0.015, "breach_p1": 0.25, "breach_p2": 0.04285714285714286, "breach_p3": 0.037037037037037035, "breach_p4": 0.0, "decisions": 400, "latency_ms_per_decision": 1.4892834809143096, "replans": null, "validator_ok": 1, "runtime_s": 0.5957133923657238}, "v2mlp302": {"instance_id": "c02_replay_400_0008", "campus": 2, "size": 400, "track": "replay", "structure": "full", "phi": null, "eta": 1.0, "m": 0.8, "u_target": null, "u_realized": null, "method": "v2mlp302", "seed": 302, "twt": 452.8864, "makespan": 116.5067, "mean_flow": 18.93890325, "breach_share": 0.015, "breach_p1": 0.25, "breach_p2": 0.04285714285714286, "breach_p3": 0.037037037037037035, "breach_p4": 0.0, "decisions": 400, "latency_ms_per_decision": 1.8340202851686627, "replans": null, "validator_ok": 1, "runtime_s": 0.7336081140674651}, "v2mlp303": {"instance_id": "c02_replay_400_0008", "campus": 2, "size": 400, "track": "replay", "structure": "full", "phi": null, "eta": 1.0, "m": 0.8, "u_target": null, "u_realized": null, "method": "v2mlp303", "seed": 303, "twt": 452.8864, "makespan": 116.5067, "mean_flow": 19.12546975, "breach_share": 0.015, "breach_p1": 0.25, "breach_p2": 0.04285714285714286, "breach_p3": 0.037037037037037035, "breach_p4": 0.0, "decisions": 400, "latency_ms_per_decision": 1.2752708955667913, "replans": null, "validator_ok": 1, "runtime_s": 0.5101083582267165}, "v2mlp304": {"instance_id": "c02_replay_400_0008", "campus": 2, "size": 400, "track": "replay", "structure": "full", "phi": null, "eta": 1.0, "m": 0.8, "u_target": null, "u_realized": null, "method": "v2mlp304", "seed": 304, "twt": 452.8864, "makespan": 116.5067, "mean_flow": 18.949351999999998, "breach_share": 0.015, "breach_p1": 0.25, "breach_p2": 0.04285714285714286, "breach_p3": 0.037037037037037035, "breach_p4": 0.0, "decisions": 400, "latency_ms_per_decision": 0.7435861299745739, "replans": null, "validator_ok": 1, "runtime_s": 0.29743445198982954}, "v2mlp305": {"instance_id": "c02_replay_400_0008", "campus": 2, "size": 400, "track": "replay", "structure": "full", "phi": null, "eta": 1.0, "m": 0.8, "u_target": null, "u_realized": null, "method": "v2mlp305", "seed": 305, "twt": 452.8864, "makespan": 116.5067, "mean_flow": 17.579638250000002, "breach_share": 0.015, "breach_p1": 0.25, "breach_p2": 0.04285714285714286, "breach_p3": 0.037037037037037035, "breach_p4": 0.0, "decisions": 400, "latency_ms_per_decision": 0.32598159508779645, "replans": null, "validator_ok": 1, "runtime_s": 0.13039263803511858}, "v2mlp306": {"instance_id": "c02_replay_400_0008", "campus": 2, "size": 400, "track": "replay", "structure": "full", "phi": null, "eta": 1.0, "m": 0.8, "u_target": null, "u_realized": null, "method": "v2mlp306", "seed": 306, "twt": 452.8864, "makespan": 116.5067, "mean_flow": 19.227802999999998, "breach_share": 0.015, "breach_p1": 0.25, "breach_p2": 0.04285714285714286, "breach_p3": 0.037037037037037035, "breach_p4": 0.0, "decisions": 400, "latency_ms_per_decision": 0.35470369388349354, "replans": null, "validator_ok": 1, "runtime_s": 0.14188147755339742}, "v2mlp307": {"instance_id": "c02_replay_400_0008", "campus": 2, "size": 400, "track": "replay", "structure": "full", "phi": null, "eta": 1.0,