{"config_id": "c02_replay_150_0044__c02_chain_phi100_eta080_m080", "rows": {"edd": {"instance_id": "c02_replay_150_0044", "campus": 2, "size": 150, "track": "replay", "structure": "chain", "phi": 1.0, "eta": 0.8, "m": 0.8, "u_target": null, "u_realized": null, "method": "edd", "seed": 301, "twt": 1386.372, "makespan": 99.9448, "mean_flow": 10.244274666666668, "breach_share": 0.04, "breach_p1": 0.5, "breach_p2": 0.10869565217391304, "breach_p3": 0.0, "breach_p4": 0.0, "decisions": 150, "latency_ms_per_decision": 0.06353775349756081, "replans": null, "validator_ok": 1, "runtime_s": 0.009530663024634123}, "wspt": {"instance_id": "c02_replay_150_0044", "campus": 2, "size": 150, "track": "replay", "structure": "chain", "phi": 1.0, "eta": 0.8, "m": 0.8, "u_target": null, "u_realized": null, "method": "wspt", "seed": 301, "twt": 1393.5588000000002, "makespan": 101.7415, "mean_flow": 9.434409333333333, "breach_share": 0.04, "breach_p1": 0.5, "breach_p2": 0.10869565217391304, "breach_p3": 0.0, "breach_p4": 0.0, "decisions": 150, "latency_ms_per_decision": 0.006335380797584851, "replans": null, "validator_ok": 1, "runtime_s": 0.0009503071196377277}, "atc": {"instance_id": "c02_replay_150_0044", "campus": 2, "size": 150, "track": "replay", "structure": "chain", "phi": 1.0, "eta": 0.8, "m": 0.8, "u_target": null, "u_realized": null, "method": "atc", "seed": 301, "twt": 1386.372, "makespan": 99.9448, "mean_flow": 11.254629999999999, "breach_share": 0.04, "breach_p1": 0.5, "breach_p2": 0.10869565217391304, "breach_p3": 0.0, "breach_p4": 0.0, "decisions": 150, "latency_ms_per_decision": 0.009212112054228783, "replans": null, "validator_ok": 1, "runtime_s": 0.0013818168081343174}, "pfifo": {"instance_id": "c02_replay_150_0044", "campus": 2, "size": 150, "track": "replay", "structure": "chain", "phi": 1.0, "eta": 0.8, "m": 0.8, "u_target": null, "u_realized": null, "method": "pfifo", "seed": 301, "twt": 1386.372, "makespan": 99.9448, "mean_flow": 10.244274666666668, "breach_share": 0.04, "breach_p1": 0.5, "breach_p2": 0.10869565217391304, "breach_p3": 0.0, "breach_p4": 0.0, "decisions": 150, "latency_ms_per_decision": 0.09358966102202733, "replans": null, "validator_ok": 1, "runtime_s": 0.0140384491533041}, "mor": {"instance_id": "c02_replay_150_0044", "campus": 2, "size": 150, "track": "replay", "structure": "chain", "phi": 1.0, "eta": 0.8, "m": 0.8, "u_target": null, "u_realized": null, "method": "mor", "seed": 301, "twt": 1383.9588, "makespan": 99.3415, "mean_flow": 13.742095999999995, "breach_share": 0.04, "breach_p1": 0.5, "breach_p2": 0.10869565217391304, "breach_p3": 0.0, "breach_p4": 0.0, "decisions": 150, "latency_ms_per_decision": 0.006071813404560089, "replans": null, "validator_ok": 1, "runtime_s": 0.0009107720106840134}, "lfj_atc": {"instance_id": "c02_replay_150_0044", "campus": 2, "size": 150, "track": "replay", "structure": "chain", "phi": 1.0, "eta": 0.8, "m": 0.8, "u_target": null, "u_realized": null, "method": "lfj_atc", "seed": 301, "twt": 1386.372, "makespan": 99.9448, "mean_flow": 11.255696666666665, "breach_share": 0.04, "breach_p1": 0.5, "breach_p2": 0.10869565217391304, "breach_p3": 0.0, "breach_p4": 0.0, "decisions": 150, "latency_ms_per_decision": 0.08706795983016491, "replans": null, "validator_ok": 1, "runtime_s": 0.013060193974524736}, "atc_eta": {"instance_id": "c02_replay_150_0044", "campus": 2, "size": 150, "track": "replay", "structure": "chain", "phi": 1.0, "eta": 0.8, "m": 0.8, "u_target": null, "u_realized": null, "method": "atc_eta", "seed": 301, "twt": 1386.372, "makespan": 99.9448, "mean_flow": 11.254629999999999, "breach_share": 0.04, "breach_p1": 0.5, "breach_p2": 0.10869565217391304, "breach_p3": 0.0, "breach_p4": 0.0, "decisions": 150, "latency_ms_per_decision": 0.013480953251322111, "replans": null, "validator_ok": 1, "runtime_s": 0.0020221429876983166}, "random": {"instance_id": "c02_replay_150_0044", "campus": 2, "size": 150, "track": "replay", "structure": "chain", "phi": 1.0, "eta": 0.8, "m": 0.8, "u_target": null, "u_realized": null, "method": "random", "seed": 301, "twt": 1393.7052, "makespan": 101.7781, "mean_flow": 10.487562666666665, "breach_share": 0.04, "breach_p1": 0.5, "breach_p2": 0.10869565217391304, "breach_p3": 0.0, "breach_p4": 0.0, "decisions": 150, "latency_ms_per_decision": 0.05649693310260773, "replans": null, "validator_ok": 1, "runtime_s": 0.008474539965391159}, "v2mlp301": {"instance_id": "c02_replay_150_0044", "campus": 2, "size": 150, "track": "replay", "structure": "chain", "phi": 1.0, "eta": 0.8, "m": 0.8, "u_target": null, "u_realized": null, "method": "v2mlp301", "seed": 301, "twt": 1567.1868, "makespan": 122.4233, "mean_flow": 10.067324000000001, "breach_share": 0.04, "breach_p1": 0.5, "breach_p2": 0.10869565217391304, "breach_p3": 0.0, "breach_p4": 0.0, "decisions": 150, "latency_ms_per_decision": 0.5203350198765596, "replans": null, "validator_ok": 1, "runtime_s": 0.07805025298148394}, "v2mlp302": {"instance_id": "c02_replay_150_0044", "campus": 2, "size": 150, "track": "replay", "structure": "chain", "phi": 1.0, "eta": 0.8, "m": 0.8, "u_target": null, "u_realized": null, "method": "v2mlp302", "seed": 302, "twt": 1386.372, "makespan": 99.9448, "mean_flow": 13.599519333333335, "breach_share": 0.04, "breach_p1": 0.5, "breach_p2": 0.10869565217391304, "breach_p3": 0.0, "breach_p4": 0.0, "decisions": 150, "latency_ms_per_decision": 0.7118121720850468, "replans": null, "validator_ok": 1, "runtime_s": 0.10677182581275702}, "v2mlp303": {"instance_id": "c02_replay_150_0044", "campus": 2, "size": 150, "track": "replay", "structure": "chain", "phi": 1.0, "eta": 0.8, "m": 0.8, "u_target": null, "u_realized": null, "method": "v2mlp303", "seed": 303, "twt": 1386.372, "makespan": 99.9448, "mean_flow": 13.526296666666667, "breach_share": 0.04, "breach_p1": 0.5, "breach_p2": 0.10869565217391304, "breach_p3": 0.0, "breach_p4": 0.0, "decisions": 150, "latency_ms_per_decision": 0.4949752272417148, "replans": null, "validator_ok": 1, "runtime_s": 0.07424628408625722}, "v2mlp304": {"instance_id": "c02_replay_150_0044", "campus": 2, "size": 150, "track": "replay", "structure": "chain", "phi": 1.0, "eta": 0.8, "m": 0.8, "u_target": null, "u_realized": null, "method": "v2mlp304", "seed": 304, "twt": 1339.3852000000002, "makespan": 103.4033, "mean_flow": 15.118503333333331, "breach_share": 0.04, "breach_p1": 0.5, "breach_p2": 0.10869565217391304, "breach_p3": 0.0, "breach_p4": 0.0, "decisions": 150, "latency_ms_per_decision": 0.5721162383755048, "replans": null, "validator_ok": 1, "runtime_s": 0.08581743575632572}, "v2mlp305": {"instance_id": "c02_replay_150_0044", "campus": 2, "size": 150, "track": "replay", "structure": "chain", "phi": 1.0, "eta": 0.8, "m": 0.8, "u_target": null, "u_realized": null, "method": "v2mlp305", "seed": 305, "twt": 1535.6399999999999, "makespan": 121.34, "mean_flow": 12.183297999999999, "breach_share": 0.04, "breach_p1": 0.5, "breach_p2": 0.10869565217391304, "breach_p3": 0.0, "breach_p4": 0.0, "decisions": 150, "latency_ms_per_decision": 0.4479231188694636, "replans": null, "validator_ok": 1, "runtime_s": 0.06718846783041954}, "v2mlp306": {"instance_id": "c02_replay_150_0044", "campus": 2, "size": 150, "track": "replay", "structure": "chain", "phi": 1.0, "eta": 0.8, "m": 0.8, "u_target": null, "u_realized": null, "method": "v2mlp306", "seed": 306, "twt": 1476.0596, "makespan": 122.36670000000001, "mean_flow": 14.679599333333332, "breach_share": 0.04, "breach_p1": 0.5, "breach_p2": 0.10869565217391304, "breach_p3": 0.0, "breach_p4": 0.0, "decisions": 150, "latency_ms_per_decision": 0.5174747264633576, "replans": null, "validator_ok": 1, "runtime_s": 0.07762120896950364}, "v2mlp307": {"instance_id": "c02_replay_150_0044", "campus": 2, "size": 150, "track": "replay", "structure": "chain", "phi": 1.0, "eta": 0.8, "m": 0.8, "u_target": null, "u_realized": null, "method": "v2mlp307", "seed": 307, "twt": 1386.2788, "makespan": 99.92150000000001, "mean_flow": 13.580718666666664,