{"config_id": "c05_replay_400_0184__c05_chain_phi025_eta100_m100", "rows": {"edd": {"instance_id": "c05_replay_400_0184", "campus": 5, "size": 400, "track": "replay", "structure": "chain", "phi": 0.25, "eta": 1.0, "m": 1.0, "u_target": null, "u_realized": null, "method": "edd", "seed": 301, "twt": 43.45920000000004, "makespan": 110.53370000000001, "mean_flow": 6.342520499999999, "breach_share": 0.005, "breach_p1": null, "breach_p2": null, "breach_p3": 0.006734006734006734, "breach_p4": 0.0, "decisions": 400, "latency_ms_per_decision": 0.010863045463338494, "replans": null, "validator_ok": 1, "runtime_s": 0.004345218185335398}, "wspt": {"instance_id": "c05_replay_400_0184", "campus": 5, "size": 400, "track": "replay", "structure": "chain", "phi": 0.25, "eta": 1.0, "m": 1.0, "u_target": null, "u_realized": null, "method": "wspt", "seed": 301, "twt": 43.45920000000004, "makespan": 110.53370000000001, "mean_flow": 5.442442499999999, "breach_share": 0.005, "breach_p1": null, "breach_p2": null, "breach_p3": 0.006734006734006734, "breach_p4": 0.0, "decisions": 400, "latency_ms_per_decision": 0.011627832427620888, "replans": null, "validator_ok": 1, "runtime_s": 0.004651132971048355}, "atc": {"instance_id": "c05_replay_400_0184", "campus": 5, "size": 400, "track": "replay", "structure": "chain", "phi": 0.25, "eta": 1.0, "m": 1.0, "u_target": null, "u_realized": null, "method": "atc", "seed": 301, "twt": 43.45920000000004, "makespan": 110.53370000000001, "mean_flow": 5.467614, "breach_share": 0.005, "breach_p1": null, "breach_p2": null, "breach_p3": 0.006734006734006734, "breach_p4": 0.0, "decisions": 400, "latency_ms_per_decision": 0.013839330058544874, "replans": null, "validator_ok": 1, "runtime_s": 0.00553573202341795}, "pfifo": {"instance_id": "c05_replay_400_0184", "campus": 5, "size": 400, "track": "replay", "structure": "chain", "phi": 0.25, "eta": 1.0, "m": 1.0, "u_target": null, "u_realized": null, "method": "pfifo", "seed": 301, "twt": 43.45920000000004, "makespan": 110.53370000000001, "mean_flow": 6.342520499999999, "breach_share": 0.005, "breach_p1": null, "breach_p2": null, "breach_p3": 0.006734006734006734, "breach_p4": 0.0, "decisions": 400, "latency_ms_per_decision": 0.01108951517380774, "replans": null, "validator_ok": 1, "runtime_s": 0.004435806069523096}, "mor": {"instance_id": "c05_replay_400_0184", "campus": 5, "size": 400, "track": "replay", "structure": "chain", "phi": 0.25, "eta": 1.0, "m": 1.0, "u_target": null, "u_realized": null, "method": "mor", "seed": 301, "twt": 43.45920000000004, "makespan": 110.53370000000001, "mean_flow": 7.242398249999999, "breach_share": 0.005, "breach_p1": null, "breach_p2": null, "breach_p3": 0.006734006734006734, "breach_p4": 0.0, "decisions": 400, "latency_ms_per_decision": 0.010814362904056907, "replans": null, "validator_ok": 1, "runtime_s": 0.004325745161622763}, "lfj_atc": {"instance_id": "c05_replay_400_0184", "campus": 5, "size": 400, "track": "replay", "structure": "chain", "phi": 0.25, "eta": 1.0, "m": 1.0, "u_target": null, "u_realized": null, "method": "lfj_atc", "seed": 301, "twt": 43.45920000000004, "makespan": 110.53370000000001, "mean_flow": 5.467614, "breach_share": 0.005, "breach_p1": null, "breach_p2": null, "breach_p3": 0.006734006734006734, "breach_p4": 0.0, "decisions": 400, "latency_ms_per_decision": 0.014676002319902182, "replans": null, "validator_ok": 1, "runtime_s": 0.005870400927960873}, "atc_eta": {"instance_id": "c05_replay_400_0184", "campus": 5, "size": 400, "track": "replay", "structure": "chain", "phi": 0.25, "eta": 1.0, "m": 1.0, "u_target": null, "u_realized": null, "method": "atc_eta", "seed": 301, "twt": 43.45920000000004, "makespan": 110.53370000000001, "mean_flow": 5.467614, "breach_share": 0.005, "breach_p1": null, "breach_p2": null, "breach_p3": 0.006734006734006734, "breach_p4": 0.0, "decisions": 400, "latency_ms_per_decision": 0.02187127945944667, "replans": null, "validator_ok": 1, "runtime_s": 0.008748511783778667}, "random": {"instance_id": "c05_replay_400_0184", "campus": 5, "size": 400, "track": "replay", "structure": "chain", "phi": 0.25, "eta": 1.0, "m": 1.0, "u_target": null, "u_realized": null, "method": "random", "seed": 301, "twt": 43.45920000000004, "makespan": 110.53370000000001, "mean_flow": 6.2288964999999985, "breach_share": 0.005, "breach_p1": null, "breach_p2": null, "breach_p3": 0.006734006734006734, "breach_p4": 0.0, "decisions": 400, "latency_ms_per_decision": 0.010401690378785133, "replans": null, "validator_ok": 1, "runtime_s": 0.004160676151514053}, "v2mlp301": {"instance_id": "c05_replay_400_0184", "campus": 5, "size": 400, "track": "replay", "structure": "chain", "phi": 0.25, "eta": 1.0, "m": 1.0, "u_target": null, "u_realized": null, "method": "v2mlp301", "seed": 301, "twt": 43.45920000000004, "makespan": 110.53370000000001, "mean_flow": 5.99874875, "breach_share": 0.005, "breach_p1": null, "breach_p2": null, "breach_p3": 0.006734006734006734, "breach_p4": 0.0, "decisions": 400, "latency_ms_per_decision": 0.5819976329803467, "replans": null, "validator_ok": 1, "runtime_s": 0.23279905319213867}, "v2mlp302": {"instance_id": "c05_replay_400_0184", "campus": 5, "size": 400, "track": "replay", "structure": "chain", "phi": 0.25, "eta": 1.0, "m": 1.0, "u_target": null, "u_realized": null, "method": "v2mlp302", "seed": 302, "twt": 43.45920000000004, "makespan": 110.53370000000001, "mean_flow": 6.912807, "breach_share": 0.005, "breach_p1": null, "breach_p2": null, "breach_p3": 0.006734006734006734, "breach_p4": 0.0, "decisions": 400, "latency_ms_per_decision": 0.5994192324578762, "replans": null, "validator_ok": 1, "runtime_s": 0.23976769298315048}, "v2mlp303": {"instance_id": "c05_replay_400_0184", "campus": 5, "size": 400, "track": "replay", "structure": "chain", "phi": 0.25, "eta": 1.0, "m": 1.0, "u_target": null, "u_realized": null, "method": "v2mlp303", "seed": 303, "twt": 43.45920000000004, "makespan": 110.53370000000001, "mean_flow": 6.32410725, "breach_share": 0.005, "breach_p1": null, "breach_p2": null, "breach_p3": 0.006734006734006734, "breach_p4": 0.0, "decisions": 400, "latency_ms_per_decision": 0.9050890547223389, "replans": null, "validator_ok": 1, "runtime_s": 0.36203562188893557}, "v2mlp304": {"instance_id": "c05_replay_400_0184", "campus": 5, "size": 400, "track": "replay", "structure": "chain", "phi": 0.25, "eta": 1.0, "m": 1.0, "u_target": null, "u_realized": null, "method": "v2mlp304", "seed": 304, "twt": 43.45920000000004, "makespan": 110.53370000000001, "mean_flow": 7.285281250000001, "breach_share": 0.005, "breach_p1": null, "breach_p2": null, "breach_p3": 0.006734006734006734, "breach_p4": 0.0, "decisions": 400, "latency_ms_per_decision": 0.8364376926328987, "replans": null, "validator_ok": 1, "runtime_s": 0.3345750770531595}, "v2mlp305": {"instance_id": "c05_replay_400_0184", "campus": 5, "size": 400, "track": "replay", "structure": "chain", "phi": 0.25, "eta": 1.0, "m": 1.0, "u_target": null, "u_realized": null, "method": "v2mlp305", "seed": 305, "twt": 43.45920000000004, "makespan": 110.53370000000001, "mean_flow": 7.4403872500000015, "breach_share": 0.005, "breach_p1": null, "breach_p2": null, "breach_p3": 0.006734006734006734, "breach_p4": 0.0, "decisions": 400, "latency_ms_per_decision": 0.7684021268505603, "replans": null, "validator_ok": 1, "runtime_s": 0.3073608507402241}, "v2mlp306": {"instance_id": "c05_replay_400_0184", "campus": 5, "size": 400, "track": "replay", "structure": "chain", "phi": 0.25, "eta": 1.0, "m": 1.0, "u_target": null, "u_realized": null, "method": "v2mlp306", "seed": 306, "twt": 43.45920000000004, "makespan": 110.53370000000001, "mean_flow": 7.3794385, "breach_share": 0.005, "breach_p1": null, "breach_p2": null, "breach_p3": 0.006734006734006734, "breach_p4": 0.0, "decisions": 400, "latency_ms_per_decision": 0.49854535493068397, "replans": null, "validator_ok": 1, "runtime_s": 0.1994181419722736}, "v2mlp307": {"instance_id": "c05_replay_400_0184", "campus": 5, "size": 400,