{"config_id": "c05_replay_150_0165__c05_chain_phi050_eta100_m060", "rows": {"edd": {"instance_id": "c05_replay_150_0165", "campus": 5, "size": 150, "track": "replay", "structure": "chain", "phi": 0.5, "eta": 1.0, "m": 0.6, "u_target": null, "u_realized": null, "method": "edd", "seed": 301, "twt": 21.729600000000005, "makespan": 97.509, "mean_flow": 4.068432, "breach_share": 0.006666666666666667, "breach_p1": null, "breach_p2": null, "breach_p3": 0.006666666666666667, "breach_p4": null, "decisions": 150, "latency_ms_per_decision": 0.014410692577560743, "replans": null, "validator_ok": 1, "runtime_s": 0.0021616038866341114}, "wspt": {"instance_id": "c05_replay_150_0165", "campus": 5, "size": 150, "track": "replay", "structure": "chain", "phi": 0.5, "eta": 1.0, "m": 0.6, "u_target": null, "u_realized": null, "method": "wspt", "seed": 301, "twt": 21.729600000000005, "makespan": 97.509, "mean_flow": 4.061765333333333, "breach_share": 0.006666666666666667, "breach_p1": null, "breach_p2": null, "breach_p3": 0.006666666666666667, "breach_p4": null, "decisions": 150, "latency_ms_per_decision": 0.014556500439842543, "replans": null, "validator_ok": 1, "runtime_s": 0.0021834750659763813}, "atc": {"instance_id": "c05_replay_150_0165", "campus": 5, "size": 150, "track": "replay", "structure": "chain", "phi": 0.5, "eta": 1.0, "m": 0.6, "u_target": null, "u_realized": null, "method": "atc", "seed": 301, "twt": 21.729600000000005, "makespan": 97.509, "mean_flow": 4.061765333333333, "breach_share": 0.006666666666666667, "breach_p1": null, "breach_p2": null, "breach_p3": 0.006666666666666667, "breach_p4": null, "decisions": 150, "latency_ms_per_decision": 0.022294651716947556, "replans": null, "validator_ok": 1, "runtime_s": 0.0033441977575421333}, "pfifo": {"instance_id": "c05_replay_150_0165", "campus": 5, "size": 150, "track": "replay", "structure": "chain", "phi": 0.5, "eta": 1.0, "m": 0.6, "u_target": null, "u_realized": null, "method": "pfifo", "seed": 301, "twt": 21.729600000000005, "makespan": 97.509, "mean_flow": 4.068432, "breach_share": 0.006666666666666667, "breach_p1": null, "breach_p2": null, "breach_p3": 0.006666666666666667, "breach_p4": null, "decisions": 150, "latency_ms_per_decision": 0.014487554629643759, "replans": null, "validator_ok": 1, "runtime_s": 0.0021731331944465637}, "mor": {"instance_id": "c05_replay_150_0165", "campus": 5, "size": 150, "track": "replay", "structure": "chain", "phi": 0.5, "eta": 1.0, "m": 0.6, "u_target": null, "u_realized": null, "method": "mor", "seed": 301, "twt": 21.729600000000005, "makespan": 97.509, "mean_flow": 4.068432, "breach_share": 0.006666666666666667, "breach_p1": null, "breach_p2": null, "breach_p3": 0.006666666666666667, "breach_p4": null, "decisions": 150, "latency_ms_per_decision": 0.021165826668341953, "replans": null, "validator_ok": 1, "runtime_s": 0.003174874000251293}, "lfj_atc": {"instance_id": "c05_replay_150_0165", "campus": 5, "size": 150, "track": "replay", "structure": "chain", "phi": 0.5, "eta": 1.0, "m": 0.6, "u_target": null, "u_realized": null, "method": "lfj_atc", "seed": 301, "twt": 21.729600000000005, "makespan": 97.509, "mean_flow": 4.061765333333333, "breach_share": 0.006666666666666667, "breach_p1": null, "breach_p2": null, "breach_p3": 0.006666666666666667, "breach_p4": null, "decisions": 150, "latency_ms_per_decision": 0.016701240092515945, "replans": null, "validator_ok": 1, "runtime_s": 0.002505186013877392}, "atc_eta": {"instance_id": "c05_replay_150_0165", "campus": 5, "size": 150, "track": "replay", "structure": "chain", "phi": 0.5, "eta": 1.0, "m": 0.6, "u_target": null, "u_realized": null, "method": "atc_eta", "seed": 301, "twt": 21.729600000000005, "makespan": 97.509, "mean_flow": 4.061765333333333, "breach_share": 0.006666666666666667, "breach_p1": null, "breach_p2": null, "breach_p3": 0.006666666666666667, "breach_p4": null, "decisions": 150, "latency_ms_per_decision": 0.04197655866543452, "replans": null, "validator_ok": 1, "runtime_s": 0.006296483799815178}, "random": {"instance_id": "c05_replay_150_0165", "campus": 5, "size": 150, "track": "replay", "structure": "chain", "phi": 0.5, "eta": 1.0, "m": 0.6, "u_target": null, "u_realized": null, "method": "random", "seed": 301, "twt": 21.729600000000005, "makespan": 97.509, "mean_flow": 4.061765333333333, "breach_share": 0.006666666666666667, "breach_p1": null, "breach_p2": null, "breach_p3": 0.006666666666666667, "breach_p4": null, "decisions": 150, "latency_ms_per_decision": 0.014457752307256063, "replans": null, "validator_ok": 1, "runtime_s": 0.0021686628460884094}, "v2mlp301": {"instance_id": "c05_replay_150_0165", "campus": 5, "size": 150, "track": "replay", "structure": "chain", "phi": 0.5, "eta": 1.0, "m": 0.6, "u_target": null, "u_realized": null, "method": "v2mlp301", "seed": 301, "twt": 21.729600000000005, "makespan": 97.509, "mean_flow": 4.061765333333333, "breach_share": 0.006666666666666667, "breach_p1": null, "breach_p2": null, "breach_p3": 0.006666666666666667, "breach_p4": null, "decisions": 150, "latency_ms_per_decision": 0.1546267792582512, "replans": null, "validator_ok": 1, "runtime_s": 0.02319401688873768}, "v2mlp302": {"instance_id": "c05_replay_150_0165", "campus": 5, "size": 150, "track": "replay", "structure": "chain", "phi": 0.5, "eta": 1.0, "m": 0.6, "u_target": null, "u_realized": null, "method": "v2mlp302", "seed": 302, "twt": 21.729600000000005, "makespan": 97.509, "mean_flow": 4.071719333333334, "breach_share": 0.006666666666666667, "breach_p1": null, "breach_p2": null, "breach_p3": 0.006666666666666667, "breach_p4": null, "decisions": 150, "latency_ms_per_decision": 0.14849700033664703, "replans": null, "validator_ok": 1, "runtime_s": 0.022274550050497055}, "v2mlp303": {"instance_id": "c05_replay_150_0165", "campus": 5, "size": 150, "track": "replay", "structure": "chain", "phi": 0.5, "eta": 1.0, "m": 0.6, "u_target": null, "u_realized": null, "method": "v2mlp303", "seed": 303, "twt": 21.729600000000005, "makespan": 97.509, "mean_flow": 4.068432, "breach_share": 0.006666666666666667, "breach_p1": null, "breach_p2": null, "breach_p3": 0.006666666666666667, "breach_p4": null, "decisions": 150, "latency_ms_per_decision": 0.15369774773716927, "replans": null, "validator_ok": 1, "runtime_s": 0.02305466216057539}, "v2mlp304": {"instance_id": "c05_replay_150_0165", "campus": 5, "size": 150, "track": "replay", "structure": "chain", "phi": 0.5, "eta": 1.0, "m": 0.6, "u_target": null, "u_realized": null, "method": "v2mlp304", "seed": 304, "twt": 21.729600000000005, "makespan": 97.509, "mean_flow": 4.075052666666667, "breach_share": 0.006666666666666667, "breach_p1": null, "breach_p2": null, "breach_p3": 0.006666666666666667, "breach_p4": null, "decisions": 150, "latency_ms_per_decision": 0.18730131288369498, "replans": null, "validator_ok": 1, "runtime_s": 0.028095196932554245}, "v2mlp305": {"instance_id": "c05_replay_150_0165", "campus": 5, "size": 150, "track": "replay", "structure": "chain", "phi": 0.5, "eta": 1.0, "m": 0.6, "u_target": null, "u_realized": null, "method": "v2mlp305", "seed": 305, "twt": 21.729600000000005, "makespan": 97.509, "mean_flow": 4.071719333333334, "breach_share": 0.006666666666666667, "breach_p1": null, "breach_p2": null, "breach_p3": 0.006666666666666667, "breach_p4": null, "decisions": 150, "latency_ms_per_decision": 0.14554119358460108, "replans": null, "validator_ok": 1, "runtime_s": 0.021831179037690163}, "v2mlp306": {"instance_id": "c05_replay_150_0165", "campus": 5, "size": 150, "track": "replay", "structure": "chain", "phi": 0.5, "eta": 1.0, "m": 0.6, "u_target": null, "u_realized": null, "method": "v2mlp306", "seed": 306, "twt": 21.729600000000005, "makespan": 97.509, "mean_flow": 4.0759213333333335, "breach_share": 0.006666666666666667, "breach_p1": null, "breach_p2": null, "breach_p3": 0.006666666666666667, "breach_p4": null, "decisions": 150, "latency_ms_per_decision": 0.15769940490523973, "replans": null, "validator_ok": 1,