{"config_id": "c05_replay_400_0147__c05_gen_eta080_m100", "rows": {"edd": {"instance_id": "c05_replay_400_0147", "campus": 5, "size": 400, "track": "replay", "structure": "generalist", "phi": null, "eta": 0.8, "m": 1.0, "u_target": null, "u_realized": null, "method": "edd", "seed": 301, "twt": 21.729600000000005, "makespan": 104.88040000000001, "mean_flow": 5.21411175, "breach_share": 0.0025, "breach_p1": null, "breach_p2": null, "breach_p3": 0.004484304932735426, "breach_p4": 0.0, "decisions": 400, "latency_ms_per_decision": 0.06095691816881299, "replans": null, "validator_ok": 1, "runtime_s": 0.024382767267525196}, "wspt": {"instance_id": "c05_replay_400_0147", "campus": 5, "size": 400, "track": "replay", "structure": "generalist", "phi": null, "eta": 0.8, "m": 1.0, "u_target": null, "u_realized": null, "method": "wspt", "seed": 301, "twt": 21.729600000000005, "makespan": 104.88040000000001, "mean_flow": 4.593012249999999, "breach_share": 0.0025, "breach_p1": null, "breach_p2": null, "breach_p3": 0.004484304932735426, "breach_p4": 0.0, "decisions": 400, "latency_ms_per_decision": 0.058118917513638735, "replans": null, "validator_ok": 1, "runtime_s": 0.023247567005455494}, "atc": {"instance_id": "c05_replay_400_0147", "campus": 5, "size": 400, "track": "replay", "structure": "generalist", "phi": null, "eta": 0.8, "m": 1.0, "u_target": null, "u_realized": null, "method": "atc", "seed": 301, "twt": 21.729600000000005, "makespan": 104.88040000000001, "mean_flow": 4.6675242500000005, "breach_share": 0.0025, "breach_p1": null, "breach_p2": null, "breach_p3": 0.004484304932735426, "breach_p4": 0.0, "decisions": 400, "latency_ms_per_decision": 0.0891342619433999, "replans": null, "validator_ok": 1, "runtime_s": 0.03565370477735996}, "pfifo": {"instance_id": "c05_replay_400_0147", "campus": 5, "size": 400, "track": "replay", "structure": "generalist", "phi": null, "eta": 0.8, "m": 1.0, "u_target": null, "u_realized": null, "method": "pfifo", "seed": 301, "twt": 21.729600000000005, "makespan": 104.88040000000001, "mean_flow": 5.21411175, "breach_share": 0.0025, "breach_p1": null, "breach_p2": null, "breach_p3": 0.004484304932735426, "breach_p4": 0.0, "decisions": 400, "latency_ms_per_decision": 0.0705221644602716, "replans": null, "validator_ok": 1, "runtime_s": 0.02820886578410864}, "mor": {"instance_id": "c05_replay_400_0147", "campus": 5, "size": 400, "track": "replay", "structure": "generalist", "phi": null, "eta": 0.8, "m": 1.0, "u_target": null, "u_realized": null, "method": "mor", "seed": 301, "twt": 21.729600000000005, "makespan": 104.88040000000001, "mean_flow": 5.67604025, "breach_share": 0.0025, "breach_p1": null, "breach_p2": null, "breach_p3": 0.004484304932735426, "breach_p4": 0.0, "decisions": 400, "latency_ms_per_decision": 0.055103517370298505, "replans": null, "validator_ok": 1, "runtime_s": 0.022041406948119402}, "lfj_atc": {"instance_id": "c05_replay_400_0147", "campus": 5, "size": 400, "track": "replay", "structure": "generalist", "phi": null, "eta": 0.8, "m": 1.0, "u_target": null, "u_realized": null, "method": "lfj_atc", "seed": 301, "twt": 21.729600000000005, "makespan": 104.88040000000001, "mean_flow": 4.6675242500000005, "breach_share": 0.0025, "breach_p1": null, "breach_p2": null, "breach_p3": 0.004484304932735426, "breach_p4": 0.0, "decisions": 400, "latency_ms_per_decision": 0.11947504826821387, "replans": null, "validator_ok": 1, "runtime_s": 0.04779001930728555}, "atc_eta": {"instance_id": "c05_replay_400_0147", "campus": 5, "size": 400, "track": "replay", "structure": "generalist", "phi": null, "eta": 0.8, "m": 1.0, "u_target": null, "u_realized": null, "method": "atc_eta", "seed": 301, "twt": 21.729600000000005, "makespan": 104.88040000000001, "mean_flow": 4.6675242500000005, "breach_share": 0.0025, "breach_p1": null, "breach_p2": null, "breach_p3": 0.004484304932735426, "breach_p4": 0.0, "decisions": 400, "latency_ms_per_decision": 0.12250532512553036, "replans": null, "validator_ok": 1, "runtime_s": 0.049002130050212145}, "random": {"instance_id": "c05_replay_400_0147", "campus": 5, "size": 400, "track": "replay", "structure": "generalist", "phi": null, "eta": 0.8, "m": 1.0, "u_target": null, "u_realized": null, "method": "random", "seed": 301, "twt": 21.729600000000005, "makespan": 104.88040000000001, "mean_flow": 5.1502177499999995, "breach_share": 0.0025, "breach_p1": null, "breach_p2": null, "breach_p3": 0.004484304932735426, "breach_p4": 0.0, "decisions": 400, "latency_ms_per_decision": 0.038814006838947535, "replans": null, "validator_ok": 1, "runtime_s": 0.015525602735579014}, "v2mlp301": {"instance_id": "c05_replay_400_0147", "campus": 5, "size": 400, "track": "replay", "structure": "generalist", "phi": null, "eta": 0.8, "m": 1.0, "u_target": null, "u_realized": null, "method": "v2mlp301", "seed": 301, "twt": 21.729600000000005, "makespan": 104.88040000000001, "mean_flow": 5.26884825, "breach_share": 0.0025, "breach_p1": null, "breach_p2": null, "breach_p3": 0.004484304932735426, "breach_p4": 0.0, "decisions": 400, "latency_ms_per_decision": 2.182222238043323, "replans": null, "validator_ok": 1, "runtime_s": 0.8728888952173293}, "v2mlp302": {"instance_id": "c05_replay_400_0147", "campus": 5, "size": 400, "track": "replay", "structure": "generalist", "phi": null, "eta": 0.8, "m": 1.0, "u_target": null, "u_realized": null, "method": "v2mlp302", "seed": 302, "twt": 21.729600000000005, "makespan": 104.88040000000001, "mean_flow": 5.726275499999999, "breach_share": 0.0025, "breach_p1": null, "breach_p2": null, "breach_p3": 0.004484304932735426, "breach_p4": 0.0, "decisions": 400, "latency_ms_per_decision": 2.7211967145558447, "replans": null, "validator_ok": 1, "runtime_s": 1.0884786858223379}, "v2mlp303": {"instance_id": "c05_replay_400_0147", "campus": 5, "size": 400, "track": "replay", "structure": "generalist", "phi": null, "eta": 0.8, "m": 1.0, "u_target": null, "u_realized": null, "method": "v2mlp303", "seed": 303, "twt": 21.729600000000005, "makespan": 104.88040000000001, "mean_flow": 6.009158, "breach_share": 0.0025, "breach_p1": null, "breach_p2": null, "breach_p3": 0.004484304932735426, "breach_p4": 0.0, "decisions": 400, "latency_ms_per_decision": 2.2048346244264394, "replans": null, "validator_ok": 1, "runtime_s": 0.8819338497705758}, "v2mlp304": {"instance_id": "c05_replay_400_0147", "campus": 5, "size": 400, "track": "replay", "structure": "generalist", "phi": null, "eta": 0.8, "m": 1.0, "u_target": null, "u_realized": null, "method": "v2mlp304", "seed": 304, "twt": 21.729600000000005, "makespan": 104.88040000000001, "mean_flow": 6.1730937500000005, "breach_share": 0.0025, "breach_p1": null, "breach_p2": null, "breach_p3": 0.004484304932735426, "breach_p4": 0.0, "decisions": 400, "latency_ms_per_decision": 2.3324200022034347, "replans": null, "validator_ok": 1, "runtime_s": 0.9329680008813739}, "v2mlp305": {"instance_id": "c05_replay_400_0147", "campus": 5, "size": 400, "track": "replay", "structure": "generalist", "phi": null, "eta": 0.8, "m": 1.0, "u_target": null, "u_realized": null, "method": "v2mlp305", "seed": 305, "twt": 21.729600000000005, "makespan": 104.88040000000001, "mean_flow": 5.861629000000001, "breach_share": 0.0025, "breach_p1": null, "breach_p2": null, "breach_p3": 0.004484304932735426, "breach_p4": 0.0, "decisions": 400, "latency_ms_per_decision": 0.48817989067174494, "replans": null, "validator_ok": 1, "runtime_s": 0.19527195626869798}, "v2mlp306": {"instance_id": "c05_replay_400_0147", "campus": 5, "size": 400, "track": "replay", "structure": "generalist", "phi": null, "eta": 0.8, "m": 1.0, "u_target": null, "u_realized": null, "method": "v2mlp306", "seed": 306, "twt": 21.729600000000005, "makespan": 104.88040000000001, "mean_flow": 6.621974, "breach_share": 0.0025, "breach_p1": null, "breach_p2": null, "breach_p3": 0.004484304932735426, "breach_p4": 0.0, "decisions": 400, "latency_ms_per_decision": 0.3917429770808667, "replans": null, "validator_ok": 1,