{"config_id": "c05_replay_150_0192__c05_gen_eta080_m060", "rows": {"edd": {"instance_id": "c05_replay_150_0192", "campus": 5, "size": 150, "track": "replay", "structure": "generalist", "phi": null, "eta": 0.8, "m": 0.6, "u_target": null, "u_realized": null, "method": "edd", "seed": 301, "twt": 21.729600000000005, "makespan": 94.1284, "mean_flow": 4.3220133333333335, "breach_share": 0.006666666666666667, "breach_p1": null, "breach_p2": null, "breach_p3": 0.013888888888888888, "breach_p4": 0.0, "decisions": 150, "latency_ms_per_decision": 0.04429157512883345, "replans": null, "validator_ok": 1, "runtime_s": 0.006643736269325018}, "wspt": {"instance_id": "c05_replay_150_0192", "campus": 5, "size": 150, "track": "replay", "structure": "generalist", "phi": null, "eta": 0.8, "m": 0.6, "u_target": null, "u_realized": null, "method": "wspt", "seed": 301, "twt": 21.729600000000005, "makespan": 94.1284, "mean_flow": 4.417965333333333, "breach_share": 0.006666666666666667, "breach_p1": null, "breach_p2": null, "breach_p3": 0.013888888888888888, "breach_p4": 0.0, "decisions": 150, "latency_ms_per_decision": 0.021281105776627857, "replans": null, "validator_ok": 1, "runtime_s": 0.0031921658664941788}, "atc": {"instance_id": "c05_replay_150_0192", "campus": 5, "size": 150, "track": "replay", "structure": "generalist", "phi": null, "eta": 0.8, "m": 0.6, "u_target": null, "u_realized": null, "method": "atc", "seed": 301, "twt": 21.729600000000005, "makespan": 94.1284, "mean_flow": 4.407898666666667, "breach_share": 0.006666666666666667, "breach_p1": null, "breach_p2": null, "breach_p3": 0.013888888888888888, "breach_p4": 0.0, "decisions": 150, "latency_ms_per_decision": 0.03042479356129964, "replans": null, "validator_ok": 1, "runtime_s": 0.004563719034194946}, "pfifo": {"instance_id": "c05_replay_150_0192", "campus": 5, "size": 150, "track": "replay", "structure": "generalist", "phi": null, "eta": 0.8, "m": 0.6, "u_target": null, "u_realized": null, "method": "pfifo", "seed": 301, "twt": 21.729600000000005, "makespan": 94.1284, "mean_flow": 4.3220133333333335, "breach_share": 0.006666666666666667, "breach_p1": null, "breach_p2": null, "breach_p3": 0.013888888888888888, "breach_p4": 0.0, "decisions": 150, "latency_ms_per_decision": 0.034555972864230476, "replans": null, "validator_ok": 1, "runtime_s": 0.005183395929634571}, "mor": {"instance_id": "c05_replay_150_0192", "campus": 5, "size": 150, "track": "replay", "structure": "generalist", "phi": null, "eta": 0.8, "m": 0.6, "u_target": null, "u_realized": null, "method": "mor", "seed": 301, "twt": 21.729600000000005, "makespan": 94.1284, "mean_flow": 4.474534, "breach_share": 0.006666666666666667, "breach_p1": null, "breach_p2": null, "breach_p3": 0.013888888888888888, "breach_p4": 0.0, "decisions": 150, "latency_ms_per_decision": 0.0208432599902153, "replans": null, "validator_ok": 1, "runtime_s": 0.0031264889985322952}, "lfj_atc": {"instance_id": "c05_replay_150_0192", "campus": 5, "size": 150, "track": "replay", "structure": "generalist", "phi": null, "eta": 0.8, "m": 0.6, "u_target": null, "u_realized": null, "method": "lfj_atc", "seed": 301, "twt": 21.729600000000005, "makespan": 94.1284, "mean_flow": 4.407898666666667, "breach_share": 0.006666666666666667, "breach_p1": null, "breach_p2": null, "breach_p3": 0.013888888888888888, "breach_p4": 0.0, "decisions": 150, "latency_ms_per_decision": 0.04925384807089964, "replans": null, "validator_ok": 1, "runtime_s": 0.007388077210634947}, "atc_eta": {"instance_id": "c05_replay_150_0192", "campus": 5, "size": 150, "track": "replay", "structure": "generalist", "phi": null, "eta": 0.8, "m": 0.6, "u_target": null, "u_realized": null, "method": "atc_eta", "seed": 301, "twt": 21.729600000000005, "makespan": 94.1284, "mean_flow": 4.407898666666667, "breach_share": 0.006666666666666667, "breach_p1": null, "breach_p2": null, "breach_p3": 0.013888888888888888, "breach_p4": 0.0, "decisions": 150, "latency_ms_per_decision": 0.04396291139225165, "replans": null, "validator_ok": 1, "runtime_s": 0.006594436708837748}, "random": {"instance_id": "c05_replay_150_0192", "campus": 5, "size": 150, "track": "replay", "structure": "generalist", "phi": null, "eta": 0.8, "m": 0.6, "u_target": null, "u_realized": null, "method": "random", "seed": 301, "twt": 21.729600000000005, "makespan": 94.1284, "mean_flow": 4.380695333333333, "breach_share": 0.006666666666666667, "breach_p1": null, "breach_p2": null, "breach_p3": 0.013888888888888888, "breach_p4": 0.0, "decisions": 150, "latency_ms_per_decision": 0.020155369614561398, "replans": null, "validator_ok": 1, "runtime_s": 0.00302330544218421}, "v2mlp301": {"instance_id": "c05_replay_150_0192", "campus": 5, "size": 150, "track": "replay", "structure": "generalist", "phi": null, "eta": 0.8, "m": 0.6, "u_target": null, "u_realized": null, "method": "v2mlp301", "seed": 301, "twt": 21.729600000000005, "makespan": 94.1284, "mean_flow": 4.167212666666666, "breach_share": 0.006666666666666667, "breach_p1": null, "breach_p2": null, "breach_p3": 0.013888888888888888, "breach_p4": 0.0, "decisions": 150, "latency_ms_per_decision": 0.2965734526515007, "replans": null, "validator_ok": 1, "runtime_s": 0.044486017897725105}, "v2mlp302": {"instance_id": "c05_replay_150_0192", "campus": 5, "size": 150, "track": "replay", "structure": "generalist", "phi": null, "eta": 0.8, "m": 0.6, "u_target": null, "u_realized": null, "method": "v2mlp302", "seed": 302, "twt": 21.729600000000005, "makespan": 94.1284, "mean_flow": 4.680685333333333, "breach_share": 0.006666666666666667, "breach_p1": null, "breach_p2": null, "breach_p3": 0.013888888888888888, "breach_p4": 0.0, "decisions": 150, "latency_ms_per_decision": 0.7390874469031891, "replans": null, "validator_ok": 1, "runtime_s": 0.11086311703547835}, "v2mlp303": {"instance_id": "c05_replay_150_0192", "campus": 5, "size": 150, "track": "replay", "structure": "generalist", "phi": null, "eta": 0.8, "m": 0.6, "u_target": null, "u_realized": null, "method": "v2mlp303", "seed": 303, "twt": 21.729600000000005, "makespan": 94.1284, "mean_flow": 4.498123333333333, "breach_share": 0.006666666666666667, "breach_p1": null, "breach_p2": null, "breach_p3": 0.013888888888888888, "breach_p4": 0.0, "decisions": 150, "latency_ms_per_decision": 0.8478938322514296, "replans": null, "validator_ok": 1, "runtime_s": 0.12718407483771443}, "v2mlp304": {"instance_id": "c05_replay_150_0192", "campus": 5, "size": 150, "track": "replay", "structure": "generalist", "phi": null, "eta": 0.8, "m": 0.6, "u_target": null, "u_realized": null, "method": "v2mlp304", "seed": 304, "twt": 21.729600000000005, "makespan": 94.1284, "mean_flow": 4.441666666666666, "breach_share": 0.006666666666666667, "breach_p1": null, "breach_p2": null, "breach_p3": 0.013888888888888888, "breach_p4": 0.0, "decisions": 150, "latency_ms_per_decision": 0.6845516649385294, "replans": null, "validator_ok": 1, "runtime_s": 0.1026827497407794}, "v2mlp305": {"instance_id": "c05_replay_150_0192", "campus": 5, "size": 150, "track": "replay", "structure": "generalist", "phi": null, "eta": 0.8, "m": 0.6, "u_target": null, "u_realized": null, "method": "v2mlp305", "seed": 305, "twt": 21.729600000000005, "makespan": 94.1284, "mean_flow": 4.282094000000001, "breach_share": 0.006666666666666667, "breach_p1": null, "breach_p2": null, "breach_p3": 0.013888888888888888, "breach_p4": 0.0, "decisions": 150, "latency_ms_per_decision": 0.711608954394857, "replans": null, "validator_ok": 1, "runtime_s": 0.10674134315922856}, "v2mlp306": {"instance_id": "c05_replay_150_0192", "campus": 5, "size": 150, "track": "replay", "structure": "generalist", "phi": null, "eta": 0.8, "m": 0.6, "u_target": null, "u_realized": null, "method": "v2mlp306", "seed": 306, "twt": 21.729600000000005, "makespan": 94.1284, "mean_flow": 4.617578, "breach_share": 0.006666666666666667, "breach_p1": null, "breach_p2": null, "breach_p3": 0.013888888888888888, "breach_p4": 0.0, "decisions": 150,