{"config_id": "c05_replay_400_0116__c05_chain_phi050_eta080_m060", "rows": {"edd": {"instance_id": "c05_replay_400_0116", "campus": 5, "size": 400, "track": "replay", "structure": "chain", "phi": 0.5, "eta": 0.8, "m": 0.6, "u_target": null, "u_realized": null, "method": "edd", "seed": 301, "twt": 43.45920000000004, "makespan": 129.50900000000001, "mean_flow": 5.77922275, "breach_share": 0.005, "breach_p1": null, "breach_p2": null, "breach_p3": 0.005763688760806916, "breach_p4": 0.0, "decisions": 400, "latency_ms_per_decision": 0.12916481005959213, "replans": null, "validator_ok": 1, "runtime_s": 0.05166592402383685}, "wspt": {"instance_id": "c05_replay_400_0116", "campus": 5, "size": 400, "track": "replay", "structure": "chain", "phi": 0.5, "eta": 0.8, "m": 0.6, "u_target": null, "u_realized": null, "method": "wspt", "seed": 301, "twt": 43.45920000000004, "makespan": 129.50900000000001, "mean_flow": 5.62415275, "breach_share": 0.005, "breach_p1": null, "breach_p2": null, "breach_p3": 0.005763688760806916, "breach_p4": 0.0, "decisions": 400, "latency_ms_per_decision": 0.03483958076685667, "replans": null, "validator_ok": 1, "runtime_s": 0.013935832306742668}, "atc": {"instance_id": "c05_replay_400_0116", "campus": 5, "size": 400, "track": "replay", "structure": "chain", "phi": 0.5, "eta": 0.8, "m": 0.6, "u_target": null, "u_realized": null, "method": "atc", "seed": 301, "twt": 43.45920000000004, "makespan": 129.50900000000001, "mean_flow": 5.6255915000000005, "breach_share": 0.005, "breach_p1": null, "breach_p2": null, "breach_p3": 0.005763688760806916, "breach_p4": 0.0, "decisions": 400, "latency_ms_per_decision": 0.04634156823158264, "replans": null, "validator_ok": 1, "runtime_s": 0.018536627292633057}, "pfifo": {"instance_id": "c05_replay_400_0116", "campus": 5, "size": 400, "track": "replay", "structure": "chain", "phi": 0.5, "eta": 0.8, "m": 0.6, "u_target": null, "u_realized": null, "method": "pfifo", "seed": 301, "twt": 43.45920000000004, "makespan": 129.50900000000001, "mean_flow": 5.77922275, "breach_share": 0.005, "breach_p1": null, "breach_p2": null, "breach_p3": 0.005763688760806916, "breach_p4": 0.0, "decisions": 400, "latency_ms_per_decision": 0.007123275427147746, "replans": null, "validator_ok": 1, "runtime_s": 0.0028493101708590984}, "mor": {"instance_id": "c05_replay_400_0116", "campus": 5, "size": 400, "track": "replay", "structure": "chain", "phi": 0.5, "eta": 0.8, "m": 0.6, "u_target": null, "u_realized": null, "method": "mor", "seed": 301, "twt": 43.45920000000004, "makespan": 129.50900000000001, "mean_flow": 6.0577155, "breach_share": 0.005, "breach_p1": null, "breach_p2": null, "breach_p3": 0.005763688760806916, "breach_p4": 0.0, "decisions": 400, "latency_ms_per_decision": 0.014529351610690355, "replans": null, "validator_ok": 1, "runtime_s": 0.005811740644276142}, "lfj_atc": {"instance_id": "c05_replay_400_0116", "campus": 5, "size": 400, "track": "replay", "structure": "chain", "phi": 0.5, "eta": 0.8, "m": 0.6, "u_target": null, "u_realized": null, "method": "lfj_atc", "seed": 301, "twt": 43.45920000000004, "makespan": 129.50900000000001, "mean_flow": 5.6255915000000005, "breach_share": 0.005, "breach_p1": null, "breach_p2": null, "breach_p3": 0.005763688760806916, "breach_p4": 0.0, "decisions": 400, "latency_ms_per_decision": 0.017028565052896738, "replans": null, "validator_ok": 1, "runtime_s": 0.006811426021158695}, "atc_eta": {"instance_id": "c05_replay_400_0116", "campus": 5, "size": 400, "track": "replay", "structure": "chain", "phi": 0.5, "eta": 0.8, "m": 0.6, "u_target": null, "u_realized": null, "method": "atc_eta", "seed": 301, "twt": 43.45920000000004, "makespan": 129.50900000000001, "mean_flow": 5.6255915000000005, "breach_share": 0.005, "breach_p1": null, "breach_p2": null, "breach_p3": 0.005763688760806916, "breach_p4": 0.0, "decisions": 400, "latency_ms_per_decision": 0.02826379262842238, "replans": null, "validator_ok": 1, "runtime_s": 0.011305517051368952}, "random": {"instance_id": "c05_replay_400_0116", "campus": 5, "size": 400, "track": "replay", "structure": "chain", "phi": 0.5, "eta": 0.8, "m": 0.6, "u_target": null, "u_realized": null, "method": "random", "seed": 301, "twt": 43.45920000000004, "makespan": 129.50900000000001, "mean_flow": 5.7874555, "breach_share": 0.005, "breach_p1": null, "breach_p2": null, "breach_p3": 0.005763688760806916, "breach_p4": 0.0, "decisions": 400, "latency_ms_per_decision": 0.01427142764441669, "replans": null, "validator_ok": 1, "runtime_s": 0.005708571057766676}, "v2mlp301": {"instance_id": "c05_replay_400_0116", "campus": 5, "size": 400, "track": "replay", "structure": "chain", "phi": 0.5, "eta": 0.8, "m": 0.6, "u_target": null, "u_realized": null, "method": "v2mlp301", "seed": 301, "twt": 43.45920000000004, "makespan": 129.50900000000001, "mean_flow": 5.70560625, "breach_share": 0.005, "breach_p1": null, "breach_p2": null, "breach_p3": 0.005763688760806916, "breach_p4": 0.0, "decisions": 400, "latency_ms_per_decision": 0.17084170249290764, "replans": null, "validator_ok": 1, "runtime_s": 0.06833668099716306}, "v2mlp302": {"instance_id": "c05_replay_400_0116", "campus": 5, "size": 400, "track": "replay", "structure": "chain", "phi": 0.5, "eta": 0.8, "m": 0.6, "u_target": null, "u_realized": null, "method": "v2mlp302", "seed": 302, "twt": 43.45920000000004, "makespan": 129.50900000000001, "mean_flow": 6.045846750000001, "breach_share": 0.005, "breach_p1": null, "breach_p2": null, "breach_p3": 0.005763688760806916, "breach_p4": 0.0, "decisions": 400, "latency_ms_per_decision": 0.17079734476283193, "replans": null, "validator_ok": 1, "runtime_s": 0.06831893790513277}, "v2mlp303": {"instance_id": "c05_replay_400_0116", "campus": 5, "size": 400, "track": "replay", "structure": "chain", "phi": 0.5, "eta": 0.8, "m": 0.6, "u_target": null, "u_realized": null, "method": "v2mlp303", "seed": 303, "twt": 43.45920000000004, "makespan": 129.50900000000001, "mean_flow": 5.959454000000001, "breach_share": 0.005, "breach_p1": null, "breach_p2": null, "breach_p3": 0.005763688760806916, "breach_p4": 0.0, "decisions": 400, "latency_ms_per_decision": 0.17365169012919068, "replans": null, "validator_ok": 1, "runtime_s": 0.06946067605167627}, "v2mlp304": {"instance_id": "c05_replay_400_0116", "campus": 5, "size": 400, "track": "replay", "structure": "chain", "phi": 0.5, "eta": 0.8, "m": 0.6, "u_target": null, "u_realized": null, "method": "v2mlp304", "seed": 304, "twt": 43.45920000000004, "makespan": 129.50900000000001, "mean_flow": 6.373948749999999, "breach_share": 0.005, "breach_p1": null, "breach_p2": null, "breach_p3": 0.005763688760806916, "breach_p4": 0.0, "decisions": 400, "latency_ms_per_decision": 0.17814909457229078, "replans": null, "validator_ok": 1, "runtime_s": 0.07125963782891631}, "v2mlp305": {"instance_id": "c05_replay_400_0116", "campus": 5, "size": 400, "track": "replay", "structure": "chain", "phi": 0.5, "eta": 0.8, "m": 0.6, "u_target": null, "u_realized": null, "method": "v2mlp305", "seed": 305, "twt": 67.21920000000003, "makespan": 131.88, "mean_flow": 6.072297750000001, "breach_share": 0.0075, "breach_p1": null, "breach_p2": null, "breach_p3": 0.008645533141210375, "breach_p4": 0.0, "decisions": 400, "latency_ms_per_decision": 0.17729975981637836, "replans": null, "validator_ok": 1, "runtime_s": 0.07091990392655134}, "v2mlp306": {"instance_id": "c05_replay_400_0116", "campus": 5, "size": 400, "track": "replay", "structure": "chain", "phi": 0.5, "eta": 0.8, "m": 0.6, "u_target": null, "u_realized": null, "method": "v2mlp306", "seed": 306, "twt": 43.45920000000004, "makespan": 129.50900000000001, "mean_flow": 6.0341945, "breach_share": 0.005, "breach_p1": null, "breach_p2": null, "breach_p3": 0.005763688760806916, "breach_p4": 0.0, "decisions": 400, "latency_ms_per_decision": 0.1747269998304546, "replans": null, "validator_ok": 1, "runtime_s": 0.06989079993218184}, "v2mlp307": {"instance_id": "c05_replay_400_0116", "campus": 5, "size": 400, "track": "replay",