{"config_id": "c09_replay_150_0166__c09_chain_phi050_eta100_m060", "rows": {"edd": {"instance_id": "c09_replay_150_0166", "campus": 9, "size": 150, "track": "replay", "structure": "chain", "phi": 0.5, "eta": 1.0, "m": 0.6, "u_target": null, "u_realized": null, "method": "edd", "seed": 301, "twt": 262.0, "makespan": 49.25, "mean_flow": 4.346666666666667, "breach_share": 0.02666666666666667, "breach_p1": 0.5714285714285714, "breach_p2": 0.0, "breach_p3": 0.0, "breach_p4": 0.0, "decisions": 150, "latency_ms_per_decision": 0.006917525703708331, "replans": null, "validator_ok": 1, "runtime_s": 0.0010376288555562496}, "wspt": {"instance_id": "c09_replay_150_0166", "campus": 9, "size": 150, "track": "replay", "structure": "chain", "phi": 0.5, "eta": 1.0, "m": 0.6, "u_target": null, "u_realized": null, "method": "wspt", "seed": 301, "twt": 266.0, "makespan": 49.75, "mean_flow": 4.354666666666667, "breach_share": 0.02666666666666667, "breach_p1": 0.5714285714285714, "breach_p2": 0.0, "breach_p3": 0.0, "breach_p4": 0.0, "decisions": 150, "latency_ms_per_decision": 0.0410549808293581, "replans": null, "validator_ok": 1, "runtime_s": 0.006158247124403715}, "atc": {"instance_id": "c09_replay_150_0166", "campus": 9, "size": 150, "track": "replay", "structure": "chain", "phi": 0.5, "eta": 1.0, "m": 0.6, "u_target": null, "u_realized": null, "method": "atc", "seed": 301, "twt": 262.0, "makespan": 49.25, "mean_flow": 4.337333333333333, "breach_share": 0.02666666666666667, "breach_p1": 0.5714285714285714, "breach_p2": 0.0, "breach_p3": 0.0, "breach_p4": 0.0, "decisions": 150, "latency_ms_per_decision": 0.01613984815776348, "replans": null, "validator_ok": 1, "runtime_s": 0.002420977223664522}, "pfifo": {"instance_id": "c09_replay_150_0166", "campus": 9, "size": 150, "track": "replay", "structure": "chain", "phi": 0.5, "eta": 1.0, "m": 0.6, "u_target": null, "u_realized": null, "method": "pfifo", "seed": 301, "twt": 262.0, "makespan": 49.25, "mean_flow": 4.346666666666667, "breach_share": 0.02666666666666667, "breach_p1": 0.5714285714285714, "breach_p2": 0.0, "breach_p3": 0.0, "breach_p4": 0.0, "decisions": 150, "latency_ms_per_decision": 0.03393280630310377, "replans": null, "validator_ok": 1, "runtime_s": 0.005089920945465565}, "mor": {"instance_id": "c09_replay_150_0166", "campus": 9, "size": 150, "track": "replay", "structure": "chain", "phi": 0.5, "eta": 1.0, "m": 0.6, "u_target": null, "u_realized": null, "method": "mor", "seed": 301, "twt": 262.0, "makespan": 49.25, "mean_flow": 4.367, "breach_share": 0.02666666666666667, "breach_p1": 0.5714285714285714, "breach_p2": 0.0, "breach_p3": 0.0, "breach_p4": 0.0, "decisions": 150, "latency_ms_per_decision": 0.040689632296562195, "replans": null, "validator_ok": 1, "runtime_s": 0.006103444844484329}, "lfj_atc": {"instance_id": "c09_replay_150_0166", "campus": 9, "size": 150, "track": "replay", "structure": "chain", "phi": 0.5, "eta": 1.0, "m": 0.6, "u_target": null, "u_realized": null, "method": "lfj_atc", "seed": 301, "twt": 262.0, "makespan": 49.25, "mean_flow": 4.337333333333333, "breach_share": 0.02666666666666667, "breach_p1": 0.5714285714285714, "breach_p2": 0.0, "breach_p3": 0.0, "breach_p4": 0.0, "decisions": 150, "latency_ms_per_decision": 0.03719979586700598, "replans": null, "validator_ok": 1, "runtime_s": 0.005579969380050898}, "atc_eta": {"instance_id": "c09_replay_150_0166", "campus": 9, "size": 150, "track": "replay", "structure": "chain", "phi": 0.5, "eta": 1.0, "m": 0.6, "u_target": null, "u_realized": null, "method": "atc_eta", "seed": 301, "twt": 262.0, "makespan": 49.25, "mean_flow": 4.337333333333333, "breach_share": 0.02666666666666667, "breach_p1": 0.5714285714285714, "breach_p2": 0.0, "breach_p3": 0.0, "breach_p4": 0.0, "decisions": 150, "latency_ms_per_decision": 0.051595913246273994, "replans": null, "validator_ok": 1, "runtime_s": 0.007739386986941099}, "random": {"instance_id": "c09_replay_150_0166", "campus": 9, "size": 150, "track": "replay", "structure": "chain", "phi": 0.5, "eta": 1.0, "m": 0.6, "u_target": null, "u_realized": null, "method": "random", "seed": 301, "twt": 262.0, "makespan": 49.25, "mean_flow": 4.333, "breach_share": 0.02666666666666667, "breach_p1": 0.5714285714285714, "breach_p2": 0.0, "breach_p3": 0.0, "breach_p4": 0.0, "decisions": 150, "latency_ms_per_decision": 0.013300245627760887, "replans": null, "validator_ok": 1, "runtime_s": 0.001995036844164133}, "v2mlp301": {"instance_id": "c09_replay_150_0166", "campus": 9, "size": 150, "track": "replay", "structure": "chain", "phi": 0.5, "eta": 1.0, "m": 0.6, "u_target": null, "u_realized": null, "method": "v2mlp301", "seed": 301, "twt": 262.0, "makespan": 49.25, "mean_flow": 4.3884446666666665, "breach_share": 0.02666666666666667, "breach_p1": 0.5714285714285714, "breach_p2": 0.0, "breach_p3": 0.0, "breach_p4": 0.0, "decisions": 150, "latency_ms_per_decision": 0.19005009283622107, "replans": null, "validator_ok": 1, "runtime_s": 0.02850751392543316}, "v2mlp302": {"instance_id": "c09_replay_150_0166", "campus": 9, "size": 150, "track": "replay", "structure": "chain", "phi": 0.5, "eta": 1.0, "m": 0.6, "u_target": null, "u_realized": null, "method": "v2mlp302", "seed": 302, "twt": 262.0, "makespan": 49.25, "mean_flow": 4.374444666666666, "breach_share": 0.02666666666666667, "breach_p1": 0.5714285714285714, "breach_p2": 0.0, "breach_p3": 0.0, "breach_p4": 0.0, "decisions": 150, "latency_ms_per_decision": 0.1922155854602655, "replans": null, "validator_ok": 1, "runtime_s": 0.02883233781903982}, "v2mlp303": {"instance_id": "c09_replay_150_0166", "campus": 9, "size": 150, "track": "replay", "structure": "chain", "phi": 0.5, "eta": 1.0, "m": 0.6, "u_target": null, "u_realized": null, "method": "v2mlp303", "seed": 303, "twt": 262.0, "makespan": 49.25, "mean_flow": 4.362111333333333, "breach_share": 0.02666666666666667, "breach_p1": 0.5714285714285714, "breach_p2": 0.0, "breach_p3": 0.0, "breach_p4": 0.0, "decisions": 150, "latency_ms_per_decision": 0.18666105344891548, "replans": null, "validator_ok": 1, "runtime_s": 0.027999158017337322}, "v2mlp304": {"instance_id": "c09_replay_150_0166", "campus": 9, "size": 150, "track": "replay", "structure": "chain", "phi": 0.5, "eta": 1.0, "m": 0.6, "u_target": null, "u_realized": null, "method": "v2mlp304", "seed": 304, "twt": 262.0, "makespan": 49.25, "mean_flow": 4.405111333333333, "breach_share": 0.02666666666666667, "breach_p1": 0.5714285714285714, "breach_p2": 0.0, "breach_p3": 0.0, "breach_p4": 0.0, "decisions": 150, "latency_ms_per_decision": 0.18756567190090814, "replans": null, "validator_ok": 1, "runtime_s": 0.028134850785136223}, "v2mlp305": {"instance_id": "c09_replay_150_0166", "campus": 9, "size": 150, "track": "replay", "structure": "chain", "phi": 0.5, "eta": 1.0, "m": 0.6, "u_target": null, "u_realized": null, "method": "v2mlp305", "seed": 305, "twt": 262.0, "makespan": 49.25, "mean_flow": 4.3469999999999995, "breach_share": 0.02666666666666667, "breach_p1": 0.5714285714285714, "breach_p2": 0.0, "breach_p3": 0.0, "breach_p4": 0.0, "decisions": 150, "latency_ms_per_decision": 0.18885521839062372, "replans": null, "validator_ok": 1, "runtime_s": 0.02832828275859356}, "v2mlp306": {"instance_id": "c09_replay_150_0166", "campus": 9, "size": 150, "track": "replay", "structure": "chain", "phi": 0.5, "eta": 1.0, "m": 0.6, "u_target": null, "u_realized": null, "method": "v2mlp306", "seed": 306, "twt": 262.0, "makespan": 49.25, "mean_flow": 4.3821113333333335, "breach_share": 0.02666666666666667, "breach_p1": 0.5714285714285714, "breach_p2": 0.0, "breach_p3": 0.0, "breach_p4": 0.0, "decisions": 150, "latency_ms_per_decision": 0.18515074625611305, "replans": null, "validator_ok": 1, "runtime_s": 0.027772611938416958}, "v2mlp307": {"instance_id": "c09_replay_150_0166", "campus": 9, "size": 150, "track": "replay", "structure": "chain", "phi": 0.5, "eta": 1.0, "m": 0.6, "u_target": null, "u_realized": null, "method": "v2mlp307", "seed": 307, "twt": 262.0, "makespan": 49.25,