{"config_id": "c09_replay_150_0176__c09_chain_phi025_eta080_m100", "rows": {"edd": {"instance_id": "c09_replay_150_0176", "campus": 9, "size": 150, "track": "replay", "structure": "chain", "phi": 0.25, "eta": 0.8, "m": 1.0, "u_target": null, "u_realized": null, "method": "edd", "seed": 301, "twt": 64.0, "makespan": 96.8481, "mean_flow": 5.072076666666667, "breach_share": 0.013333333333333334, "breach_p1": 0.2222222222222222, "breach_p2": 0.0, "breach_p3": null, "breach_p4": 0.0, "decisions": 150, "latency_ms_per_decision": 0.04544129905601343, "replans": null, "validator_ok": 1, "runtime_s": 0.006816194858402014}, "wspt": {"instance_id": "c09_replay_150_0176", "campus": 9, "size": 150, "track": "replay", "structure": "chain", "phi": 0.25, "eta": 0.8, "m": 1.0, "u_target": null, "u_realized": null, "method": "wspt", "seed": 301, "twt": 78.28, "makespan": 96.8481, "mean_flow": 5.244298666666666, "breach_share": 0.02, "breach_p1": 0.2222222222222222, "breach_p2": 0.018518518518518517, "breach_p3": null, "breach_p4": 0.0, "decisions": 150, "latency_ms_per_decision": 0.053016720339655876, "replans": null, "validator_ok": 1, "runtime_s": 0.007952508050948381}, "atc": {"instance_id": "c09_replay_150_0176", "campus": 9, "size": 150, "track": "replay", "structure": "chain", "phi": 0.25, "eta": 0.8, "m": 1.0, "u_target": null, "u_realized": null, "method": "atc", "seed": 301, "twt": 78.28, "makespan": 96.8481, "mean_flow": 5.214365333333333, "breach_share": 0.02, "breach_p1": 0.2222222222222222, "breach_p2": 0.018518518518518517, "breach_p3": null, "breach_p4": 0.0, "decisions": 150, "latency_ms_per_decision": 0.0770595483481884, "replans": null, "validator_ok": 1, "runtime_s": 0.01155893225222826}, "pfifo": {"instance_id": "c09_replay_150_0176", "campus": 9, "size": 150, "track": "replay", "structure": "chain", "phi": 0.25, "eta": 0.8, "m": 1.0, "u_target": null, "u_realized": null, "method": "pfifo", "seed": 301, "twt": 64.0, "makespan": 96.8481, "mean_flow": 5.072076666666667, "breach_share": 0.013333333333333334, "breach_p1": 0.2222222222222222, "breach_p2": 0.0, "breach_p3": null, "breach_p4": 0.0, "decisions": 150, "latency_ms_per_decision": 0.046399710699915886, "replans": null, "validator_ok": 1, "runtime_s": 0.006959956604987383}, "mor": {"instance_id": "c09_replay_150_0176", "campus": 9, "size": 150, "track": "replay", "structure": "chain", "phi": 0.25, "eta": 0.8, "m": 1.0, "u_target": null, "u_realized": null, "method": "mor", "seed": 301, "twt": 75.28, "makespan": 96.8481, "mean_flow": 5.205832, "breach_share": 0.02, "breach_p1": 0.2222222222222222, "breach_p2": 0.018518518518518517, "breach_p3": null, "breach_p4": 0.0, "decisions": 150, "latency_ms_per_decision": 0.05919338824848334, "replans": null, "validator_ok": 1, "runtime_s": 0.008879008237272501}, "lfj_atc": {"instance_id": "c09_replay_150_0176", "campus": 9, "size": 150, "track": "replay", "structure": "chain", "phi": 0.25, "eta": 0.8, "m": 1.0, "u_target": null, "u_realized": null, "method": "lfj_atc", "seed": 301, "twt": 78.28, "makespan": 96.8481, "mean_flow": 5.214365333333333, "breach_share": 0.02, "breach_p1": 0.2222222222222222, "breach_p2": 0.018518518518518517, "breach_p3": null, "breach_p4": 0.0, "decisions": 150, "latency_ms_per_decision": 0.07774025201797485, "replans": null, "validator_ok": 1, "runtime_s": 0.011661037802696228}, "atc_eta": {"instance_id": "c09_replay_150_0176", "campus": 9, "size": 150, "track": "replay", "structure": "chain", "phi": 0.25, "eta": 0.8, "m": 1.0, "u_target": null, "u_realized": null, "method": "atc_eta", "seed": 301, "twt": 78.28, "makespan": 96.8481, "mean_flow": 5.214365333333333, "breach_share": 0.02, "breach_p1": 0.2222222222222222, "breach_p2": 0.018518518518518517, "breach_p3": null, "breach_p4": 0.0, "decisions": 150, "latency_ms_per_decision": 0.23646246020992598, "replans": null, "validator_ok": 1, "runtime_s": 0.035469369031488895}, "random": {"instance_id": "c09_replay_150_0176", "campus": 9, "size": 150, "track": "replay", "structure": "chain", "phi": 0.25, "eta": 0.8, "m": 1.0, "u_target": null, "u_realized": null, "method": "random", "seed": 301, "twt": 75.28, "makespan": 96.8481, "mean_flow": 5.216032, "breach_share": 0.02, "breach_p1": 0.2222222222222222, "breach_p2": 0.018518518518518517, "breach_p3": null, "breach_p4": 0.0, "decisions": 150, "latency_ms_per_decision": 0.23288927351435026, "replans": null, "validator_ok": 1, "runtime_s": 0.03493339102715254}, "v2mlp301": {"instance_id": "c09_replay_150_0176", "campus": 9, "size": 150, "track": "replay", "structure": "chain", "phi": 0.25, "eta": 0.8, "m": 1.0, "u_target": null, "u_realized": null, "method": "v2mlp301", "seed": 301, "twt": 75.28, "makespan": 96.8481, "mean_flow": 5.266298666666667, "breach_share": 0.02, "breach_p1": 0.2222222222222222, "breach_p2": 0.018518518518518517, "breach_p3": null, "breach_p4": 0.0, "decisions": 150, "latency_ms_per_decision": 0.3016511133561532, "replans": null, "validator_ok": 1, "runtime_s": 0.045247667003422976}, "v2mlp302": {"instance_id": "c09_replay_150_0176", "campus": 9, "size": 150, "track": "replay", "structure": "chain", "phi": 0.25, "eta": 0.8, "m": 1.0, "u_target": null, "u_realized": null, "method": "v2mlp302", "seed": 302, "twt": 75.28, "makespan": 96.8481, "mean_flow": 5.41361, "breach_share": 0.02, "breach_p1": 0.2222222222222222, "breach_p2": 0.018518518518518517, "breach_p3": null, "breach_p4": 0.0, "decisions": 150, "latency_ms_per_decision": 0.28123005914191407, "replans": null, "validator_ok": 1, "runtime_s": 0.04218450887128711}, "v2mlp303": {"instance_id": "c09_replay_150_0176", "campus": 9, "size": 150, "track": "replay", "structure": "chain", "phi": 0.25, "eta": 0.8, "m": 1.0, "u_target": null, "u_realized": null, "method": "v2mlp303", "seed": 303, "twt": 75.28, "makespan": 96.8481, "mean_flow": 5.354720666666666, "breach_share": 0.02, "breach_p1": 0.2222222222222222, "breach_p2": 0.018518518518518517, "breach_p3": null, "breach_p4": 0.0, "decisions": 150, "latency_ms_per_decision": 0.36078127411504585, "replans": null, "validator_ok": 1, "runtime_s": 0.05411719111725688}, "v2mlp304": {"instance_id": "c09_replay_150_0176", "campus": 9, "size": 150, "track": "replay", "structure": "chain", "phi": 0.25, "eta": 0.8, "m": 1.0, "u_target": null, "u_realized": null, "method": "v2mlp304", "seed": 304, "twt": 84.28, "makespan": 96.8481, "mean_flow": 5.274720666666667, "breach_share": 0.02, "breach_p1": 0.2222222222222222, "breach_p2": 0.018518518518518517, "breach_p3": null, "breach_p4": 0.0, "decisions": 150, "latency_ms_per_decision": 0.2583811338990927, "replans": null, "validator_ok": 1, "runtime_s": 0.0387571700848639}, "v2mlp305": {"instance_id": "c09_replay_150_0176", "campus": 9, "size": 150, "track": "replay", "structure": "chain", "phi": 0.25, "eta": 0.8, "m": 1.0, "u_target": null, "u_realized": null, "method": "v2mlp305", "seed": 305, "twt": 64.0, "makespan": 96.8481, "mean_flow": 6.061898666666666, "breach_share": 0.013333333333333334, "breach_p1": 0.2222222222222222, "breach_p2": 0.0, "breach_p3": null, "breach_p4": 0.0, "decisions": 150, "latency_ms_per_decision": 0.30032210052013397, "replans": null, "validator_ok": 1, "runtime_s": 0.045048315078020096}, "v2mlp306": {"instance_id": "c09_replay_150_0176", "campus": 9, "size": 150, "track": "replay", "structure": "chain", "phi": 0.25, "eta": 0.8, "m": 1.0, "u_target": null, "u_realized": null, "method": "v2mlp306", "seed": 306, "twt": 75.28, "makespan": 96.8481, "mean_flow": 5.3119206666666665, "breach_share": 0.02, "breach_p1": 0.2222222222222222, "breach_p2": 0.018518518518518517, "breach_p3": null, "breach_p4": 0.0, "decisions": 150, "latency_ms_per_decision": 0.37453290075063705, "replans": null, "validator_ok": 1, "runtime_s": 0.05617993511259556}, "v2mlp307": {"instance_id": "c09_replay_150_0176", "campus": 9, "size": 150, "track": "replay", "structure": "chain", "phi": 0.25, "eta": 0.8, "m": 1.0, "u_target": null, "u_realized": null,