{"config_id": "c09_replay_400_0131__c09_chain_phi050_eta080_m100", "rows": {"edd": {"instance_id": "c09_replay_400_0131", "campus": 9, "size": 400, "track": "replay", "structure": "chain", "phi": 0.5, "eta": 0.8, "m": 1.0, "u_target": null, "u_realized": null, "method": "edd", "seed": 301, "twt": 302.0, "makespan": 83.0, "mean_flow": 4.08375, "breach_share": 0.01, "breach_p1": 0.18181818181818182, "breach_p2": 0.024691358024691357, "breach_p3": 0.0, "breach_p4": 0.0, "decisions": 400, "latency_ms_per_decision": 0.036745412508025765, "replans": null, "validator_ok": 1, "runtime_s": 0.014698165003210306}, "wspt": {"instance_id": "c09_replay_400_0131", "campus": 9, "size": 400, "track": "replay", "structure": "chain", "phi": 0.5, "eta": 0.8, "m": 1.0, "u_target": null, "u_realized": null, "method": "wspt", "seed": 301, "twt": 302.0, "makespan": 83.0, "mean_flow": 4.04365825, "breach_share": 0.01, "breach_p1": 0.18181818181818182, "breach_p2": 0.024691358024691357, "breach_p3": 0.0, "breach_p4": 0.0, "decisions": 400, "latency_ms_per_decision": 0.04857252002693713, "replans": null, "validator_ok": 1, "runtime_s": 0.01942900801077485}, "atc": {"instance_id": "c09_replay_400_0131", "campus": 9, "size": 400, "track": "replay", "structure": "chain", "phi": 0.5, "eta": 0.8, "m": 1.0, "u_target": null, "u_realized": null, "method": "atc", "seed": 301, "twt": 302.0, "makespan": 83.0, "mean_flow": 4.111233250000001, "breach_share": 0.01, "breach_p1": 0.18181818181818182, "breach_p2": 0.024691358024691357, "breach_p3": 0.0, "breach_p4": 0.0, "decisions": 400, "latency_ms_per_decision": 0.038741822354495525, "replans": null, "validator_ok": 1, "runtime_s": 0.01549672894179821}, "pfifo": {"instance_id": "c09_replay_400_0131", "campus": 9, "size": 400, "track": "replay", "structure": "chain", "phi": 0.5, "eta": 0.8, "m": 1.0, "u_target": null, "u_realized": null, "method": "pfifo", "seed": 301, "twt": 302.0, "makespan": 83.0, "mean_flow": 4.08375, "breach_share": 0.01, "breach_p1": 0.18181818181818182, "breach_p2": 0.024691358024691357, "breach_p3": 0.0, "breach_p4": 0.0, "decisions": 400, "latency_ms_per_decision": 0.03472310723736882, "replans": null, "validator_ok": 1, "runtime_s": 0.013889242894947529}, "mor": {"instance_id": "c09_replay_400_0131", "campus": 9, "size": 400, "track": "replay", "structure": "chain", "phi": 0.5, "eta": 0.8, "m": 1.0, "u_target": null, "u_realized": null, "method": "mor", "seed": 301, "twt": 302.0, "makespan": 83.0, "mean_flow": 4.29444175, "breach_share": 0.01, "breach_p1": 0.18181818181818182, "breach_p2": 0.024691358024691357, "breach_p3": 0.0, "breach_p4": 0.0, "decisions": 400, "latency_ms_per_decision": 0.0312018278054893, "replans": null, "validator_ok": 1, "runtime_s": 0.01248073112219572}, "lfj_atc": {"instance_id": "c09_replay_400_0131", "campus": 9, "size": 400, "track": "replay", "structure": "chain", "phi": 0.5, "eta": 0.8, "m": 1.0, "u_target": null, "u_realized": null, "method": "lfj_atc", "seed": 301, "twt": 302.0, "makespan": 83.0, "mean_flow": 4.111233250000001, "breach_share": 0.01, "breach_p1": 0.18181818181818182, "breach_p2": 0.024691358024691357, "breach_p3": 0.0, "breach_p4": 0.0, "decisions": 400, "latency_ms_per_decision": 0.03976468578912318, "replans": null, "validator_ok": 1, "runtime_s": 0.01590587431564927}, "atc_eta": {"instance_id": "c09_replay_400_0131", "campus": 9, "size": 400, "track": "replay", "structure": "chain", "phi": 0.5, "eta": 0.8, "m": 1.0, "u_target": null, "u_realized": null, "method": "atc_eta", "seed": 301, "twt": 302.0, "makespan": 83.0, "mean_flow": 4.111233250000001, "breach_share": 0.01, "breach_p1": 0.18181818181818182, "breach_p2": 0.024691358024691357, "breach_p3": 0.0, "breach_p4": 0.0, "decisions": 400, "latency_ms_per_decision": 0.09066388243809342, "replans": null, "validator_ok": 1, "runtime_s": 0.03626555297523737}, "random": {"instance_id": "c09_replay_400_0131", "campus": 9, "size": 400, "track": "replay", "structure": "chain", "phi": 0.5, "eta": 0.8, "m": 1.0, "u_target": null, "u_realized": null, "method": "random", "seed": 301, "twt": 302.0, "makespan": 83.0, "mean_flow": 4.149975, "breach_share": 0.01, "breach_p1": 0.18181818181818182, "breach_p2": 0.024691358024691357, "breach_p3": 0.0, "breach_p4": 0.0, "decisions": 400, "latency_ms_per_decision": 0.030425285222008824, "replans": null, "validator_ok": 1, "runtime_s": 0.01217011408880353}, "v2mlp301": {"instance_id": "c09_replay_400_0131", "campus": 9, "size": 400, "track": "replay", "structure": "chain", "phi": 0.5, "eta": 0.8, "m": 1.0, "u_target": null, "u_realized": null, "method": "v2mlp301", "seed": 301, "twt": 302.0, "makespan": 83.0, "mean_flow": 4.09100825, "breach_share": 0.01, "breach_p1": 0.18181818181818182, "breach_p2": 0.024691358024691357, "breach_p3": 0.0, "breach_p4": 0.0, "decisions": 400, "latency_ms_per_decision": 0.2915077470242977, "replans": null, "validator_ok": 1, "runtime_s": 0.11660309880971909}, "v2mlp302": {"instance_id": "c09_replay_400_0131", "campus": 9, "size": 400, "track": "replay", "structure": "chain", "phi": 0.5, "eta": 0.8, "m": 1.0, "u_target": null, "u_realized": null, "method": "v2mlp302", "seed": 302, "twt": 303.04, "makespan": 95.75, "mean_flow": 4.49966675, "breach_share": 0.0125, "breach_p1": 0.2727272727272727, "breach_p2": 0.024691358024691357, "breach_p3": 0.0, "breach_p4": 0.0, "decisions": 400, "latency_ms_per_decision": 0.3685270017012954, "replans": null, "validator_ok": 1, "runtime_s": 0.14741080068051815}, "v2mlp303": {"instance_id": "c09_replay_400_0131", "campus": 9, "size": 400, "track": "replay", "structure": "chain", "phi": 0.5, "eta": 0.8, "m": 1.0, "u_target": null, "u_realized": null, "method": "v2mlp303", "seed": 303, "twt": 302.0, "makespan": 83.0, "mean_flow": 4.22830825, "breach_share": 0.01, "breach_p1": 0.18181818181818182, "breach_p2": 0.024691358024691357, "breach_p3": 0.0, "breach_p4": 0.0, "decisions": 400, "latency_ms_per_decision": 0.37827455322258174, "replans": null, "validator_ok": 1, "runtime_s": 0.1513098212890327}, "v2mlp304": {"instance_id": "c09_replay_400_0131", "campus": 9, "size": 400, "track": "replay", "structure": "chain", "phi": 0.5, "eta": 0.8, "m": 1.0, "u_target": null, "u_realized": null, "method": "v2mlp304", "seed": 304, "twt": 302.0, "makespan": 83.0, "mean_flow": 4.273808249999999, "breach_share": 0.01, "breach_p1": 0.18181818181818182, "breach_p2": 0.024691358024691357, "breach_p3": 0.0, "breach_p4": 0.0, "decisions": 400, "latency_ms_per_decision": 0.4266432672739029, "replans": null, "validator_ok": 1, "runtime_s": 0.17065730690956116}, "v2mlp305": {"instance_id": "c09_replay_400_0131", "campus": 9, "size": 400, "track": "replay", "structure": "chain", "phi": 0.5, "eta": 0.8, "m": 1.0, "u_target": null, "u_realized": null, "method": "v2mlp305", "seed": 305, "twt": 303.04, "makespan": 83.0, "mean_flow": 4.226241750000001, "breach_share": 0.0125, "breach_p1": 0.2727272727272727, "breach_p2": 0.024691358024691357, "breach_p3": 0.0, "breach_p4": 0.0, "decisions": 400, "latency_ms_per_decision": 0.2173928776755929, "replans": null, "validator_ok": 1, "runtime_s": 0.08695715107023716}, "v2mlp306": {"instance_id": "c09_replay_400_0131", "campus": 9, "size": 400, "track": "replay", "structure": "chain", "phi": 0.5, "eta": 0.8, "m": 1.0, "u_target": null, "u_realized": null, "method": "v2mlp306", "seed": 306, "twt": 302.0, "makespan": 83.0, "mean_flow": 4.4392665, "breach_share": 0.01, "breach_p1": 0.18181818181818182, "breach_p2": 0.024691358024691357, "breach_p3": 0.0, "breach_p4": 0.0, "decisions": 400, "latency_ms_per_decision": 0.23353003547526896, "replans": null, "validator_ok": 1, "runtime_s": 0.09341201419010758}, "v2mlp307": {"instance_id": "c09_replay_400_0131", "campus": 9, "size": 400, "track": "replay", "structure": "chain", "phi": 0.5, "eta": 0.8, "m": 1.0, "u_target": null, "u_realized": null, "method": "v2mlp307", "seed": 307, "twt": 302.0, "makespan": 83.0, "mean_flow": 4.256725, "breach_share": 0.01,