{"config_id": "c09_replay_400_0123__c09_chain_phi025_eta100_m060", "rows": {"edd": {"instance_id": "c09_replay_400_0123", "campus": 9, "size": 400, "track": "replay", "structure": "chain", "phi": 0.25, "eta": 1.0, "m": 0.6, "u_target": null, "u_realized": null, "method": "edd", "seed": 301, "twt": 284.0, "makespan": 89.25, "mean_flow": 4.164125, "breach_share": 0.015, "breach_p1": 0.26666666666666666, "breach_p2": 0.018518518518518517, "breach_p3": 0.0, "breach_p4": 0.0, "decisions": 400, "latency_ms_per_decision": 0.013775289990007877, "replans": null, "validator_ok": 1, "runtime_s": 0.005510115996003151}, "wspt": {"instance_id": "c09_replay_400_0123", "campus": 9, "size": 400, "track": "replay", "structure": "chain", "phi": 0.25, "eta": 1.0, "m": 0.6, "u_target": null, "u_realized": null, "method": "wspt", "seed": 301, "twt": 296.0, "makespan": 90.25, "mean_flow": 4.138999999999999, "breach_share": 0.0175, "breach_p1": 0.26666666666666666, "breach_p2": 0.027777777777777776, "breach_p3": 0.0, "breach_p4": 0.0, "decisions": 400, "latency_ms_per_decision": 0.031437905272468925, "replans": null, "validator_ok": 1, "runtime_s": 0.01257516210898757}, "atc": {"instance_id": "c09_replay_400_0123", "campus": 9, "size": 400, "track": "replay", "structure": "chain", "phi": 0.25, "eta": 1.0, "m": 0.6, "u_target": null, "u_realized": null, "method": "atc", "seed": 301, "twt": 284.0, "makespan": 89.25, "mean_flow": 4.13812475, "breach_share": 0.015, "breach_p1": 0.26666666666666666, "breach_p2": 0.018518518518518517, "breach_p3": 0.0, "breach_p4": 0.0, "decisions": 400, "latency_ms_per_decision": 0.028056595474481583, "replans": null, "validator_ok": 1, "runtime_s": 0.011222638189792633}, "pfifo": {"instance_id": "c09_replay_400_0123", "campus": 9, "size": 400, "track": "replay", "structure": "chain", "phi": 0.25, "eta": 1.0, "m": 0.6, "u_target": null, "u_realized": null, "method": "pfifo", "seed": 301, "twt": 284.0, "makespan": 89.25, "mean_flow": 4.164125, "breach_share": 0.015, "breach_p1": 0.26666666666666666, "breach_p2": 0.018518518518518517, "breach_p3": 0.0, "breach_p4": 0.0, "decisions": 400, "latency_ms_per_decision": 0.016422332264482975, "replans": null, "validator_ok": 1, "runtime_s": 0.00656893290579319}, "mor": {"instance_id": "c09_replay_400_0123", "campus": 9, "size": 400, "track": "replay", "structure": "chain", "phi": 0.25, "eta": 1.0, "m": 0.6, "u_target": null, "u_realized": null, "method": "mor", "seed": 301, "twt": 284.0, "makespan": 89.25, "mean_flow": 4.18699975, "breach_share": 0.015, "breach_p1": 0.26666666666666666, "breach_p2": 0.018518518518518517, "breach_p3": 0.0, "breach_p4": 0.0, "decisions": 400, "latency_ms_per_decision": 0.026623544981703162, "replans": null, "validator_ok": 1, "runtime_s": 0.010649417992681265}, "lfj_atc": {"instance_id": "c09_replay_400_0123", "campus": 9, "size": 400, "track": "replay", "structure": "chain", "phi": 0.25, "eta": 1.0, "m": 0.6, "u_target": null, "u_realized": null, "method": "lfj_atc", "seed": 301, "twt": 284.0, "makespan": 89.25, "mean_flow": 4.13812475, "breach_share": 0.015, "breach_p1": 0.26666666666666666, "breach_p2": 0.018518518518518517, "breach_p3": 0.0, "breach_p4": 0.0, "decisions": 400, "latency_ms_per_decision": 0.03305804217234254, "replans": null, "validator_ok": 1, "runtime_s": 0.013223216868937016}, "atc_eta": {"instance_id": "c09_replay_400_0123", "campus": 9, "size": 400, "track": "replay", "structure": "chain", "phi": 0.25, "eta": 1.0, "m": 0.6, "u_target": null, "u_realized": null, "method": "atc_eta", "seed": 301, "twt": 284.0, "makespan": 89.25, "mean_flow": 4.13812475, "breach_share": 0.015, "breach_p1": 0.26666666666666666, "breach_p2": 0.018518518518518517, "breach_p3": 0.0, "breach_p4": 0.0, "decisions": 400, "latency_ms_per_decision": 0.035730141680687666, "replans": null, "validator_ok": 1, "runtime_s": 0.014292056672275066}, "random": {"instance_id": "c09_replay_400_0123", "campus": 9, "size": 400, "track": "replay", "structure": "chain", "phi": 0.25, "eta": 1.0, "m": 0.6, "u_target": null, "u_realized": null, "method": "random", "seed": 301, "twt": 300.0, "makespan": 90.75, "mean_flow": 4.1561665, "breach_share": 0.0175, "breach_p1": 0.26666666666666666, "breach_p2": 0.027777777777777776, "breach_p3": 0.0, "breach_p4": 0.0, "decisions": 400, "latency_ms_per_decision": 0.016188675072044134, "replans": null, "validator_ok": 1, "runtime_s": 0.006475470028817654}, "v2mlp301": {"instance_id": "c09_replay_400_0123", "campus": 9, "size": 400, "track": "replay", "structure": "chain", "phi": 0.25, "eta": 1.0, "m": 0.6, "u_target": null, "u_realized": null, "method": "v2mlp301", "seed": 301, "twt": 284.0, "makespan": 89.25, "mean_flow": 4.2200415, "breach_share": 0.015, "breach_p1": 0.26666666666666666, "breach_p2": 0.018518518518518517, "breach_p3": 0.0, "breach_p4": 0.0, "decisions": 400, "latency_ms_per_decision": 0.17499960726127028, "replans": null, "validator_ok": 1, "runtime_s": 0.06999984290450811}, "v2mlp302": {"instance_id": "c09_replay_400_0123", "campus": 9, "size": 400, "track": "replay", "structure": "chain", "phi": 0.25, "eta": 1.0, "m": 0.6, "u_target": null, "u_realized": null, "method": "v2mlp302", "seed": 302, "twt": 284.0, "makespan": 89.25, "mean_flow": 4.26379125, "breach_share": 0.015, "breach_p1": 0.26666666666666666, "breach_p2": 0.018518518518518517, "breach_p3": 0.0, "breach_p4": 0.0, "decisions": 400, "latency_ms_per_decision": 0.16994391568005085, "replans": null, "validator_ok": 1, "runtime_s": 0.06797756627202034}, "v2mlp303": {"instance_id": "c09_replay_400_0123", "campus": 9, "size": 400, "track": "replay", "structure": "chain", "phi": 0.25, "eta": 1.0, "m": 0.6, "u_target": null, "u_realized": null, "method": "v2mlp303", "seed": 303, "twt": 284.0, "makespan": 89.25, "mean_flow": 4.27633275, "breach_share": 0.015, "breach_p1": 0.26666666666666666, "breach_p2": 0.018518518518518517, "breach_p3": 0.0, "breach_p4": 0.0, "decisions": 400, "latency_ms_per_decision": 0.17273260280489922, "replans": null, "validator_ok": 1, "runtime_s": 0.06909304112195969}, "v2mlp304": {"instance_id": "c09_replay_400_0123", "campus": 9, "size": 400, "track": "replay", "structure": "chain", "phi": 0.25, "eta": 1.0, "m": 0.6, "u_target": null, "u_realized": null, "method": "v2mlp304", "seed": 304, "twt": 284.0, "makespan": 89.25, "mean_flow": 4.2690415, "breach_share": 0.015, "breach_p1": 0.26666666666666666, "breach_p2": 0.018518518518518517, "breach_p3": 0.0, "breach_p4": 0.0, "decisions": 400, "latency_ms_per_decision": 0.17369570559822023, "replans": null, "validator_ok": 1, "runtime_s": 0.06947828223928809}, "v2mlp305": {"instance_id": "c09_replay_400_0123", "campus": 9, "size": 400, "track": "replay", "structure": "chain", "phi": 0.25, "eta": 1.0, "m": 0.6, "u_target": null, "u_realized": null, "method": "v2mlp305", "seed": 305, "twt": 284.0, "makespan": 89.25, "mean_flow": 4.155791, "breach_share": 0.015, "breach_p1": 0.26666666666666666, "breach_p2": 0.018518518518518517, "breach_p3": 0.0, "breach_p4": 0.0, "decisions": 400, "latency_ms_per_decision": 0.16440654755569994, "replans": null, "validator_ok": 1, "runtime_s": 0.06576261902227998}, "v2mlp306": {"instance_id": "c09_replay_400_0123", "campus": 9, "size": 400, "track": "replay", "structure": "chain", "phi": 0.25, "eta": 1.0, "m": 0.6, "u_target": null, "u_realized": null, "method": "v2mlp306", "seed": 306, "twt": 284.0, "makespan": 89.25, "mean_flow": 4.27204125, "breach_share": 0.015, "breach_p1": 0.26666666666666666, "breach_p2": 0.018518518518518517, "breach_p3": 0.0, "breach_p4": 0.0, "decisions": 400, "latency_ms_per_decision": 0.19440398667939007, "replans": null, "validator_ok": 1, "runtime_s": 0.07776159467175603}, "v2mlp307": {"instance_id": "c09_replay_400_0123", "campus": 9, "size": 400, "track": "replay", "structure": "chain", "phi": 0.25, "eta": 1.0, "m": 0.6, "u_target": null, "u_realized": null, "method": "v2mlp307", "seed": 307, "twt": 284.0, "makespan": 89.25,