{"config_id": "c09_replay_150_0125__c09_chain_phi025_eta080_m100", "rows": {"edd": {"instance_id": "c09_replay_150_0125", "campus": 9, "size": 150, "track": "replay", "structure": "chain", "phi": 0.25, "eta": 0.8, "m": 1.0, "u_target": null, "u_realized": null, "method": "edd", "seed": 301, "twt": 95.0, "makespan": 52.8667, "mean_flow": 3.4558666666666666, "breach_share": 0.013333333333333334, "breach_p1": 0.0, "breach_p2": 0.045454545454545456, "breach_p3": 0.0, "breach_p4": 0.0, "decisions": 150, "latency_ms_per_decision": 0.07124125957489014, "replans": null, "validator_ok": 1, "runtime_s": 0.01068618893623352}, "wspt": {"instance_id": "c09_replay_150_0125", "campus": 9, "size": 150, "track": "replay", "structure": "chain", "phi": 0.25, "eta": 0.8, "m": 1.0, "u_target": null, "u_realized": null, "method": "wspt", "seed": 301, "twt": 95.0, "makespan": 52.8667, "mean_flow": 3.4634, "breach_share": 0.013333333333333334, "breach_p1": 0.0, "breach_p2": 0.045454545454545456, "breach_p3": 0.0, "breach_p4": 0.0, "decisions": 150, "latency_ms_per_decision": 0.012384581690033277, "replans": null, "validator_ok": 1, "runtime_s": 0.0018576872535049915}, "atc": {"instance_id": "c09_replay_150_0125", "campus": 9, "size": 150, "track": "replay", "structure": "chain", "phi": 0.25, "eta": 0.8, "m": 1.0, "u_target": null, "u_realized": null, "method": "atc", "seed": 301, "twt": 95.0, "makespan": 52.8667, "mean_flow": 3.4634, "breach_share": 0.013333333333333334, "breach_p1": 0.0, "breach_p2": 0.045454545454545456, "breach_p3": 0.0, "breach_p4": 0.0, "decisions": 150, "latency_ms_per_decision": 0.01691373996436596, "replans": null, "validator_ok": 1, "runtime_s": 0.002537060994654894}, "pfifo": {"instance_id": "c09_replay_150_0125", "campus": 9, "size": 150, "track": "replay", "structure": "chain", "phi": 0.25, "eta": 0.8, "m": 1.0, "u_target": null, "u_realized": null, "method": "pfifo", "seed": 301, "twt": 95.0, "makespan": 52.8667, "mean_flow": 3.4558666666666666, "breach_share": 0.013333333333333334, "breach_p1": 0.0, "breach_p2": 0.045454545454545456, "breach_p3": 0.0, "breach_p4": 0.0, "decisions": 150, "latency_ms_per_decision": 0.013332307959596315, "replans": null, "validator_ok": 1, "runtime_s": 0.0019998461939394474}, "mor": {"instance_id": "c09_replay_150_0125", "campus": 9, "size": 150, "track": "replay", "structure": "chain", "phi": 0.25, "eta": 0.8, "m": 1.0, "u_target": null, "u_realized": null, "method": "mor", "seed": 301, "twt": 95.0, "makespan": 52.8667, "mean_flow": 3.457533333333333, "breach_share": 0.013333333333333334, "breach_p1": 0.0, "breach_p2": 0.045454545454545456, "breach_p3": 0.0, "breach_p4": 0.0, "decisions": 150, "latency_ms_per_decision": 0.11337077865997951, "replans": null, "validator_ok": 1, "runtime_s": 0.017005616798996925}, "lfj_atc": {"instance_id": "c09_replay_150_0125", "campus": 9, "size": 150, "track": "replay", "structure": "chain", "phi": 0.25, "eta": 0.8, "m": 1.0, "u_target": null, "u_realized": null, "method": "lfj_atc", "seed": 301, "twt": 95.0, "makespan": 52.8667, "mean_flow": 3.4634, "breach_share": 0.013333333333333334, "breach_p1": 0.0, "breach_p2": 0.045454545454545456, "breach_p3": 0.0, "breach_p4": 0.0, "decisions": 150, "latency_ms_per_decision": 0.09939895321925481, "replans": null, "validator_ok": 1, "runtime_s": 0.014909842982888222}, "atc_eta": {"instance_id": "c09_replay_150_0125", "campus": 9, "size": 150, "track": "replay", "structure": "chain", "phi": 0.25, "eta": 0.8, "m": 1.0, "u_target": null, "u_realized": null, "method": "atc_eta", "seed": 301, "twt": 95.0, "makespan": 52.8667, "mean_flow": 3.4634, "breach_share": 0.013333333333333334, "breach_p1": 0.0, "breach_p2": 0.045454545454545456, "breach_p3": 0.0, "breach_p4": 0.0, "decisions": 150, "latency_ms_per_decision": 0.2036715733508269, "replans": null, "validator_ok": 1, "runtime_s": 0.030550736002624035}, "random": {"instance_id": "c09_replay_150_0125", "campus": 9, "size": 150, "track": "replay", "structure": "chain", "phi": 0.25, "eta": 0.8, "m": 1.0, "u_target": null, "u_realized": null, "method": "random", "seed": 301, "twt": 95.0, "makespan": 52.8667, "mean_flow": 3.4576, "breach_share": 0.013333333333333334, "breach_p1": 0.0, "breach_p2": 0.045454545454545456, "breach_p3": 0.0, "breach_p4": 0.0, "decisions": 150, "latency_ms_per_decision": 0.07224230095744133, "replans": null, "validator_ok": 1, "runtime_s": 0.0108363451436162}, "v2mlp301": {"instance_id": "c09_replay_150_0125", "campus": 9, "size": 150, "track": "replay", "structure": "chain", "phi": 0.25, "eta": 0.8, "m": 1.0, "u_target": null, "u_realized": null, "method": "v2mlp301", "seed": 301, "twt": 95.0, "makespan": 52.8667, "mean_flow": 3.457533333333333, "breach_share": 0.013333333333333334, "breach_p1": 0.0, "breach_p2": 0.045454545454545456, "breach_p3": 0.0, "breach_p4": 0.0, "decisions": 150, "latency_ms_per_decision": 0.9380525847276052, "replans": null, "validator_ok": 1, "runtime_s": 0.14070788770914078}, "v2mlp302": {"instance_id": "c09_replay_150_0125", "campus": 9, "size": 150, "track": "replay", "structure": "chain", "phi": 0.25, "eta": 0.8, "m": 1.0, "u_target": null, "u_realized": null, "method": "v2mlp302", "seed": 302, "twt": 95.0, "makespan": 52.8667, "mean_flow": 3.5285333333333333, "breach_share": 0.013333333333333334, "breach_p1": 0.0, "breach_p2": 0.045454545454545456, "breach_p3": 0.0, "breach_p4": 0.0, "decisions": 150, "latency_ms_per_decision": 0.9997994204362234, "replans": null, "validator_ok": 1, "runtime_s": 0.1499699130654335}, "v2mlp303": {"instance_id": "c09_replay_150_0125", "campus": 9, "size": 150, "track": "replay", "structure": "chain", "phi": 0.25, "eta": 0.8, "m": 1.0, "u_target": null, "u_realized": null, "method": "v2mlp303", "seed": 303, "twt": 95.0, "makespan": 52.8667, "mean_flow": 3.4900666666666664, "breach_share": 0.013333333333333334, "breach_p1": 0.0, "breach_p2": 0.045454545454545456, "breach_p3": 0.0, "breach_p4": 0.0, "decisions": 150, "latency_ms_per_decision": 0.5232919131716093, "replans": null, "validator_ok": 1, "runtime_s": 0.07849378697574139}, "v2mlp304": {"instance_id": "c09_replay_150_0125", "campus": 9, "size": 150, "track": "replay", "structure": "chain", "phi": 0.25, "eta": 0.8, "m": 1.0, "u_target": null, "u_realized": null, "method": "v2mlp304", "seed": 304, "twt": 95.0, "makespan": 52.8667, "mean_flow": 3.4800666666666666, "breach_share": 0.013333333333333334, "breach_p1": 0.0, "breach_p2": 0.045454545454545456, "breach_p3": 0.0, "breach_p4": 0.0, "decisions": 150, "latency_ms_per_decision": 1.031358279287815, "replans": null, "validator_ok": 1, "runtime_s": 0.15470374189317226}, "v2mlp305": {"instance_id": "c09_replay_150_0125", "campus": 9, "size": 150, "track": "replay", "structure": "chain", "phi": 0.25, "eta": 0.8, "m": 1.0, "u_target": null, "u_realized": null, "method": "v2mlp305", "seed": 305, "twt": 95.0, "makespan": 52.8667, "mean_flow": 3.5683333333333334, "breach_share": 0.013333333333333334, "breach_p1": 0.0, "breach_p2": 0.045454545454545456, "breach_p3": 0.0, "breach_p4": 0.0, "decisions": 150, "latency_ms_per_decision": 0.3365345609684785, "replans": null, "validator_ok": 1, "runtime_s": 0.05048018414527178}, "v2mlp306": {"instance_id": "c09_replay_150_0125", "campus": 9, "size": 150, "track": "replay", "structure": "chain", "phi": 0.25, "eta": 0.8, "m": 1.0, "u_target": null, "u_realized": null, "method": "v2mlp306", "seed": 306, "twt": 95.0, "makespan": 52.8667, "mean_flow": 3.5405999999999995, "breach_share": 0.013333333333333334, "breach_p1": 0.0, "breach_p2": 0.045454545454545456, "breach_p3": 0.0, "breach_p4": 0.0, "decisions": 150, "latency_ms_per_decision": 1.0278038028627634, "replans": null, "validator_ok": 1, "runtime_s": 0.1541705704294145}, "v2mlp307": {"instance_id": "c09_replay_150_0125", "campus": 9, "size": 150, "track": "replay", "structure": "chain", "phi": 0.25, "eta": 0.8, "m": 1.0, "u_target": null, "u_realized": null, "method": "v2mlp307", "seed": 307, "twt": 95.0,