{"config_id": "c10_replay_150_0179__c10_gen_eta080_m060", "rows": {"edd": {"instance_id": "c10_replay_150_0179", "campus": 10, "size": 150, "track": "replay", "structure": "generalist", "phi": null, "eta": 0.8, "m": 0.6, "u_target": null, "u_realized": null, "method": "edd", "seed": 301, "twt": 26.0, "makespan": 98.0984, "mean_flow": 7.954140666666666, "breach_share": 0.006666666666666667, "breach_p1": 0.16666666666666666, "breach_p2": 0.0, "breach_p3": 0.0, "breach_p4": 0.0, "decisions": 150, "latency_ms_per_decision": 0.010258744781215986, "replans": null, "validator_ok": 1, "runtime_s": 0.0015388117171823978}, "wspt": {"instance_id": "c10_replay_150_0179", "campus": 10, "size": 150, "track": "replay", "structure": "generalist", "phi": null, "eta": 0.8, "m": 0.6, "u_target": null, "u_realized": null, "method": "wspt", "seed": 301, "twt": 26.0, "makespan": 98.0984, "mean_flow": 7.944207333333334, "breach_share": 0.006666666666666667, "breach_p1": 0.16666666666666666, "breach_p2": 0.0, "breach_p3": 0.0, "breach_p4": 0.0, "decisions": 150, "latency_ms_per_decision": 0.0906585684667031, "replans": null, "validator_ok": 1, "runtime_s": 0.013598785270005465}, "atc": {"instance_id": "c10_replay_150_0179", "campus": 10, "size": 150, "track": "replay", "structure": "generalist", "phi": null, "eta": 0.8, "m": 0.6, "u_target": null, "u_realized": null, "method": "atc", "seed": 301, "twt": 26.0, "makespan": 98.0984, "mean_flow": 7.964453333333332, "breach_share": 0.006666666666666667, "breach_p1": 0.16666666666666666, "breach_p2": 0.0, "breach_p3": 0.0, "breach_p4": 0.0, "decisions": 150, "latency_ms_per_decision": 0.01320520726342996, "replans": null, "validator_ok": 1, "runtime_s": 0.001980781089514494}, "pfifo": {"instance_id": "c10_replay_150_0179", "campus": 10, "size": 150, "track": "replay", "structure": "generalist", "phi": null, "eta": 0.8, "m": 0.6, "u_target": null, "u_realized": null, "method": "pfifo", "seed": 301, "twt": 26.0, "makespan": 98.0984, "mean_flow": 7.954140666666666, "breach_share": 0.006666666666666667, "breach_p1": 0.16666666666666666, "breach_p2": 0.0, "breach_p3": 0.0, "breach_p4": 0.0, "decisions": 150, "latency_ms_per_decision": 0.010673599317669868, "replans": null, "validator_ok": 1, "runtime_s": 0.0016010398976504803}, "mor": {"instance_id": "c10_replay_150_0179", "campus": 10, "size": 150, "track": "replay", "structure": "generalist", "phi": null, "eta": 0.8, "m": 0.6, "u_target": null, "u_realized": null, "method": "mor", "seed": 301, "twt": 26.0, "makespan": 98.0984, "mean_flow": 7.9639240000000004, "breach_share": 0.006666666666666667, "breach_p1": 0.16666666666666666, "breach_p2": 0.0, "breach_p3": 0.0, "breach_p4": 0.0, "decisions": 150, "latency_ms_per_decision": 0.05045229258636633, "replans": null, "validator_ok": 1, "runtime_s": 0.00756784388795495}, "lfj_atc": {"instance_id": "c10_replay_150_0179", "campus": 10, "size": 150, "track": "replay", "structure": "generalist", "phi": null, "eta": 0.8, "m": 0.6, "u_target": null, "u_realized": null, "method": "lfj_atc", "seed": 301, "twt": 26.0, "makespan": 98.0984, "mean_flow": 7.964453333333332, "breach_share": 0.006666666666666667, "breach_p1": 0.16666666666666666, "breach_p2": 0.0, "breach_p3": 0.0, "breach_p4": 0.0, "decisions": 150, "latency_ms_per_decision": 0.013856592898567518, "replans": null, "validator_ok": 1, "runtime_s": 0.0020784889347851276}, "atc_eta": {"instance_id": "c10_replay_150_0179", "campus": 10, "size": 150, "track": "replay", "structure": "generalist", "phi": null, "eta": 0.8, "m": 0.6, "u_target": null, "u_realized": null, "method": "atc_eta", "seed": 301, "twt": 26.0, "makespan": 98.0984, "mean_flow": 7.964453333333332, "breach_share": 0.006666666666666667, "breach_p1": 0.16666666666666666, "breach_p2": 0.0, "breach_p3": 0.0, "breach_p4": 0.0, "decisions": 150, "latency_ms_per_decision": 0.06308044617374738, "replans": null, "validator_ok": 1, "runtime_s": 0.009462066926062107}, "random": {"instance_id": "c10_replay_150_0179", "campus": 10, "size": 150, "track": "replay", "structure": "generalist", "phi": null, "eta": 0.8, "m": 0.6, "u_target": null, "u_realized": null, "method": "random", "seed": 301, "twt": 26.0, "makespan": 98.0984, "mean_flow": 7.950588666666666, "breach_share": 0.006666666666666667, "breach_p1": 0.16666666666666666, "breach_p2": 0.0, "breach_p3": 0.0, "breach_p4": 0.0, "decisions": 150, "latency_ms_per_decision": 0.009913494189580282, "replans": null, "validator_ok": 1, "runtime_s": 0.0014870241284370422}, "v2mlp301": {"instance_id": "c10_replay_150_0179", "campus": 10, "size": 150, "track": "replay", "structure": "generalist", "phi": null, "eta": 0.8, "m": 0.6, "u_target": null, "u_realized": null, "method": "v2mlp301", "seed": 301, "twt": 26.0, "makespan": 98.0984, "mean_flow": 7.949453333333331, "breach_share": 0.006666666666666667, "breach_p1": 0.16666666666666666, "breach_p2": 0.0, "breach_p3": 0.0, "breach_p4": 0.0, "decisions": 150, "latency_ms_per_decision": 0.4749934996167819, "replans": null, "validator_ok": 1, "runtime_s": 0.07124902494251728}, "v2mlp302": {"instance_id": "c10_replay_150_0179", "campus": 10, "size": 150, "track": "replay", "structure": "generalist", "phi": null, "eta": 0.8, "m": 0.6, "u_target": null, "u_realized": null, "method": "v2mlp302", "seed": 302, "twt": 26.0, "makespan": 98.0984, "mean_flow": 8.298075999999998, "breach_share": 0.006666666666666667, "breach_p1": 0.16666666666666666, "breach_p2": 0.0, "breach_p3": 0.0, "breach_p4": 0.0, "decisions": 150, "latency_ms_per_decision": 0.5846129730343819, "replans": null, "validator_ok": 1, "runtime_s": 0.08769194595515728}, "v2mlp303": {"instance_id": "c10_replay_150_0179", "campus": 10, "size": 150, "track": "replay", "structure": "generalist", "phi": null, "eta": 0.8, "m": 0.6, "u_target": null, "u_realized": null, "method": "v2mlp303", "seed": 303, "twt": 26.0, "makespan": 98.0984, "mean_flow": 8.062044666666667, "breach_share": 0.006666666666666667, "breach_p1": 0.16666666666666666, "breach_p2": 0.0, "breach_p3": 0.0, "breach_p4": 0.0, "decisions": 150, "latency_ms_per_decision": 0.6181779721130928, "replans": null, "validator_ok": 1, "runtime_s": 0.09272669581696391}, "v2mlp304": {"instance_id": "c10_replay_150_0179", "campus": 10, "size": 150, "track": "replay", "structure": "generalist", "phi": null, "eta": 0.8, "m": 0.6, "u_target": null, "u_realized": null, "method": "v2mlp304", "seed": 304, "twt": 26.0, "makespan": 98.0984, "mean_flow": 7.995564666666666, "breach_share": 0.006666666666666667, "breach_p1": 0.16666666666666666, "breach_p2": 0.0, "breach_p3": 0.0, "breach_p4": 0.0, "decisions": 150, "latency_ms_per_decision": 0.3457904265572627, "replans": null, "validator_ok": 1, "runtime_s": 0.05186856398358941}, "v2mlp305": {"instance_id": "c10_replay_150_0179", "campus": 10, "size": 150, "track": "replay", "structure": "generalist", "phi": null, "eta": 0.8, "m": 0.6, "u_target": null, "u_realized": null, "method": "v2mlp305", "seed": 305, "twt": 26.0, "makespan": 98.0984, "mean_flow": 8.000096000000001, "breach_share": 0.006666666666666667, "breach_p1": 0.16666666666666666, "breach_p2": 0.0, "breach_p3": 0.0, "breach_p4": 0.0, "decisions": 150, "latency_ms_per_decision": 0.5357527205099663, "replans": null, "validator_ok": 1, "runtime_s": 0.08036290807649493}, "v2mlp306": {"instance_id": "c10_replay_150_0179", "campus": 10, "size": 150, "track": "replay", "structure": "generalist", "phi": null, "eta": 0.8, "m": 0.6, "u_target": null, "u_realized": null, "method": "v2mlp306", "seed": 306, "twt": 26.0, "makespan": 120.82310000000001, "mean_flow": 8.467114666666667, "breach_share": 0.006666666666666667, "breach_p1": 0.16666666666666666, "breach_p2": 0.0, "breach_p3": 0.0, "breach_p4": 0.0, "decisions": 150, "latency_ms_per_decision": 0.1958929467946291, "replans": null, "validator_ok": 1, "runtime_s": 0.029383942019194365}, "v2mlp307": {"instance_id": "c10_replay_150_0179", "campus": 10, "size": 150, "track": "replay",