{"config_id": "c10_replay_150_0122__c10_gen_eta100_m100", "rows": {"edd": {"instance_id": "c10_replay_150_0122", "campus": 10, "size": 150, "track": "replay", "structure": "generalist", "phi": null, "eta": 1.0, "m": 1.0, "u_target": null, "u_realized": null, "method": "edd", "seed": 301, "twt": 23.999999999999986, "makespan": 41.5586, "mean_flow": 2.9, "breach_share": 0.006666666666666667, "breach_p1": 0.0, "breach_p2": 0.034482758620689655, "breach_p3": 0.0, "breach_p4": 0.0, "decisions": 150, "latency_ms_per_decision": 0.055668133621414505, "replans": null, "validator_ok": 1, "runtime_s": 0.008350220043212175}, "wspt": {"instance_id": "c10_replay_150_0122", "campus": 10, "size": 150, "track": "replay", "structure": "generalist", "phi": null, "eta": 1.0, "m": 1.0, "u_target": null, "u_realized": null, "method": "wspt", "seed": 301, "twt": 23.999999999999986, "makespan": 41.5586, "mean_flow": 2.9, "breach_share": 0.006666666666666667, "breach_p1": 0.0, "breach_p2": 0.034482758620689655, "breach_p3": 0.0, "breach_p4": 0.0, "decisions": 150, "latency_ms_per_decision": 0.021372071156899135, "replans": null, "validator_ok": 1, "runtime_s": 0.00320581067353487}, "atc": {"instance_id": "c10_replay_150_0122", "campus": 10, "size": 150, "track": "replay", "structure": "generalist", "phi": null, "eta": 1.0, "m": 1.0, "u_target": null, "u_realized": null, "method": "atc", "seed": 301, "twt": 23.999999999999986, "makespan": 41.5586, "mean_flow": 2.9, "breach_share": 0.006666666666666667, "breach_p1": 0.0, "breach_p2": 0.034482758620689655, "breach_p3": 0.0, "breach_p4": 0.0, "decisions": 150, "latency_ms_per_decision": 0.023540367061893146, "replans": null, "validator_ok": 1, "runtime_s": 0.003531055059283972}, "pfifo": {"instance_id": "c10_replay_150_0122", "campus": 10, "size": 150, "track": "replay", "structure": "generalist", "phi": null, "eta": 1.0, "m": 1.0, "u_target": null, "u_realized": null, "method": "pfifo", "seed": 301, "twt": 23.999999999999986, "makespan": 41.5586, "mean_flow": 2.9, "breach_share": 0.006666666666666667, "breach_p1": 0.0, "breach_p2": 0.034482758620689655, "breach_p3": 0.0, "breach_p4": 0.0, "decisions": 150, "latency_ms_per_decision": 0.028165079032381374, "replans": null, "validator_ok": 1, "runtime_s": 0.004224761854857206}, "mor": {"instance_id": "c10_replay_150_0122", "campus": 10, "size": 150, "track": "replay", "structure": "generalist", "phi": null, "eta": 1.0, "m": 1.0, "u_target": null, "u_realized": null, "method": "mor", "seed": 301, "twt": 23.999999999999986, "makespan": 41.5586, "mean_flow": 2.9, "breach_share": 0.006666666666666667, "breach_p1": 0.0, "breach_p2": 0.034482758620689655, "breach_p3": 0.0, "breach_p4": 0.0, "decisions": 150, "latency_ms_per_decision": 0.035011606911818184, "replans": null, "validator_ok": 1, "runtime_s": 0.005251741036772728}, "lfj_atc": {"instance_id": "c10_replay_150_0122", "campus": 10, "size": 150, "track": "replay", "structure": "generalist", "phi": null, "eta": 1.0, "m": 1.0, "u_target": null, "u_realized": null, "method": "lfj_atc", "seed": 301, "twt": 23.999999999999986, "makespan": 41.5586, "mean_flow": 2.9, "breach_share": 0.006666666666666667, "breach_p1": 0.0, "breach_p2": 0.034482758620689655, "breach_p3": 0.0, "breach_p4": 0.0, "decisions": 150, "latency_ms_per_decision": 0.018086594839890797, "replans": null, "validator_ok": 1, "runtime_s": 0.0027129892259836197}, "atc_eta": {"instance_id": "c10_replay_150_0122", "campus": 10, "size": 150, "track": "replay", "structure": "generalist", "phi": null, "eta": 1.0, "m": 1.0, "u_target": null, "u_realized": null, "method": "atc_eta", "seed": 301, "twt": 23.999999999999986, "makespan": 41.5586, "mean_flow": 2.9, "breach_share": 0.006666666666666667, "breach_p1": 0.0, "breach_p2": 0.034482758620689655, "breach_p3": 0.0, "breach_p4": 0.0, "decisions": 150, "latency_ms_per_decision": 0.0947992131114006, "replans": null, "validator_ok": 1, "runtime_s": 0.01421988196671009}, "random": {"instance_id": "c10_replay_150_0122", "campus": 10, "size": 150, "track": "replay", "structure": "generalist", "phi": null, "eta": 1.0, "m": 1.0, "u_target": null, "u_realized": null, "method": "random", "seed": 301, "twt": 23.999999999999986, "makespan": 41.5586, "mean_flow": 2.9, "breach_share": 0.006666666666666667, "breach_p1": 0.0, "breach_p2": 0.034482758620689655, "breach_p3": 0.0, "breach_p4": 0.0, "decisions": 150, "latency_ms_per_decision": 0.03463671232263247, "replans": null, "validator_ok": 1, "runtime_s": 0.005195506848394871}, "v2mlp301": {"instance_id": "c10_replay_150_0122", "campus": 10, "size": 150, "track": "replay", "structure": "generalist", "phi": null, "eta": 1.0, "m": 1.0, "u_target": null, "u_realized": null, "method": "v2mlp301", "seed": 301, "twt": 23.999999999999986, "makespan": 41.5586, "mean_flow": 2.9011346666666666, "breach_share": 0.006666666666666667, "breach_p1": 0.0, "breach_p2": 0.034482758620689655, "breach_p3": 0.0, "breach_p4": 0.0, "decisions": 150, "latency_ms_per_decision": 0.2020356928308805, "replans": null, "validator_ok": 1, "runtime_s": 0.030305353924632072}, "v2mlp302": {"instance_id": "c10_replay_150_0122", "campus": 10, "size": 150, "track": "replay", "structure": "generalist", "phi": null, "eta": 1.0, "m": 1.0, "u_target": null, "u_realized": null, "method": "v2mlp302", "seed": 302, "twt": 23.999999999999986, "makespan": 41.5586, "mean_flow": 2.905228666666667, "breach_share": 0.006666666666666667, "breach_p1": 0.0, "breach_p2": 0.034482758620689655, "breach_p3": 0.0, "breach_p4": 0.0, "decisions": 150, "latency_ms_per_decision": 0.19379392576714358, "replans": null, "validator_ok": 1, "runtime_s": 0.029069088865071535}, "v2mlp303": {"instance_id": "c10_replay_150_0122", "campus": 10, "size": 150, "track": "replay", "structure": "generalist", "phi": null, "eta": 1.0, "m": 1.0, "u_target": null, "u_realized": null, "method": "v2mlp303", "seed": 303, "twt": 23.999999999999986, "makespan": 41.5586, "mean_flow": 2.9010386666666665, "breach_share": 0.006666666666666667, "breach_p1": 0.0, "breach_p2": 0.034482758620689655, "breach_p3": 0.0, "breach_p4": 0.0, "decisions": 150, "latency_ms_per_decision": 0.20128989902635416, "replans": null, "validator_ok": 1, "runtime_s": 0.030193484853953123}, "v2mlp304": {"instance_id": "c10_replay_150_0122", "campus": 10, "size": 150, "track": "replay", "structure": "generalist", "phi": null, "eta": 1.0, "m": 1.0, "u_target": null, "u_realized": null, "method": "v2mlp304", "seed": 304, "twt": 23.999999999999986, "makespan": 41.5586, "mean_flow": 2.9, "breach_share": 0.006666666666666667, "breach_p1": 0.0, "breach_p2": 0.034482758620689655, "breach_p3": 0.0, "breach_p4": 0.0, "decisions": 150, "latency_ms_per_decision": 0.28023567361136276, "replans": null, "validator_ok": 1, "runtime_s": 0.042035351041704416}, "v2mlp305": {"instance_id": "c10_replay_150_0122", "campus": 10, "size": 150, "track": "replay", "structure": "generalist", "phi": null, "eta": 1.0, "m": 1.0, "u_target": null, "u_realized": null, "method": "v2mlp305", "seed": 305, "twt": 23.999999999999986, "makespan": 41.5586, "mean_flow": 2.9, "breach_share": 0.006666666666666667, "breach_p1": 0.0, "breach_p2": 0.034482758620689655, "breach_p3": 0.0, "breach_p4": 0.0, "decisions": 150, "latency_ms_per_decision": 0.24718965403735638, "replans": null, "validator_ok": 1, "runtime_s": 0.037078448105603456}, "v2mlp306": {"instance_id": "c10_replay_150_0122", "campus": 10, "size": 150, "track": "replay", "structure": "generalist", "phi": null, "eta": 1.0, "m": 1.0, "u_target": null, "u_realized": null, "method": "v2mlp306", "seed": 306, "twt": 23.999999999999986, "makespan": 41.5586, "mean_flow": 2.90936, "breach_share": 0.006666666666666667, "breach_p1": 0.0, "breach_p2": 0.034482758620689655, "breach_p3": 0.0, "breach_p4": 0.0, "decisions": 150, "latency_ms_per_decision": 0.3075374197214842, "replans": null, "validator_ok": 1, "runtime_s": 0.04613061295822263}, "v2mlp307": {"instance_id": "c10_replay_150_0122",