{"config_id": "c10_replay_400_0117__c10_chain_phi050_eta100_m100", "rows": {"edd": {"instance_id": "c10_replay_400_0117", "campus": 10, "size": 400, "track": "replay", "structure": "chain", "phi": 0.5, "eta": 1.0, "m": 1.0, "u_target": null, "u_realized": null, "method": "edd", "seed": 301, "twt": 226.0, "makespan": 94.97200000000001, "mean_flow": 4.797542, "breach_share": 0.005, "breach_p1": 0.09090909090909091, "breach_p2": 0.034482758620689655, "breach_p3": 0.0, "breach_p4": 0.0, "decisions": 400, "latency_ms_per_decision": 0.01563993515446782, "replans": null, "validator_ok": 1, "runtime_s": 0.0062559740617871284}, "wspt": {"instance_id": "c10_replay_400_0117", "campus": 10, "size": 400, "track": "replay", "structure": "chain", "phi": 0.5, "eta": 1.0, "m": 1.0, "u_target": null, "u_realized": null, "method": "wspt", "seed": 301, "twt": 231.0, "makespan": 94.97200000000001, "mean_flow": 4.648194750000001, "breach_share": 0.005, "breach_p1": 0.09090909090909091, "breach_p2": 0.034482758620689655, "breach_p3": 0.0, "breach_p4": 0.0, "decisions": 400, "latency_ms_per_decision": 0.06795581546612084, "replans": null, "validator_ok": 1, "runtime_s": 0.027182326186448336}, "atc": {"instance_id": "c10_replay_400_0117", "campus": 10, "size": 400, "track": "replay", "structure": "chain", "phi": 0.5, "eta": 1.0, "m": 1.0, "u_target": null, "u_realized": null, "method": "atc", "seed": 301, "twt": 226.0, "makespan": 94.97200000000001, "mean_flow": 4.7302764999999996, "breach_share": 0.005, "breach_p1": 0.09090909090909091, "breach_p2": 0.034482758620689655, "breach_p3": 0.0, "breach_p4": 0.0, "decisions": 400, "latency_ms_per_decision": 0.030123087344691157, "replans": null, "validator_ok": 1, "runtime_s": 0.012049234937876463}, "pfifo": {"instance_id": "c10_replay_400_0117", "campus": 10, "size": 400, "track": "replay", "structure": "chain", "phi": 0.5, "eta": 1.0, "m": 1.0, "u_target": null, "u_realized": null, "method": "pfifo", "seed": 301, "twt": 226.0, "makespan": 94.97200000000001, "mean_flow": 4.797542, "breach_share": 0.005, "breach_p1": 0.09090909090909091, "breach_p2": 0.034482758620689655, "breach_p3": 0.0, "breach_p4": 0.0, "decisions": 400, "latency_ms_per_decision": 0.017864617984741926, "replans": null, "validator_ok": 1, "runtime_s": 0.0071458471938967705}, "mor": {"instance_id": "c10_replay_400_0117", "campus": 10, "size": 400, "track": "replay", "structure": "chain", "phi": 0.5, "eta": 1.0, "m": 1.0, "u_target": null, "u_realized": null, "method": "mor", "seed": 301, "twt": 226.0, "makespan": 94.97200000000001, "mean_flow": 5.059761999999999, "breach_share": 0.005, "breach_p1": 0.09090909090909091, "breach_p2": 0.034482758620689655, "breach_p3": 0.0, "breach_p4": 0.0, "decisions": 400, "latency_ms_per_decision": 0.015746670542284846, "replans": null, "validator_ok": 1, "runtime_s": 0.0062986682169139385}, "lfj_atc": {"instance_id": "c10_replay_400_0117", "campus": 10, "size": 400, "track": "replay", "structure": "chain", "phi": 0.5, "eta": 1.0, "m": 1.0, "u_target": null, "u_realized": null, "method": "lfj_atc", "seed": 301, "twt": 226.0, "makespan": 94.97200000000001, "mean_flow": 4.7302764999999996, "breach_share": 0.005, "breach_p1": 0.09090909090909091, "breach_p2": 0.034482758620689655, "breach_p3": 0.0, "breach_p4": 0.0, "decisions": 400, "latency_ms_per_decision": 0.03259996301494539, "replans": null, "validator_ok": 1, "runtime_s": 0.013039985205978155}, "atc_eta": {"instance_id": "c10_replay_400_0117", "campus": 10, "size": 400, "track": "replay", "structure": "chain", "phi": 0.5, "eta": 1.0, "m": 1.0, "u_target": null, "u_realized": null, "method": "atc_eta", "seed": 301, "twt": 226.0, "makespan": 94.97200000000001, "mean_flow": 4.7302764999999996, "breach_share": 0.005, "breach_p1": 0.09090909090909091, "breach_p2": 0.034482758620689655, "breach_p3": 0.0, "breach_p4": 0.0, "decisions": 400, "latency_ms_per_decision": 0.0512429722584784, "replans": null, "validator_ok": 1, "runtime_s": 0.02049718890339136}, "random": {"instance_id": "c10_replay_400_0117", "campus": 10, "size": 400, "track": "replay", "structure": "chain", "phi": 0.5, "eta": 1.0, "m": 1.0, "u_target": null, "u_realized": null, "method": "random", "seed": 301, "twt": 226.0, "makespan": 94.97200000000001, "mean_flow": 4.7547295, "breach_share": 0.005, "breach_p1": 0.09090909090909091, "breach_p2": 0.034482758620689655, "breach_p3": 0.0, "breach_p4": 0.0, "decisions": 400, "latency_ms_per_decision": 0.01088493037968874, "replans": null, "validator_ok": 1, "runtime_s": 0.004353972151875496}, "v2mlp301": {"instance_id": "c10_replay_400_0117", "campus": 10, "size": 400, "track": "replay", "structure": "chain", "phi": 0.5, "eta": 1.0, "m": 1.0, "u_target": null, "u_realized": null, "method": "v2mlp301", "seed": 301, "twt": 226.0, "makespan": 94.97200000000001, "mean_flow": 4.68285525, "breach_share": 0.005, "breach_p1": 0.09090909090909091, "breach_p2": 0.034482758620689655, "breach_p3": 0.0, "breach_p4": 0.0, "decisions": 400, "latency_ms_per_decision": 0.752781555056572, "replans": null, "validator_ok": 1, "runtime_s": 0.3011126220226288}, "v2mlp302": {"instance_id": "c10_replay_400_0117", "campus": 10, "size": 400, "track": "replay", "structure": "chain", "phi": 0.5, "eta": 1.0, "m": 1.0, "u_target": null, "u_realized": null, "method": "v2mlp302", "seed": 302, "twt": 226.0, "makespan": 95.1148, "mean_flow": 4.886936, "breach_share": 0.005, "breach_p1": 0.09090909090909091, "breach_p2": 0.034482758620689655, "breach_p3": 0.0, "breach_p4": 0.0, "decisions": 400, "latency_ms_per_decision": 0.571836190065369, "replans": null, "validator_ok": 1, "runtime_s": 0.2287344760261476}, "v2mlp303": {"instance_id": "c10_replay_400_0117", "campus": 10, "size": 400, "track": "replay", "structure": "chain", "phi": 0.5, "eta": 1.0, "m": 1.0, "u_target": null, "u_realized": null, "method": "v2mlp303", "seed": 303, "twt": 226.0, "makespan": 95.1148, "mean_flow": 5.10038625, "breach_share": 0.005, "breach_p1": 0.09090909090909091, "breach_p2": 0.034482758620689655, "breach_p3": 0.0, "breach_p4": 0.0, "decisions": 400, "latency_ms_per_decision": 1.3243204611353576, "replans": null, "validator_ok": 1, "runtime_s": 0.529728184454143}, "v2mlp304": {"instance_id": "c10_replay_400_0117", "campus": 10, "size": 400, "track": "replay", "structure": "chain", "phi": 0.5, "eta": 1.0, "m": 1.0, "u_target": null, "u_realized": null, "method": "v2mlp304", "seed": 304, "twt": 226.0, "makespan": 95.1148, "mean_flow": 4.842933250000001, "breach_share": 0.005, "breach_p1": 0.09090909090909091, "breach_p2": 0.034482758620689655, "breach_p3": 0.0, "breach_p4": 0.0, "decisions": 400, "latency_ms_per_decision": 1.3705713406670839, "replans": null, "validator_ok": 1, "runtime_s": 0.5482285362668335}, "v2mlp305": {"instance_id": "c10_replay_400_0117", "campus": 10, "size": 400, "track": "replay", "structure": "chain", "phi": 0.5, "eta": 1.0, "m": 1.0, "u_target": null, "u_realized": null, "method": "v2mlp305", "seed": 305, "twt": 226.0, "makespan": 94.97200000000001, "mean_flow": 4.7104455000000005, "breach_share": 0.005, "breach_p1": 0.09090909090909091, "breach_p2": 0.034482758620689655, "breach_p3": 0.0, "breach_p4": 0.0, "decisions": 400, "latency_ms_per_decision": 2.6763242669403553, "replans": null, "validator_ok": 1, "runtime_s": 1.0705297067761421}, "v2mlp306": {"instance_id": "c10_replay_400_0117", "campus": 10, "size": 400, "track": "replay", "structure": "chain", "phi": 0.5, "eta": 1.0, "m": 1.0, "u_target": null, "u_realized": null, "method": "v2mlp306", "seed": 306, "twt": 226.0, "makespan": 95.2248, "mean_flow": 5.15883, "breach_share": 0.005, "breach_p1": 0.09090909090909091, "breach_p2": 0.034482758620689655, "breach_p3": 0.0, "breach_p4": 0.0, "decisions": 400, "latency_ms_per_decision": 1.684077417012304, "replans": null, "validator_ok": 1, "runtime_s": 0.6736309668049216}, "v2mlp307": {"instance_id": "c10_replay_400_0117", "campus": 10, "size": 400, "track": "replay", "structure": "chain",