{"config_id": "c10_replay_400_0184__c10_chain_phi050_eta100_m060", "rows": {"edd": {"instance_id": "c10_replay_400_0184", "campus": 10, "size": 400, "track": "replay", "structure": "chain", "phi": 0.5, "eta": 1.0, "m": 0.6, "u_target": null, "u_realized": null, "method": "edd", "seed": 301, "twt": 49.709999999999994, "makespan": 94.1306, "mean_flow": 3.73097325, "breach_share": 0.0075, "breach_p1": 0.14285714285714285, "breach_p2": 0.08, "breach_p3": 0.0, "breach_p4": 0.0, "decisions": 400, "latency_ms_per_decision": 0.05215442506596446, "replans": null, "validator_ok": 1, "runtime_s": 0.020861770026385784}, "wspt": {"instance_id": "c10_replay_400_0184", "campus": 10, "size": 400, "track": "replay", "structure": "chain", "phi": 0.5, "eta": 1.0, "m": 0.6, "u_target": null, "u_realized": null, "method": "wspt", "seed": 301, "twt": 82.71, "makespan": 94.1306, "mean_flow": 2.8974580000000003, "breach_share": 0.0075, "breach_p1": 0.14285714285714285, "breach_p2": 0.08, "breach_p3": 0.0, "breach_p4": 0.0, "decisions": 400, "latency_ms_per_decision": 0.047506894916296005, "replans": null, "validator_ok": 1, "runtime_s": 0.019002757966518402}, "atc": {"instance_id": "c10_replay_400_0184", "campus": 10, "size": 400, "track": "replay", "structure": "chain", "phi": 0.5, "eta": 1.0, "m": 0.6, "u_target": null, "u_realized": null, "method": "atc", "seed": 301, "twt": 48.709999999999994, "makespan": 94.1306, "mean_flow": 3.38639475, "breach_share": 0.0075, "breach_p1": 0.14285714285714285, "breach_p2": 0.08, "breach_p3": 0.0, "breach_p4": 0.0, "decisions": 400, "latency_ms_per_decision": 0.08971387287601829, "replans": null, "validator_ok": 1, "runtime_s": 0.035885549150407314}, "pfifo": {"instance_id": "c10_replay_400_0184", "campus": 10, "size": 400, "track": "replay", "structure": "chain", "phi": 0.5, "eta": 1.0, "m": 0.6, "u_target": null, "u_realized": null, "method": "pfifo", "seed": 301, "twt": 49.709999999999994, "makespan": 94.1306, "mean_flow": 3.73097325, "breach_share": 0.0075, "breach_p1": 0.14285714285714285, "breach_p2": 0.08, "breach_p3": 0.0, "breach_p4": 0.0, "decisions": 400, "latency_ms_per_decision": 0.06513674394227564, "replans": null, "validator_ok": 1, "runtime_s": 0.026054697576910257}, "mor": {"instance_id": "c10_replay_400_0184", "campus": 10, "size": 400, "track": "replay", "structure": "chain", "phi": 0.5, "eta": 1.0, "m": 0.6, "u_target": null, "u_realized": null, "method": "mor", "seed": 301, "twt": 53.709999999999994, "makespan": 94.1306, "mean_flow": 4.20033425, "breach_share": 0.0075, "breach_p1": 0.14285714285714285, "breach_p2": 0.08, "breach_p3": 0.0, "breach_p4": 0.0, "decisions": 400, "latency_ms_per_decision": 0.07181759574450552, "replans": null, "validator_ok": 1, "runtime_s": 0.02872703829780221}, "lfj_atc": {"instance_id": "c10_replay_400_0184", "campus": 10, "size": 400, "track": "replay", "structure": "chain", "phi": 0.5, "eta": 1.0, "m": 0.6, "u_target": null, "u_realized": null, "method": "lfj_atc", "seed": 301, "twt": 48.709999999999994, "makespan": 94.1306, "mean_flow": 3.3870197500000008, "breach_share": 0.0075, "breach_p1": 0.14285714285714285, "breach_p2": 0.08, "breach_p3": 0.0, "breach_p4": 0.0, "decisions": 400, "latency_ms_per_decision": 0.11192669277079403, "replans": null, "validator_ok": 1, "runtime_s": 0.044770677108317614}, "atc_eta": {"instance_id": "c10_replay_400_0184", "campus": 10, "size": 400, "track": "replay", "structure": "chain", "phi": 0.5, "eta": 1.0, "m": 0.6, "u_target": null, "u_realized": null, "method": "atc_eta", "seed": 301, "twt": 48.709999999999994, "makespan": 94.1306, "mean_flow": 3.38639475, "breach_share": 0.0075, "breach_p1": 0.14285714285714285, "breach_p2": 0.08, "breach_p3": 0.0, "breach_p4": 0.0, "decisions": 400, "latency_ms_per_decision": 0.15048295026645064, "replans": null, "validator_ok": 1, "runtime_s": 0.06019318010658026}, "random": {"instance_id": "c10_replay_400_0184", "campus": 10, "size": 400, "track": "replay", "structure": "chain", "phi": 0.5, "eta": 1.0, "m": 0.6, "u_target": null, "u_realized": null, "method": "random", "seed": 301, "twt": 59.14999999999999, "makespan": 94.1306, "mean_flow": 3.359347, "breach_share": 0.0075, "breach_p1": 0.14285714285714285, "breach_p2": 0.08, "breach_p3": 0.0, "breach_p4": 0.0, "decisions": 400, "latency_ms_per_decision": 0.02915931516326964, "replans": null, "validator_ok": 1, "runtime_s": 0.011663726065307856}, "v2mlp301": {"instance_id": "c10_replay_400_0184", "campus": 10, "size": 400, "track": "replay", "structure": "chain", "phi": 0.5, "eta": 1.0, "m": 0.6, "u_target": null, "u_realized": null, "method": "v2mlp301", "seed": 301, "twt": 54.709999999999994, "makespan": 94.1306, "mean_flow": 2.99827025, "breach_share": 0.0075, "breach_p1": 0.14285714285714285, "breach_p2": 0.08, "breach_p3": 0.0, "breach_p4": 0.0, "decisions": 400, "latency_ms_per_decision": 0.9357114799786359, "replans": null, "validator_ok": 1, "runtime_s": 0.37428459199145436}, "v2mlp302": {"instance_id": "c10_replay_400_0184", "campus": 10, "size": 400, "track": "replay", "structure": "chain", "phi": 0.5, "eta": 1.0, "m": 0.6, "u_target": null, "u_realized": null, "method": "v2mlp302", "seed": 302, "twt": 48.14999999999999, "makespan": 94.1306, "mean_flow": 3.8773842499999995, "breach_share": 0.0075, "breach_p1": 0.14285714285714285, "breach_p2": 0.08, "breach_p3": 0.0, "breach_p4": 0.0, "decisions": 400, "latency_ms_per_decision": 1.3117484515532851, "replans": null, "validator_ok": 1, "runtime_s": 0.524699380621314}, "v2mlp303": {"instance_id": "c10_replay_400_0184", "campus": 10, "size": 400, "track": "replay", "structure": "chain", "phi": 0.5, "eta": 1.0, "m": 0.6, "u_target": null, "u_realized": null, "method": "v2mlp303", "seed": 303, "twt": 49.709999999999994, "makespan": 94.1306, "mean_flow": 4.2819727499999996, "breach_share": 0.0075, "breach_p1": 0.14285714285714285, "breach_p2": 0.08, "breach_p3": 0.0, "breach_p4": 0.0, "decisions": 400, "latency_ms_per_decision": 1.2548542930744588, "replans": null, "validator_ok": 1, "runtime_s": 0.5019417172297835}, "v2mlp304": {"instance_id": "c10_replay_400_0184", "campus": 10, "size": 400, "track": "replay", "structure": "chain", "phi": 0.5, "eta": 1.0, "m": 0.6, "u_target": null, "u_realized": null, "method": "v2mlp304", "seed": 304, "twt": 49.709999999999994, "makespan": 94.1306, "mean_flow": 4.2793905, "breach_share": 0.0075, "breach_p1": 0.14285714285714285, "breach_p2": 0.08, "breach_p3": 0.0, "breach_p4": 0.0, "decisions": 400, "latency_ms_per_decision": 0.8862418273929507, "replans": null, "validator_ok": 1, "runtime_s": 0.35449673095718026}, "v2mlp305": {"instance_id": "c10_replay_400_0184", "campus": 10, "size": 400, "track": "replay", "structure": "chain", "phi": 0.5, "eta": 1.0, "m": 0.6, "u_target": null, "u_realized": null, "method": "v2mlp305", "seed": 305, "twt": 48.06999999999999, "makespan": 94.1306, "mean_flow": 3.3087542500000002, "breach_share": 0.0075, "breach_p1": 0.14285714285714285, "breach_p2": 0.08, "breach_p3": 0.0, "breach_p4": 0.0, "decisions": 400, "latency_ms_per_decision": 1.5813560248352587, "replans": null, "validator_ok": 1, "runtime_s": 0.6325424099341035}, "v2mlp306": {"instance_id": "c10_replay_400_0184", "campus": 10, "size": 400, "track": "replay", "structure": "chain", "phi": 0.5, "eta": 1.0, "m": 0.6, "u_target": null, "u_realized": null, "method": "v2mlp306", "seed": 306, "twt": 49.709999999999994, "makespan": 94.1306, "mean_flow": 4.4736765, "breach_share": 0.0075, "breach_p1": 0.14285714285714285, "breach_p2": 0.08, "breach_p3": 0.0, "breach_p4": 0.0, "decisions": 400, "latency_ms_per_decision": 2.0434459496755153, "replans": null, "validator_ok": 1, "runtime_s": 0.8173783798702061}, "v2mlp307": {"instance_id": "c10_replay_400_0184", "campus": 10, "size": 400, "track": "replay", "structure": "chain", "phi": 0.5, "eta": 1.0, "m": 0.6, "u_target": null, "u_realized": null, "method": "v2mlp307", "seed": 307, "twt": 51.709999999999994, "makespan": 94.1306,