{"config_id": "c10_replay_400_0156__c10_chain_phi025_eta080_m100", "rows": {"edd": {"instance_id": "c10_replay_400_0156", "campus": 10, "size": 400, "track": "replay", "structure": "chain", "phi": 0.25, "eta": 0.8, "m": 1.0, "u_target": null, "u_realized": null, "method": "edd", "seed": 301, "twt": 269.4592, "makespan": 96.16590000000001, "mean_flow": 4.081033, "breach_share": 0.005, "breach_p1": 0.0, "breach_p2": 0.038461538461538464, "breach_p3": 0.016129032258064516, "breach_p4": 0.0, "decisions": 400, "latency_ms_per_decision": 0.0617715367116034, "replans": null, "validator_ok": 1, "runtime_s": 0.02470861468464136}, "wspt": {"instance_id": "c10_replay_400_0156", "campus": 10, "size": 400, "track": "replay", "structure": "chain", "phi": 0.25, "eta": 0.8, "m": 1.0, "u_target": null, "u_realized": null, "method": "wspt", "seed": 301, "twt": 269.4592, "makespan": 96.16590000000001, "mean_flow": 3.11852225, "breach_share": 0.005, "breach_p1": 0.0, "breach_p2": 0.038461538461538464, "breach_p3": 0.016129032258064516, "breach_p4": 0.0, "decisions": 400, "latency_ms_per_decision": 0.08415770018473268, "replans": null, "validator_ok": 1, "runtime_s": 0.03366308007389307}, "atc": {"instance_id": "c10_replay_400_0156", "campus": 10, "size": 400, "track": "replay", "structure": "chain", "phi": 0.25, "eta": 0.8, "m": 1.0, "u_target": null, "u_realized": null, "method": "atc", "seed": 301, "twt": 269.4592, "makespan": 96.16590000000001, "mean_flow": 3.1991035, "breach_share": 0.005, "breach_p1": 0.0, "breach_p2": 0.038461538461538464, "breach_p3": 0.016129032258064516, "breach_p4": 0.0, "decisions": 400, "latency_ms_per_decision": 0.09628018480725586, "replans": null, "validator_ok": 1, "runtime_s": 0.038512073922902346}, "pfifo": {"instance_id": "c10_replay_400_0156", "campus": 10, "size": 400, "track": "replay", "structure": "chain", "phi": 0.25, "eta": 0.8, "m": 1.0, "u_target": null, "u_realized": null, "method": "pfifo", "seed": 301, "twt": 269.4592, "makespan": 96.16590000000001, "mean_flow": 4.081033, "breach_share": 0.005, "breach_p1": 0.0, "breach_p2": 0.038461538461538464, "breach_p3": 0.016129032258064516, "breach_p4": 0.0, "decisions": 400, "latency_ms_per_decision": 0.38327840506099164, "replans": null, "validator_ok": 1, "runtime_s": 0.15331136202439666}, "mor": {"instance_id": "c10_replay_400_0156", "campus": 10, "size": 400, "track": "replay", "structure": "chain", "phi": 0.25, "eta": 0.8, "m": 1.0, "u_target": null, "u_realized": null, "method": "mor", "seed": 301, "twt": 269.4592, "makespan": 96.16590000000001, "mean_flow": 4.50495275, "breach_share": 0.005, "breach_p1": 0.0, "breach_p2": 0.038461538461538464, "breach_p3": 0.016129032258064516, "breach_p4": 0.0, "decisions": 400, "latency_ms_per_decision": 0.05383381969295442, "replans": null, "validator_ok": 1, "runtime_s": 0.02153352787718177}, "lfj_atc": {"instance_id": "c10_replay_400_0156", "campus": 10, "size": 400, "track": "replay", "structure": "chain", "phi": 0.25, "eta": 0.8, "m": 1.0, "u_target": null, "u_realized": null, "method": "lfj_atc", "seed": 301, "twt": 269.4592, "makespan": 96.16590000000001, "mean_flow": 3.1991035, "breach_share": 0.005, "breach_p1": 0.0, "breach_p2": 0.038461538461538464, "breach_p3": 0.016129032258064516, "breach_p4": 0.0, "decisions": 400, "latency_ms_per_decision": 0.09049708023667336, "replans": null, "validator_ok": 1, "runtime_s": 0.03619883209466934}, "atc_eta": {"instance_id": "c10_replay_400_0156", "campus": 10, "size": 400, "track": "replay", "structure": "chain", "phi": 0.25, "eta": 0.8, "m": 1.0, "u_target": null, "u_realized": null, "method": "atc_eta", "seed": 301, "twt": 269.4592, "makespan": 96.16590000000001, "mean_flow": 3.1991035, "breach_share": 0.005, "breach_p1": 0.0, "breach_p2": 0.038461538461538464, "breach_p3": 0.016129032258064516, "breach_p4": 0.0, "decisions": 400, "latency_ms_per_decision": 0.14294147258624434, "replans": null, "validator_ok": 1, "runtime_s": 0.05717658903449774}, "random": {"instance_id": "c10_replay_400_0156", "campus": 10, "size": 400, "track": "replay", "structure": "chain", "phi": 0.25, "eta": 0.8, "m": 1.0, "u_target": null, "u_realized": null, "method": "random", "seed": 301, "twt": 269.4592, "makespan": 96.16590000000001, "mean_flow": 3.458573, "breach_share": 0.005, "breach_p1": 0.0, "breach_p2": 0.038461538461538464, "breach_p3": 0.016129032258064516, "breach_p4": 0.0, "decisions": 400, "latency_ms_per_decision": 0.03142223577015102, "replans": null, "validator_ok": 1, "runtime_s": 0.012568894308060408}, "v2mlp301": {"instance_id": "c10_replay_400_0156", "campus": 10, "size": 400, "track": "replay", "structure": "chain", "phi": 0.25, "eta": 0.8, "m": 1.0, "u_target": null, "u_realized": null, "method": "v2mlp301", "seed": 301, "twt": 269.4592, "makespan": 96.16590000000001, "mean_flow": 3.21898875, "breach_share": 0.005, "breach_p1": 0.0, "breach_p2": 0.038461538461538464, "breach_p3": 0.016129032258064516, "breach_p4": 0.0, "decisions": 400, "latency_ms_per_decision": 0.4921741026919335, "replans": null, "validator_ok": 1, "runtime_s": 0.1968696410767734}, "v2mlp302": {"instance_id": "c10_replay_400_0156", "campus": 10, "size": 400, "track": "replay", "structure": "chain", "phi": 0.25, "eta": 0.8, "m": 1.0, "u_target": null, "u_realized": null, "method": "v2mlp302", "seed": 302, "twt": 269.4592, "makespan": 96.16590000000001, "mean_flow": 3.5685160000000002, "breach_share": 0.005, "breach_p1": 0.0, "breach_p2": 0.038461538461538464, "breach_p3": 0.016129032258064516, "breach_p4": 0.0, "decisions": 400, "latency_ms_per_decision": 0.5869808094576001, "replans": null, "validator_ok": 1, "runtime_s": 0.23479232378304005}, "v2mlp303": {"instance_id": "c10_replay_400_0156", "campus": 10, "size": 400, "track": "replay", "structure": "chain", "phi": 0.25, "eta": 0.8, "m": 1.0, "u_target": null, "u_realized": null, "method": "v2mlp303", "seed": 303, "twt": 269.4592, "makespan": 96.16590000000001, "mean_flow": 3.2161315000000004, "breach_share": 0.005, "breach_p1": 0.0, "breach_p2": 0.038461538461538464, "breach_p3": 0.016129032258064516, "breach_p4": 0.0, "decisions": 400, "latency_ms_per_decision": 0.5679919256363064, "replans": null, "validator_ok": 1, "runtime_s": 0.22719677025452256}, "v2mlp304": {"instance_id": "c10_replay_400_0156", "campus": 10, "size": 400, "track": "replay", "structure": "chain", "phi": 0.25, "eta": 0.8, "m": 1.0, "u_target": null, "u_realized": null, "method": "v2mlp304", "seed": 304, "twt": 269.4592, "makespan": 96.16590000000001, "mean_flow": 4.292084, "breach_share": 0.005, "breach_p1": 0.0, "breach_p2": 0.038461538461538464, "breach_p3": 0.016129032258064516, "breach_p4": 0.0, "decisions": 400, "latency_ms_per_decision": 0.696241402765736, "replans": null, "validator_ok": 1, "runtime_s": 0.2784965611062944}, "v2mlp305": {"instance_id": "c10_replay_400_0156", "campus": 10, "size": 400, "track": "replay", "structure": "chain", "phi": 0.25, "eta": 0.8, "m": 1.0, "u_target": null, "u_realized": null, "method": "v2mlp305", "seed": 305, "twt": 309.9592, "makespan": 101.25, "mean_flow": 3.65361125, "breach_share": 0.005, "breach_p1": 0.0, "breach_p2": 0.038461538461538464, "breach_p3": 0.016129032258064516, "breach_p4": 0.0, "decisions": 400, "latency_ms_per_decision": 0.7289234409108758, "replans": null, "validator_ok": 1, "runtime_s": 0.2915693763643503}, "v2mlp306": {"instance_id": "c10_replay_400_0156", "campus": 10, "size": 400, "track": "replay", "structure": "chain", "phi": 0.25, "eta": 0.8, "m": 1.0, "u_target": null, "u_realized": null, "method": "v2mlp306", "seed": 306, "twt": 269.4592, "makespan": 96.16590000000001, "mean_flow": 4.4612015000000005, "breach_share": 0.005, "breach_p1": 0.0, "breach_p2": 0.038461538461538464, "breach_p3": 0.016129032258064516, "breach_p4": 0.0, "decisions": 400, "latency_ms_per_decision": 1.1422223004046828, "replans": null, "validator_ok": 1, "runtime_s": 0.4568889201618731}, "v2mlp307": {"instance_id": "c10_replay_400_0156",