{"config_id": "c10_replay_150_0102__c10_gen_eta100_m100", "rows": {"edd": {"instance_id": "c10_replay_150_0102", "campus": 10, "size": 150, "track": "replay", "structure": "generalist", "phi": null, "eta": 1.0, "m": 1.0, "u_target": null, "u_realized": null, "method": "edd", "seed": 301, "twt": 662.9184, "makespan": 93.4431, "mean_flow": 7.783026666666666, "breach_share": 0.006666666666666667, "breach_p1": 0.3333333333333333, "breach_p2": 0.0, "breach_p3": 0.0, "breach_p4": 0.0, "decisions": 150, "latency_ms_per_decision": 0.06486351291338603, "replans": null, "validator_ok": 1, "runtime_s": 0.009729526937007904}, "wspt": {"instance_id": "c10_replay_150_0102", "campus": 10, "size": 150, "track": "replay", "structure": "generalist", "phi": null, "eta": 1.0, "m": 1.0, "u_target": null, "u_realized": null, "method": "wspt", "seed": 301, "twt": 662.9184, "makespan": 93.4431, "mean_flow": 7.783026666666668, "breach_share": 0.006666666666666667, "breach_p1": 0.3333333333333333, "breach_p2": 0.0, "breach_p3": 0.0, "breach_p4": 0.0, "decisions": 150, "latency_ms_per_decision": 0.08535553390781085, "replans": null, "validator_ok": 1, "runtime_s": 0.012803330086171627}, "atc": {"instance_id": "c10_replay_150_0102", "campus": 10, "size": 150, "track": "replay", "structure": "generalist", "phi": null, "eta": 1.0, "m": 1.0, "u_target": null, "u_realized": null, "method": "atc", "seed": 301, "twt": 662.9184, "makespan": 93.4431, "mean_flow": 7.783026666666666, "breach_share": 0.006666666666666667, "breach_p1": 0.3333333333333333, "breach_p2": 0.0, "breach_p3": 0.0, "breach_p4": 0.0, "decisions": 150, "latency_ms_per_decision": 0.04635624587535858, "replans": null, "validator_ok": 1, "runtime_s": 0.006953436881303787}, "pfifo": {"instance_id": "c10_replay_150_0102", "campus": 10, "size": 150, "track": "replay", "structure": "generalist", "phi": null, "eta": 1.0, "m": 1.0, "u_target": null, "u_realized": null, "method": "pfifo", "seed": 301, "twt": 662.9184, "makespan": 93.4431, "mean_flow": 7.783026666666666, "breach_share": 0.006666666666666667, "breach_p1": 0.3333333333333333, "breach_p2": 0.0, "breach_p3": 0.0, "breach_p4": 0.0, "decisions": 150, "latency_ms_per_decision": 0.07145215136309464, "replans": null, "validator_ok": 1, "runtime_s": 0.010717822704464197}, "mor": {"instance_id": "c10_replay_150_0102", "campus": 10, "size": 150, "track": "replay", "structure": "generalist", "phi": null, "eta": 1.0, "m": 1.0, "u_target": null, "u_realized": null, "method": "mor", "seed": 301, "twt": 662.9184, "makespan": 93.4431, "mean_flow": 7.7830266666666645, "breach_share": 0.006666666666666667, "breach_p1": 0.3333333333333333, "breach_p2": 0.0, "breach_p3": 0.0, "breach_p4": 0.0, "decisions": 150, "latency_ms_per_decision": 0.09102451304594676, "replans": null, "validator_ok": 1, "runtime_s": 0.013653676956892014}, "lfj_atc": {"instance_id": "c10_replay_150_0102", "campus": 10, "size": 150, "track": "replay", "structure": "generalist", "phi": null, "eta": 1.0, "m": 1.0, "u_target": null, "u_realized": null, "method": "lfj_atc", "seed": 301, "twt": 662.9184, "makespan": 93.4431, "mean_flow": 7.783026666666666, "breach_share": 0.006666666666666667, "breach_p1": 0.3333333333333333, "breach_p2": 0.0, "breach_p3": 0.0, "breach_p4": 0.0, "decisions": 150, "latency_ms_per_decision": 0.05382709205150604, "replans": null, "validator_ok": 1, "runtime_s": 0.008074063807725906}, "atc_eta": {"instance_id": "c10_replay_150_0102", "campus": 10, "size": 150, "track": "replay", "structure": "generalist", "phi": null, "eta": 1.0, "m": 1.0, "u_target": null, "u_realized": null, "method": "atc_eta", "seed": 301, "twt": 662.9184, "makespan": 93.4431, "mean_flow": 7.783026666666666, "breach_share": 0.006666666666666667, "breach_p1": 0.3333333333333333, "breach_p2": 0.0, "breach_p3": 0.0, "breach_p4": 0.0, "decisions": 150, "latency_ms_per_decision": 0.14866851891080538, "replans": null, "validator_ok": 1, "runtime_s": 0.022300277836620808}, "random": {"instance_id": "c10_replay_150_0102", "campus": 10, "size": 150, "track": "replay", "structure": "generalist", "phi": null, "eta": 1.0, "m": 1.0, "u_target": null, "u_realized": null, "method": "random", "seed": 301, "twt": 662.9184, "makespan": 93.4431, "mean_flow": 7.783026666666666, "breach_share": 0.006666666666666667, "breach_p1": 0.3333333333333333, "breach_p2": 0.0, "breach_p3": 0.0, "breach_p4": 0.0, "decisions": 150, "latency_ms_per_decision": 0.03717537969350815, "replans": null, "validator_ok": 1, "runtime_s": 0.005576306954026222}, "v2mlp301": {"instance_id": "c10_replay_150_0102", "campus": 10, "size": 150, "track": "replay", "structure": "generalist", "phi": null, "eta": 1.0, "m": 1.0, "u_target": null, "u_realized": null, "method": "v2mlp301", "seed": 301, "twt": 662.9184, "makespan": 93.4431, "mean_flow": 7.783160000000001, "breach_share": 0.006666666666666667, "breach_p1": 0.3333333333333333, "breach_p2": 0.0, "breach_p3": 0.0, "breach_p4": 0.0, "decisions": 150, "latency_ms_per_decision": 0.22649909369647503, "replans": null, "validator_ok": 1, "runtime_s": 0.033974864054471254}, "v2mlp302": {"instance_id": "c10_replay_150_0102", "campus": 10, "size": 150, "track": "replay", "structure": "generalist", "phi": null, "eta": 1.0, "m": 1.0, "u_target": null, "u_realized": null, "method": "v2mlp302", "seed": 302, "twt": 662.9184, "makespan": 93.4431, "mean_flow": 7.78396, "breach_share": 0.006666666666666667, "breach_p1": 0.3333333333333333, "breach_p2": 0.0, "breach_p3": 0.0, "breach_p4": 0.0, "decisions": 150, "latency_ms_per_decision": 0.20849240633348623, "replans": null, "validator_ok": 1, "runtime_s": 0.031273860950022936}, "v2mlp303": {"instance_id": "c10_replay_150_0102", "campus": 10, "size": 150, "track": "replay", "structure": "generalist", "phi": null, "eta": 1.0, "m": 1.0, "u_target": null, "u_realized": null, "method": "v2mlp303", "seed": 303, "twt": 662.9184, "makespan": 93.4431, "mean_flow": 7.785293333333334, "breach_share": 0.006666666666666667, "breach_p1": 0.3333333333333333, "breach_p2": 0.0, "breach_p3": 0.0, "breach_p4": 0.0, "decisions": 150, "latency_ms_per_decision": 0.22327877270678678, "replans": null, "validator_ok": 1, "runtime_s": 0.03349181590601802}, "v2mlp304": {"instance_id": "c10_replay_150_0102", "campus": 10, "size": 150, "track": "replay", "structure": "generalist", "phi": null, "eta": 1.0, "m": 1.0, "u_target": null, "u_realized": null, "method": "v2mlp304", "seed": 304, "twt": 662.9184, "makespan": 93.4431, "mean_flow": 7.783026666666668, "breach_share": 0.006666666666666667, "breach_p1": 0.3333333333333333, "breach_p2": 0.0, "breach_p3": 0.0, "breach_p4": 0.0, "decisions": 150, "latency_ms_per_decision": 0.77992784169813, "replans": null, "validator_ok": 1, "runtime_s": 0.1169891762547195}, "v2mlp305": {"instance_id": "c10_replay_150_0102", "campus": 10, "size": 150, "track": "replay", "structure": "generalist", "phi": null, "eta": 1.0, "m": 1.0, "u_target": null, "u_realized": null, "method": "v2mlp305", "seed": 305, "twt": 662.9184, "makespan": 93.4431, "mean_flow": 7.7830266666666645, "breach_share": 0.006666666666666667, "breach_p1": 0.3333333333333333, "breach_p2": 0.0, "breach_p3": 0.0, "breach_p4": 0.0, "decisions": 150, "latency_ms_per_decision": 1.0844885340581338, "replans": null, "validator_ok": 1, "runtime_s": 0.16267328010872006}, "v2mlp306": {"instance_id": "c10_replay_150_0102", "campus": 10, "size": 150, "track": "replay", "structure": "generalist", "phi": null, "eta": 1.0, "m": 1.0, "u_target": null, "u_realized": null, "method": "v2mlp306", "seed": 306, "twt": 662.9184, "makespan": 93.4431, "mean_flow": 7.784893333333333, "breach_share": 0.006666666666666667, "breach_p1": 0.3333333333333333, "breach_p2": 0.0, "breach_p3": 0.0, "breach_p4": 0.0, "decisions": 150, "latency_ms_per_decision": 0.9826041044046482, "replans": null, "validator_ok": 1, "runtime_s": 0.14739061566069722}, "v2mlp307": {"instance_id": "c10_replay_150_0102", "campus": 10, "size": 150,