{"config_id": "c10_replay_150_0135__c10_gen_eta080_m100", "rows": {"edd": {"instance_id": "c10_replay_150_0135", "campus": 10, "size": 150, "track": "replay", "structure": "generalist", "phi": null, "eta": 0.8, "m": 1.0, "u_target": null, "u_realized": null, "method": "edd", "seed": 301, "twt": 23.999999999999986, "makespan": 95.6962, "mean_flow": 8.467162666666667, "breach_share": 0.006666666666666667, "breach_p1": 0.0, "breach_p2": 0.02564102564102564, "breach_p3": 0.0, "breach_p4": 0.0, "decisions": 150, "latency_ms_per_decision": 0.014874584351976713, "replans": null, "validator_ok": 1, "runtime_s": 0.002231187652796507}, "wspt": {"instance_id": "c10_replay_150_0135", "campus": 10, "size": 150, "track": "replay", "structure": "generalist", "phi": null, "eta": 0.8, "m": 1.0, "u_target": null, "u_realized": null, "method": "wspt", "seed": 301, "twt": 23.999999999999986, "makespan": 95.6962, "mean_flow": 8.469629333333334, "breach_share": 0.006666666666666667, "breach_p1": 0.0, "breach_p2": 0.02564102564102564, "breach_p3": 0.0, "breach_p4": 0.0, "decisions": 150, "latency_ms_per_decision": 0.014438374588886896, "replans": null, "validator_ok": 1, "runtime_s": 0.0021657561883330345}, "atc": {"instance_id": "c10_replay_150_0135", "campus": 10, "size": 150, "track": "replay", "structure": "generalist", "phi": null, "eta": 0.8, "m": 1.0, "u_target": null, "u_realized": null, "method": "atc", "seed": 301, "twt": 23.999999999999986, "makespan": 95.6962, "mean_flow": 8.469629333333334, "breach_share": 0.006666666666666667, "breach_p1": 0.0, "breach_p2": 0.02564102564102564, "breach_p3": 0.0, "breach_p4": 0.0, "decisions": 150, "latency_ms_per_decision": 0.016151728729406994, "replans": null, "validator_ok": 1, "runtime_s": 0.002422759309411049}, "pfifo": {"instance_id": "c10_replay_150_0135", "campus": 10, "size": 150, "track": "replay", "structure": "generalist", "phi": null, "eta": 0.8, "m": 1.0, "u_target": null, "u_realized": null, "method": "pfifo", "seed": 301, "twt": 23.999999999999986, "makespan": 95.6962, "mean_flow": 8.467162666666667, "breach_share": 0.006666666666666667, "breach_p1": 0.0, "breach_p2": 0.02564102564102564, "breach_p3": 0.0, "breach_p4": 0.0, "decisions": 150, "latency_ms_per_decision": 0.01452449398736159, "replans": null, "validator_ok": 1, "runtime_s": 0.0021786740981042385}, "mor": {"instance_id": "c10_replay_150_0135", "campus": 10, "size": 150, "track": "replay", "structure": "generalist", "phi": null, "eta": 0.8, "m": 1.0, "u_target": null, "u_realized": null, "method": "mor", "seed": 301, "twt": 23.999999999999986, "makespan": 95.6962, "mean_flow": 8.467162666666667, "breach_share": 0.006666666666666667, "breach_p1": 0.0, "breach_p2": 0.02564102564102564, "breach_p3": 0.0, "breach_p4": 0.0, "decisions": 150, "latency_ms_per_decision": 0.01445467583835125, "replans": null, "validator_ok": 1, "runtime_s": 0.0021682013757526875}, "lfj_atc": {"instance_id": "c10_replay_150_0135", "campus": 10, "size": 150, "track": "replay", "structure": "generalist", "phi": null, "eta": 0.8, "m": 1.0, "u_target": null, "u_realized": null, "method": "lfj_atc", "seed": 301, "twt": 23.999999999999986, "makespan": 95.6962, "mean_flow": 8.469629333333334, "breach_share": 0.006666666666666667, "breach_p1": 0.0, "breach_p2": 0.02564102564102564, "breach_p3": 0.0, "breach_p4": 0.0, "decisions": 150, "latency_ms_per_decision": 0.017434805631637573, "replans": null, "validator_ok": 1, "runtime_s": 0.002615220844745636}, "atc_eta": {"instance_id": "c10_replay_150_0135", "campus": 10, "size": 150, "track": "replay", "structure": "generalist", "phi": null, "eta": 0.8, "m": 1.0, "u_target": null, "u_realized": null, "method": "atc_eta", "seed": 301, "twt": 23.999999999999986, "makespan": 95.6962, "mean_flow": 8.469629333333334, "breach_share": 0.006666666666666667, "breach_p1": 0.0, "breach_p2": 0.02564102564102564, "breach_p3": 0.0, "breach_p4": 0.0, "decisions": 150, "latency_ms_per_decision": 0.0712383600572745, "replans": null, "validator_ok": 1, "runtime_s": 0.010685754008591175}, "random": {"instance_id": "c10_replay_150_0135", "campus": 10, "size": 150, "track": "replay", "structure": "generalist", "phi": null, "eta": 0.8, "m": 1.0, "u_target": null, "u_realized": null, "method": "random", "seed": 301, "twt": 23.999999999999986, "makespan": 95.6962, "mean_flow": 8.467162666666667, "breach_share": 0.006666666666666667, "breach_p1": 0.0, "breach_p2": 0.02564102564102564, "breach_p3": 0.0, "breach_p4": 0.0, "decisions": 150, "latency_ms_per_decision": 0.01441723977526029, "replans": null, "validator_ok": 1, "runtime_s": 0.0021625859662890434}, "v2mlp301": {"instance_id": "c10_replay_150_0135", "campus": 10, "size": 150, "track": "replay", "structure": "generalist", "phi": null, "eta": 0.8, "m": 1.0, "u_target": null, "u_realized": null, "method": "v2mlp301", "seed": 301, "twt": 23.999999999999986, "makespan": 95.6962, "mean_flow": 8.551686666666667, "breach_share": 0.006666666666666667, "breach_p1": 0.0, "breach_p2": 0.02564102564102564, "breach_p3": 0.0, "breach_p4": 0.0, "decisions": 150, "latency_ms_per_decision": 0.7393467674652735, "replans": null, "validator_ok": 1, "runtime_s": 0.11090201511979103}, "v2mlp302": {"instance_id": "c10_replay_150_0135", "campus": 10, "size": 150, "track": "replay", "structure": "generalist", "phi": null, "eta": 0.8, "m": 1.0, "u_target": null, "u_realized": null, "method": "v2mlp302", "seed": 302, "twt": 23.999999999999986, "makespan": 95.6962, "mean_flow": 8.715735333333333, "breach_share": 0.006666666666666667, "breach_p1": 0.0, "breach_p2": 0.02564102564102564, "breach_p3": 0.0, "breach_p4": 0.0, "decisions": 150, "latency_ms_per_decision": 0.6275757992019256, "replans": null, "validator_ok": 1, "runtime_s": 0.09413636988028884}, "v2mlp303": {"instance_id": "c10_replay_150_0135", "campus": 10, "size": 150, "track": "replay", "structure": "generalist", "phi": null, "eta": 0.8, "m": 1.0, "u_target": null, "u_realized": null, "method": "v2mlp303", "seed": 303, "twt": 23.999999999999986, "makespan": 95.6962, "mean_flow": 8.528496000000002, "breach_share": 0.006666666666666667, "breach_p1": 0.0, "breach_p2": 0.02564102564102564, "breach_p3": 0.0, "breach_p4": 0.0, "decisions": 150, "latency_ms_per_decision": 0.711500799904267, "replans": null, "validator_ok": 1, "runtime_s": 0.10672511998564005}, "v2mlp304": {"instance_id": "c10_replay_150_0135", "campus": 10, "size": 150, "track": "replay", "structure": "generalist", "phi": null, "eta": 0.8, "m": 1.0, "u_target": null, "u_realized": null, "method": "v2mlp304", "seed": 304, "twt": 23.999999999999986, "makespan": 95.6962, "mean_flow": 8.467162666666667, "breach_share": 0.006666666666666667, "breach_p1": 0.0, "breach_p2": 0.02564102564102564, "breach_p3": 0.0, "breach_p4": 0.0, "decisions": 150, "latency_ms_per_decision": 1.1896880809217691, "replans": null, "validator_ok": 1, "runtime_s": 0.17845321213826537}, "v2mlp305": {"instance_id": "c10_replay_150_0135", "campus": 10, "size": 150, "track": "replay", "structure": "generalist", "phi": null, "eta": 0.8, "m": 1.0, "u_target": null, "u_realized": null, "method": "v2mlp305", "seed": 305, "twt": 23.999999999999986, "makespan": 95.6962, "mean_flow": 8.497162666666668, "breach_share": 0.006666666666666667, "breach_p1": 0.0, "breach_p2": 0.02564102564102564, "breach_p3": 0.0, "breach_p4": 0.0, "decisions": 150, "latency_ms_per_decision": 1.1299487203359604, "replans": null, "validator_ok": 1, "runtime_s": 0.16949230805039406}, "v2mlp306": {"instance_id": "c10_replay_150_0135", "campus": 10, "size": 150, "track": "replay", "structure": "generalist", "phi": null, "eta": 0.8, "m": 1.0, "u_target": null, "u_realized": null, "method": "v2mlp306", "seed": 306, "twt": 23.999999999999986, "makespan": 95.6962, "mean_flow": 8.560655333333335, "breach_share": 0.006666666666666667, "breach_p1": 0.0, "breach_p2": 0.02564102564102564, "breach_p3": 0.0, "breach_p4": 0.0, "decisions": 150, "latency_ms_per_decision": 1.121410873408119,