{"config_id": "c10_replay_400_0135__c10_chain_phi025_eta100_m060", "rows": {"edd": {"instance_id": "c10_replay_400_0135", "campus": 10, "size": 400, "track": "replay", "structure": "chain", "phi": 0.25, "eta": 1.0, "m": 0.6, "u_target": null, "u_realized": null, "method": "edd", "seed": 301, "twt": 23.999999999999986, "makespan": 95.6962, "mean_flow": 5.094908, "breach_share": 0.0025, "breach_p1": 0.0, "breach_p2": 0.013157894736842105, "breach_p3": 0.0, "breach_p4": 0.0, "decisions": 400, "latency_ms_per_decision": 0.007558765355497599, "replans": null, "validator_ok": 1, "runtime_s": 0.0030235061421990395}, "wspt": {"instance_id": "c10_replay_400_0135", "campus": 10, "size": 400, "track": "replay", "structure": "chain", "phi": 0.25, "eta": 1.0, "m": 0.6, "u_target": null, "u_realized": null, "method": "wspt", "seed": 301, "twt": 23.999999999999986, "makespan": 95.6962, "mean_flow": 4.878895749999999, "breach_share": 0.0025, "breach_p1": 0.0, "breach_p2": 0.013157894736842105, "breach_p3": 0.0, "breach_p4": 0.0, "decisions": 400, "latency_ms_per_decision": 0.0078122178092598915, "replans": null, "validator_ok": 1, "runtime_s": 0.0031248871237039566}, "atc": {"instance_id": "c10_replay_400_0135", "campus": 10, "size": 400, "track": "replay", "structure": "chain", "phi": 0.25, "eta": 1.0, "m": 0.6, "u_target": null, "u_realized": null, "method": "atc", "seed": 301, "twt": 23.999999999999986, "makespan": 95.6962, "mean_flow": 5.06933975, "breach_share": 0.0025, "breach_p1": 0.0, "breach_p2": 0.013157894736842105, "breach_p3": 0.0, "breach_p4": 0.0, "decisions": 400, "latency_ms_per_decision": 0.010825005592778325, "replans": null, "validator_ok": 1, "runtime_s": 0.00433000223711133}, "pfifo": {"instance_id": "c10_replay_400_0135", "campus": 10, "size": 400, "track": "replay", "structure": "chain", "phi": 0.25, "eta": 1.0, "m": 0.6, "u_target": null, "u_realized": null, "method": "pfifo", "seed": 301, "twt": 23.999999999999986, "makespan": 95.6962, "mean_flow": 5.094908, "breach_share": 0.0025, "breach_p1": 0.0, "breach_p2": 0.013157894736842105, "breach_p3": 0.0, "breach_p4": 0.0, "decisions": 400, "latency_ms_per_decision": 0.007952081505209208, "replans": null, "validator_ok": 1, "runtime_s": 0.003180832602083683}, "mor": {"instance_id": "c10_replay_400_0135", "campus": 10, "size": 400, "track": "replay", "structure": "chain", "phi": 0.25, "eta": 1.0, "m": 0.6, "u_target": null, "u_realized": null, "method": "mor", "seed": 301, "twt": 23.999999999999986, "makespan": 95.6962, "mean_flow": 5.3253505, "breach_share": 0.0025, "breach_p1": 0.0, "breach_p2": 0.013157894736842105, "breach_p3": 0.0, "breach_p4": 0.0, "decisions": 400, "latency_ms_per_decision": 0.007752968231216073, "replans": null, "validator_ok": 1, "runtime_s": 0.003101187292486429}, "lfj_atc": {"instance_id": "c10_replay_400_0135", "campus": 10, "size": 400, "track": "replay", "structure": "chain", "phi": 0.25, "eta": 1.0, "m": 0.6, "u_target": null, "u_realized": null, "method": "lfj_atc", "seed": 301, "twt": 23.999999999999986, "makespan": 95.6962, "mean_flow": 5.06933975, "breach_share": 0.0025, "breach_p1": 0.0, "breach_p2": 0.013157894736842105, "breach_p3": 0.0, "breach_p4": 0.0, "decisions": 400, "latency_ms_per_decision": 0.011931181652471423, "replans": null, "validator_ok": 1, "runtime_s": 0.004772472660988569}, "atc_eta": {"instance_id": "c10_replay_400_0135", "campus": 10, "size": 400, "track": "replay", "structure": "chain", "phi": 0.25, "eta": 1.0, "m": 0.6, "u_target": null, "u_realized": null, "method": "atc_eta", "seed": 301, "twt": 23.999999999999986, "makespan": 95.6962, "mean_flow": 5.06933975, "breach_share": 0.0025, "breach_p1": 0.0, "breach_p2": 0.013157894736842105, "breach_p3": 0.0, "breach_p4": 0.0, "decisions": 400, "latency_ms_per_decision": 0.01627217046916485, "replans": null, "validator_ok": 1, "runtime_s": 0.006508868187665939}, "random": {"instance_id": "c10_replay_400_0135", "campus": 10, "size": 400, "track": "replay", "structure": "chain", "phi": 0.25, "eta": 1.0, "m": 0.6, "u_target": null, "u_realized": null, "method": "random", "seed": 301, "twt": 23.999999999999986, "makespan": 95.6962, "mean_flow": 5.0014175, "breach_share": 0.0025, "breach_p1": 0.0, "breach_p2": 0.013157894736842105, "breach_p3": 0.0, "breach_p4": 0.0, "decisions": 400, "latency_ms_per_decision": 0.006608394905924797, "replans": null, "validator_ok": 1, "runtime_s": 0.002643357962369919}, "v2mlp301": {"instance_id": "c10_replay_400_0135", "campus": 10, "size": 400, "track": "replay", "structure": "chain", "phi": 0.25, "eta": 1.0, "m": 0.6, "u_target": null, "u_realized": null, "method": "v2mlp301", "seed": 301, "twt": 23.999999999999986, "makespan": 95.6962, "mean_flow": 4.9716145, "breach_share": 0.0025, "breach_p1": 0.0, "breach_p2": 0.013157894736842105, "breach_p3": 0.0, "breach_p4": 0.0, "decisions": 400, "latency_ms_per_decision": 0.22597407805733383, "replans": null, "validator_ok": 1, "runtime_s": 0.09038963122293353}, "v2mlp302": {"instance_id": "c10_replay_400_0135", "campus": 10, "size": 400, "track": "replay", "structure": "chain", "phi": 0.25, "eta": 1.0, "m": 0.6, "u_target": null, "u_realized": null, "method": "v2mlp302", "seed": 302, "twt": 23.999999999999986, "makespan": 95.6962, "mean_flow": 5.4457745, "breach_share": 0.0025, "breach_p1": 0.0, "breach_p2": 0.013157894736842105, "breach_p3": 0.0, "breach_p4": 0.0, "decisions": 400, "latency_ms_per_decision": 0.22586883744224906, "replans": null, "validator_ok": 1, "runtime_s": 0.09034753497689962}, "v2mlp303": {"instance_id": "c10_replay_400_0135", "campus": 10, "size": 400, "track": "replay", "structure": "chain", "phi": 0.25, "eta": 1.0, "m": 0.6, "u_target": null, "u_realized": null, "method": "v2mlp303", "seed": 303, "twt": 23.999999999999986, "makespan": 95.6962, "mean_flow": 5.36976375, "breach_share": 0.0025, "breach_p1": 0.0, "breach_p2": 0.013157894736842105, "breach_p3": 0.0, "breach_p4": 0.0, "decisions": 400, "latency_ms_per_decision": 0.22977757966145873, "replans": null, "validator_ok": 1, "runtime_s": 0.09191103186458349}, "v2mlp304": {"instance_id": "c10_replay_400_0135", "campus": 10, "size": 400, "track": "replay", "structure": "chain", "phi": 0.25, "eta": 1.0, "m": 0.6, "u_target": null, "u_realized": null, "method": "v2mlp304", "seed": 304, "twt": 23.999999999999986, "makespan": 95.6962, "mean_flow": 5.338856, "breach_share": 0.0025, "breach_p1": 0.0, "breach_p2": 0.013157894736842105, "breach_p3": 0.0, "breach_p4": 0.0, "decisions": 400, "latency_ms_per_decision": 0.22899833042174578, "replans": null, "validator_ok": 1, "runtime_s": 0.09159933216869831}, "v2mlp305": {"instance_id": "c10_replay_400_0135", "campus": 10, "size": 400, "track": "replay", "structure": "chain", "phi": 0.25, "eta": 1.0, "m": 0.6, "u_target": null, "u_realized": null, "method": "v2mlp305", "seed": 305, "twt": 23.999999999999986, "makespan": 95.6962, "mean_flow": 5.2218505, "breach_share": 0.0025, "breach_p1": 0.0, "breach_p2": 0.013157894736842105, "breach_p3": 0.0, "breach_p4": 0.0, "decisions": 400, "latency_ms_per_decision": 0.2630341565236449, "replans": null, "validator_ok": 1, "runtime_s": 0.10521366260945797}, "v2mlp306": {"instance_id": "c10_replay_400_0135", "campus": 10, "size": 400, "track": "replay", "structure": "chain", "phi": 0.25, "eta": 1.0, "m": 0.6, "u_target": null, "u_realized": null, "method": "v2mlp306", "seed": 306, "twt": 23.999999999999986, "makespan": 95.6962, "mean_flow": 5.63365725, "breach_share": 0.0025, "breach_p1": 0.0, "breach_p2": 0.013157894736842105, "breach_p3": 0.0, "breach_p4": 0.0, "decisions": 400, "latency_ms_per_decision": 0.2609492081683129, "replans": null, "validator_ok": 1, "runtime_s": 0.10437968326732516}, "v2mlp307": {"instance_id": "c10_replay_400_0135", "campus": 10, "size": 400, "track": "replay", "structure": "chain", "phi": 0.25, "eta": 1.0, "m": 0.6, "u_target": null, "u_realized": null, "method": "v2mlp307", "seed": 307, "twt": 23.999999999999986,