{"config_id": "c12_replay_150_0115__c12_chain_phi025_eta100_m100", "rows": {"edd": {"instance_id": "c12_replay_150_0115", "campus": 12, "size": 150, "track": "replay", "structure": "chain", "phi": 0.25, "eta": 1.0, "m": 1.0, "u_target": null, "u_realized": null, "method": "edd", "seed": 301, "twt": 801.6, "makespan": 92.6709, "mean_flow": 6.8137653333333335, "breach_share": 0.06, "breach_p1": 0.11475409836065574, "breach_p2": 0.1, "breach_p3": 0.0, "breach_p4": 0.0, "decisions": 150, "latency_ms_per_decision": 0.011142455041408539, "replans": null, "validator_ok": 1, "runtime_s": 0.0016713682562112808}, "wspt": {"instance_id": "c12_replay_150_0115", "campus": 12, "size": 150, "track": "replay", "structure": "chain", "phi": 0.25, "eta": 1.0, "m": 1.0, "u_target": null, "u_realized": null, "method": "wspt", "seed": 301, "twt": 801.6, "makespan": 92.6709, "mean_flow": 6.8137653333333335, "breach_share": 0.06, "breach_p1": 0.11475409836065574, "breach_p2": 0.1, "breach_p3": 0.0, "breach_p4": 0.0, "decisions": 150, "latency_ms_per_decision": 0.07187861328323682, "replans": null, "validator_ok": 1, "runtime_s": 0.010781791992485523}, "atc": {"instance_id": "c12_replay_150_0115", "campus": 12, "size": 150, "track": "replay", "structure": "chain", "phi": 0.25, "eta": 1.0, "m": 1.0, "u_target": null, "u_realized": null, "method": "atc", "seed": 301, "twt": 801.6, "makespan": 92.6709, "mean_flow": 6.8137653333333335, "breach_share": 0.06, "breach_p1": 0.11475409836065574, "breach_p2": 0.1, "breach_p3": 0.0, "breach_p4": 0.0, "decisions": 150, "latency_ms_per_decision": 0.06544951349496841, "replans": null, "validator_ok": 1, "runtime_s": 0.009817427024245262}, "pfifo": {"instance_id": "c12_replay_150_0115", "campus": 12, "size": 150, "track": "replay", "structure": "chain", "phi": 0.25, "eta": 1.0, "m": 1.0, "u_target": null, "u_realized": null, "method": "pfifo", "seed": 301, "twt": 801.6, "makespan": 92.6709, "mean_flow": 6.8137653333333335, "breach_share": 0.06, "breach_p1": 0.11475409836065574, "breach_p2": 0.1, "breach_p3": 0.0, "breach_p4": 0.0, "decisions": 150, "latency_ms_per_decision": 0.01173811343808969, "replans": null, "validator_ok": 1, "runtime_s": 0.0017607170157134533}, "mor": {"instance_id": "c12_replay_150_0115", "campus": 12, "size": 150, "track": "replay", "structure": "chain", "phi": 0.25, "eta": 1.0, "m": 1.0, "u_target": null, "u_realized": null, "method": "mor", "seed": 301, "twt": 801.6, "makespan": 92.6709, "mean_flow": 6.8137653333333335, "breach_share": 0.06, "breach_p1": 0.11475409836065574, "breach_p2": 0.1, "breach_p3": 0.0, "breach_p4": 0.0, "decisions": 150, "latency_ms_per_decision": 0.06448949376742046, "replans": null, "validator_ok": 1, "runtime_s": 0.009673424065113068}, "lfj_atc": {"instance_id": "c12_replay_150_0115", "campus": 12, "size": 150, "track": "replay", "structure": "chain", "phi": 0.25, "eta": 1.0, "m": 1.0, "u_target": null, "u_realized": null, "method": "lfj_atc", "seed": 301, "twt": 801.6, "makespan": 92.6709, "mean_flow": 6.8137653333333335, "breach_share": 0.06, "breach_p1": 0.11475409836065574, "breach_p2": 0.1, "breach_p3": 0.0, "breach_p4": 0.0, "decisions": 150, "latency_ms_per_decision": 0.0818621926009655, "replans": null, "validator_ok": 1, "runtime_s": 0.012279328890144825}, "atc_eta": {"instance_id": "c12_replay_150_0115", "campus": 12, "size": 150, "track": "replay", "structure": "chain", "phi": 0.25, "eta": 1.0, "m": 1.0, "u_target": null, "u_realized": null, "method": "atc_eta", "seed": 301, "twt": 801.6, "makespan": 92.6709, "mean_flow": 6.8137653333333335, "breach_share": 0.06, "breach_p1": 0.11475409836065574, "breach_p2": 0.1, "breach_p3": 0.0, "breach_p4": 0.0, "decisions": 150, "latency_ms_per_decision": 0.17314516628781954, "replans": null, "validator_ok": 1, "runtime_s": 0.02597177494317293}, "random": {"instance_id": "c12_replay_150_0115", "campus": 12, "size": 150, "track": "replay", "structure": "chain", "phi": 0.25, "eta": 1.0, "m": 1.0, "u_target": null, "u_realized": null, "method": "random", "seed": 301, "twt": 801.6, "makespan": 92.6709, "mean_flow": 6.8137653333333335, "breach_share": 0.06, "breach_p1": 0.11475409836065574, "breach_p2": 0.1, "breach_p3": 0.0, "breach_p4": 0.0, "decisions": 150, "latency_ms_per_decision": 0.010954095050692558, "replans": null, "validator_ok": 1, "runtime_s": 0.0016431142576038837}, "v2mlp301": {"instance_id": "c12_replay_150_0115", "campus": 12, "size": 150, "track": "replay", "structure": "chain", "phi": 0.25, "eta": 1.0, "m": 1.0, "u_target": null, "u_realized": null, "method": "v2mlp301", "seed": 301, "twt": 801.6, "makespan": 92.6709, "mean_flow": 6.8137653333333335, "breach_share": 0.06, "breach_p1": 0.11475409836065574, "breach_p2": 0.1, "breach_p3": 0.0, "breach_p4": 0.0, "decisions": 150, "latency_ms_per_decision": 0.3675879289706548, "replans": null, "validator_ok": 1, "runtime_s": 0.05513818934559822}, "v2mlp302": {"instance_id": "c12_replay_150_0115", "campus": 12, "size": 150, "track": "replay", "structure": "chain", "phi": 0.25, "eta": 1.0, "m": 1.0, "u_target": null, "u_realized": null, "method": "v2mlp302", "seed": 302, "twt": 801.6, "makespan": 92.6709, "mean_flow": 6.8137653333333335, "breach_share": 0.06, "breach_p1": 0.11475409836065574, "breach_p2": 0.1, "breach_p3": 0.0, "breach_p4": 0.0, "decisions": 150, "latency_ms_per_decision": 0.5233319538335005, "replans": null, "validator_ok": 1, "runtime_s": 0.07849979307502508}, "v2mlp303": {"instance_id": "c12_replay_150_0115", "campus": 12, "size": 150, "track": "replay", "structure": "chain", "phi": 0.25, "eta": 1.0, "m": 1.0, "u_target": null, "u_realized": null, "method": "v2mlp303", "seed": 303, "twt": 801.6, "makespan": 92.6709, "mean_flow": 6.8137653333333335, "breach_share": 0.06, "breach_p1": 0.11475409836065574, "breach_p2": 0.1, "breach_p3": 0.0, "breach_p4": 0.0, "decisions": 150, "latency_ms_per_decision": 0.5448060141255459, "replans": null, "validator_ok": 1, "runtime_s": 0.08172090211883187}, "v2mlp304": {"instance_id": "c12_replay_150_0115", "campus": 12, "size": 150, "track": "replay", "structure": "chain", "phi": 0.25, "eta": 1.0, "m": 1.0, "u_target": null, "u_realized": null, "method": "v2mlp304", "seed": 304, "twt": 801.6, "makespan": 92.6709, "mean_flow": 6.8137653333333335, "breach_share": 0.06, "breach_p1": 0.11475409836065574, "breach_p2": 0.1, "breach_p3": 0.0, "breach_p4": 0.0, "decisions": 150, "latency_ms_per_decision": 0.4133950546383858, "replans": null, "validator_ok": 1, "runtime_s": 0.062009258195757866}, "v2mlp305": {"instance_id": "c12_replay_150_0115", "campus": 12, "size": 150, "track": "replay", "structure": "chain", "phi": 0.25, "eta": 1.0, "m": 1.0, "u_target": null, "u_realized": null, "method": "v2mlp305", "seed": 305, "twt": 801.6, "makespan": 92.6709, "mean_flow": 6.8137653333333335, "breach_share": 0.06, "breach_p1": 0.11475409836065574, "breach_p2": 0.1, "breach_p3": 0.0, "breach_p4": 0.0, "decisions": 150, "latency_ms_per_decision": 0.5478985328227282, "replans": null, "validator_ok": 1, "runtime_s": 0.08218477992340922}, "v2mlp306": {"instance_id": "c12_replay_150_0115", "campus": 12, "size": 150, "track": "replay", "structure": "chain", "phi": 0.25, "eta": 1.0, "m": 1.0, "u_target": null, "u_realized": null, "method": "v2mlp306", "seed": 306, "twt": 801.6, "makespan": 92.6709, "mean_flow": 6.8137653333333335, "breach_share": 0.06, "breach_p1": 0.11475409836065574, "breach_p2": 0.1, "breach_p3": 0.0, "breach_p4": 0.0, "decisions": 150, "latency_ms_per_decision": 0.5209540265301863, "replans": null, "validator_ok": 1, "runtime_s": 0.07814310397952795}, "v2mlp307": {"instance_id": "c12_replay_150_0115", "campus": 12, "size": 150, "track": "replay", "structure": "chain", "phi": 0.25, "eta": 1.0, "m": 1.0, "u_target": null, "u_realized": null, "method": "v2mlp307", "seed": 307, "twt": 801.6, "makespan": 92.6709, "mean_flow": 6.8137653333333335, "breach_share": 0.06, "breach_p1": 0.11475409836065574, "breach_p2": 0.1,