{"config_id": "c12_replay_400_0065__c12_chain_phi025_eta100_m100", "rows": {"edd": {"instance_id": "c12_replay_400_0065", "campus": 12, "size": 400, "track": "replay", "structure": "chain", "phi": 0.25, "eta": 1.0, "m": 1.0, "u_target": null, "u_realized": null, "method": "edd", "seed": 301, "twt": 1462.3776, "makespan": 106.7467, "mean_flow": 6.2770617500000006, "breach_share": 0.0375, "breach_p1": 0.12903225806451613, "breach_p2": 0.06578947368421052, "breach_p3": 0.023255813953488372, "breach_p4": 0.0, "decisions": 400, "latency_ms_per_decision": 0.013968447456136346, "replans": null, "validator_ok": 1, "runtime_s": 0.005587378982454538}, "wspt": {"instance_id": "c12_replay_400_0065", "campus": 12, "size": 400, "track": "replay", "structure": "chain", "phi": 0.25, "eta": 1.0, "m": 1.0, "u_target": null, "u_realized": null, "method": "wspt", "seed": 301, "twt": 1462.3776, "makespan": 106.7467, "mean_flow": 6.2770617500000006, "breach_share": 0.0375, "breach_p1": 0.12903225806451613, "breach_p2": 0.06578947368421052, "breach_p3": 0.023255813953488372, "breach_p4": 0.0, "decisions": 400, "latency_ms_per_decision": 0.014006997225806117, "replans": null, "validator_ok": 1, "runtime_s": 0.005602798890322447}, "atc": {"instance_id": "c12_replay_400_0065", "campus": 12, "size": 400, "track": "replay", "structure": "chain", "phi": 0.25, "eta": 1.0, "m": 1.0, "u_target": null, "u_realized": null, "method": "atc", "seed": 301, "twt": 1462.3776, "makespan": 106.7467, "mean_flow": 6.2770617500000006, "breach_share": 0.0375, "breach_p1": 0.12903225806451613, "breach_p2": 0.06578947368421052, "breach_p3": 0.023255813953488372, "breach_p4": 0.0, "decisions": 400, "latency_ms_per_decision": 0.016976932529360056, "replans": null, "validator_ok": 1, "runtime_s": 0.006790773011744022}, "pfifo": {"instance_id": "c12_replay_400_0065", "campus": 12, "size": 400, "track": "replay", "structure": "chain", "phi": 0.25, "eta": 1.0, "m": 1.0, "u_target": null, "u_realized": null, "method": "pfifo", "seed": 301, "twt": 1462.3776, "makespan": 106.7467, "mean_flow": 6.2770617500000006, "breach_share": 0.0375, "breach_p1": 0.12903225806451613, "breach_p2": 0.06578947368421052, "breach_p3": 0.023255813953488372, "breach_p4": 0.0, "decisions": 400, "latency_ms_per_decision": 0.014344202354550362, "replans": null, "validator_ok": 1, "runtime_s": 0.005737680941820145}, "mor": {"instance_id": "c12_replay_400_0065", "campus": 12, "size": 400, "track": "replay", "structure": "chain", "phi": 0.25, "eta": 1.0, "m": 1.0, "u_target": null, "u_realized": null, "method": "mor", "seed": 301, "twt": 1462.3776, "makespan": 106.7467, "mean_flow": 6.2770617500000006, "breach_share": 0.0375, "breach_p1": 0.12903225806451613, "breach_p2": 0.06578947368421052, "breach_p3": 0.023255813953488372, "breach_p4": 0.0, "decisions": 400, "latency_ms_per_decision": 0.013948275009170175, "replans": null, "validator_ok": 1, "runtime_s": 0.00557931000366807}, "lfj_atc": {"instance_id": "c12_replay_400_0065", "campus": 12, "size": 400, "track": "replay", "structure": "chain", "phi": 0.25, "eta": 1.0, "m": 1.0, "u_target": null, "u_realized": null, "method": "lfj_atc", "seed": 301, "twt": 1462.3776, "makespan": 106.7467, "mean_flow": 6.2770617500000006, "breach_share": 0.0375, "breach_p1": 0.12903225806451613, "breach_p2": 0.06578947368421052, "breach_p3": 0.023255813953488372, "breach_p4": 0.0, "decisions": 400, "latency_ms_per_decision": 0.01833925023674965, "replans": null, "validator_ok": 1, "runtime_s": 0.00733570009469986}, "atc_eta": {"instance_id": "c12_replay_400_0065", "campus": 12, "size": 400, "track": "replay", "structure": "chain", "phi": 0.25, "eta": 1.0, "m": 1.0, "u_target": null, "u_realized": null, "method": "atc_eta", "seed": 301, "twt": 1462.3776, "makespan": 106.7467, "mean_flow": 6.2770617500000006, "breach_share": 0.0375, "breach_p1": 0.12903225806451613, "breach_p2": 0.06578947368421052, "breach_p3": 0.023255813953488372, "breach_p4": 0.0, "decisions": 400, "latency_ms_per_decision": 0.03854935523122549, "replans": null, "validator_ok": 1, "runtime_s": 0.015419742092490196}, "random": {"instance_id": "c12_replay_400_0065", "campus": 12, "size": 400, "track": "replay", "structure": "chain", "phi": 0.25, "eta": 1.0, "m": 1.0, "u_target": null, "u_realized": null, "method": "random", "seed": 301, "twt": 1462.3776, "makespan": 106.7467, "mean_flow": 6.2770617500000006, "breach_share": 0.0375, "breach_p1": 0.12903225806451613, "breach_p2": 0.06578947368421052, "breach_p3": 0.023255813953488372, "breach_p4": 0.0, "decisions": 400, "latency_ms_per_decision": 0.013691408094018698, "replans": null, "validator_ok": 1, "runtime_s": 0.005476563237607479}, "v2mlp301": {"instance_id": "c12_replay_400_0065", "campus": 12, "size": 400, "track": "replay", "structure": "chain", "phi": 0.25, "eta": 1.0, "m": 1.0, "u_target": null, "u_realized": null, "method": "v2mlp301", "seed": 301, "twt": 1462.3776, "makespan": 106.7467, "mean_flow": 6.2770617500000006, "breach_share": 0.0375, "breach_p1": 0.12903225806451613, "breach_p2": 0.06578947368421052, "breach_p3": 0.023255813953488372, "breach_p4": 0.0, "decisions": 400, "latency_ms_per_decision": 0.3736872284207493, "replans": null, "validator_ok": 1, "runtime_s": 0.14947489136829972}, "v2mlp302": {"instance_id": "c12_replay_400_0065", "campus": 12, "size": 400, "track": "replay", "structure": "chain", "phi": 0.25, "eta": 1.0, "m": 1.0, "u_target": null, "u_realized": null, "method": "v2mlp302", "seed": 302, "twt": 1462.3776, "makespan": 106.7467, "mean_flow": 6.2770617500000006, "breach_share": 0.0375, "breach_p1": 0.12903225806451613, "breach_p2": 0.06578947368421052, "breach_p3": 0.023255813953488372, "breach_p4": 0.0, "decisions": 400, "latency_ms_per_decision": 0.6132778350729495, "replans": null, "validator_ok": 1, "runtime_s": 0.2453111340291798}, "v2mlp303": {"instance_id": "c12_replay_400_0065", "campus": 12, "size": 400, "track": "replay", "structure": "chain", "phi": 0.25, "eta": 1.0, "m": 1.0, "u_target": null, "u_realized": null, "method": "v2mlp303", "seed": 303, "twt": 1462.3776, "makespan": 106.7467, "mean_flow": 6.2770617500000006, "breach_share": 0.0375, "breach_p1": 0.12903225806451613, "breach_p2": 0.06578947368421052, "breach_p3": 0.023255813953488372, "breach_p4": 0.0, "decisions": 400, "latency_ms_per_decision": 0.8234274724964052, "replans": null, "validator_ok": 1, "runtime_s": 0.3293709889985621}, "v2mlp304": {"instance_id": "c12_replay_400_0065", "campus": 12, "size": 400, "track": "replay", "structure": "chain", "phi": 0.25, "eta": 1.0, "m": 1.0, "u_target": null, "u_realized": null, "method": "v2mlp304", "seed": 304, "twt": 1462.3776, "makespan": 106.7467, "mean_flow": 6.2770617500000006, "breach_share": 0.0375, "breach_p1": 0.12903225806451613, "breach_p2": 0.06578947368421052, "breach_p3": 0.023255813953488372, "breach_p4": 0.0, "decisions": 400, "latency_ms_per_decision": 1.0430832649581134, "replans": null, "validator_ok": 1, "runtime_s": 0.4172333059832454}, "v2mlp305": {"instance_id": "c12_replay_400_0065", "campus": 12, "size": 400, "track": "replay", "structure": "chain", "phi": 0.25, "eta": 1.0, "m": 1.0, "u_target": null, "u_realized": null, "method": "v2mlp305", "seed": 305, "twt": 1462.3776, "makespan": 106.7467, "mean_flow": 6.278055999999999, "breach_share": 0.0375, "breach_p1": 0.12903225806451613, "breach_p2": 0.06578947368421052, "breach_p3": 0.023255813953488372, "breach_p4": 0.0, "decisions": 400, "latency_ms_per_decision": 1.6775768366642296, "replans": null, "validator_ok": 1, "runtime_s": 0.6710307346656919}, "v2mlp306": {"instance_id": "c12_replay_400_0065", "campus": 12, "size": 400, "track": "replay", "structure": "chain", "phi": 0.25, "eta": 1.0, "m": 1.0, "u_target": null, "u_realized": null, "method": "v2mlp306", "seed": 306, "twt": 1462.3776, "makespan": 106.7467, "mean_flow": 6.278219249999999, "breach_share": 0.0375, "breach_p1": 0.12903225806451613, "breach_p2": 0.06578947368421052,