{"config_id": "c12_replay_400_0083__c12_gen_eta080_m060", "rows": {"edd": {"instance_id": "c12_replay_400_0083", "campus": 12, "size": 400, "track": "replay", "structure": "generalist", "phi": null, "eta": 0.8, "m": 0.6, "u_target": null, "u_realized": null, "method": "edd", "seed": 301, "twt": 665.7296, "makespan": 97.5526, "mean_flow": 4.674281, "breach_share": 0.0375, "breach_p1": 0.1518987341772152, "breach_p2": 0.03389830508474576, "breach_p3": 0.011363636363636364, "breach_p4": 0.0, "decisions": 400, "latency_ms_per_decision": 0.041489264694973826, "replans": null, "validator_ok": 1, "runtime_s": 0.01659570587798953}, "wspt": {"instance_id": "c12_replay_400_0083", "campus": 12, "size": 400, "track": "replay", "structure": "generalist", "phi": null, "eta": 0.8, "m": 0.6, "u_target": null, "u_realized": null, "method": "wspt", "seed": 301, "twt": 673.7296, "makespan": 97.5526, "mean_flow": 4.69979925, "breach_share": 0.0375, "breach_p1": 0.1518987341772152, "breach_p2": 0.03389830508474576, "breach_p3": 0.011363636363636364, "breach_p4": 0.0, "decisions": 400, "latency_ms_per_decision": 0.04153948975726962, "replans": null, "validator_ok": 1, "runtime_s": 0.01661579590290785}, "atc": {"instance_id": "c12_replay_400_0083", "campus": 12, "size": 400, "track": "replay", "structure": "generalist", "phi": null, "eta": 0.8, "m": 0.6, "u_target": null, "u_realized": null, "method": "atc", "seed": 301, "twt": 700.7696, "makespan": 97.5526, "mean_flow": 4.692175500000001, "breach_share": 0.0375, "breach_p1": 0.1518987341772152, "breach_p2": 0.03389830508474576, "breach_p3": 0.011363636363636364, "breach_p4": 0.0, "decisions": 400, "latency_ms_per_decision": 0.04470304003916681, "replans": null, "validator_ok": 1, "runtime_s": 0.017881216015666723}, "pfifo": {"instance_id": "c12_replay_400_0083", "campus": 12, "size": 400, "track": "replay", "structure": "generalist", "phi": null, "eta": 0.8, "m": 0.6, "u_target": null, "u_realized": null, "method": "pfifo", "seed": 301, "twt": 665.7296, "makespan": 97.5526, "mean_flow": 4.674281, "breach_share": 0.0375, "breach_p1": 0.1518987341772152, "breach_p2": 0.03389830508474576, "breach_p3": 0.011363636363636364, "breach_p4": 0.0, "decisions": 400, "latency_ms_per_decision": 0.041906270198524, "replans": null, "validator_ok": 1, "runtime_s": 0.0167625080794096}, "mor": {"instance_id": "c12_replay_400_0083", "campus": 12, "size": 400, "track": "replay", "structure": "generalist", "phi": null, "eta": 0.8, "m": 0.6, "u_target": null, "u_realized": null, "method": "mor", "seed": 301, "twt": 665.7296, "makespan": 97.5526, "mean_flow": 4.673481, "breach_share": 0.0375, "breach_p1": 0.1518987341772152, "breach_p2": 0.03389830508474576, "breach_p3": 0.011363636363636364, "breach_p4": 0.0, "decisions": 400, "latency_ms_per_decision": 0.041290177032351494, "replans": null, "validator_ok": 1, "runtime_s": 0.016516070812940598}, "lfj_atc": {"instance_id": "c12_replay_400_0083", "campus": 12, "size": 400, "track": "replay", "structure": "generalist", "phi": null, "eta": 0.8, "m": 0.6, "u_target": null, "u_realized": null, "method": "lfj_atc", "seed": 301, "twt": 700.7696, "makespan": 97.5526, "mean_flow": 4.692175500000001, "breach_share": 0.0375, "breach_p1": 0.1518987341772152, "breach_p2": 0.03389830508474576, "breach_p3": 0.011363636363636364, "breach_p4": 0.0, "decisions": 400, "latency_ms_per_decision": 0.04575615981593728, "replans": null, "validator_ok": 1, "runtime_s": 0.018302463926374912}, "atc_eta": {"instance_id": "c12_replay_400_0083", "campus": 12, "size": 400, "track": "replay", "structure": "generalist", "phi": null, "eta": 0.8, "m": 0.6, "u_target": null, "u_realized": null, "method": "atc_eta", "seed": 301, "twt": 700.7696, "makespan": 97.5526, "mean_flow": 4.692175500000001, "breach_share": 0.0375, "breach_p1": 0.1518987341772152, "breach_p2": 0.03389830508474576, "breach_p3": 0.011363636363636364, "breach_p4": 0.0, "decisions": 400, "latency_ms_per_decision": 0.08898705244064331, "replans": null, "validator_ok": 1, "runtime_s": 0.035594820976257324}, "random": {"instance_id": "c12_replay_400_0083", "campus": 12, "size": 400, "track": "replay", "structure": "generalist", "phi": null, "eta": 0.8, "m": 0.6, "u_target": null, "u_realized": null, "method": "random", "seed": 301, "twt": 665.7296, "makespan": 97.5526, "mean_flow": 4.70224625, "breach_share": 0.0375, "breach_p1": 0.1518987341772152, "breach_p2": 0.03389830508474576, "breach_p3": 0.011363636363636364, "breach_p4": 0.0, "decisions": 400, "latency_ms_per_decision": 0.09921354707330465, "replans": null, "validator_ok": 1, "runtime_s": 0.03968541882932186}, "v2mlp301": {"instance_id": "c12_replay_400_0083", "campus": 12, "size": 400, "track": "replay", "structure": "generalist", "phi": null, "eta": 0.8, "m": 0.6, "u_target": null, "u_realized": null, "method": "v2mlp301", "seed": 301, "twt": 665.7296, "makespan": 97.5526, "mean_flow": 4.7752722499999996, "breach_share": 0.0375, "breach_p1": 0.1518987341772152, "breach_p2": 0.03389830508474576, "breach_p3": 0.011363636363636364, "breach_p4": 0.0, "decisions": 400, "latency_ms_per_decision": 0.270540356868878, "replans": null, "validator_ok": 1, "runtime_s": 0.1082161427475512}, "v2mlp302": {"instance_id": "c12_replay_400_0083", "campus": 12, "size": 400, "track": "replay", "structure": "generalist", "phi": null, "eta": 0.8, "m": 0.6, "u_target": null, "u_realized": null, "method": "v2mlp302", "seed": 302, "twt": 665.7296, "makespan": 97.5526, "mean_flow": 4.771029249999999, "breach_share": 0.0375, "breach_p1": 0.1518987341772152, "breach_p2": 0.03389830508474576, "breach_p3": 0.011363636363636364, "breach_p4": 0.0, "decisions": 400, "latency_ms_per_decision": 0.20882278331555426, "replans": null, "validator_ok": 1, "runtime_s": 0.0835291133262217}, "v2mlp303": {"instance_id": "c12_replay_400_0083", "campus": 12, "size": 400, "track": "replay", "structure": "generalist", "phi": null, "eta": 0.8, "m": 0.6, "u_target": null, "u_realized": null, "method": "v2mlp303", "seed": 303, "twt": 665.7296, "makespan": 97.5526, "mean_flow": 4.72949275, "breach_share": 0.0375, "breach_p1": 0.1518987341772152, "breach_p2": 0.03389830508474576, "breach_p3": 0.011363636363636364, "breach_p4": 0.0, "decisions": 400, "latency_ms_per_decision": 0.18484636093489826, "replans": null, "validator_ok": 1, "runtime_s": 0.0739385443739593}, "v2mlp304": {"instance_id": "c12_replay_400_0083", "campus": 12, "size": 400, "track": "replay", "structure": "generalist", "phi": null, "eta": 0.8, "m": 0.6, "u_target": null, "u_realized": null, "method": "v2mlp304", "seed": 304, "twt": 666.0096, "makespan": 97.5526, "mean_flow": 4.6902755, "breach_share": 0.0375, "breach_p1": 0.1518987341772152, "breach_p2": 0.03389830508474576, "breach_p3": 0.011363636363636364, "breach_p4": 0.0, "decisions": 400, "latency_ms_per_decision": 0.24572607944719493, "replans": null, "validator_ok": 1, "runtime_s": 0.09829043177887797}, "v2mlp305": {"instance_id": "c12_replay_400_0083", "campus": 12, "size": 400, "track": "replay", "structure": "generalist", "phi": null, "eta": 0.8, "m": 0.6, "u_target": null, "u_realized": null, "method": "v2mlp305", "seed": 305, "twt": 746.7696000000001, "makespan": 97.5526, "mean_flow": 4.7635435, "breach_share": 0.0375, "breach_p1": 0.1518987341772152, "breach_p2": 0.03389830508474576, "breach_p3": 0.011363636363636364, "breach_p4": 0.0, "decisions": 400, "latency_ms_per_decision": 0.2614691120106727, "replans": null, "validator_ok": 1, "runtime_s": 0.10458764480426908}, "v2mlp306": {"instance_id": "c12_replay_400_0083", "campus": 12, "size": 400, "track": "replay", "structure": "generalist", "phi": null, "eta": 0.8, "m": 0.6, "u_target": null, "u_realized": null, "method": "v2mlp306", "seed": 306, "twt": 695.7296, "makespan": 97.5526, "mean_flow": 4.7859745, "breach_share": 0.0375, "breach_p1": 0.1518987341772152, "breach_p2": 0.03389830508474576, "breach_p3": 0.011363636363636364, "breach_p4": 0.0, "decisions": 400,