{"config_id": "c12_replay_150_0115__c12_chain_phi025_eta080_m060", "rows": {"edd": {"instance_id": "c12_replay_150_0115", "campus": 12, "size": 150, "track": "replay", "structure": "chain", "phi": 0.25, "eta": 0.8, "m": 0.6, "u_target": null, "u_realized": null, "method": "edd", "seed": 301, "twt": 807.6, "makespan": 92.6709, "mean_flow": 6.906574666666666, "breach_share": 0.06, "breach_p1": 0.11475409836065574, "breach_p2": 0.1, "breach_p3": 0.0, "breach_p4": 0.0, "decisions": 150, "latency_ms_per_decision": 0.010749793921907743, "replans": null, "validator_ok": 1, "runtime_s": 0.0016124690882861614}, "wspt": {"instance_id": "c12_replay_150_0115", "campus": 12, "size": 150, "track": "replay", "structure": "chain", "phi": 0.25, "eta": 0.8, "m": 0.6, "u_target": null, "u_realized": null, "method": "wspt", "seed": 301, "twt": 837.6, "makespan": 92.6709, "mean_flow": 6.9225693333333345, "breach_share": 0.06, "breach_p1": 0.11475409836065574, "breach_p2": 0.1, "breach_p3": 0.0, "breach_p4": 0.0, "decisions": 150, "latency_ms_per_decision": 0.010922520111004511, "replans": null, "validator_ok": 1, "runtime_s": 0.0016383780166506767}, "atc": {"instance_id": "c12_replay_150_0115", "campus": 12, "size": 150, "track": "replay", "structure": "chain", "phi": 0.25, "eta": 0.8, "m": 0.6, "u_target": null, "u_realized": null, "method": "atc", "seed": 301, "twt": 837.6, "makespan": 92.6709, "mean_flow": 6.9225693333333345, "breach_share": 0.06, "breach_p1": 0.11475409836065574, "breach_p2": 0.1, "breach_p3": 0.0, "breach_p4": 0.0, "decisions": 150, "latency_ms_per_decision": 0.014753475164373716, "replans": null, "validator_ok": 1, "runtime_s": 0.0022130212746560574}, "pfifo": {"instance_id": "c12_replay_150_0115", "campus": 12, "size": 150, "track": "replay", "structure": "chain", "phi": 0.25, "eta": 0.8, "m": 0.6, "u_target": null, "u_realized": null, "method": "pfifo", "seed": 301, "twt": 807.6, "makespan": 92.6709, "mean_flow": 6.906574666666666, "breach_share": 0.06, "breach_p1": 0.11475409836065574, "breach_p2": 0.1, "breach_p3": 0.0, "breach_p4": 0.0, "decisions": 150, "latency_ms_per_decision": 0.01115801433722178, "replans": null, "validator_ok": 1, "runtime_s": 0.0016737021505832672}, "mor": {"instance_id": "c12_replay_150_0115", "campus": 12, "size": 150, "track": "replay", "structure": "chain", "phi": 0.25, "eta": 0.8, "m": 0.6, "u_target": null, "u_realized": null, "method": "mor", "seed": 301, "twt": 801.6, "makespan": 92.6709, "mean_flow": 6.908374666666665, "breach_share": 0.06, "breach_p1": 0.11475409836065574, "breach_p2": 0.1, "breach_p3": 0.0, "breach_p4": 0.0, "decisions": 150, "latency_ms_per_decision": 0.010685194283723831, "replans": null, "validator_ok": 1, "runtime_s": 0.0016027791425585747}, "lfj_atc": {"instance_id": "c12_replay_150_0115", "campus": 12, "size": 150, "track": "replay", "structure": "chain", "phi": 0.25, "eta": 0.8, "m": 0.6, "u_target": null, "u_realized": null, "method": "lfj_atc", "seed": 301, "twt": 837.6, "makespan": 92.6709, "mean_flow": 6.9225693333333345, "breach_share": 0.06, "breach_p1": 0.11475409836065574, "breach_p2": 0.1, "breach_p3": 0.0, "breach_p4": 0.0, "decisions": 150, "latency_ms_per_decision": 0.016317935660481453, "replans": null, "validator_ok": 1, "runtime_s": 0.002447690349072218}, "atc_eta": {"instance_id": "c12_replay_150_0115", "campus": 12, "size": 150, "track": "replay", "structure": "chain", "phi": 0.25, "eta": 0.8, "m": 0.6, "u_target": null, "u_realized": null, "method": "atc_eta", "seed": 301, "twt": 837.6, "makespan": 92.6709, "mean_flow": 6.9225693333333345, "breach_share": 0.06, "breach_p1": 0.11475409836065574, "breach_p2": 0.1, "breach_p3": 0.0, "breach_p4": 0.0, "decisions": 150, "latency_ms_per_decision": 0.03515025290350119, "replans": null, "validator_ok": 1, "runtime_s": 0.005272537935525179}, "random": {"instance_id": "c12_replay_150_0115", "campus": 12, "size": 150, "track": "replay", "structure": "chain", "phi": 0.25, "eta": 0.8, "m": 0.6, "u_target": null, "u_realized": null, "method": "random", "seed": 301, "twt": 836.52, "makespan": 92.6709, "mean_flow": 6.9653540000000005, "breach_share": 0.06, "breach_p1": 0.11475409836065574, "breach_p2": 0.1, "breach_p3": 0.0, "breach_p4": 0.0, "decisions": 150, "latency_ms_per_decision": 0.010589612647891045, "replans": null, "validator_ok": 1, "runtime_s": 0.0015884418971836567}, "v2mlp301": {"instance_id": "c12_replay_150_0115", "campus": 12, "size": 150, "track": "replay", "structure": "chain", "phi": 0.25, "eta": 0.8, "m": 0.6, "u_target": null, "u_realized": null, "method": "v2mlp301", "seed": 301, "twt": 801.6, "makespan": 92.6709, "mean_flow": 6.940769333333333, "breach_share": 0.06, "breach_p1": 0.11475409836065574, "breach_p2": 0.1, "breach_p3": 0.0, "breach_p4": 0.0, "decisions": 150, "latency_ms_per_decision": 0.9723974329729875, "replans": null, "validator_ok": 1, "runtime_s": 0.14585961494594812}, "v2mlp302": {"instance_id": "c12_replay_150_0115", "campus": 12, "size": 150, "track": "replay", "structure": "chain", "phi": 0.25, "eta": 0.8, "m": 0.6, "u_target": null, "u_realized": null, "method": "v2mlp302", "seed": 302, "twt": 807.6, "makespan": 92.6709, "mean_flow": 6.938748666666667, "breach_share": 0.06, "breach_p1": 0.11475409836065574, "breach_p2": 0.1, "breach_p3": 0.0, "breach_p4": 0.0, "decisions": 150, "latency_ms_per_decision": 0.8209448804457983, "replans": null, "validator_ok": 1, "runtime_s": 0.12314173206686974}, "v2mlp303": {"instance_id": "c12_replay_150_0115", "campus": 12, "size": 150, "track": "replay", "structure": "chain", "phi": 0.25, "eta": 0.8, "m": 0.6, "u_target": null, "u_realized": null, "method": "v2mlp303", "seed": 303, "twt": 807.6, "makespan": 92.6709, "mean_flow": 6.922635999999999, "breach_share": 0.06, "breach_p1": 0.11475409836065574, "breach_p2": 0.1, "breach_p3": 0.0, "breach_p4": 0.0, "decisions": 150, "latency_ms_per_decision": 0.9025950388362011, "replans": null, "validator_ok": 1, "runtime_s": 0.13538925582543015}, "v2mlp304": {"instance_id": "c12_replay_150_0115", "campus": 12, "size": 150, "track": "replay", "structure": "chain", "phi": 0.25, "eta": 0.8, "m": 0.6, "u_target": null, "u_realized": null, "method": "v2mlp304", "seed": 304, "twt": 801.6, "makespan": 92.6709, "mean_flow": 7.009815333333333, "breach_share": 0.06, "breach_p1": 0.11475409836065574, "breach_p2": 0.1, "breach_p3": 0.0, "breach_p4": 0.0, "decisions": 150, "latency_ms_per_decision": 0.37688258724908036, "replans": null, "validator_ok": 1, "runtime_s": 0.05653238808736205}, "v2mlp305": {"instance_id": "c12_replay_150_0115", "campus": 12, "size": 150, "track": "replay", "structure": "chain", "phi": 0.25, "eta": 0.8, "m": 0.6, "u_target": null, "u_realized": null, "method": "v2mlp305", "seed": 305, "twt": 801.6, "makespan": 92.6709, "mean_flow": 6.954241333333333, "breach_share": 0.06, "breach_p1": 0.11475409836065574, "breach_p2": 0.1, "breach_p3": 0.0, "breach_p4": 0.0, "decisions": 150, "latency_ms_per_decision": 0.3794142138212919, "replans": null, "validator_ok": 1, "runtime_s": 0.05691213207319379}, "v2mlp306": {"instance_id": "c12_replay_150_0115", "campus": 12, "size": 150, "track": "replay", "structure": "chain", "phi": 0.25, "eta": 0.8, "m": 0.6, "u_target": null, "u_realized": null, "method": "v2mlp306", "seed": 306, "twt": 801.6, "makespan": 92.6709, "mean_flow": 6.9770873333333325, "breach_share": 0.06, "breach_p1": 0.11475409836065574, "breach_p2": 0.1, "breach_p3": 0.0, "breach_p4": 0.0, "decisions": 150, "latency_ms_per_decision": 0.481686107814312, "replans": null, "validator_ok": 1, "runtime_s": 0.0722529161721468}, "v2mlp307": {"instance_id": "c12_replay_150_0115", "campus": 12, "size": 150, "track": "replay", "structure": "chain", "phi": 0.25, "eta": 0.8, "m": 0.6, "u_target": null, "u_realized": null, "method": "v2mlp307", "seed": 307, "twt": 801.6, "makespan": 92.6709, "mean_flow": 6.914974666666667, "breach_share": 0.06, "breach_p1": 0.11475409836065574, "breach_p2": 0.1,