{"config_id": "c12_replay_400_0086__c12_chain_phi025_eta080_m100", "rows": {"edd": {"instance_id": "c12_replay_400_0086", "campus": 12, "size": 400, "track": "replay", "structure": "chain", "phi": 0.25, "eta": 0.8, "m": 1.0, "u_target": null, "u_realized": null, "method": "edd", "seed": 301, "twt": 2012.1183999999998, "makespan": 95.0795, "mean_flow": 5.14952675, "breach_share": 0.045, "breach_p1": 0.1650485436893204, "breach_p2": 0.011904761904761904, "breach_p3": 0.0, "breach_p4": 0.0, "decisions": 400, "latency_ms_per_decision": 0.020667979260906577, "replans": null, "validator_ok": 1, "runtime_s": 0.00826719170436263}, "wspt": {"instance_id": "c12_replay_400_0086", "campus": 12, "size": 400, "track": "replay", "structure": "chain", "phi": 0.25, "eta": 0.8, "m": 1.0, "u_target": null, "u_realized": null, "method": "wspt", "seed": 301, "twt": 2012.1183999999998, "makespan": 95.0795, "mean_flow": 5.15062675, "breach_share": 0.045, "breach_p1": 0.1650485436893204, "breach_p2": 0.011904761904761904, "breach_p3": 0.0, "breach_p4": 0.0, "decisions": 400, "latency_ms_per_decision": 0.020933729829266667, "replans": null, "validator_ok": 1, "runtime_s": 0.008373491931706667}, "atc": {"instance_id": "c12_replay_400_0086", "campus": 12, "size": 400, "track": "replay", "structure": "chain", "phi": 0.25, "eta": 0.8, "m": 1.0, "u_target": null, "u_realized": null, "method": "atc", "seed": 301, "twt": 2012.1183999999998, "makespan": 95.0795, "mean_flow": 5.14952675, "breach_share": 0.045, "breach_p1": 0.1650485436893204, "breach_p2": 0.011904761904761904, "breach_p3": 0.0, "breach_p4": 0.0, "decisions": 400, "latency_ms_per_decision": 0.029150736518204212, "replans": null, "validator_ok": 1, "runtime_s": 0.011660294607281685}, "pfifo": {"instance_id": "c12_replay_400_0086", "campus": 12, "size": 400, "track": "replay", "structure": "chain", "phi": 0.25, "eta": 0.8, "m": 1.0, "u_target": null, "u_realized": null, "method": "pfifo", "seed": 301, "twt": 2012.1183999999998, "makespan": 95.0795, "mean_flow": 5.14952675, "breach_share": 0.045, "breach_p1": 0.1650485436893204, "breach_p2": 0.011904761904761904, "breach_p3": 0.0, "breach_p4": 0.0, "decisions": 400, "latency_ms_per_decision": 0.01611586078070104, "replans": null, "validator_ok": 1, "runtime_s": 0.0064463443122804165}, "mor": {"instance_id": "c12_replay_400_0086", "campus": 12, "size": 400, "track": "replay", "structure": "chain", "phi": 0.25, "eta": 0.8, "m": 1.0, "u_target": null, "u_realized": null, "method": "mor", "seed": 301, "twt": 2012.1183999999998, "makespan": 95.0795, "mean_flow": 5.1488315, "breach_share": 0.045, "breach_p1": 0.1650485436893204, "breach_p2": 0.011904761904761904, "breach_p3": 0.0, "breach_p4": 0.0, "decisions": 400, "latency_ms_per_decision": 0.020428256830200553, "replans": null, "validator_ok": 1, "runtime_s": 0.008171302732080221}, "lfj_atc": {"instance_id": "c12_replay_400_0086", "campus": 12, "size": 400, "track": "replay", "structure": "chain", "phi": 0.25, "eta": 0.8, "m": 1.0, "u_target": null, "u_realized": null, "method": "lfj_atc", "seed": 301, "twt": 2012.1183999999998, "makespan": 95.0795, "mean_flow": 5.14952675, "breach_share": 0.045, "breach_p1": 0.1650485436893204, "breach_p2": 0.011904761904761904, "breach_p3": 0.0, "breach_p4": 0.0, "decisions": 400, "latency_ms_per_decision": 0.030159399611875415, "replans": null, "validator_ok": 1, "runtime_s": 0.012063759844750166}, "atc_eta": {"instance_id": "c12_replay_400_0086", "campus": 12, "size": 400, "track": "replay", "structure": "chain", "phi": 0.25, "eta": 0.8, "m": 1.0, "u_target": null, "u_realized": null, "method": "atc_eta", "seed": 301, "twt": 2012.1183999999998, "makespan": 95.0795, "mean_flow": 5.14952675, "breach_share": 0.045, "breach_p1": 0.1650485436893204, "breach_p2": 0.011904761904761904, "breach_p3": 0.0, "breach_p4": 0.0, "decisions": 400, "latency_ms_per_decision": 0.07771994452923536, "replans": null, "validator_ok": 1, "runtime_s": 0.031087977811694145}, "random": {"instance_id": "c12_replay_400_0086", "campus": 12, "size": 400, "track": "replay", "structure": "chain", "phi": 0.25, "eta": 0.8, "m": 1.0, "u_target": null, "u_realized": null, "method": "random", "seed": 301, "twt": 2012.1183999999998, "makespan": 95.0795, "mean_flow": 5.15140175, "breach_share": 0.045, "breach_p1": 0.1650485436893204, "breach_p2": 0.011904761904761904, "breach_p3": 0.0, "breach_p4": 0.0, "decisions": 400, "latency_ms_per_decision": 0.018889602506533265, "replans": null, "validator_ok": 1, "runtime_s": 0.007555841002613306}, "v2mlp301": {"instance_id": "c12_replay_400_0086", "campus": 12, "size": 400, "track": "replay", "structure": "chain", "phi": 0.25, "eta": 0.8, "m": 1.0, "u_target": null, "u_realized": null, "method": "v2mlp301", "seed": 301, "twt": 2220.5984, "makespan": 96.75, "mean_flow": 5.326334500000001, "breach_share": 0.045, "breach_p1": 0.1650485436893204, "breach_p2": 0.011904761904761904, "breach_p3": 0.0, "breach_p4": 0.0, "decisions": 400, "latency_ms_per_decision": 0.446712092962116, "replans": null, "validator_ok": 1, "runtime_s": 0.1786848371848464}, "v2mlp302": {"instance_id": "c12_replay_400_0086", "campus": 12, "size": 400, "track": "replay", "structure": "chain", "phi": 0.25, "eta": 0.8, "m": 1.0, "u_target": null, "u_realized": null, "method": "v2mlp302", "seed": 302, "twt": 2012.1183999999998, "makespan": 95.0795, "mean_flow": 5.220959250000001, "breach_share": 0.045, "breach_p1": 0.1650485436893204, "breach_p2": 0.011904761904761904, "breach_p3": 0.0, "breach_p4": 0.0, "decisions": 400, "latency_ms_per_decision": 0.41808651527389884, "replans": null, "validator_ok": 1, "runtime_s": 0.16723460610955954}, "v2mlp303": {"instance_id": "c12_replay_400_0086", "campus": 12, "size": 400, "track": "replay", "structure": "chain", "phi": 0.25, "eta": 0.8, "m": 1.0, "u_target": null, "u_realized": null, "method": "v2mlp303", "seed": 303, "twt": 2037.5584, "makespan": 95.0795, "mean_flow": 5.22706225, "breach_share": 0.045, "breach_p1": 0.1650485436893204, "breach_p2": 0.011904761904761904, "breach_p3": 0.0, "breach_p4": 0.0, "decisions": 400, "latency_ms_per_decision": 0.4926349758170545, "replans": null, "validator_ok": 1, "runtime_s": 0.1970539903268218}, "v2mlp304": {"instance_id": "c12_replay_400_0086", "campus": 12, "size": 400, "track": "replay", "structure": "chain", "phi": 0.25, "eta": 0.8, "m": 1.0, "u_target": null, "u_realized": null, "method": "v2mlp304", "seed": 304, "twt": 2037.5584, "makespan": 95.0795, "mean_flow": 5.216118999999999, "breach_share": 0.045, "breach_p1": 0.1650485436893204, "breach_p2": 0.011904761904761904, "breach_p3": 0.0, "breach_p4": 0.0, "decisions": 400, "latency_ms_per_decision": 0.5176858650520444, "replans": null, "validator_ok": 1, "runtime_s": 0.20707434602081776}, "v2mlp305": {"instance_id": "c12_replay_400_0086", "campus": 12, "size": 400, "track": "replay", "structure": "chain", "phi": 0.25, "eta": 0.8, "m": 1.0, "u_target": null, "u_realized": null, "method": "v2mlp305", "seed": 305, "twt": 2113.5584, "makespan": 95.0795, "mean_flow": 5.249655250000001, "breach_share": 0.0475, "breach_p1": 0.17475728155339806, "breach_p2": 0.011904761904761904, "breach_p3": 0.0, "breach_p4": 0.0, "decisions": 400, "latency_ms_per_decision": 0.6172722275368869, "replans": null, "validator_ok": 1, "runtime_s": 0.24690889101475477}, "v2mlp306": {"instance_id": "c12_replay_400_0086", "campus": 12, "size": 400, "track": "replay", "structure": "chain", "phi": 0.25, "eta": 0.8, "m": 1.0, "u_target": null, "u_realized": null, "method": "v2mlp306", "seed": 306, "twt": 2037.5584, "makespan": 95.0795, "mean_flow": 5.2060657500000005, "breach_share": 0.045, "breach_p1": 0.1650485436893204, "breach_p2": 0.011904761904761904, "breach_p3": 0.0, "breach_p4": 0.0, "decisions": 400, "latency_ms_per_decision": 0.7038815005216748, "replans": null, "validator_ok": 1, "runtime_s": 0.2815526002086699}, "v2mlp307": {"instance_id": "c12_replay_400_0086", "campus": 12, "size": 400,