{"config_id": "c12_replay_150_0173__c12_chain_phi025_eta080_m100", "rows": {"edd": {"instance_id": "c12_replay_150_0173", "campus": 12, "size": 150, "track": "replay", "structure": "chain", "phi": 0.25, "eta": 0.8, "m": 1.0, "u_target": null, "u_realized": null, "method": "edd", "seed": 301, "twt": 352.0, "makespan": 94.6465, "mean_flow": 6.807197333333334, "breach_share": 0.02666666666666667, "breach_p1": 0.06896551724137931, "breach_p2": 0.13333333333333333, "breach_p3": 0.0, "breach_p4": 0.0, "decisions": 150, "latency_ms_per_decision": 0.01168626050154368, "replans": null, "validator_ok": 1, "runtime_s": 0.0017529390752315521}, "wspt": {"instance_id": "c12_replay_150_0173", "campus": 12, "size": 150, "track": "replay", "structure": "chain", "phi": 0.25, "eta": 0.8, "m": 1.0, "u_target": null, "u_realized": null, "method": "wspt", "seed": 301, "twt": 352.0, "makespan": 94.6465, "mean_flow": 6.807197333333334, "breach_share": 0.02666666666666667, "breach_p1": 0.06896551724137931, "breach_p2": 0.13333333333333333, "breach_p3": 0.0, "breach_p4": 0.0, "decisions": 150, "latency_ms_per_decision": 0.011503035202622414, "replans": null, "validator_ok": 1, "runtime_s": 0.001725455280393362}, "atc": {"instance_id": "c12_replay_150_0173", "campus": 12, "size": 150, "track": "replay", "structure": "chain", "phi": 0.25, "eta": 0.8, "m": 1.0, "u_target": null, "u_realized": null, "method": "atc", "seed": 301, "twt": 352.0, "makespan": 94.6465, "mean_flow": 6.807197333333334, "breach_share": 0.02666666666666667, "breach_p1": 0.06896551724137931, "breach_p2": 0.13333333333333333, "breach_p3": 0.0, "breach_p4": 0.0, "decisions": 150, "latency_ms_per_decision": 0.014824988320469856, "replans": null, "validator_ok": 1, "runtime_s": 0.0022237482480704784}, "pfifo": {"instance_id": "c12_replay_150_0173", "campus": 12, "size": 150, "track": "replay", "structure": "chain", "phi": 0.25, "eta": 0.8, "m": 1.0, "u_target": null, "u_realized": null, "method": "pfifo", "seed": 301, "twt": 352.0, "makespan": 94.6465, "mean_flow": 6.807197333333334, "breach_share": 0.02666666666666667, "breach_p1": 0.06896551724137931, "breach_p2": 0.13333333333333333, "breach_p3": 0.0, "breach_p4": 0.0, "decisions": 150, "latency_ms_per_decision": 0.011662691831588745, "replans": null, "validator_ok": 1, "runtime_s": 0.0017494037747383118}, "mor": {"instance_id": "c12_replay_150_0173", "campus": 12, "size": 150, "track": "replay", "structure": "chain", "phi": 0.25, "eta": 0.8, "m": 1.0, "u_target": null, "u_realized": null, "method": "mor", "seed": 301, "twt": 352.0, "makespan": 94.6465, "mean_flow": 6.807197333333334, "breach_share": 0.02666666666666667, "breach_p1": 0.06896551724137931, "breach_p2": 0.13333333333333333, "breach_p3": 0.0, "breach_p4": 0.0, "decisions": 150, "latency_ms_per_decision": 0.011230468129118284, "replans": null, "validator_ok": 1, "runtime_s": 0.0016845702193677425}, "lfj_atc": {"instance_id": "c12_replay_150_0173", "campus": 12, "size": 150, "track": "replay", "structure": "chain", "phi": 0.25, "eta": 0.8, "m": 1.0, "u_target": null, "u_realized": null, "method": "lfj_atc", "seed": 301, "twt": 352.0, "makespan": 94.6465, "mean_flow": 6.807197333333334, "breach_share": 0.02666666666666667, "breach_p1": 0.06896551724137931, "breach_p2": 0.13333333333333333, "breach_p3": 0.0, "breach_p4": 0.0, "decisions": 150, "latency_ms_per_decision": 0.015051762262980143, "replans": null, "validator_ok": 1, "runtime_s": 0.0022577643394470215}, "atc_eta": {"instance_id": "c12_replay_150_0173", "campus": 12, "size": 150, "track": "replay", "structure": "chain", "phi": 0.25, "eta": 0.8, "m": 1.0, "u_target": null, "u_realized": null, "method": "atc_eta", "seed": 301, "twt": 352.0, "makespan": 94.6465, "mean_flow": 6.807197333333334, "breach_share": 0.02666666666666667, "breach_p1": 0.06896551724137931, "breach_p2": 0.13333333333333333, "breach_p3": 0.0, "breach_p4": 0.0, "decisions": 150, "latency_ms_per_decision": 0.037822180117170014, "replans": null, "validator_ok": 1, "runtime_s": 0.005673327017575502}, "random": {"instance_id": "c12_replay_150_0173", "campus": 12, "size": 150, "track": "replay", "structure": "chain", "phi": 0.25, "eta": 0.8, "m": 1.0, "u_target": null, "u_realized": null, "method": "random", "seed": 301, "twt": 352.0, "makespan": 94.6465, "mean_flow": 6.807197333333334, "breach_share": 0.02666666666666667, "breach_p1": 0.06896551724137931, "breach_p2": 0.13333333333333333, "breach_p3": 0.0, "breach_p4": 0.0, "decisions": 150, "latency_ms_per_decision": 0.011331296215454737, "replans": null, "validator_ok": 1, "runtime_s": 0.0016996944323182106}, "v2mlp301": {"instance_id": "c12_replay_150_0173", "campus": 12, "size": 150, "track": "replay", "structure": "chain", "phi": 0.25, "eta": 0.8, "m": 1.0, "u_target": null, "u_realized": null, "method": "v2mlp301", "seed": 301, "twt": 352.0, "makespan": 94.6465, "mean_flow": 6.814797333333334, "breach_share": 0.02666666666666667, "breach_p1": 0.06896551724137931, "breach_p2": 0.13333333333333333, "breach_p3": 0.0, "breach_p4": 0.0, "decisions": 150, "latency_ms_per_decision": 0.25527489992479485, "replans": null, "validator_ok": 1, "runtime_s": 0.038291234988719225}, "v2mlp302": {"instance_id": "c12_replay_150_0173", "campus": 12, "size": 150, "track": "replay", "structure": "chain", "phi": 0.25, "eta": 0.8, "m": 1.0, "u_target": null, "u_realized": null, "method": "v2mlp302", "seed": 302, "twt": 352.0, "makespan": 94.6465, "mean_flow": 6.8339973333333335, "breach_share": 0.02666666666666667, "breach_p1": 0.06896551724137931, "breach_p2": 0.13333333333333333, "breach_p3": 0.0, "breach_p4": 0.0, "decisions": 150, "latency_ms_per_decision": 0.2611509120712678, "replans": null, "validator_ok": 1, "runtime_s": 0.039172636810690165}, "v2mlp303": {"instance_id": "c12_replay_150_0173", "campus": 12, "size": 150, "track": "replay", "structure": "chain", "phi": 0.25, "eta": 0.8, "m": 1.0, "u_target": null, "u_realized": null, "method": "v2mlp303", "seed": 303, "twt": 352.0, "makespan": 94.6465, "mean_flow": 6.807197333333334, "breach_share": 0.02666666666666667, "breach_p1": 0.06896551724137931, "breach_p2": 0.13333333333333333, "breach_p3": 0.0, "breach_p4": 0.0, "decisions": 150, "latency_ms_per_decision": 0.2694134786725044, "replans": null, "validator_ok": 1, "runtime_s": 0.040412021800875664}, "v2mlp304": {"instance_id": "c12_replay_150_0173", "campus": 12, "size": 150, "track": "replay", "structure": "chain", "phi": 0.25, "eta": 0.8, "m": 1.0, "u_target": null, "u_realized": null, "method": "v2mlp304", "seed": 304, "twt": 352.0, "makespan": 94.6465, "mean_flow": 6.875197333333333, "breach_share": 0.02666666666666667, "breach_p1": 0.06896551724137931, "breach_p2": 0.13333333333333333, "breach_p3": 0.0, "breach_p4": 0.0, "decisions": 150, "latency_ms_per_decision": 0.28593566579123336, "replans": null, "validator_ok": 1, "runtime_s": 0.04289034986868501}, "v2mlp305": {"instance_id": "c12_replay_150_0173", "campus": 12, "size": 150, "track": "replay", "structure": "chain", "phi": 0.25, "eta": 0.8, "m": 1.0, "u_target": null, "u_realized": null, "method": "v2mlp305", "seed": 305, "twt": 352.0, "makespan": 94.6465, "mean_flow": 6.819730666666666, "breach_share": 0.02666666666666667, "breach_p1": 0.06896551724137931, "breach_p2": 0.13333333333333333, "breach_p3": 0.0, "breach_p4": 0.0, "decisions": 150, "latency_ms_per_decision": 0.2553848208238681, "replans": null, "validator_ok": 1, "runtime_s": 0.03830772312358022}, "v2mlp306": {"instance_id": "c12_replay_150_0173", "campus": 12, "size": 150, "track": "replay", "structure": "chain", "phi": 0.25, "eta": 0.8, "m": 1.0, "u_target": null, "u_realized": null, "method": "v2mlp306", "seed": 306, "twt": 352.0, "makespan": 94.6465, "mean_flow": 6.939997333333334, "breach_share": 0.02666666666666667, "breach_p1": 0.06896551724137931, "breach_p2": 0.13333333333333333, "breach_p3": 0.0, "breach_p4": 0.0, "decisions": 150, "latency_ms_per_decision": 0.2580572913090388, "replans": null,