{"config_id": "c12_replay_400_0070__c12_gen_eta100_m060", "rows": {"edd": {"instance_id": "c12_replay_400_0070", "campus": 12, "size": 400, "track": "replay", "structure": "generalist", "phi": null, "eta": 1.0, "m": 0.6, "u_target": null, "u_realized": null, "method": "edd", "seed": 301, "twt": 4065.017599999999, "makespan": 112.0276, "mean_flow": 6.746338499999999, "breach_share": 0.0725, "breach_p1": 0.16091954022988506, "breach_p2": 0.02040816326530612, "breach_p3": 0.0, "breach_p4": 0.0, "decisions": 400, "latency_ms_per_decision": 0.023371311835944653, "replans": null, "validator_ok": 1, "runtime_s": 0.009348524734377861}, "wspt": {"instance_id": "c12_replay_400_0070", "campus": 12, "size": 400, "track": "replay", "structure": "generalist", "phi": null, "eta": 1.0, "m": 0.6, "u_target": null, "u_realized": null, "method": "wspt", "seed": 301, "twt": 4157.62, "makespan": 112.0276, "mean_flow": 6.6827542499999995, "breach_share": 0.0675, "breach_p1": 0.14942528735632185, "breach_p2": 0.02040816326530612, "breach_p3": 0.0, "breach_p4": 0.0, "decisions": 400, "latency_ms_per_decision": 0.023688982473686337, "replans": null, "validator_ok": 1, "runtime_s": 0.009475592989474535}, "atc": {"instance_id": "c12_replay_400_0070", "campus": 12, "size": 400, "track": "replay", "structure": "generalist", "phi": null, "eta": 1.0, "m": 0.6, "u_target": null, "u_realized": null, "method": "atc", "seed": 301, "twt": 4135.6, "makespan": 112.0276, "mean_flow": 6.694387000000001, "breach_share": 0.0675, "breach_p1": 0.14942528735632185, "breach_p2": 0.02040816326530612, "breach_p3": 0.0, "breach_p4": 0.0, "decisions": 400, "latency_ms_per_decision": 0.030973064713180065, "replans": null, "validator_ok": 1, "runtime_s": 0.012389225885272026}, "pfifo": {"instance_id": "c12_replay_400_0070", "campus": 12, "size": 400, "track": "replay", "structure": "generalist", "phi": null, "eta": 1.0, "m": 0.6, "u_target": null, "u_realized": null, "method": "pfifo", "seed": 301, "twt": 4065.017599999999, "makespan": 112.0276, "mean_flow": 6.746338499999999, "breach_share": 0.0725, "breach_p1": 0.16091954022988506, "breach_p2": 0.02040816326530612, "breach_p3": 0.0, "breach_p4": 0.0, "decisions": 400, "latency_ms_per_decision": 0.026186149334535003, "replans": null, "validator_ok": 1, "runtime_s": 0.010474459733814001}, "mor": {"instance_id": "c12_replay_400_0070", "campus": 12, "size": 400, "track": "replay", "structure": "generalist", "phi": null, "eta": 1.0, "m": 0.6, "u_target": null, "u_realized": null, "method": "mor", "seed": 301, "twt": 4208.54, "makespan": 112.0276, "mean_flow": 7.28050575, "breach_share": 0.125, "breach_p1": 0.28160919540229884, "breach_p2": 0.02040816326530612, "breach_p3": 0.0, "breach_p4": 0.0, "decisions": 400, "latency_ms_per_decision": 0.023447854910045862, "replans": null, "validator_ok": 1, "runtime_s": 0.009379141964018345}, "lfj_atc": {"instance_id": "c12_replay_400_0070", "campus": 12, "size": 400, "track": "replay", "structure": "generalist", "phi": null, "eta": 1.0, "m": 0.6, "u_target": null, "u_realized": null, "method": "lfj_atc", "seed": 301, "twt": 4135.6, "makespan": 112.0276, "mean_flow": 6.694387000000001, "breach_share": 0.0675, "breach_p1": 0.14942528735632185, "breach_p2": 0.02040816326530612, "breach_p3": 0.0, "breach_p4": 0.0, "decisions": 400, "latency_ms_per_decision": 0.03685823059640825, "replans": null, "validator_ok": 1, "runtime_s": 0.0147432922385633}, "atc_eta": {"instance_id": "c12_replay_400_0070", "campus": 12, "size": 400, "track": "replay", "structure": "generalist", "phi": null, "eta": 1.0, "m": 0.6, "u_target": null, "u_realized": null, "method": "atc_eta", "seed": 301, "twt": 4135.6, "makespan": 112.0276, "mean_flow": 6.694387000000001, "breach_share": 0.0675, "breach_p1": 0.14942528735632185, "breach_p2": 0.02040816326530612, "breach_p3": 0.0, "breach_p4": 0.0, "decisions": 400, "latency_ms_per_decision": 0.06033878540620208, "replans": null, "validator_ok": 1, "runtime_s": 0.02413551416248083}, "random": {"instance_id": "c12_replay_400_0070", "campus": 12, "size": 400, "track": "replay", "structure": "generalist", "phi": null, "eta": 1.0, "m": 0.6, "u_target": null, "u_realized": null, "method": "random", "seed": 301, "twt": 4083.6000000000004, "makespan": 112.0276, "mean_flow": 6.8161615, "breach_share": 0.0775, "breach_p1": 0.1724137931034483, "breach_p2": 0.02040816326530612, "breach_p3": 0.0, "breach_p4": 0.0, "decisions": 400, "latency_ms_per_decision": 0.022661793045699596, "replans": null, "validator_ok": 1, "runtime_s": 0.009064717218279839}, "v2mlp301": {"instance_id": "c12_replay_400_0070", "campus": 12, "size": 400, "track": "replay", "structure": "generalist", "phi": null, "eta": 1.0, "m": 0.6, "u_target": null, "u_realized": null, "method": "v2mlp301", "seed": 301, "twt": 3912.4376, "makespan": 112.0276, "mean_flow": 6.824305750000001, "breach_share": 0.0775, "breach_p1": 0.1724137931034483, "breach_p2": 0.02040816326530612, "breach_p3": 0.0, "breach_p4": 0.0, "decisions": 400, "latency_ms_per_decision": 0.8001867646817118, "replans": null, "validator_ok": 1, "runtime_s": 0.3200747058726847}, "v2mlp302": {"instance_id": "c12_replay_400_0070", "campus": 12, "size": 400, "track": "replay", "structure": "generalist", "phi": null, "eta": 1.0, "m": 0.6, "u_target": null, "u_realized": null, "method": "v2mlp302", "seed": 302, "twt": 3995.1064000000006, "makespan": 112.0276, "mean_flow": 6.87483475, "breach_share": 0.085, "breach_p1": 0.1896551724137931, "breach_p2": 0.02040816326530612, "breach_p3": 0.0, "breach_p4": 0.0, "decisions": 400, "latency_ms_per_decision": 0.647614385234192, "replans": null, "validator_ok": 1, "runtime_s": 0.2590457540936768}, "v2mlp303": {"instance_id": "c12_replay_400_0070", "campus": 12, "size": 400, "track": "replay", "structure": "generalist", "phi": null, "eta": 1.0, "m": 0.6, "u_target": null, "u_realized": null, "method": "v2mlp303", "seed": 303, "twt": 3992.3112, "makespan": 112.0276, "mean_flow": 6.8501935000000005, "breach_share": 0.075, "breach_p1": 0.16666666666666666, "breach_p2": 0.02040816326530612, "breach_p3": 0.0, "breach_p4": 0.0, "decisions": 400, "latency_ms_per_decision": 0.5829089577309787, "replans": null, "validator_ok": 1, "runtime_s": 0.2331635830923915}, "v2mlp304": {"instance_id": "c12_replay_400_0070", "campus": 12, "size": 400, "track": "replay", "structure": "generalist", "phi": null, "eta": 1.0, "m": 0.6, "u_target": null, "u_realized": null, "method": "v2mlp304", "seed": 304, "twt": 3907.5512, "makespan": 112.0276, "mean_flow": 6.955795, "breach_share": 0.07, "breach_p1": 0.15517241379310345, "breach_p2": 0.02040816326530612, "breach_p3": 0.0, "breach_p4": 0.0, "decisions": 400, "latency_ms_per_decision": 0.5534094572067261, "replans": null, "validator_ok": 1, "runtime_s": 0.22136378288269043}, "v2mlp305": {"instance_id": "c12_replay_400_0070", "campus": 12, "size": 400, "track": "replay", "structure": "generalist", "phi": null, "eta": 1.0, "m": 0.6, "u_target": null, "u_realized": null, "method": "v2mlp305", "seed": 305, "twt": 3903.5512, "makespan": 112.0276, "mean_flow": 7.15203, "breach_share": 0.0675, "breach_p1": 0.14942528735632185, "breach_p2": 0.02040816326530612, "breach_p3": 0.0, "breach_p4": 0.0, "decisions": 400, "latency_ms_per_decision": 0.5846137879416347, "replans": null, "validator_ok": 1, "runtime_s": 0.23384551517665386}, "v2mlp306": {"instance_id": "c12_replay_400_0070", "campus": 12, "size": 400, "track": "replay", "structure": "generalist", "phi": null, "eta": 1.0, "m": 0.6, "u_target": null, "u_realized": null, "method": "v2mlp306", "seed": 306, "twt": 3942.4776, "makespan": 112.0276, "mean_flow": 7.23093125, "breach_share": 0.085, "breach_p1": 0.1896551724137931, "breach_p2": 0.02040816326530612, "breach_p3": 0.0, "breach_p4": 0.0, "decisions": 400, "latency_ms_per_decision": 0.4611660249065608, "replans": null, "validator_ok": 1, "runtime_s": 0.1844664099626243}, "v2mlp307": {"instance_id": "c12_replay_400_0070",