{"config_id": "c12_replay_150_0199__c12_chain_phi050_eta100_m100", "rows": {"edd": {"instance_id": "c12_replay_150_0199", "campus": 12, "size": 150, "track": "replay", "structure": "chain", "phi": 0.5, "eta": 1.0, "m": 1.0, "u_target": null, "u_realized": null, "method": "edd", "seed": 301, "twt": 322.1734, "makespan": 99.5729, "mean_flow": 7.492202000000001, "breach_share": 0.04, "breach_p1": 0.23076923076923078, "breach_p2": 0.09523809523809523, "breach_p3": 0.011111111111111112, "breach_p4": 0.0, "decisions": 150, "latency_ms_per_decision": 0.011608613034089407, "replans": null, "validator_ok": 1, "runtime_s": 0.001741291955113411}, "wspt": {"instance_id": "c12_replay_150_0199", "campus": 12, "size": 150, "track": "replay", "structure": "chain", "phi": 0.5, "eta": 1.0, "m": 1.0, "u_target": null, "u_realized": null, "method": "wspt", "seed": 301, "twt": 326.3478, "makespan": 101.6601, "mean_flow": 6.992349333333333, "breach_share": 0.04, "breach_p1": 0.23076923076923078, "breach_p2": 0.09523809523809523, "breach_p3": 0.011111111111111112, "breach_p4": 0.0, "decisions": 150, "latency_ms_per_decision": 0.031838774060209594, "replans": null, "validator_ok": 1, "runtime_s": 0.004775816109031439}, "atc": {"instance_id": "c12_replay_150_0199", "campus": 12, "size": 150, "track": "replay", "structure": "chain", "phi": 0.5, "eta": 1.0, "m": 1.0, "u_target": null, "u_realized": null, "method": "atc", "seed": 301, "twt": 310.1734, "makespan": 93.5729, "mean_flow": 7.0727746666666675, "breach_share": 0.04, "breach_p1": 0.23076923076923078, "breach_p2": 0.09523809523809523, "breach_p3": 0.011111111111111112, "breach_p4": 0.0, "decisions": 150, "latency_ms_per_decision": 0.033505940809845924, "replans": null, "validator_ok": 1, "runtime_s": 0.005025891121476889}, "pfifo": {"instance_id": "c12_replay_150_0199", "campus": 12, "size": 150, "track": "replay", "structure": "chain", "phi": 0.5, "eta": 1.0, "m": 1.0, "u_target": null, "u_realized": null, "method": "pfifo", "seed": 301, "twt": 322.1734, "makespan": 99.5729, "mean_flow": 7.492202000000001, "breach_share": 0.04, "breach_p1": 0.23076923076923078, "breach_p2": 0.09523809523809523, "breach_p3": 0.011111111111111112, "breach_p4": 0.0, "decisions": 150, "latency_ms_per_decision": 0.011594798415899277, "replans": null, "validator_ok": 1, "runtime_s": 0.0017392197623848915}, "mor": {"instance_id": "c12_replay_150_0199", "campus": 12, "size": 150, "track": "replay", "structure": "chain", "phi": 0.5, "eta": 1.0, "m": 1.0, "u_target": null, "u_realized": null, "method": "mor", "seed": 301, "twt": 308.1734, "makespan": 92.5729, "mean_flow": 8.001343333333335, "breach_share": 0.04, "breach_p1": 0.23076923076923078, "breach_p2": 0.09523809523809523, "breach_p3": 0.011111111111111112, "breach_p4": 0.0, "decisions": 150, "latency_ms_per_decision": 0.031529966120918594, "replans": null, "validator_ok": 1, "runtime_s": 0.004729494918137789}, "lfj_atc": {"instance_id": "c12_replay_150_0199", "campus": 12, "size": 150, "track": "replay", "structure": "chain", "phi": 0.5, "eta": 1.0, "m": 1.0, "u_target": null, "u_realized": null, "method": "lfj_atc", "seed": 301, "twt": 310.1734, "makespan": 93.5729, "mean_flow": 7.0727746666666675, "breach_share": 0.04, "breach_p1": 0.23076923076923078, "breach_p2": 0.09523809523809523, "breach_p3": 0.011111111111111112, "breach_p4": 0.0, "decisions": 150, "latency_ms_per_decision": 0.03455543890595436, "replans": null, "validator_ok": 1, "runtime_s": 0.005183315835893154}, "atc_eta": {"instance_id": "c12_replay_150_0199", "campus": 12, "size": 150, "track": "replay", "structure": "chain", "phi": 0.5, "eta": 1.0, "m": 1.0, "u_target": null, "u_realized": null, "method": "atc_eta", "seed": 301, "twt": 310.1734, "makespan": 93.5729, "mean_flow": 7.0727746666666675, "breach_share": 0.04, "breach_p1": 0.23076923076923078, "breach_p2": 0.09523809523809523, "breach_p3": 0.011111111111111112, "breach_p4": 0.0, "decisions": 150, "latency_ms_per_decision": 0.046154375498493515, "replans": null, "validator_ok": 1, "runtime_s": 0.006923156324774027}, "random": {"instance_id": "c12_replay_150_0199", "campus": 12, "size": 150, "track": "replay", "structure": "chain", "phi": 0.5, "eta": 1.0, "m": 1.0, "u_target": null, "u_realized": null, "method": "random", "seed": 301, "twt": 315.5934, "makespan": 96.2829, "mean_flow": 7.272256666666667, "breach_share": 0.04, "breach_p1": 0.23076923076923078, "breach_p2": 0.09523809523809523, "breach_p3": 0.011111111111111112, "breach_p4": 0.0, "decisions": 150, "latency_ms_per_decision": 0.02127273939549923, "replans": null, "validator_ok": 1, "runtime_s": 0.0031909109093248844}, "v2mlp301": {"instance_id": "c12_replay_150_0199", "campus": 12, "size": 150, "track": "replay", "structure": "chain", "phi": 0.5, "eta": 1.0, "m": 1.0, "u_target": null, "u_realized": null, "method": "v2mlp301", "seed": 301, "twt": 308.1734, "makespan": 92.5729, "mean_flow": 7.820329333333334, "breach_share": 0.04, "breach_p1": 0.23076923076923078, "breach_p2": 0.09523809523809523, "breach_p3": 0.011111111111111112, "breach_p4": 0.0, "decisions": 150, "latency_ms_per_decision": 0.6518686314423879, "replans": null, "validator_ok": 1, "runtime_s": 0.09778029471635818}, "v2mlp302": {"instance_id": "c12_replay_150_0199", "campus": 12, "size": 150, "track": "replay", "structure": "chain", "phi": 0.5, "eta": 1.0, "m": 1.0, "u_target": null, "u_realized": null, "method": "v2mlp302", "seed": 302, "twt": 308.1734, "makespan": 92.5729, "mean_flow": 7.596868666666666, "breach_share": 0.04, "breach_p1": 0.23076923076923078, "breach_p2": 0.09523809523809523, "breach_p3": 0.011111111111111112, "breach_p4": 0.0, "decisions": 150, "latency_ms_per_decision": 0.4305293286840121, "replans": null, "validator_ok": 1, "runtime_s": 0.06457939930260181}, "v2mlp303": {"instance_id": "c12_replay_150_0199", "campus": 12, "size": 150, "track": "replay", "structure": "chain", "phi": 0.5, "eta": 1.0, "m": 1.0, "u_target": null, "u_realized": null, "method": "v2mlp303", "seed": 303, "twt": 308.1734, "makespan": 92.5729, "mean_flow": 8.107842666666668, "breach_share": 0.04, "breach_p1": 0.23076923076923078, "breach_p2": 0.09523809523809523, "breach_p3": 0.011111111111111112, "breach_p4": 0.0, "decisions": 150, "latency_ms_per_decision": 0.4811627045273781, "replans": null, "validator_ok": 1, "runtime_s": 0.07217440567910671}, "v2mlp304": {"instance_id": "c12_replay_150_0199", "campus": 12, "size": 150, "track": "replay", "structure": "chain", "phi": 0.5, "eta": 1.0, "m": 1.0, "u_target": null, "u_realized": null, "method": "v2mlp304", "seed": 304, "twt": 308.1734, "makespan": 92.5729, "mean_flow": 7.985222666666667, "breach_share": 0.04, "breach_p1": 0.23076923076923078, "breach_p2": 0.09523809523809523, "breach_p3": 0.011111111111111112, "breach_p4": 0.0, "decisions": 150, "latency_ms_per_decision": 0.4272097535431385, "replans": null, "validator_ok": 1, "runtime_s": 0.06408146303147078}, "v2mlp305": {"instance_id": "c12_replay_150_0199", "campus": 12, "size": 150, "track": "replay", "structure": "chain", "phi": 0.5, "eta": 1.0, "m": 1.0, "u_target": null, "u_realized": null, "method": "v2mlp305", "seed": 305, "twt": 308.1734, "makespan": 92.5729, "mean_flow": 7.788814, "breach_share": 0.04, "breach_p1": 0.23076923076923078, "breach_p2": 0.09523809523809523, "breach_p3": 0.011111111111111112, "breach_p4": 0.0, "decisions": 150, "latency_ms_per_decision": 0.2531946636736393, "replans": null, "validator_ok": 1, "runtime_s": 0.037979199551045895}, "v2mlp306": {"instance_id": "c12_replay_150_0199", "campus": 12, "size": 150, "track": "replay", "structure": "chain", "phi": 0.5, "eta": 1.0, "m": 1.0, "u_target": null, "u_realized": null, "method": "v2mlp306", "seed": 306, "twt": 308.1734, "makespan": 92.5729, "mean_flow": 7.987312000000002, "breach_share": 0.04, "breach_p1": 0.23076923076923078, "breach_p2": 0.09523809523809523, "breach_p3": 0.011111111111111112, "breach_p4": 0.0, "decisions": 150,