{"config_id": "c12_replay_400_0084__c12_chain_phi050_eta100_m060", "rows": {"edd": {"instance_id": "c12_replay_400_0084", "campus": 12, "size": 400, "track": "replay", "structure": "chain", "phi": 0.5, "eta": 1.0, "m": 0.6, "u_target": null, "u_realized": null, "method": "edd", "seed": 301, "twt": 1247.9348, "makespan": 106.8648, "mean_flow": 4.71901475, "breach_share": 0.0275, "breach_p1": 0.1038961038961039, "breach_p2": 0.04225352112676056, "breach_p3": 0.0, "breach_p4": 0.0, "decisions": 400, "latency_ms_per_decision": 0.016698692925274372, "replans": null, "validator_ok": 1, "runtime_s": 0.006679477170109749}, "wspt": {"instance_id": "c12_replay_400_0084", "campus": 12, "size": 400, "track": "replay", "structure": "chain", "phi": 0.5, "eta": 1.0, "m": 0.6, "u_target": null, "u_realized": null, "method": "wspt", "seed": 301, "twt": 1275.034, "makespan": 106.8648, "mean_flow": 4.593572999999999, "breach_share": 0.0275, "breach_p1": 0.1038961038961039, "breach_p2": 0.04225352112676056, "breach_p3": 0.0, "breach_p4": 0.0, "decisions": 400, "latency_ms_per_decision": 0.01707161543890834, "replans": null, "validator_ok": 1, "runtime_s": 0.006828646175563335}, "atc": {"instance_id": "c12_replay_400_0084", "campus": 12, "size": 400, "track": "replay", "structure": "chain", "phi": 0.5, "eta": 1.0, "m": 0.6, "u_target": null, "u_realized": null, "method": "atc", "seed": 301, "twt": 1249.5788000000002, "makespan": 106.8648, "mean_flow": 4.747287, "breach_share": 0.0275, "breach_p1": 0.1038961038961039, "breach_p2": 0.04225352112676056, "breach_p3": 0.0, "breach_p4": 0.0, "decisions": 400, "latency_ms_per_decision": 0.029662849847227335, "replans": null, "validator_ok": 1, "runtime_s": 0.011865139938890934}, "pfifo": {"instance_id": "c12_replay_400_0084", "campus": 12, "size": 400, "track": "replay", "structure": "chain", "phi": 0.5, "eta": 1.0, "m": 0.6, "u_target": null, "u_realized": null, "method": "pfifo", "seed": 301, "twt": 1247.9348, "makespan": 106.8648, "mean_flow": 4.71901475, "breach_share": 0.0275, "breach_p1": 0.1038961038961039, "breach_p2": 0.04225352112676056, "breach_p3": 0.0, "breach_p4": 0.0, "decisions": 400, "latency_ms_per_decision": 0.01764497719705105, "replans": null, "validator_ok": 1, "runtime_s": 0.007057990878820419}, "mor": {"instance_id": "c12_replay_400_0084", "campus": 12, "size": 400, "track": "replay", "structure": "chain", "phi": 0.5, "eta": 1.0, "m": 0.6, "u_target": null, "u_realized": null, "method": "mor", "seed": 301, "twt": 1250.7636000000002, "makespan": 106.8648, "mean_flow": 4.8964325, "breach_share": 0.0275, "breach_p1": 0.1038961038961039, "breach_p2": 0.04225352112676056, "breach_p3": 0.0, "breach_p4": 0.0, "decisions": 400, "latency_ms_per_decision": 0.01679800683632493, "replans": null, "validator_ok": 1, "runtime_s": 0.006719202734529972}, "lfj_atc": {"instance_id": "c12_replay_400_0084", "campus": 12, "size": 400, "track": "replay", "structure": "chain", "phi": 0.5, "eta": 1.0, "m": 0.6, "u_target": null, "u_realized": null, "method": "lfj_atc", "seed": 301, "twt": 1249.5788000000002, "makespan": 106.8648, "mean_flow": 4.747287, "breach_share": 0.0275, "breach_p1": 0.1038961038961039, "breach_p2": 0.04225352112676056, "breach_p3": 0.0, "breach_p4": 0.0, "decisions": 400, "latency_ms_per_decision": 0.03097906243056059, "replans": null, "validator_ok": 1, "runtime_s": 0.012391624972224236}, "atc_eta": {"instance_id": "c12_replay_400_0084", "campus": 12, "size": 400, "track": "replay", "structure": "chain", "phi": 0.5, "eta": 1.0, "m": 0.6, "u_target": null, "u_realized": null, "method": "atc_eta", "seed": 301, "twt": 1249.5788000000002, "makespan": 106.8648, "mean_flow": 4.747287, "breach_share": 0.0275, "breach_p1": 0.1038961038961039, "breach_p2": 0.04225352112676056, "breach_p3": 0.0, "breach_p4": 0.0, "decisions": 400, "latency_ms_per_decision": 0.05249329493381083, "replans": null, "validator_ok": 1, "runtime_s": 0.020997317973524332}, "random": {"instance_id": "c12_replay_400_0084", "campus": 12, "size": 400, "track": "replay", "structure": "chain", "phi": 0.5, "eta": 1.0, "m": 0.6, "u_target": null, "u_realized": null, "method": "random", "seed": 301, "twt": 1268.8296, "makespan": 106.8648, "mean_flow": 4.6902335, "breach_share": 0.0275, "breach_p1": 0.1038961038961039, "breach_p2": 0.04225352112676056, "breach_p3": 0.0, "breach_p4": 0.0, "decisions": 400, "latency_ms_per_decision": 0.015302335377782583, "replans": null, "validator_ok": 1, "runtime_s": 0.006120934151113033}, "v2mlp301": {"instance_id": "c12_replay_400_0084", "campus": 12, "size": 400, "track": "replay", "structure": "chain", "phi": 0.5, "eta": 1.0, "m": 0.6, "u_target": null, "u_realized": null, "method": "v2mlp301", "seed": 301, "twt": 1247.9348, "makespan": 106.8648, "mean_flow": 4.81579425, "breach_share": 0.0275, "breach_p1": 0.1038961038961039, "breach_p2": 0.04225352112676056, "breach_p3": 0.0, "breach_p4": 0.0, "decisions": 400, "latency_ms_per_decision": 0.366857674671337, "replans": null, "validator_ok": 1, "runtime_s": 0.1467430698685348}, "v2mlp302": {"instance_id": "c12_replay_400_0084", "campus": 12, "size": 400, "track": "replay", "structure": "chain", "phi": 0.5, "eta": 1.0, "m": 0.6, "u_target": null, "u_realized": null, "method": "v2mlp302", "seed": 302, "twt": 1249.8168, "makespan": 106.8648, "mean_flow": 4.8811824999999995, "breach_share": 0.0275, "breach_p1": 0.1038961038961039, "breach_p2": 0.04225352112676056, "breach_p3": 0.0, "breach_p4": 0.0, "decisions": 400, "latency_ms_per_decision": 0.49274703254923224, "replans": null, "validator_ok": 1, "runtime_s": 0.1970988130196929}, "v2mlp303": {"instance_id": "c12_replay_400_0084", "campus": 12, "size": 400, "track": "replay", "structure": "chain", "phi": 0.5, "eta": 1.0, "m": 0.6, "u_target": null, "u_realized": null, "method": "v2mlp303", "seed": 303, "twt": 1247.9348, "makespan": 106.8648, "mean_flow": 4.758155749999999, "breach_share": 0.0275, "breach_p1": 0.1038961038961039, "breach_p2": 0.04225352112676056, "breach_p3": 0.0, "breach_p4": 0.0, "decisions": 400, "latency_ms_per_decision": 0.43923604069277644, "replans": null, "validator_ok": 1, "runtime_s": 0.17569441627711058}, "v2mlp304": {"instance_id": "c12_replay_400_0084", "campus": 12, "size": 400, "track": "replay", "structure": "chain", "phi": 0.5, "eta": 1.0, "m": 0.6, "u_target": null, "u_realized": null, "method": "v2mlp304", "seed": 304, "twt": 1247.9348, "makespan": 106.8648, "mean_flow": 4.925345, "breach_share": 0.0275, "breach_p1": 0.1038961038961039, "breach_p2": 0.04225352112676056, "breach_p3": 0.0, "breach_p4": 0.0, "decisions": 400, "latency_ms_per_decision": 0.40449785999953747, "replans": null, "validator_ok": 1, "runtime_s": 0.161799143999815}, "v2mlp305": {"instance_id": "c12_replay_400_0084", "campus": 12, "size": 400, "track": "replay", "structure": "chain", "phi": 0.5, "eta": 1.0, "m": 0.6, "u_target": null, "u_realized": null, "method": "v2mlp305", "seed": 305, "twt": 1247.9348, "makespan": 106.8648, "mean_flow": 4.9256150000000005, "breach_share": 0.0275, "breach_p1": 0.1038961038961039, "breach_p2": 0.04225352112676056, "breach_p3": 0.0, "breach_p4": 0.0, "decisions": 400, "latency_ms_per_decision": 0.4174044751562178, "replans": null, "validator_ok": 1, "runtime_s": 0.16696179006248713}, "v2mlp306": {"instance_id": "c12_replay_400_0084", "campus": 12, "size": 400, "track": "replay", "structure": "chain", "phi": 0.5, "eta": 1.0, "m": 0.6, "u_target": null, "u_realized": null, "method": "v2mlp306", "seed": 306, "twt": 1247.9348, "makespan": 106.8648, "mean_flow": 4.92499575, "breach_share": 0.0275, "breach_p1": 0.1038961038961039, "breach_p2": 0.04225352112676056, "breach_p3": 0.0, "breach_p4": 0.0, "decisions": 400, "latency_ms_per_decision": 0.6177051342092454, "replans": null, "validator_ok": 1, "runtime_s": 0.24708205368369818}, "v2mlp307": {"instance_id": "c12_replay_400_0084", "campus": 12, "size": 400, "track": "replay", "structure": "chain", "phi": 0.5, "eta": 1.0,