{"config_id": "c12_replay_150_0102__c12_gen_eta080_m060", "rows": {"edd": {"instance_id": "c12_replay_150_0102", "campus": 12, "size": 150, "track": "replay", "structure": "generalist", "phi": null, "eta": 0.8, "m": 0.6, "u_target": null, "u_realized": null, "method": "edd", "seed": 301, "twt": 548.9295999999999, "makespan": 96.574, "mean_flow": 5.6487973333333334, "breach_share": 0.05333333333333334, "breach_p1": 0.23333333333333334, "breach_p2": 0.0, "breach_p3": 0.02631578947368421, "breach_p4": 0.0, "decisions": 150, "latency_ms_per_decision": 0.03499876707792282, "replans": null, "validator_ok": 1, "runtime_s": 0.005249815061688423}, "wspt": {"instance_id": "c12_replay_150_0102", "campus": 12, "size": 150, "track": "replay", "structure": "generalist", "phi": null, "eta": 0.8, "m": 0.6, "u_target": null, "u_realized": null, "method": "wspt", "seed": 301, "twt": 548.9295999999999, "makespan": 96.574, "mean_flow": 5.655464, "breach_share": 0.05333333333333334, "breach_p1": 0.23333333333333334, "breach_p2": 0.0, "breach_p3": 0.02631578947368421, "breach_p4": 0.0, "decisions": 150, "latency_ms_per_decision": 0.019428661713997524, "replans": null, "validator_ok": 1, "runtime_s": 0.0029142992570996284}, "atc": {"instance_id": "c12_replay_150_0102", "campus": 12, "size": 150, "track": "replay", "structure": "generalist", "phi": null, "eta": 0.8, "m": 0.6, "u_target": null, "u_realized": null, "method": "atc", "seed": 301, "twt": 548.9295999999999, "makespan": 96.574, "mean_flow": 5.6495973333333325, "breach_share": 0.05333333333333334, "breach_p1": 0.23333333333333334, "breach_p2": 0.0, "breach_p3": 0.02631578947368421, "breach_p4": 0.0, "decisions": 150, "latency_ms_per_decision": 0.0769152802725633, "replans": null, "validator_ok": 1, "runtime_s": 0.011537292040884495}, "pfifo": {"instance_id": "c12_replay_150_0102", "campus": 12, "size": 150, "track": "replay", "structure": "generalist", "phi": null, "eta": 0.8, "m": 0.6, "u_target": null, "u_realized": null, "method": "pfifo", "seed": 301, "twt": 548.9295999999999, "makespan": 96.574, "mean_flow": 5.6487973333333334, "breach_share": 0.05333333333333334, "breach_p1": 0.23333333333333334, "breach_p2": 0.0, "breach_p3": 0.02631578947368421, "breach_p4": 0.0, "decisions": 150, "latency_ms_per_decision": 0.09972402825951576, "replans": null, "validator_ok": 1, "runtime_s": 0.014958604238927364}, "mor": {"instance_id": "c12_replay_150_0102", "campus": 12, "size": 150, "track": "replay", "structure": "generalist", "phi": null, "eta": 0.8, "m": 0.6, "u_target": null, "u_realized": null, "method": "mor", "seed": 301, "twt": 548.9295999999999, "makespan": 96.574, "mean_flow": 5.635064, "breach_share": 0.05333333333333334, "breach_p1": 0.23333333333333334, "breach_p2": 0.0, "breach_p3": 0.02631578947368421, "breach_p4": 0.0, "decisions": 150, "latency_ms_per_decision": 0.04603177929917971, "replans": null, "validator_ok": 1, "runtime_s": 0.006904766894876957}, "lfj_atc": {"instance_id": "c12_replay_150_0102", "campus": 12, "size": 150, "track": "replay", "structure": "generalist", "phi": null, "eta": 0.8, "m": 0.6, "u_target": null, "u_realized": null, "method": "lfj_atc", "seed": 301, "twt": 548.9295999999999, "makespan": 96.574, "mean_flow": 5.6495973333333325, "breach_share": 0.05333333333333334, "breach_p1": 0.23333333333333334, "breach_p2": 0.0, "breach_p3": 0.02631578947368421, "breach_p4": 0.0, "decisions": 150, "latency_ms_per_decision": 0.07616044022142887, "replans": null, "validator_ok": 1, "runtime_s": 0.01142406603321433}, "atc_eta": {"instance_id": "c12_replay_150_0102", "campus": 12, "size": 150, "track": "replay", "structure": "generalist", "phi": null, "eta": 0.8, "m": 0.6, "u_target": null, "u_realized": null, "method": "atc_eta", "seed": 301, "twt": 548.9295999999999, "makespan": 96.574, "mean_flow": 5.6495973333333325, "breach_share": 0.05333333333333334, "breach_p1": 0.23333333333333334, "breach_p2": 0.0, "breach_p3": 0.02631578947368421, "breach_p4": 0.0, "decisions": 150, "latency_ms_per_decision": 0.11676913437743981, "replans": null, "validator_ok": 1, "runtime_s": 0.017515370156615973}, "random": {"instance_id": "c12_replay_150_0102", "campus": 12, "size": 150, "track": "replay", "structure": "generalist", "phi": null, "eta": 0.8, "m": 0.6, "u_target": null, "u_realized": null, "method": "random", "seed": 301, "twt": 548.9295999999999, "makespan": 96.574, "mean_flow": 5.647930666666666, "breach_share": 0.05333333333333334, "breach_p1": 0.23333333333333334, "breach_p2": 0.0, "breach_p3": 0.02631578947368421, "breach_p4": 0.0, "decisions": 150, "latency_ms_per_decision": 0.01218507376809915, "replans": null, "validator_ok": 1, "runtime_s": 0.0018277610652148724}, "v2mlp301": {"instance_id": "c12_replay_150_0102", "campus": 12, "size": 150, "track": "replay", "structure": "generalist", "phi": null, "eta": 0.8, "m": 0.6, "u_target": null, "u_realized": null, "method": "v2mlp301", "seed": 301, "twt": 570.9296, "makespan": 96.574, "mean_flow": 5.700502666666666, "breach_share": 0.05333333333333334, "breach_p1": 0.23333333333333334, "breach_p2": 0.0, "breach_p3": 0.02631578947368421, "breach_p4": 0.0, "decisions": 150, "latency_ms_per_decision": 0.2744472399353981, "replans": null, "validator_ok": 1, "runtime_s": 0.041167085990309715}, "v2mlp302": {"instance_id": "c12_replay_150_0102", "campus": 12, "size": 150, "track": "replay", "structure": "generalist", "phi": null, "eta": 0.8, "m": 0.6, "u_target": null, "u_realized": null, "method": "v2mlp302", "seed": 302, "twt": 548.9295999999999, "makespan": 96.574, "mean_flow": 5.744930666666667, "breach_share": 0.05333333333333334, "breach_p1": 0.23333333333333334, "breach_p2": 0.0, "breach_p3": 0.02631578947368421, "breach_p4": 0.0, "decisions": 150, "latency_ms_per_decision": 0.3116500874360402, "replans": null, "validator_ok": 1, "runtime_s": 0.046747513115406036}, "v2mlp303": {"instance_id": "c12_replay_150_0102", "campus": 12, "size": 150, "track": "replay", "structure": "generalist", "phi": null, "eta": 0.8, "m": 0.6, "u_target": null, "u_realized": null, "method": "v2mlp303", "seed": 303, "twt": 548.9295999999999, "makespan": 96.574, "mean_flow": 5.686036, "breach_share": 0.05333333333333334, "breach_p1": 0.23333333333333334, "breach_p2": 0.0, "breach_p3": 0.02631578947368421, "breach_p4": 0.0, "decisions": 150, "latency_ms_per_decision": 0.26632800698280334, "replans": null, "validator_ok": 1, "runtime_s": 0.0399492010474205}, "v2mlp304": {"instance_id": "c12_replay_150_0102", "campus": 12, "size": 150, "track": "replay", "structure": "generalist", "phi": null, "eta": 0.8, "m": 0.6, "u_target": null, "u_realized": null, "method": "v2mlp304", "seed": 304, "twt": 548.9295999999999, "makespan": 96.574, "mean_flow": 5.640930666666667, "breach_share": 0.05333333333333334, "breach_p1": 0.23333333333333334, "breach_p2": 0.0, "breach_p3": 0.02631578947368421, "breach_p4": 0.0, "decisions": 150, "latency_ms_per_decision": 0.42764106144507724, "replans": null, "validator_ok": 1, "runtime_s": 0.06414615921676159}, "v2mlp305": {"instance_id": "c12_replay_150_0102", "campus": 12, "size": 150, "track": "replay", "structure": "generalist", "phi": null, "eta": 0.8, "m": 0.6, "u_target": null, "u_realized": null, "method": "v2mlp305", "seed": 305, "twt": 548.9295999999999, "makespan": 96.574, "mean_flow": 5.749264, "breach_share": 0.05333333333333334, "breach_p1": 0.23333333333333334, "breach_p2": 0.0, "breach_p3": 0.02631578947368421, "breach_p4": 0.0, "decisions": 150, "latency_ms_per_decision": 0.5252774649610122, "replans": null, "validator_ok": 1, "runtime_s": 0.07879161974415183}, "v2mlp306": {"instance_id": "c12_replay_150_0102", "campus": 12, "size": 150, "track": "replay", "structure": "generalist", "phi": null, "eta": 0.8, "m": 0.6, "u_target": null, "u_realized": null, "method": "v2mlp306", "seed": 306, "twt": 598.9296, "makespan": 96.574, "mean_flow": 5.775465333333333, "breach_share": 0.05333333333333334, "breach_p1": 0.23333333333333334,