{"config_id": "c12_replay_150_0185__c12_gen_eta100_m100", "rows": {"edd": {"instance_id": "c12_replay_150_0185", "campus": 12, "size": 150, "track": "replay", "structure": "generalist", "phi": null, "eta": 1.0, "m": 1.0, "u_target": null, "u_realized": null, "method": "edd", "seed": 301, "twt": 179.2, "makespan": 97.1754, "mean_flow": 8.807194666666668, "breach_share": 0.05333333333333334, "breach_p1": 0.14634146341463414, "breach_p2": 0.125, "breach_p3": 0.0, "breach_p4": 0.0, "decisions": 150, "latency_ms_per_decision": 0.04600518072644869, "replans": null, "validator_ok": 1, "runtime_s": 0.006900777108967304}, "wspt": {"instance_id": "c12_replay_150_0185", "campus": 12, "size": 150, "track": "replay", "structure": "generalist", "phi": null, "eta": 1.0, "m": 1.0, "u_target": null, "u_realized": null, "method": "wspt", "seed": 301, "twt": 179.2, "makespan": 97.1754, "mean_flow": 8.790607333333332, "breach_share": 0.05333333333333334, "breach_p1": 0.14634146341463414, "breach_p2": 0.125, "breach_p3": 0.0, "breach_p4": 0.0, "decisions": 150, "latency_ms_per_decision": 0.05221524586280187, "replans": null, "validator_ok": 1, "runtime_s": 0.00783228687942028}, "atc": {"instance_id": "c12_replay_150_0185", "campus": 12, "size": 150, "track": "replay", "structure": "generalist", "phi": null, "eta": 1.0, "m": 1.0, "u_target": null, "u_realized": null, "method": "atc", "seed": 301, "twt": 179.2, "makespan": 97.1754, "mean_flow": 8.790607333333332, "breach_share": 0.05333333333333334, "breach_p1": 0.14634146341463414, "breach_p2": 0.125, "breach_p3": 0.0, "breach_p4": 0.0, "decisions": 150, "latency_ms_per_decision": 0.06145046092569828, "replans": null, "validator_ok": 1, "runtime_s": 0.009217569138854742}, "pfifo": {"instance_id": "c12_replay_150_0185", "campus": 12, "size": 150, "track": "replay", "structure": "generalist", "phi": null, "eta": 1.0, "m": 1.0, "u_target": null, "u_realized": null, "method": "pfifo", "seed": 301, "twt": 179.2, "makespan": 97.1754, "mean_flow": 8.807194666666668, "breach_share": 0.05333333333333334, "breach_p1": 0.14634146341463414, "breach_p2": 0.125, "breach_p3": 0.0, "breach_p4": 0.0, "decisions": 150, "latency_ms_per_decision": 0.032046365862091385, "replans": null, "validator_ok": 1, "runtime_s": 0.004806954879313707}, "mor": {"instance_id": "c12_replay_150_0185", "campus": 12, "size": 150, "track": "replay", "structure": "generalist", "phi": null, "eta": 1.0, "m": 1.0, "u_target": null, "u_realized": null, "method": "mor", "seed": 301, "twt": 179.2, "makespan": 97.1754, "mean_flow": 8.820686666666667, "breach_share": 0.05333333333333334, "breach_p1": 0.14634146341463414, "breach_p2": 0.125, "breach_p3": 0.0, "breach_p4": 0.0, "decisions": 150, "latency_ms_per_decision": 0.02588905394077301, "replans": null, "validator_ok": 1, "runtime_s": 0.0038833580911159515}, "lfj_atc": {"instance_id": "c12_replay_150_0185", "campus": 12, "size": 150, "track": "replay", "structure": "generalist", "phi": null, "eta": 1.0, "m": 1.0, "u_target": null, "u_realized": null, "method": "lfj_atc", "seed": 301, "twt": 179.2, "makespan": 97.1754, "mean_flow": 8.790607333333332, "breach_share": 0.05333333333333334, "breach_p1": 0.14634146341463414, "breach_p2": 0.125, "breach_p3": 0.0, "breach_p4": 0.0, "decisions": 150, "latency_ms_per_decision": 0.07584672110776107, "replans": null, "validator_ok": 1, "runtime_s": 0.01137700816616416}, "atc_eta": {"instance_id": "c12_replay_150_0185", "campus": 12, "size": 150, "track": "replay", "structure": "generalist", "phi": null, "eta": 1.0, "m": 1.0, "u_target": null, "u_realized": null, "method": "atc_eta", "seed": 301, "twt": 179.2, "makespan": 97.1754, "mean_flow": 8.790607333333332, "breach_share": 0.05333333333333334, "breach_p1": 0.14634146341463414, "breach_p2": 0.125, "breach_p3": 0.0, "breach_p4": 0.0, "decisions": 150, "latency_ms_per_decision": 0.15938620703915754, "replans": null, "validator_ok": 1, "runtime_s": 0.023907931055873632}, "random": {"instance_id": "c12_replay_150_0185", "campus": 12, "size": 150, "track": "replay", "structure": "generalist", "phi": null, "eta": 1.0, "m": 1.0, "u_target": null, "u_realized": null, "method": "random", "seed": 301, "twt": 179.2, "makespan": 97.1754, "mean_flow": 8.816544666666665, "breach_share": 0.05333333333333334, "breach_p1": 0.14634146341463414, "breach_p2": 0.125, "breach_p3": 0.0, "breach_p4": 0.0, "decisions": 150, "latency_ms_per_decision": 0.03850117325782776, "replans": null, "validator_ok": 1, "runtime_s": 0.005775175988674164}, "v2mlp301": {"instance_id": "c12_replay_150_0185", "campus": 12, "size": 150, "track": "replay", "structure": "generalist", "phi": null, "eta": 1.0, "m": 1.0, "u_target": null, "u_realized": null, "method": "v2mlp301", "seed": 301, "twt": 179.2, "makespan": 97.1754, "mean_flow": 9.435250666666667, "breach_share": 0.05333333333333334, "breach_p1": 0.14634146341463414, "breach_p2": 0.125, "breach_p3": 0.0, "breach_p4": 0.0, "decisions": 150, "latency_ms_per_decision": 1.4841405612727006, "replans": null, "validator_ok": 1, "runtime_s": 0.2226210841909051}, "v2mlp302": {"instance_id": "c12_replay_150_0185", "campus": 12, "size": 150, "track": "replay", "structure": "generalist", "phi": null, "eta": 1.0, "m": 1.0, "u_target": null, "u_realized": null, "method": "v2mlp302", "seed": 302, "twt": 179.2, "makespan": 97.1754, "mean_flow": 8.990979333333334, "breach_share": 0.05333333333333334, "breach_p1": 0.14634146341463414, "breach_p2": 0.125, "breach_p3": 0.0, "breach_p4": 0.0, "decisions": 150, "latency_ms_per_decision": 1.4734903257340193, "replans": null, "validator_ok": 1, "runtime_s": 0.2210235488601029}, "v2mlp303": {"instance_id": "c12_replay_150_0185", "campus": 12, "size": 150, "track": "replay", "structure": "generalist", "phi": null, "eta": 1.0, "m": 1.0, "u_target": null, "u_realized": null, "method": "v2mlp303", "seed": 303, "twt": 179.2, "makespan": 97.1754, "mean_flow": 8.903461333333333, "breach_share": 0.05333333333333334, "breach_p1": 0.14634146341463414, "breach_p2": 0.125, "breach_p3": 0.0, "breach_p4": 0.0, "decisions": 150, "latency_ms_per_decision": 1.7976283219953377, "replans": null, "validator_ok": 1, "runtime_s": 0.26964424829930067}, "v2mlp304": {"instance_id": "c12_replay_150_0185", "campus": 12, "size": 150, "track": "replay", "structure": "generalist", "phi": null, "eta": 1.0, "m": 1.0, "u_target": null, "u_realized": null, "method": "v2mlp304", "seed": 304, "twt": 179.2, "makespan": 97.1754, "mean_flow": 8.820686666666667, "breach_share": 0.05333333333333334, "breach_p1": 0.14634146341463414, "breach_p2": 0.125, "breach_p3": 0.0, "breach_p4": 0.0, "decisions": 150, "latency_ms_per_decision": 2.649557919551929, "replans": null, "validator_ok": 1, "runtime_s": 0.3974336879327893}, "v2mlp305": {"instance_id": "c12_replay_150_0185", "campus": 12, "size": 150, "track": "replay", "structure": "generalist", "phi": null, "eta": 1.0, "m": 1.0, "u_target": null, "u_realized": null, "method": "v2mlp305", "seed": 305, "twt": 179.2, "makespan": 97.1754, "mean_flow": 9.182954, "breach_share": 0.05333333333333334, "breach_p1": 0.14634146341463414, "breach_p2": 0.125, "breach_p3": 0.0, "breach_p4": 0.0, "decisions": 150, "latency_ms_per_decision": 3.372887366761764, "replans": null, "validator_ok": 1, "runtime_s": 0.5059331050142646}, "v2mlp306": {"instance_id": "c12_replay_150_0185", "campus": 12, "size": 150, "track": "replay", "structure": "generalist", "phi": null, "eta": 1.0, "m": 1.0, "u_target": null, "u_realized": null, "method": "v2mlp306", "seed": 306, "twt": 179.2, "makespan": 97.1754, "mean_flow": 9.35897, "breach_share": 0.05333333333333334, "breach_p1": 0.14634146341463414, "breach_p2": 0.125, "breach_p3": 0.0, "breach_p4": 0.0, "decisions": 150, "latency_ms_per_decision": 2.5761958615233502, "replans": null, "validator_ok": 1, "runtime_s": 0.3864293792285025}, "v2mlp307": {"instance_id": "c12_replay_150_0185", "campus": 12, "size": 150, "track": "replay", "structure": "generalist",