{"config_id": "c12_replay_150_0126__c12_chain_phi050_eta080_m100", "rows": {"edd": {"instance_id": "c12_replay_150_0126", "campus": 12, "size": 150, "track": "replay", "structure": "chain", "phi": 0.5, "eta": 0.8, "m": 1.0, "u_target": null, "u_realized": null, "method": "edd", "seed": 301, "twt": 319.7296, "makespan": 97.5526, "mean_flow": 5.691864, "breach_share": 0.03333333333333333, "breach_p1": 0.0967741935483871, "breach_p2": 0.047619047619047616, "breach_p3": 0.030303030303030304, "breach_p4": 0.0, "decisions": 150, "latency_ms_per_decision": 0.016630540291468304, "replans": null, "validator_ok": 1, "runtime_s": 0.0024945810437202454}, "wspt": {"instance_id": "c12_replay_150_0126", "campus": 12, "size": 150, "track": "replay", "structure": "chain", "phi": 0.5, "eta": 0.8, "m": 1.0, "u_target": null, "u_realized": null, "method": "wspt", "seed": 301, "twt": 319.7296, "makespan": 97.5526, "mean_flow": 5.691864, "breach_share": 0.03333333333333333, "breach_p1": 0.0967741935483871, "breach_p2": 0.047619047619047616, "breach_p3": 0.030303030303030304, "breach_p4": 0.0, "decisions": 150, "latency_ms_per_decision": 0.01632322557270527, "replans": null, "validator_ok": 1, "runtime_s": 0.0024484838359057903}, "atc": {"instance_id": "c12_replay_150_0126", "campus": 12, "size": 150, "track": "replay", "structure": "chain", "phi": 0.5, "eta": 0.8, "m": 1.0, "u_target": null, "u_realized": null, "method": "atc", "seed": 301, "twt": 319.7296, "makespan": 97.5526, "mean_flow": 5.691864, "breach_share": 0.03333333333333333, "breach_p1": 0.0967741935483871, "breach_p2": 0.047619047619047616, "breach_p3": 0.030303030303030304, "breach_p4": 0.0, "decisions": 150, "latency_ms_per_decision": 0.01970375267167886, "replans": null, "validator_ok": 1, "runtime_s": 0.002955562900751829}, "pfifo": {"instance_id": "c12_replay_150_0126", "campus": 12, "size": 150, "track": "replay", "structure": "chain", "phi": 0.5, "eta": 0.8, "m": 1.0, "u_target": null, "u_realized": null, "method": "pfifo", "seed": 301, "twt": 319.7296, "makespan": 97.5526, "mean_flow": 5.691864, "breach_share": 0.03333333333333333, "breach_p1": 0.0967741935483871, "breach_p2": 0.047619047619047616, "breach_p3": 0.030303030303030304, "breach_p4": 0.0, "decisions": 150, "latency_ms_per_decision": 0.01651191773513953, "replans": null, "validator_ok": 1, "runtime_s": 0.0024767876602709293}, "mor": {"instance_id": "c12_replay_150_0126", "campus": 12, "size": 150, "track": "replay", "structure": "chain", "phi": 0.5, "eta": 0.8, "m": 1.0, "u_target": null, "u_realized": null, "method": "mor", "seed": 301, "twt": 319.7296, "makespan": 97.5526, "mean_flow": 5.691864, "breach_share": 0.03333333333333333, "breach_p1": 0.0967741935483871, "breach_p2": 0.047619047619047616, "breach_p3": 0.030303030303030304, "breach_p4": 0.0, "decisions": 150, "latency_ms_per_decision": 0.01631801947951317, "replans": null, "validator_ok": 1, "runtime_s": 0.0024477029219269753}, "lfj_atc": {"instance_id": "c12_replay_150_0126", "campus": 12, "size": 150, "track": "replay", "structure": "chain", "phi": 0.5, "eta": 0.8, "m": 1.0, "u_target": null, "u_realized": null, "method": "lfj_atc", "seed": 301, "twt": 319.7296, "makespan": 97.5526, "mean_flow": 5.691864, "breach_share": 0.03333333333333333, "breach_p1": 0.0967741935483871, "breach_p2": 0.047619047619047616, "breach_p3": 0.030303030303030304, "breach_p4": 0.0, "decisions": 150, "latency_ms_per_decision": 0.020949340735872585, "replans": null, "validator_ok": 1, "runtime_s": 0.003142401110380888}, "atc_eta": {"instance_id": "c12_replay_150_0126", "campus": 12, "size": 150, "track": "replay", "structure": "chain", "phi": 0.5, "eta": 0.8, "m": 1.0, "u_target": null, "u_realized": null, "method": "atc_eta", "seed": 301, "twt": 319.7296, "makespan": 97.5526, "mean_flow": 5.691864, "breach_share": 0.03333333333333333, "breach_p1": 0.0967741935483871, "breach_p2": 0.047619047619047616, "breach_p3": 0.030303030303030304, "breach_p4": 0.0, "decisions": 150, "latency_ms_per_decision": 0.049622319638729095, "replans": null, "validator_ok": 1, "runtime_s": 0.007443347945809364}, "random": {"instance_id": "c12_replay_150_0126", "campus": 12, "size": 150, "track": "replay", "structure": "chain", "phi": 0.5, "eta": 0.8, "m": 1.0, "u_target": null, "u_realized": null, "method": "random", "seed": 301, "twt": 319.7296, "makespan": 97.5526, "mean_flow": 5.691864, "breach_share": 0.03333333333333333, "breach_p1": 0.0967741935483871, "breach_p2": 0.047619047619047616, "breach_p3": 0.030303030303030304, "breach_p4": 0.0, "decisions": 150, "latency_ms_per_decision": 0.015755525479714077, "replans": null, "validator_ok": 1, "runtime_s": 0.0023633288219571114}, "v2mlp301": {"instance_id": "c12_replay_150_0126", "campus": 12, "size": 150, "track": "replay", "structure": "chain", "phi": 0.5, "eta": 0.8, "m": 1.0, "u_target": null, "u_realized": null, "method": "v2mlp301", "seed": 301, "twt": 319.7296, "makespan": 97.5526, "mean_flow": 5.691864, "breach_share": 0.03333333333333333, "breach_p1": 0.0967741935483871, "breach_p2": 0.047619047619047616, "breach_p3": 0.030303030303030304, "breach_p4": 0.0, "decisions": 150, "latency_ms_per_decision": 0.25168654198447865, "replans": null, "validator_ok": 1, "runtime_s": 0.037752981297671795}, "v2mlp302": {"instance_id": "c12_replay_150_0126", "campus": 12, "size": 150, "track": "replay", "structure": "chain", "phi": 0.5, "eta": 0.8, "m": 1.0, "u_target": null, "u_realized": null, "method": "v2mlp302", "seed": 302, "twt": 319.7296, "makespan": 97.5526, "mean_flow": 5.7661973333333325, "breach_share": 0.03333333333333333, "breach_p1": 0.0967741935483871, "breach_p2": 0.047619047619047616, "breach_p3": 0.030303030303030304, "breach_p4": 0.0, "decisions": 150, "latency_ms_per_decision": 0.3889673016965389, "replans": null, "validator_ok": 1, "runtime_s": 0.05834509525448084}, "v2mlp303": {"instance_id": "c12_replay_150_0126", "campus": 12, "size": 150, "track": "replay", "structure": "chain", "phi": 0.5, "eta": 0.8, "m": 1.0, "u_target": null, "u_realized": null, "method": "v2mlp303", "seed": 303, "twt": 319.7296, "makespan": 97.5526, "mean_flow": 5.721063999999999, "breach_share": 0.03333333333333333, "breach_p1": 0.0967741935483871, "breach_p2": 0.047619047619047616, "breach_p3": 0.030303030303030304, "breach_p4": 0.0, "decisions": 150, "latency_ms_per_decision": 0.30333803966641426, "replans": null, "validator_ok": 1, "runtime_s": 0.04550070594996214}, "v2mlp304": {"instance_id": "c12_replay_150_0126", "campus": 12, "size": 150, "track": "replay", "structure": "chain", "phi": 0.5, "eta": 0.8, "m": 1.0, "u_target": null, "u_realized": null, "method": "v2mlp304", "seed": 304, "twt": 319.7296, "makespan": 97.5526, "mean_flow": 5.713530666666666, "breach_share": 0.03333333333333333, "breach_p1": 0.0967741935483871, "breach_p2": 0.047619047619047616, "breach_p3": 0.030303030303030304, "breach_p4": 0.0, "decisions": 150, "latency_ms_per_decision": 0.28541952061156434, "replans": null, "validator_ok": 1, "runtime_s": 0.04281292809173465}, "v2mlp305": {"instance_id": "c12_replay_150_0126", "campus": 12, "size": 150, "track": "replay", "structure": "chain", "phi": 0.5, "eta": 0.8, "m": 1.0, "u_target": null, "u_realized": null, "method": "v2mlp305", "seed": 305, "twt": 319.7296, "makespan": 97.5526, "mean_flow": 5.736930666666666, "breach_share": 0.03333333333333333, "breach_p1": 0.0967741935483871, "breach_p2": 0.047619047619047616, "breach_p3": 0.030303030303030304, "breach_p4": 0.0, "decisions": 150, "latency_ms_per_decision": 0.27928080099324387, "replans": null, "validator_ok": 1, "runtime_s": 0.04189212014898658}, "v2mlp306": {"instance_id": "c12_replay_150_0126", "campus": 12, "size": 150, "track": "replay", "structure": "chain", "phi": 0.5, "eta": 0.8, "m": 1.0, "u_target": null, "u_realized": null, "method": "v2mlp306", "seed": 306, "twt": 319.7296, "makespan": 97.5526, "mean_flow": 5.740864, "breach_share": 0.03333333333333333, "breach_p1": 0.0967741935483871,