{"config_id": "c12_replay_400_0125__c12_chain_phi050_eta080_m100", "rows": {"edd": {"instance_id": "c12_replay_400_0125", "campus": 12, "size": 400, "track": "replay", "structure": "chain", "phi": 0.5, "eta": 0.8, "m": 1.0, "u_target": null, "u_realized": null, "method": "edd", "seed": 301, "twt": 896.6591999999999, "makespan": 111.8648, "mean_flow": 7.326733750000001, "breach_share": 0.03, "breach_p1": 0.11538461538461539, "breach_p2": 0.07142857142857142, "breach_p3": 0.016129032258064516, "breach_p4": 0.0, "decisions": 400, "latency_ms_per_decision": 0.02990623004734516, "replans": null, "validator_ok": 1, "runtime_s": 0.011962492018938065}, "wspt": {"instance_id": "c12_replay_400_0125", "campus": 12, "size": 400, "track": "replay", "structure": "chain", "phi": 0.5, "eta": 0.8, "m": 1.0, "u_target": null, "u_realized": null, "method": "wspt", "seed": 301, "twt": 896.6591999999999, "makespan": 111.8648, "mean_flow": 7.328133749999999, "breach_share": 0.03, "breach_p1": 0.11538461538461539, "breach_p2": 0.07142857142857142, "breach_p3": 0.016129032258064516, "breach_p4": 0.0, "decisions": 400, "latency_ms_per_decision": 0.029797825263813138, "replans": null, "validator_ok": 1, "runtime_s": 0.011919130105525255}, "atc": {"instance_id": "c12_replay_400_0125", "campus": 12, "size": 400, "track": "replay", "structure": "chain", "phi": 0.5, "eta": 0.8, "m": 1.0, "u_target": null, "u_realized": null, "method": "atc", "seed": 301, "twt": 896.6591999999999, "makespan": 111.8648, "mean_flow": 7.326733750000001, "breach_share": 0.03, "breach_p1": 0.11538461538461539, "breach_p2": 0.07142857142857142, "breach_p3": 0.016129032258064516, "breach_p4": 0.0, "decisions": 400, "latency_ms_per_decision": 0.04042805987410247, "replans": null, "validator_ok": 1, "runtime_s": 0.01617122394964099}, "pfifo": {"instance_id": "c12_replay_400_0125", "campus": 12, "size": 400, "track": "replay", "structure": "chain", "phi": 0.5, "eta": 0.8, "m": 1.0, "u_target": null, "u_realized": null, "method": "pfifo", "seed": 301, "twt": 896.6591999999999, "makespan": 111.8648, "mean_flow": 7.326733750000001, "breach_share": 0.03, "breach_p1": 0.11538461538461539, "breach_p2": 0.07142857142857142, "breach_p3": 0.016129032258064516, "breach_p4": 0.0, "decisions": 400, "latency_ms_per_decision": 0.045056979870423675, "replans": null, "validator_ok": 1, "runtime_s": 0.01802279194816947}, "mor": {"instance_id": "c12_replay_400_0125", "campus": 12, "size": 400, "track": "replay", "structure": "chain", "phi": 0.5, "eta": 0.8, "m": 1.0, "u_target": null, "u_realized": null, "method": "mor", "seed": 301, "twt": 896.6591999999999, "makespan": 111.8648, "mean_flow": 7.326733750000001, "breach_share": 0.03, "breach_p1": 0.11538461538461539, "breach_p2": 0.07142857142857142, "breach_p3": 0.016129032258064516, "breach_p4": 0.0, "decisions": 400, "latency_ms_per_decision": 0.04524949472397566, "replans": null, "validator_ok": 1, "runtime_s": 0.018099797889590263}, "lfj_atc": {"instance_id": "c12_replay_400_0125", "campus": 12, "size": 400, "track": "replay", "structure": "chain", "phi": 0.5, "eta": 0.8, "m": 1.0, "u_target": null, "u_realized": null, "method": "lfj_atc", "seed": 301, "twt": 896.6591999999999, "makespan": 111.8648, "mean_flow": 7.326733750000001, "breach_share": 0.03, "breach_p1": 0.11538461538461539, "breach_p2": 0.07142857142857142, "breach_p3": 0.016129032258064516, "breach_p4": 0.0, "decisions": 400, "latency_ms_per_decision": 0.06504293996840715, "replans": null, "validator_ok": 1, "runtime_s": 0.02601717598736286}, "atc_eta": {"instance_id": "c12_replay_400_0125", "campus": 12, "size": 400, "track": "replay", "structure": "chain", "phi": 0.5, "eta": 0.8, "m": 1.0, "u_target": null, "u_realized": null, "method": "atc_eta", "seed": 301, "twt": 896.6591999999999, "makespan": 111.8648, "mean_flow": 7.326733750000001, "breach_share": 0.03, "breach_p1": 0.11538461538461539, "breach_p2": 0.07142857142857142, "breach_p3": 0.016129032258064516, "breach_p4": 0.0, "decisions": 400, "latency_ms_per_decision": 0.13204290182329714, "replans": null, "validator_ok": 1, "runtime_s": 0.05281716072931886}, "random": {"instance_id": "c12_replay_400_0125", "campus": 12, "size": 400, "track": "replay", "structure": "chain", "phi": 0.5, "eta": 0.8, "m": 1.0, "u_target": null, "u_realized": null, "method": "random", "seed": 301, "twt": 896.6591999999999, "makespan": 111.8648, "mean_flow": 7.32750875, "breach_share": 0.03, "breach_p1": 0.11538461538461539, "breach_p2": 0.07142857142857142, "breach_p3": 0.016129032258064516, "breach_p4": 0.0, "decisions": 400, "latency_ms_per_decision": 0.04488474689424038, "replans": null, "validator_ok": 1, "runtime_s": 0.01795389875769615}, "v2mlp301": {"instance_id": "c12_replay_400_0125", "campus": 12, "size": 400, "track": "replay", "structure": "chain", "phi": 0.5, "eta": 0.8, "m": 1.0, "u_target": null, "u_realized": null, "method": "v2mlp301", "seed": 301, "twt": 896.6591999999999, "makespan": 111.8648, "mean_flow": 7.394075499999999, "breach_share": 0.03, "breach_p1": 0.11538461538461539, "breach_p2": 0.07142857142857142, "breach_p3": 0.016129032258064516, "breach_p4": 0.0, "decisions": 400, "latency_ms_per_decision": 0.5322491028346121, "replans": null, "validator_ok": 1, "runtime_s": 0.21289964113384485}, "v2mlp302": {"instance_id": "c12_replay_400_0125", "campus": 12, "size": 400, "track": "replay", "structure": "chain", "phi": 0.5, "eta": 0.8, "m": 1.0, "u_target": null, "u_realized": null, "method": "v2mlp302", "seed": 302, "twt": 896.6591999999999, "makespan": 111.8648, "mean_flow": 7.369669249999999, "breach_share": 0.03, "breach_p1": 0.11538461538461539, "breach_p2": 0.07142857142857142, "breach_p3": 0.016129032258064516, "breach_p4": 0.0, "decisions": 400, "latency_ms_per_decision": 0.49891037167981267, "replans": null, "validator_ok": 1, "runtime_s": 0.19956414867192507}, "v2mlp303": {"instance_id": "c12_replay_400_0125", "campus": 12, "size": 400, "track": "replay", "structure": "chain", "phi": 0.5, "eta": 0.8, "m": 1.0, "u_target": null, "u_realized": null, "method": "v2mlp303", "seed": 303, "twt": 896.6591999999999, "makespan": 111.8648, "mean_flow": 7.34903375, "breach_share": 0.03, "breach_p1": 0.11538461538461539, "breach_p2": 0.07142857142857142, "breach_p3": 0.016129032258064516, "breach_p4": 0.0, "decisions": 400, "latency_ms_per_decision": 0.46764857950620353, "replans": null, "validator_ok": 1, "runtime_s": 0.1870594318024814}, "v2mlp304": {"instance_id": "c12_replay_400_0125", "campus": 12, "size": 400, "track": "replay", "structure": "chain", "phi": 0.5, "eta": 0.8, "m": 1.0, "u_target": null, "u_realized": null, "method": "v2mlp304", "seed": 304, "twt": 896.6591999999999, "makespan": 111.8648, "mean_flow": 7.39490875, "breach_share": 0.03, "breach_p1": 0.11538461538461539, "breach_p2": 0.07142857142857142, "breach_p3": 0.016129032258064516, "breach_p4": 0.0, "decisions": 400, "latency_ms_per_decision": 0.6926182529423386, "replans": null, "validator_ok": 1, "runtime_s": 0.27704730117693543}, "v2mlp305": {"instance_id": "c12_replay_400_0125", "campus": 12, "size": 400, "track": "replay", "structure": "chain", "phi": 0.5, "eta": 0.8, "m": 1.0, "u_target": null, "u_realized": null, "method": "v2mlp305", "seed": 305, "twt": 912.6591999999999, "makespan": 111.8648, "mean_flow": 7.401599, "breach_share": 0.0325, "breach_p1": 0.1346153846153846, "breach_p2": 0.07142857142857142, "breach_p3": 0.016129032258064516, "breach_p4": 0.0, "decisions": 400, "latency_ms_per_decision": 0.22828135290183127, "replans": null, "validator_ok": 1, "runtime_s": 0.09131254116073251}, "v2mlp306": {"instance_id": "c12_replay_400_0125", "campus": 12, "size": 400, "track": "replay", "structure": "chain", "phi": 0.5, "eta": 0.8, "m": 1.0, "u_target": null, "u_realized": null, "method": "v2mlp306", "seed": 306, "twt": 896.6591999999999, "makespan": 111.8648, "mean_flow": 7.35403375, "breach_share": 0.03, "breach_p1": 0.11538461538461539,