{"config_id": "c12_replay_400_0064__c12_chain_phi050_eta080_m100", "rows": {"edd": {"instance_id": "c12_replay_400_0064", "campus": 12, "size": 400, "track": "replay", "structure": "chain", "phi": 0.5, "eta": 0.8, "m": 1.0, "u_target": null, "u_realized": null, "method": "edd", "seed": 301, "twt": 2154.1295999999998, "makespan": 166.7337, "mean_flow": 6.612032499999999, "breach_share": 0.0525, "breach_p1": 0.1652892561983471, "breach_p2": 0.0, "breach_p3": 0.013513513513513514, "breach_p4": 0.0, "decisions": 400, "latency_ms_per_decision": 0.025477857561782002, "replans": null, "validator_ok": 1, "runtime_s": 0.010191143024712801}, "wspt": {"instance_id": "c12_replay_400_0064", "campus": 12, "size": 400, "track": "replay", "structure": "chain", "phi": 0.5, "eta": 0.8, "m": 1.0, "u_target": null, "u_realized": null, "method": "wspt", "seed": 301, "twt": 2154.1295999999998, "makespan": 166.7337, "mean_flow": 6.612032500000001, "breach_share": 0.0525, "breach_p1": 0.1652892561983471, "breach_p2": 0.0, "breach_p3": 0.013513513513513514, "breach_p4": 0.0, "decisions": 400, "latency_ms_per_decision": 0.027087177149951458, "replans": null, "validator_ok": 1, "runtime_s": 0.010834870859980583}, "atc": {"instance_id": "c12_replay_400_0064", "campus": 12, "size": 400, "track": "replay", "structure": "chain", "phi": 0.5, "eta": 0.8, "m": 1.0, "u_target": null, "u_realized": null, "method": "atc", "seed": 301, "twt": 2154.1295999999998, "makespan": 166.7337, "mean_flow": 6.612032500000001, "breach_share": 0.0525, "breach_p1": 0.1652892561983471, "breach_p2": 0.0, "breach_p3": 0.013513513513513514, "breach_p4": 0.0, "decisions": 400, "latency_ms_per_decision": 0.029048246797174215, "replans": null, "validator_ok": 1, "runtime_s": 0.011619298718869686}, "pfifo": {"instance_id": "c12_replay_400_0064", "campus": 12, "size": 400, "track": "replay", "structure": "chain", "phi": 0.5, "eta": 0.8, "m": 1.0, "u_target": null, "u_realized": null, "method": "pfifo", "seed": 301, "twt": 2154.1295999999998, "makespan": 166.7337, "mean_flow": 6.612032499999999, "breach_share": 0.0525, "breach_p1": 0.1652892561983471, "breach_p2": 0.0, "breach_p3": 0.013513513513513514, "breach_p4": 0.0, "decisions": 400, "latency_ms_per_decision": 0.02790985512547195, "replans": null, "validator_ok": 1, "runtime_s": 0.01116394205018878}, "mor": {"instance_id": "c12_replay_400_0064", "campus": 12, "size": 400, "track": "replay", "structure": "chain", "phi": 0.5, "eta": 0.8, "m": 1.0, "u_target": null, "u_realized": null, "method": "mor", "seed": 301, "twt": 2154.1295999999998, "makespan": 166.7337, "mean_flow": 6.612032500000001, "breach_share": 0.0525, "breach_p1": 0.1652892561983471, "breach_p2": 0.0, "breach_p3": 0.013513513513513514, "breach_p4": 0.0, "decisions": 400, "latency_ms_per_decision": 0.039873631903901696, "replans": null, "validator_ok": 1, "runtime_s": 0.01594945276156068}, "lfj_atc": {"instance_id": "c12_replay_400_0064", "campus": 12, "size": 400, "track": "replay", "structure": "chain", "phi": 0.5, "eta": 0.8, "m": 1.0, "u_target": null, "u_realized": null, "method": "lfj_atc", "seed": 301, "twt": 2154.1295999999998, "makespan": 166.7337, "mean_flow": 6.612032500000001, "breach_share": 0.0525, "breach_p1": 0.1652892561983471, "breach_p2": 0.0, "breach_p3": 0.013513513513513514, "breach_p4": 0.0, "decisions": 400, "latency_ms_per_decision": 0.02986145787872374, "replans": null, "validator_ok": 1, "runtime_s": 0.011944583151489496}, "atc_eta": {"instance_id": "c12_replay_400_0064", "campus": 12, "size": 400, "track": "replay", "structure": "chain", "phi": 0.5, "eta": 0.8, "m": 1.0, "u_target": null, "u_realized": null, "method": "atc_eta", "seed": 301, "twt": 2154.1295999999998, "makespan": 166.7337, "mean_flow": 6.612032500000001, "breach_share": 0.0525, "breach_p1": 0.1652892561983471, "breach_p2": 0.0, "breach_p3": 0.013513513513513514, "breach_p4": 0.0, "decisions": 400, "latency_ms_per_decision": 0.08908116025850177, "replans": null, "validator_ok": 1, "runtime_s": 0.03563246410340071}, "random": {"instance_id": "c12_replay_400_0064", "campus": 12, "size": 400, "track": "replay", "structure": "chain", "phi": 0.5, "eta": 0.8, "m": 1.0, "u_target": null, "u_realized": null, "method": "random", "seed": 301, "twt": 2154.1295999999998, "makespan": 166.7337, "mean_flow": 6.612032499999999, "breach_share": 0.0525, "breach_p1": 0.1652892561983471, "breach_p2": 0.0, "breach_p3": 0.013513513513513514, "breach_p4": 0.0, "decisions": 400, "latency_ms_per_decision": 0.05770775722339749, "replans": null, "validator_ok": 1, "runtime_s": 0.023083102889358997}, "v2mlp301": {"instance_id": "c12_replay_400_0064", "campus": 12, "size": 400, "track": "replay", "structure": "chain", "phi": 0.5, "eta": 0.8, "m": 1.0, "u_target": null, "u_realized": null, "method": "v2mlp301", "seed": 301, "twt": 2154.1295999999998, "makespan": 166.7337, "mean_flow": 6.6132825, "breach_share": 0.0525, "breach_p1": 0.1652892561983471, "breach_p2": 0.0, "breach_p3": 0.013513513513513514, "breach_p4": 0.0, "decisions": 400, "latency_ms_per_decision": 0.2075190795585513, "replans": null, "validator_ok": 1, "runtime_s": 0.08300763182342052}, "v2mlp302": {"instance_id": "c12_replay_400_0064", "campus": 12, "size": 400, "track": "replay", "structure": "chain", "phi": 0.5, "eta": 0.8, "m": 1.0, "u_target": null, "u_realized": null, "method": "v2mlp302", "seed": 302, "twt": 2154.1295999999998, "makespan": 166.7337, "mean_flow": 6.6162325, "breach_share": 0.0525, "breach_p1": 0.1652892561983471, "breach_p2": 0.0, "breach_p3": 0.013513513513513514, "breach_p4": 0.0, "decisions": 400, "latency_ms_per_decision": 0.20986413001082838, "replans": null, "validator_ok": 1, "runtime_s": 0.08394565200433135}, "v2mlp303": {"instance_id": "c12_replay_400_0064", "campus": 12, "size": 400, "track": "replay", "structure": "chain", "phi": 0.5, "eta": 0.8, "m": 1.0, "u_target": null, "u_realized": null, "method": "v2mlp303", "seed": 303, "twt": 2154.1295999999998, "makespan": 166.7337, "mean_flow": 6.6314762499999995, "breach_share": 0.0525, "breach_p1": 0.1652892561983471, "breach_p2": 0.0, "breach_p3": 0.013513513513513514, "breach_p4": 0.0, "decisions": 400, "latency_ms_per_decision": 0.21345906774513423, "replans": null, "validator_ok": 1, "runtime_s": 0.0853836270980537}, "v2mlp304": {"instance_id": "c12_replay_400_0064", "campus": 12, "size": 400, "track": "replay", "structure": "chain", "phi": 0.5, "eta": 0.8, "m": 1.0, "u_target": null, "u_realized": null, "method": "v2mlp304", "seed": 304, "twt": 2154.1295999999998, "makespan": 166.7337, "mean_flow": 6.6520075, "breach_share": 0.0525, "breach_p1": 0.1652892561983471, "breach_p2": 0.0, "breach_p3": 0.013513513513513514, "breach_p4": 0.0, "decisions": 400, "latency_ms_per_decision": 0.20695957471616566, "replans": null, "validator_ok": 1, "runtime_s": 0.08278382988646626}, "v2mlp305": {"instance_id": "c12_replay_400_0064", "campus": 12, "size": 400, "track": "replay", "structure": "chain", "phi": 0.5, "eta": 0.8, "m": 1.0, "u_target": null, "u_realized": null, "method": "v2mlp305", "seed": 305, "twt": 2269.8096, "makespan": 166.7337, "mean_flow": 6.677726249999999, "breach_share": 0.0525, "breach_p1": 0.1652892561983471, "breach_p2": 0.0, "breach_p3": 0.013513513513513514, "breach_p4": 0.0, "decisions": 400, "latency_ms_per_decision": 0.20735763246193528, "replans": null, "validator_ok": 1, "runtime_s": 0.08294305298477411}, "v2mlp306": {"instance_id": "c12_replay_400_0064", "campus": 12, "size": 400, "track": "replay", "structure": "chain", "phi": 0.5, "eta": 0.8, "m": 1.0, "u_target": null, "u_realized": null, "method": "v2mlp306", "seed": 306, "twt": 2154.1295999999998, "makespan": 166.7337, "mean_flow": 6.670857499999999, "breach_share": 0.0525, "breach_p1": 0.1652892561983471, "breach_p2": 0.0, "breach_p3": 0.013513513513513514, "breach_p4": 0.0, "decisions": 400, "latency_ms_per_decision": 0.3386142977979034, "replans": null, "validator_ok": 1,