{"config_id": "c12_replay_150_0132__c12_gen_eta080_m100", "rows": {"edd": {"instance_id": "c12_replay_150_0132", "campus": 12, "size": 150, "track": "replay", "structure": "generalist", "phi": null, "eta": 0.8, "m": 1.0, "u_target": null, "u_realized": null, "method": "edd", "seed": 301, "twt": 80.0, "makespan": 38.7439, "mean_flow": 3.4079333333333333, "breach_share": 0.013333333333333334, "breach_p1": 0.13333333333333333, "breach_p2": 0.0, "breach_p3": 0.0, "breach_p4": 0.0, "decisions": 150, "latency_ms_per_decision": 0.057684117928147316, "replans": null, "validator_ok": 1, "runtime_s": 0.008652617689222097}, "wspt": {"instance_id": "c12_replay_150_0132", "campus": 12, "size": 150, "track": "replay", "structure": "generalist", "phi": null, "eta": 0.8, "m": 1.0, "u_target": null, "u_realized": null, "method": "wspt", "seed": 301, "twt": 80.0, "makespan": 38.7439, "mean_flow": 3.413266666666667, "breach_share": 0.013333333333333334, "breach_p1": 0.13333333333333333, "breach_p2": 0.0, "breach_p3": 0.0, "breach_p4": 0.0, "decisions": 150, "latency_ms_per_decision": 0.05831462020675341, "replans": null, "validator_ok": 1, "runtime_s": 0.008747193031013012}, "atc": {"instance_id": "c12_replay_150_0132", "campus": 12, "size": 150, "track": "replay", "structure": "generalist", "phi": null, "eta": 0.8, "m": 1.0, "u_target": null, "u_realized": null, "method": "atc", "seed": 301, "twt": 80.0, "makespan": 38.7439, "mean_flow": 3.4091333333333336, "breach_share": 0.013333333333333334, "breach_p1": 0.13333333333333333, "breach_p2": 0.0, "breach_p3": 0.0, "breach_p4": 0.0, "decisions": 150, "latency_ms_per_decision": 0.062243795643250145, "replans": null, "validator_ok": 1, "runtime_s": 0.009336569346487522}, "pfifo": {"instance_id": "c12_replay_150_0132", "campus": 12, "size": 150, "track": "replay", "structure": "generalist", "phi": null, "eta": 0.8, "m": 1.0, "u_target": null, "u_realized": null, "method": "pfifo", "seed": 301, "twt": 80.0, "makespan": 38.7439, "mean_flow": 3.4079333333333333, "breach_share": 0.013333333333333334, "breach_p1": 0.13333333333333333, "breach_p2": 0.0, "breach_p3": 0.0, "breach_p4": 0.0, "decisions": 150, "latency_ms_per_decision": 0.058164040868481, "replans": null, "validator_ok": 1, "runtime_s": 0.00872460613027215}, "mor": {"instance_id": "c12_replay_150_0132", "campus": 12, "size": 150, "track": "replay", "structure": "generalist", "phi": null, "eta": 0.8, "m": 1.0, "u_target": null, "u_realized": null, "method": "mor", "seed": 301, "twt": 80.0, "makespan": 38.7439, "mean_flow": 3.4, "breach_share": 0.013333333333333334, "breach_p1": 0.13333333333333333, "breach_p2": 0.0, "breach_p3": 0.0, "breach_p4": 0.0, "decisions": 150, "latency_ms_per_decision": 0.057771820574998856, "replans": null, "validator_ok": 1, "runtime_s": 0.008665773086249828}, "lfj_atc": {"instance_id": "c12_replay_150_0132", "campus": 12, "size": 150, "track": "replay", "structure": "generalist", "phi": null, "eta": 0.8, "m": 1.0, "u_target": null, "u_realized": null, "method": "lfj_atc", "seed": 301, "twt": 80.0, "makespan": 38.7439, "mean_flow": 3.4091333333333336, "breach_share": 0.013333333333333334, "breach_p1": 0.13333333333333333, "breach_p2": 0.0, "breach_p3": 0.0, "breach_p4": 0.0, "decisions": 150, "latency_ms_per_decision": 0.063993480677406, "replans": null, "validator_ok": 1, "runtime_s": 0.009599022101610899}, "atc_eta": {"instance_id": "c12_replay_150_0132", "campus": 12, "size": 150, "track": "replay", "structure": "generalist", "phi": null, "eta": 0.8, "m": 1.0, "u_target": null, "u_realized": null, "method": "atc_eta", "seed": 301, "twt": 80.0, "makespan": 38.7439, "mean_flow": 3.4091333333333336, "breach_share": 0.013333333333333334, "breach_p1": 0.13333333333333333, "breach_p2": 0.0, "breach_p3": 0.0, "breach_p4": 0.0, "decisions": 150, "latency_ms_per_decision": 0.16873695266743502, "replans": null, "validator_ok": 1, "runtime_s": 0.02531054290011525}, "random": {"instance_id": "c12_replay_150_0132", "campus": 12, "size": 150, "track": "replay", "structure": "generalist", "phi": null, "eta": 0.8, "m": 1.0, "u_target": null, "u_realized": null, "method": "random", "seed": 301, "twt": 80.0, "makespan": 38.7439, "mean_flow": 3.408666666666667, "breach_share": 0.013333333333333334, "breach_p1": 0.13333333333333333, "breach_p2": 0.0, "breach_p3": 0.0, "breach_p4": 0.0, "decisions": 150, "latency_ms_per_decision": 0.08090047476192315, "replans": null, "validator_ok": 1, "runtime_s": 0.012135071214288473}, "v2mlp301": {"instance_id": "c12_replay_150_0132", "campus": 12, "size": 150, "track": "replay", "structure": "generalist", "phi": null, "eta": 0.8, "m": 1.0, "u_target": null, "u_realized": null, "method": "v2mlp301", "seed": 301, "twt": 80.0, "makespan": 38.7439, "mean_flow": 3.5099260000000005, "breach_share": 0.013333333333333334, "breach_p1": 0.13333333333333333, "breach_p2": 0.0, "breach_p3": 0.0, "breach_p4": 0.0, "decisions": 150, "latency_ms_per_decision": 0.4578166951735814, "replans": null, "validator_ok": 1, "runtime_s": 0.06867250427603722}, "v2mlp302": {"instance_id": "c12_replay_150_0132", "campus": 12, "size": 150, "track": "replay", "structure": "generalist", "phi": null, "eta": 0.8, "m": 1.0, "u_target": null, "u_realized": null, "method": "v2mlp302", "seed": 302, "twt": 80.0, "makespan": 47.373900000000006, "mean_flow": 3.716126, "breach_share": 0.013333333333333334, "breach_p1": 0.13333333333333333, "breach_p2": 0.0, "breach_p3": 0.0, "breach_p4": 0.0, "decisions": 150, "latency_ms_per_decision": 0.3431746798257033, "replans": null, "validator_ok": 1, "runtime_s": 0.051476201973855495}, "v2mlp303": {"instance_id": "c12_replay_150_0132", "campus": 12, "size": 150, "track": "replay", "structure": "generalist", "phi": null, "eta": 0.8, "m": 1.0, "u_target": null, "u_realized": null, "method": "v2mlp303", "seed": 303, "twt": 80.0, "makespan": 44.531400000000005, "mean_flow": 3.4883260000000003, "breach_share": 0.013333333333333334, "breach_p1": 0.13333333333333333, "breach_p2": 0.0, "breach_p3": 0.0, "breach_p4": 0.0, "decisions": 150, "latency_ms_per_decision": 0.3435170464217663, "replans": null, "validator_ok": 1, "runtime_s": 0.05152755696326494}, "v2mlp304": {"instance_id": "c12_replay_150_0132", "campus": 12, "size": 150, "track": "replay", "structure": "generalist", "phi": null, "eta": 0.8, "m": 1.0, "u_target": null, "u_realized": null, "method": "v2mlp304", "seed": 304, "twt": 80.0, "makespan": 38.7439, "mean_flow": 3.4064666666666668, "breach_share": 0.013333333333333334, "breach_p1": 0.13333333333333333, "breach_p2": 0.0, "breach_p3": 0.0, "breach_p4": 0.0, "decisions": 150, "latency_ms_per_decision": 0.4489557755490144, "replans": null, "validator_ok": 1, "runtime_s": 0.06734336633235216}, "v2mlp305": {"instance_id": "c12_replay_150_0132", "campus": 12, "size": 150, "track": "replay", "structure": "generalist", "phi": null, "eta": 0.8, "m": 1.0, "u_target": null, "u_realized": null, "method": "v2mlp305", "seed": 305, "twt": 80.0, "makespan": 38.7439, "mean_flow": 3.4534, "breach_share": 0.013333333333333334, "breach_p1": 0.13333333333333333, "breach_p2": 0.0, "breach_p3": 0.0, "breach_p4": 0.0, "decisions": 150, "latency_ms_per_decision": 0.48585533164441586, "replans": null, "validator_ok": 1, "runtime_s": 0.07287829974666238}, "v2mlp306": {"instance_id": "c12_replay_150_0132", "campus": 12, "size": 150, "track": "replay", "structure": "generalist", "phi": null, "eta": 0.8, "m": 1.0, "u_target": null, "u_realized": null, "method": "v2mlp306", "seed": 306, "twt": 80.0, "makespan": 38.7439, "mean_flow": 3.423659333333333, "breach_share": 0.013333333333333334, "breach_p1": 0.13333333333333333, "breach_p2": 0.0, "breach_p3": 0.0, "breach_p4": 0.0, "decisions": 150, "latency_ms_per_decision": 0.33640668727457523, "replans": null, "validator_ok": 1, "runtime_s": 0.050461003091186285}, "v2mlp307": {"instance_id": "c12_replay_150_0132", "campus": 12, "size": 150, "track": "replay", "structure": "generalist",