{"config_id": "c12_replay_150_0154__c12_chain_phi050_eta080_m060", "rows": {"edd": {"instance_id": "c12_replay_150_0154", "campus": 12, "size": 150, "track": "replay", "structure": "chain", "phi": 0.5, "eta": 0.8, "m": 0.6, "u_target": null, "u_realized": null, "method": "edd", "seed": 301, "twt": 179.7296, "makespan": 98.464, "mean_flow": 6.7442519999999995, "breach_share": 0.04, "breach_p1": 0.17647058823529413, "breach_p2": 0.08695652173913043, "breach_p3": 0.01639344262295082, "breach_p4": 0.0, "decisions": 150, "latency_ms_per_decision": 0.012155938893556595, "replans": null, "validator_ok": 1, "runtime_s": 0.0018233908340334892}, "wspt": {"instance_id": "c12_replay_150_0154", "campus": 12, "size": 150, "track": "replay", "structure": "chain", "phi": 0.5, "eta": 0.8, "m": 0.6, "u_target": null, "u_realized": null, "method": "wspt", "seed": 301, "twt": 179.7296, "makespan": 98.464, "mean_flow": 6.378318666666667, "breach_share": 0.04, "breach_p1": 0.17647058823529413, "breach_p2": 0.08695652173913043, "breach_p3": 0.01639344262295082, "breach_p4": 0.0, "decisions": 150, "latency_ms_per_decision": 0.012920539205272993, "replans": null, "validator_ok": 1, "runtime_s": 0.0019380808807909489}, "atc": {"instance_id": "c12_replay_150_0154", "campus": 12, "size": 150, "track": "replay", "structure": "chain", "phi": 0.5, "eta": 0.8, "m": 0.6, "u_target": null, "u_realized": null, "method": "atc", "seed": 301, "twt": 179.7296, "makespan": 98.464, "mean_flow": 6.6032519999999995, "breach_share": 0.04, "breach_p1": 0.17647058823529413, "breach_p2": 0.08695652173913043, "breach_p3": 0.01639344262295082, "breach_p4": 0.0, "decisions": 150, "latency_ms_per_decision": 0.015888546283046406, "replans": null, "validator_ok": 1, "runtime_s": 0.0023832819424569607}, "pfifo": {"instance_id": "c12_replay_150_0154", "campus": 12, "size": 150, "track": "replay", "structure": "chain", "phi": 0.5, "eta": 0.8, "m": 0.6, "u_target": null, "u_realized": null, "method": "pfifo", "seed": 301, "twt": 179.7296, "makespan": 98.464, "mean_flow": 6.7442519999999995, "breach_share": 0.04, "breach_p1": 0.17647058823529413, "breach_p2": 0.08695652173913043, "breach_p3": 0.01639344262295082, "breach_p4": 0.0, "decisions": 150, "latency_ms_per_decision": 0.013811072955528894, "replans": null, "validator_ok": 1, "runtime_s": 0.0020716609433293343}, "mor": {"instance_id": "c12_replay_150_0154", "campus": 12, "size": 150, "track": "replay", "structure": "chain", "phi": 0.5, "eta": 0.8, "m": 0.6, "u_target": null, "u_realized": null, "method": "mor", "seed": 301, "twt": 179.7296, "makespan": 98.464, "mean_flow": 6.9331906666666665, "breach_share": 0.04, "breach_p1": 0.17647058823529413, "breach_p2": 0.08695652173913043, "breach_p3": 0.01639344262295082, "breach_p4": 0.0, "decisions": 150, "latency_ms_per_decision": 0.0120573490858078, "replans": null, "validator_ok": 1, "runtime_s": 0.00180860236287117}, "lfj_atc": {"instance_id": "c12_replay_150_0154", "campus": 12, "size": 150, "track": "replay", "structure": "chain", "phi": 0.5, "eta": 0.8, "m": 0.6, "u_target": null, "u_realized": null, "method": "lfj_atc", "seed": 301, "twt": 179.7296, "makespan": 98.464, "mean_flow": 6.6032519999999995, "breach_share": 0.04, "breach_p1": 0.17647058823529413, "breach_p2": 0.08695652173913043, "breach_p3": 0.01639344262295082, "breach_p4": 0.0, "decisions": 150, "latency_ms_per_decision": 0.016464190557599068, "replans": null, "validator_ok": 1, "runtime_s": 0.00246962858363986}, "atc_eta": {"instance_id": "c12_replay_150_0154", "campus": 12, "size": 150, "track": "replay", "structure": "chain", "phi": 0.5, "eta": 0.8, "m": 0.6, "u_target": null, "u_realized": null, "method": "atc_eta", "seed": 301, "twt": 179.7296, "makespan": 98.464, "mean_flow": 6.6032519999999995, "breach_share": 0.04, "breach_p1": 0.17647058823529413, "breach_p2": 0.08695652173913043, "breach_p3": 0.01639344262295082, "breach_p4": 0.0, "decisions": 150, "latency_ms_per_decision": 0.03195926547050476, "replans": null, "validator_ok": 1, "runtime_s": 0.004793889820575714}, "random": {"instance_id": "c12_replay_150_0154", "campus": 12, "size": 150, "track": "replay", "structure": "chain", "phi": 0.5, "eta": 0.8, "m": 0.6, "u_target": null, "u_realized": null, "method": "random", "seed": 301, "twt": 179.7296, "makespan": 98.464, "mean_flow": 6.552252, "breach_share": 0.04, "breach_p1": 0.17647058823529413, "breach_p2": 0.08695652173913043, "breach_p3": 0.01639344262295082, "breach_p4": 0.0, "decisions": 150, "latency_ms_per_decision": 0.011466993018984795, "replans": null, "validator_ok": 1, "runtime_s": 0.0017200489528477192}, "v2mlp301": {"instance_id": "c12_replay_150_0154", "campus": 12, "size": 150, "track": "replay", "structure": "chain", "phi": 0.5, "eta": 0.8, "m": 0.6, "u_target": null, "u_realized": null, "method": "v2mlp301", "seed": 301, "twt": 179.7296, "makespan": 98.464, "mean_flow": 6.665385333333333, "breach_share": 0.04, "breach_p1": 0.17647058823529413, "breach_p2": 0.08695652173913043, "breach_p3": 0.01639344262295082, "breach_p4": 0.0, "decisions": 150, "latency_ms_per_decision": 0.5110464928050836, "replans": null, "validator_ok": 1, "runtime_s": 0.07665697392076254}, "v2mlp302": {"instance_id": "c12_replay_150_0154", "campus": 12, "size": 150, "track": "replay", "structure": "chain", "phi": 0.5, "eta": 0.8, "m": 0.6, "u_target": null, "u_realized": null, "method": "v2mlp302", "seed": 302, "twt": 179.7296, "makespan": 98.464, "mean_flow": 6.9559853333333335, "breach_share": 0.04, "breach_p1": 0.17647058823529413, "breach_p2": 0.08695652173913043, "breach_p3": 0.01639344262295082, "breach_p4": 0.0, "decisions": 150, "latency_ms_per_decision": 0.532078230753541, "replans": null, "validator_ok": 1, "runtime_s": 0.07981173461303115}, "v2mlp303": {"instance_id": "c12_replay_150_0154", "campus": 12, "size": 150, "track": "replay", "structure": "chain", "phi": 0.5, "eta": 0.8, "m": 0.6, "u_target": null, "u_realized": null, "method": "v2mlp303", "seed": 303, "twt": 179.7296, "makespan": 98.464, "mean_flow": 6.692585333333333, "breach_share": 0.04, "breach_p1": 0.17647058823529413, "breach_p2": 0.08695652173913043, "breach_p3": 0.01639344262295082, "breach_p4": 0.0, "decisions": 150, "latency_ms_per_decision": 0.4215203784406185, "replans": null, "validator_ok": 1, "runtime_s": 0.06322805676609278}, "v2mlp304": {"instance_id": "c12_replay_150_0154", "campus": 12, "size": 150, "track": "replay", "structure": "chain", "phi": 0.5, "eta": 0.8, "m": 0.6, "u_target": null, "u_realized": null, "method": "v2mlp304", "seed": 304, "twt": 179.7296, "makespan": 98.464, "mean_flow": 6.719718666666666, "breach_share": 0.04, "breach_p1": 0.17647058823529413, "breach_p2": 0.08695652173913043, "breach_p3": 0.01639344262295082, "breach_p4": 0.0, "decisions": 150, "latency_ms_per_decision": 0.4310044987748067, "replans": null, "validator_ok": 1, "runtime_s": 0.064650674816221}, "v2mlp305": {"instance_id": "c12_replay_150_0154", "campus": 12, "size": 150, "track": "replay", "structure": "chain", "phi": 0.5, "eta": 0.8, "m": 0.6, "u_target": null, "u_realized": null, "method": "v2mlp305", "seed": 305, "twt": 179.7296, "makespan": 98.464, "mean_flow": 6.771385333333333, "breach_share": 0.04, "breach_p1": 0.17647058823529413, "breach_p2": 0.08695652173913043, "breach_p3": 0.01639344262295082, "breach_p4": 0.0, "decisions": 150, "latency_ms_per_decision": 0.6840397448589405, "replans": null, "validator_ok": 1, "runtime_s": 0.10260596172884107}, "v2mlp306": {"instance_id": "c12_replay_150_0154", "campus": 12, "size": 150, "track": "replay", "structure": "chain", "phi": 0.5, "eta": 0.8, "m": 0.6, "u_target": null, "u_realized": null, "method": "v2mlp306", "seed": 306, "twt": 179.7296, "makespan": 98.464, "mean_flow": 6.788318666666666, "breach_share": 0.04, "breach_p1": 0.17647058823529413, "breach_p2": 0.08695652173913043, "breach_p3": 0.01639344262295082, "breach_p4": 0.0, "decisions": 150, "latency_ms_per_decision": 0.6881664072473844,