{"config_id": "c12_replay_150_0186__c12_gen_eta080_m060", "rows": {"edd": {"instance_id": "c12_replay_150_0186", "campus": 12, "size": 150, "track": "replay", "structure": "generalist", "phi": null, "eta": 0.8, "m": 0.6, "u_target": null, "u_realized": null, "method": "edd", "seed": 301, "twt": 211.99999999999997, "makespan": 85.5, "mean_flow": 6.472533333333334, "breach_share": 0.04, "breach_p1": 0.18518518518518517, "breach_p2": 0.037037037037037035, "breach_p3": 0.0, "breach_p4": 0.0, "decisions": 150, "latency_ms_per_decision": 0.008680454144875208, "replans": null, "validator_ok": 1, "runtime_s": 0.0013020681217312813}, "wspt": {"instance_id": "c12_replay_150_0186", "campus": 12, "size": 150, "track": "replay", "structure": "generalist", "phi": null, "eta": 0.8, "m": 0.6, "u_target": null, "u_realized": null, "method": "wspt", "seed": 301, "twt": 211.99999999999997, "makespan": 85.5, "mean_flow": 6.472533333333334, "breach_share": 0.04, "breach_p1": 0.18518518518518517, "breach_p2": 0.037037037037037035, "breach_p3": 0.0, "breach_p4": 0.0, "decisions": 150, "latency_ms_per_decision": 0.008979740863045057, "replans": null, "validator_ok": 1, "runtime_s": 0.0013469611294567585}, "atc": {"instance_id": "c12_replay_150_0186", "campus": 12, "size": 150, "track": "replay", "structure": "generalist", "phi": null, "eta": 0.8, "m": 0.6, "u_target": null, "u_realized": null, "method": "atc", "seed": 301, "twt": 211.99999999999997, "makespan": 85.5, "mean_flow": 6.472533333333334, "breach_share": 0.04, "breach_p1": 0.18518518518518517, "breach_p2": 0.037037037037037035, "breach_p3": 0.0, "breach_p4": 0.0, "decisions": 150, "latency_ms_per_decision": 0.010925733173886934, "replans": null, "validator_ok": 1, "runtime_s": 0.0016388599760830402}, "pfifo": {"instance_id": "c12_replay_150_0186", "campus": 12, "size": 150, "track": "replay", "structure": "generalist", "phi": null, "eta": 0.8, "m": 0.6, "u_target": null, "u_realized": null, "method": "pfifo", "seed": 301, "twt": 211.99999999999997, "makespan": 85.5, "mean_flow": 6.472533333333334, "breach_share": 0.04, "breach_p1": 0.18518518518518517, "breach_p2": 0.037037037037037035, "breach_p3": 0.0, "breach_p4": 0.0, "decisions": 150, "latency_ms_per_decision": 0.008745581532518068, "replans": null, "validator_ok": 1, "runtime_s": 0.0013118372298777103}, "mor": {"instance_id": "c12_replay_150_0186", "campus": 12, "size": 150, "track": "replay", "structure": "generalist", "phi": null, "eta": 0.8, "m": 0.6, "u_target": null, "u_realized": null, "method": "mor", "seed": 301, "twt": 211.99999999999997, "makespan": 85.5, "mean_flow": 6.472533333333334, "breach_share": 0.04, "breach_p1": 0.18518518518518517, "breach_p2": 0.037037037037037035, "breach_p3": 0.0, "breach_p4": 0.0, "decisions": 150, "latency_ms_per_decision": 0.008567621310551962, "replans": null, "validator_ok": 1, "runtime_s": 0.0012851431965827942}, "lfj_atc": {"instance_id": "c12_replay_150_0186", "campus": 12, "size": 150, "track": "replay", "structure": "generalist", "phi": null, "eta": 0.8, "m": 0.6, "u_target": null, "u_realized": null, "method": "lfj_atc", "seed": 301, "twt": 211.99999999999997, "makespan": 85.5, "mean_flow": 6.472533333333334, "breach_share": 0.04, "breach_p1": 0.18518518518518517, "breach_p2": 0.037037037037037035, "breach_p3": 0.0, "breach_p4": 0.0, "decisions": 150, "latency_ms_per_decision": 0.011769427607456842, "replans": null, "validator_ok": 1, "runtime_s": 0.0017654141411185265}, "atc_eta": {"instance_id": "c12_replay_150_0186", "campus": 12, "size": 150, "track": "replay", "structure": "generalist", "phi": null, "eta": 0.8, "m": 0.6, "u_target": null, "u_realized": null, "method": "atc_eta", "seed": 301, "twt": 211.99999999999997, "makespan": 85.5, "mean_flow": 6.472533333333334, "breach_share": 0.04, "breach_p1": 0.18518518518518517, "breach_p2": 0.037037037037037035, "breach_p3": 0.0, "breach_p4": 0.0, "decisions": 150, "latency_ms_per_decision": 0.022560137634476025, "replans": null, "validator_ok": 1, "runtime_s": 0.003384020645171404}, "random": {"instance_id": "c12_replay_150_0186", "campus": 12, "size": 150, "track": "replay", "structure": "generalist", "phi": null, "eta": 0.8, "m": 0.6, "u_target": null, "u_realized": null, "method": "random", "seed": 301, "twt": 211.99999999999997, "makespan": 85.5, "mean_flow": 6.472533333333334, "breach_share": 0.04, "breach_p1": 0.18518518518518517, "breach_p2": 0.037037037037037035, "breach_p3": 0.0, "breach_p4": 0.0, "decisions": 150, "latency_ms_per_decision": 0.008291791503628096, "replans": null, "validator_ok": 1, "runtime_s": 0.0012437687255442142}, "v2mlp301": {"instance_id": "c12_replay_150_0186", "campus": 12, "size": 150, "track": "replay", "structure": "generalist", "phi": null, "eta": 0.8, "m": 0.6, "u_target": null, "u_realized": null, "method": "v2mlp301", "seed": 301, "twt": 211.99999999999997, "makespan": 85.5, "mean_flow": 6.515209333333334, "breach_share": 0.04, "breach_p1": 0.18518518518518517, "breach_p2": 0.037037037037037035, "breach_p3": 0.0, "breach_p4": 0.0, "decisions": 150, "latency_ms_per_decision": 0.4212112942089637, "replans": null, "validator_ok": 1, "runtime_s": 0.06318169413134456}, "v2mlp302": {"instance_id": "c12_replay_150_0186", "campus": 12, "size": 150, "track": "replay", "structure": "generalist", "phi": null, "eta": 0.8, "m": 0.6, "u_target": null, "u_realized": null, "method": "v2mlp302", "seed": 302, "twt": 211.99999999999997, "makespan": 85.5, "mean_flow": 6.596331333333333, "breach_share": 0.04, "breach_p1": 0.18518518518518517, "breach_p2": 0.037037037037037035, "breach_p3": 0.0, "breach_p4": 0.0, "decisions": 150, "latency_ms_per_decision": 0.2985705404231946, "replans": null, "validator_ok": 1, "runtime_s": 0.044785581063479185}, "v2mlp303": {"instance_id": "c12_replay_150_0186", "campus": 12, "size": 150, "track": "replay", "structure": "generalist", "phi": null, "eta": 0.8, "m": 0.6, "u_target": null, "u_realized": null, "method": "v2mlp303", "seed": 303, "twt": 211.99999999999997, "makespan": 85.5, "mean_flow": 6.560124, "breach_share": 0.04, "breach_p1": 0.18518518518518517, "breach_p2": 0.037037037037037035, "breach_p3": 0.0, "breach_p4": 0.0, "decisions": 150, "latency_ms_per_decision": 0.3519717076172431, "replans": null, "validator_ok": 1, "runtime_s": 0.05279575614258647}, "v2mlp304": {"instance_id": "c12_replay_150_0186", "campus": 12, "size": 150, "track": "replay", "structure": "generalist", "phi": null, "eta": 0.8, "m": 0.6, "u_target": null, "u_realized": null, "method": "v2mlp304", "seed": 304, "twt": 211.99999999999997, "makespan": 85.5, "mean_flow": 6.472533333333334, "breach_share": 0.04, "breach_p1": 0.18518518518518517, "breach_p2": 0.037037037037037035, "breach_p3": 0.0, "breach_p4": 0.0, "decisions": 150, "latency_ms_per_decision": 0.5195754207670689, "replans": null, "validator_ok": 1, "runtime_s": 0.07793631311506033}, "v2mlp305": {"instance_id": "c12_replay_150_0186", "campus": 12, "size": 150, "track": "replay", "structure": "generalist", "phi": null, "eta": 0.8, "m": 0.6, "u_target": null, "u_realized": null, "method": "v2mlp305", "seed": 305, "twt": 211.99999999999997, "makespan": 85.5, "mean_flow": 6.501483333333333, "breach_share": 0.04, "breach_p1": 0.18518518518518517, "breach_p2": 0.037037037037037035, "breach_p3": 0.0, "breach_p4": 0.0, "decisions": 150, "latency_ms_per_decision": 0.46103745388487977, "replans": null, "validator_ok": 1, "runtime_s": 0.06915561808273196}, "v2mlp306": {"instance_id": "c12_replay_150_0186", "campus": 12, "size": 150, "track": "replay", "structure": "generalist", "phi": null, "eta": 0.8, "m": 0.6, "u_target": null, "u_realized": null, "method": "v2mlp306", "seed": 306, "twt": 211.99999999999997, "makespan": 85.5, "mean_flow": 6.683133333333333, "breach_share": 0.04, "breach_p1": 0.18518518518518517, "breach_p2": 0.037037037037037035, "breach_p3": 0.0, "breach_p4": 0.0, "decisions": 150, "latency_ms_per_decision": 0.28615994068483513, "replans": null,