{"config_id": "c12_replay_150_0179__c12_chain_phi050_eta100_m100", "rows": {"edd": {"instance_id": "c12_replay_150_0179", "campus": 12, "size": 150, "track": "replay", "structure": "chain", "phi": 0.5, "eta": 1.0, "m": 1.0, "u_target": null, "u_realized": null, "method": "edd", "seed": 301, "twt": 309.4592, "makespan": 99.5848, "mean_flow": 6.870962666666667, "breach_share": 0.02666666666666667, "breach_p1": 0.07407407407407407, "breach_p2": 0.045454545454545456, "breach_p3": 0.04, "breach_p4": 0.0, "decisions": 150, "latency_ms_per_decision": 0.022823279723525047, "replans": null, "validator_ok": 1, "runtime_s": 0.003423491958528757}, "wspt": {"instance_id": "c12_replay_150_0179", "campus": 12, "size": 150, "track": "replay", "structure": "chain", "phi": 0.5, "eta": 1.0, "m": 1.0, "u_target": null, "u_realized": null, "method": "wspt", "seed": 301, "twt": 309.4592, "makespan": 99.5848, "mean_flow": 6.870962666666667, "breach_share": 0.02666666666666667, "breach_p1": 0.07407407407407407, "breach_p2": 0.045454545454545456, "breach_p3": 0.04, "breach_p4": 0.0, "decisions": 150, "latency_ms_per_decision": 0.019111353904008865, "replans": null, "validator_ok": 1, "runtime_s": 0.00286670308560133}, "atc": {"instance_id": "c12_replay_150_0179", "campus": 12, "size": 150, "track": "replay", "structure": "chain", "phi": 0.5, "eta": 1.0, "m": 1.0, "u_target": null, "u_realized": null, "method": "atc", "seed": 301, "twt": 309.4592, "makespan": 99.5848, "mean_flow": 6.870962666666667, "breach_share": 0.02666666666666667, "breach_p1": 0.07407407407407407, "breach_p2": 0.045454545454545456, "breach_p3": 0.04, "breach_p4": 0.0, "decisions": 150, "latency_ms_per_decision": 0.027957626928885777, "replans": null, "validator_ok": 1, "runtime_s": 0.004193644039332867}, "pfifo": {"instance_id": "c12_replay_150_0179", "campus": 12, "size": 150, "track": "replay", "structure": "chain", "phi": 0.5, "eta": 1.0, "m": 1.0, "u_target": null, "u_realized": null, "method": "pfifo", "seed": 301, "twt": 309.4592, "makespan": 99.5848, "mean_flow": 6.870962666666667, "breach_share": 0.02666666666666667, "breach_p1": 0.07407407407407407, "breach_p2": 0.045454545454545456, "breach_p3": 0.04, "breach_p4": 0.0, "decisions": 150, "latency_ms_per_decision": 0.025720760847131412, "replans": null, "validator_ok": 1, "runtime_s": 0.0038581141270697117}, "mor": {"instance_id": "c12_replay_150_0179", "campus": 12, "size": 150, "track": "replay", "structure": "chain", "phi": 0.5, "eta": 1.0, "m": 1.0, "u_target": null, "u_realized": null, "method": "mor", "seed": 301, "twt": 309.4592, "makespan": 99.5848, "mean_flow": 6.870962666666667, "breach_share": 0.02666666666666667, "breach_p1": 0.07407407407407407, "breach_p2": 0.045454545454545456, "breach_p3": 0.04, "breach_p4": 0.0, "decisions": 150, "latency_ms_per_decision": 0.025597286100188892, "replans": null, "validator_ok": 1, "runtime_s": 0.0038395929150283337}, "lfj_atc": {"instance_id": "c12_replay_150_0179", "campus": 12, "size": 150, "track": "replay", "structure": "chain", "phi": 0.5, "eta": 1.0, "m": 1.0, "u_target": null, "u_realized": null, "method": "lfj_atc", "seed": 301, "twt": 309.4592, "makespan": 99.5848, "mean_flow": 6.870962666666667, "breach_share": 0.02666666666666667, "breach_p1": 0.07407407407407407, "breach_p2": 0.045454545454545456, "breach_p3": 0.04, "breach_p4": 0.0, "decisions": 150, "latency_ms_per_decision": 0.03160949796438217, "replans": null, "validator_ok": 1, "runtime_s": 0.004741424694657326}, "atc_eta": {"instance_id": "c12_replay_150_0179", "campus": 12, "size": 150, "track": "replay", "structure": "chain", "phi": 0.5, "eta": 1.0, "m": 1.0, "u_target": null, "u_realized": null, "method": "atc_eta", "seed": 301, "twt": 309.4592, "makespan": 99.5848, "mean_flow": 6.870962666666667, "breach_share": 0.02666666666666667, "breach_p1": 0.07407407407407407, "breach_p2": 0.045454545454545456, "breach_p3": 0.04, "breach_p4": 0.0, "decisions": 150, "latency_ms_per_decision": 0.028411832948525746, "replans": null, "validator_ok": 1, "runtime_s": 0.004261774942278862}, "random": {"instance_id": "c12_replay_150_0179", "campus": 12, "size": 150, "track": "replay", "structure": "chain", "phi": 0.5, "eta": 1.0, "m": 1.0, "u_target": null, "u_realized": null, "method": "random", "seed": 301, "twt": 309.4592, "makespan": 99.5848, "mean_flow": 6.870962666666667, "breach_share": 0.02666666666666667, "breach_p1": 0.07407407407407407, "breach_p2": 0.045454545454545456, "breach_p3": 0.04, "breach_p4": 0.0, "decisions": 150, "latency_ms_per_decision": 0.012425286695361137, "replans": null, "validator_ok": 1, "runtime_s": 0.0018637930043041706}, "v2mlp301": {"instance_id": "c12_replay_150_0179", "campus": 12, "size": 150, "track": "replay", "structure": "chain", "phi": 0.5, "eta": 1.0, "m": 1.0, "u_target": null, "u_realized": null, "method": "v2mlp301", "seed": 301, "twt": 309.4592, "makespan": 99.5848, "mean_flow": 6.870962666666667, "breach_share": 0.02666666666666667, "breach_p1": 0.07407407407407407, "breach_p2": 0.045454545454545456, "breach_p3": 0.04, "breach_p4": 0.0, "decisions": 150, "latency_ms_per_decision": 0.19385067435602346, "replans": null, "validator_ok": 1, "runtime_s": 0.02907760115340352}, "v2mlp302": {"instance_id": "c12_replay_150_0179", "campus": 12, "size": 150, "track": "replay", "structure": "chain", "phi": 0.5, "eta": 1.0, "m": 1.0, "u_target": null, "u_realized": null, "method": "v2mlp302", "seed": 302, "twt": 309.4592, "makespan": 99.5848, "mean_flow": 6.870962666666667, "breach_share": 0.02666666666666667, "breach_p1": 0.07407407407407407, "breach_p2": 0.045454545454545456, "breach_p3": 0.04, "breach_p4": 0.0, "decisions": 150, "latency_ms_per_decision": 0.19264305320878825, "replans": null, "validator_ok": 1, "runtime_s": 0.028896457981318235}, "v2mlp303": {"instance_id": "c12_replay_150_0179", "campus": 12, "size": 150, "track": "replay", "structure": "chain", "phi": 0.5, "eta": 1.0, "m": 1.0, "u_target": null, "u_realized": null, "method": "v2mlp303", "seed": 303, "twt": 309.4592, "makespan": 99.5848, "mean_flow": 6.870962666666667, "breach_share": 0.02666666666666667, "breach_p1": 0.07407407407407407, "breach_p2": 0.045454545454545456, "breach_p3": 0.04, "breach_p4": 0.0, "decisions": 150, "latency_ms_per_decision": 0.19257833870748678, "replans": null, "validator_ok": 1, "runtime_s": 0.028886750806123018}, "v2mlp304": {"instance_id": "c12_replay_150_0179", "campus": 12, "size": 150, "track": "replay", "structure": "chain", "phi": 0.5, "eta": 1.0, "m": 1.0, "u_target": null, "u_realized": null, "method": "v2mlp304", "seed": 304, "twt": 309.4592, "makespan": 99.5848, "mean_flow": 6.870962666666667, "breach_share": 0.02666666666666667, "breach_p1": 0.07407407407407407, "breach_p2": 0.045454545454545456, "breach_p3": 0.04, "breach_p4": 0.0, "decisions": 150, "latency_ms_per_decision": 0.19393266489108404, "replans": null, "validator_ok": 1, "runtime_s": 0.029089899733662605}, "v2mlp305": {"instance_id": "c12_replay_150_0179", "campus": 12, "size": 150, "track": "replay", "structure": "chain", "phi": 0.5, "eta": 1.0, "m": 1.0, "u_target": null, "u_realized": null, "method": "v2mlp305", "seed": 305, "twt": 309.4592, "makespan": 99.5848, "mean_flow": 6.870962666666667, "breach_share": 0.02666666666666667, "breach_p1": 0.07407407407407407, "breach_p2": 0.045454545454545456, "breach_p3": 0.04, "breach_p4": 0.0, "decisions": 150, "latency_ms_per_decision": 0.1901204107950131, "replans": null, "validator_ok": 1, "runtime_s": 0.028518061619251966}, "v2mlp306": {"instance_id": "c12_replay_150_0179", "campus": 12, "size": 150, "track": "replay", "structure": "chain", "phi": 0.5, "eta": 1.0, "m": 1.0, "u_target": null, "u_realized": null, "method": "v2mlp306", "seed": 306, "twt": 309.4592, "makespan": 99.5848, "mean_flow": 6.870962666666667, "breach_share": 0.02666666666666667, "breach_p1": 0.07407407407407407, "breach_p2": 0.045454545454545456, "breach_p3": 0.04, "breach_p4": 0.0, "decisions": 150,