{"config_id": "c12_replay_400_0101__c12_gen_eta080_m100", "rows": {"edd": {"instance_id": "c12_replay_400_0101", "campus": 12, "size": 400, "track": "replay", "structure": "generalist", "phi": null, "eta": 0.8, "m": 1.0, "u_target": null, "u_realized": null, "method": "edd", "seed": 301, "twt": 885.9504000000001, "makespan": 106.8648, "mean_flow": 10.09959425, "breach_share": 0.02, "breach_p1": 0.13513513513513514, "breach_p2": 0.07894736842105263, "breach_p3": 0.0, "breach_p4": 0.0, "decisions": 400, "latency_ms_per_decision": 0.01291256514377892, "replans": null, "validator_ok": 1, "runtime_s": 0.005165026057511568}, "wspt": {"instance_id": "c12_replay_400_0101", "campus": 12, "size": 400, "track": "replay", "structure": "generalist", "phi": null, "eta": 0.8, "m": 1.0, "u_target": null, "u_realized": null, "method": "wspt", "seed": 301, "twt": 890.9104000000001, "makespan": 131.72, "mean_flow": 9.03353225, "breach_share": 0.02, "breach_p1": 0.13513513513513514, "breach_p2": 0.07894736842105263, "breach_p3": 0.0, "breach_p4": 0.0, "decisions": 400, "latency_ms_per_decision": 0.055695268092677, "replans": null, "validator_ok": 1, "runtime_s": 0.0222781072370708}, "atc": {"instance_id": "c12_replay_400_0101", "campus": 12, "size": 400, "track": "replay", "structure": "generalist", "phi": null, "eta": 0.8, "m": 1.0, "u_target": null, "u_realized": null, "method": "atc", "seed": 301, "twt": 888.4304000000001, "makespan": 106.8648, "mean_flow": 9.1039165, "breach_share": 0.02, "breach_p1": 0.13513513513513514, "breach_p2": 0.07894736842105263, "breach_p3": 0.0, "breach_p4": 0.0, "decisions": 400, "latency_ms_per_decision": 0.07088869228027761, "replans": null, "validator_ok": 1, "runtime_s": 0.028355476912111044}, "pfifo": {"instance_id": "c12_replay_400_0101", "campus": 12, "size": 400, "track": "replay", "structure": "generalist", "phi": null, "eta": 0.8, "m": 1.0, "u_target": null, "u_realized": null, "method": "pfifo", "seed": 301, "twt": 885.9504000000001, "makespan": 106.8648, "mean_flow": 10.09959425, "breach_share": 0.02, "breach_p1": 0.13513513513513514, "breach_p2": 0.07894736842105263, "breach_p3": 0.0, "breach_p4": 0.0, "decisions": 400, "latency_ms_per_decision": 0.014545872109010816, "replans": null, "validator_ok": 1, "runtime_s": 0.005818348843604326}, "mor": {"instance_id": "c12_replay_400_0101", "campus": 12, "size": 400, "track": "replay", "structure": "generalist", "phi": null, "eta": 0.8, "m": 1.0, "u_target": null, "u_realized": null, "method": "mor", "seed": 301, "twt": 1277.9504000000002, "makespan": 106.8648, "mean_flow": 12.92126925, "breach_share": 0.0375, "breach_p1": 0.32432432432432434, "breach_p2": 0.07894736842105263, "breach_p3": 0.0, "breach_p4": 0.0, "decisions": 400, "latency_ms_per_decision": 0.013169514713808894, "replans": null, "validator_ok": 1, "runtime_s": 0.005267805885523558}, "lfj_atc": {"instance_id": "c12_replay_400_0101", "campus": 12, "size": 400, "track": "replay", "structure": "generalist", "phi": null, "eta": 0.8, "m": 1.0, "u_target": null, "u_realized": null, "method": "lfj_atc", "seed": 301, "twt": 888.4304000000001, "makespan": 106.8648, "mean_flow": 9.1039165, "breach_share": 0.02, "breach_p1": 0.13513513513513514, "breach_p2": 0.07894736842105263, "breach_p3": 0.0, "breach_p4": 0.0, "decisions": 400, "latency_ms_per_decision": 0.04097798955626786, "replans": null, "validator_ok": 1, "runtime_s": 0.016391195822507143}, "atc_eta": {"instance_id": "c12_replay_400_0101", "campus": 12, "size": 400, "track": "replay", "structure": "generalist", "phi": null, "eta": 0.8, "m": 1.0, "u_target": null, "u_realized": null, "method": "atc_eta", "seed": 301, "twt": 888.4304000000001, "makespan": 106.8648, "mean_flow": 9.0963915, "breach_share": 0.02, "breach_p1": 0.13513513513513514, "breach_p2": 0.07894736842105263, "breach_p3": 0.0, "breach_p4": 0.0, "decisions": 400, "latency_ms_per_decision": 0.08824821561574936, "replans": null, "validator_ok": 1, "runtime_s": 0.035299286246299744}, "random": {"instance_id": "c12_replay_400_0101", "campus": 12, "size": 400, "track": "replay", "structure": "generalist", "phi": null, "eta": 0.8, "m": 1.0, "u_target": null, "u_realized": null, "method": "random", "seed": 301, "twt": 979.8704, "makespan": 114.84, "mean_flow": 10.112778749999999, "breach_share": 0.0225, "breach_p1": 0.16216216216216217, "breach_p2": 0.07894736842105263, "breach_p3": 0.0, "breach_p4": 0.0, "decisions": 400, "latency_ms_per_decision": 0.008768662810325623, "replans": null, "validator_ok": 1, "runtime_s": 0.003507465124130249}, "v2mlp301": {"instance_id": "c12_replay_400_0101", "campus": 12, "size": 400, "track": "replay", "structure": "generalist", "phi": null, "eta": 0.8, "m": 1.0, "u_target": null, "u_realized": null, "method": "v2mlp301", "seed": 301, "twt": 944.5104000000001, "makespan": 106.8648, "mean_flow": 11.16582975, "breach_share": 0.0225, "breach_p1": 0.16216216216216217, "breach_p2": 0.07894736842105263, "breach_p3": 0.0, "breach_p4": 0.0, "decisions": 400, "latency_ms_per_decision": 0.6158896721899509, "replans": null, "validator_ok": 1, "runtime_s": 0.24635586887598038}, "v2mlp302": {"instance_id": "c12_replay_400_0101", "campus": 12, "size": 400, "track": "replay", "structure": "generalist", "phi": null, "eta": 0.8, "m": 1.0, "u_target": null, "u_realized": null, "method": "v2mlp302", "seed": 302, "twt": 960.5104000000001, "makespan": 113.59, "mean_flow": 12.988604999999998, "breach_share": 0.0225, "breach_p1": 0.16216216216216217, "breach_p2": 0.07894736842105263, "breach_p3": 0.0, "breach_p4": 0.0, "decisions": 400, "latency_ms_per_decision": 0.5756096227560192, "replans": null, "validator_ok": 1, "runtime_s": 0.2302438491024077}, "v2mlp303": {"instance_id": "c12_replay_400_0101", "campus": 12, "size": 400, "track": "replay", "structure": "generalist", "phi": null, "eta": 0.8, "m": 1.0, "u_target": null, "u_realized": null, "method": "v2mlp303", "seed": 303, "twt": 962.0304000000001, "makespan": 106.8648, "mean_flow": 13.050254, "breach_share": 0.0225, "breach_p1": 0.16216216216216217, "breach_p2": 0.07894736842105263, "breach_p3": 0.0, "breach_p4": 0.0, "decisions": 400, "latency_ms_per_decision": 0.7090152602177113, "replans": null, "validator_ok": 1, "runtime_s": 0.28360610408708453}, "v2mlp304": {"instance_id": "c12_replay_400_0101", "campus": 12, "size": 400, "track": "replay", "structure": "generalist", "phi": null, "eta": 0.8, "m": 1.0, "u_target": null, "u_realized": null, "method": "v2mlp304", "seed": 304, "twt": 893.3904, "makespan": 106.8648, "mean_flow": 12.282747749999999, "breach_share": 0.02, "breach_p1": 0.13513513513513514, "breach_p2": 0.07894736842105263, "breach_p3": 0.0, "breach_p4": 0.0, "decisions": 400, "latency_ms_per_decision": 1.0216903302352875, "replans": null, "validator_ok": 1, "runtime_s": 0.408676132094115}, "v2mlp305": {"instance_id": "c12_replay_400_0101", "campus": 12, "size": 400, "track": "replay", "structure": "generalist", "phi": null, "eta": 0.8, "m": 1.0, "u_target": null, "u_realized": null, "method": "v2mlp305", "seed": 305, "twt": 961.0704000000001, "makespan": 106.8648, "mean_flow": 12.9451255, "breach_share": 0.0225, "breach_p1": 0.16216216216216217, "breach_p2": 0.07894736842105263, "breach_p3": 0.0, "breach_p4": 0.0, "decisions": 400, "latency_ms_per_decision": 1.9406113296281546, "replans": null, "validator_ok": 1, "runtime_s": 0.7762445318512619}, "v2mlp306": {"instance_id": "c12_replay_400_0101", "campus": 12, "size": 400, "track": "replay", "structure": "generalist", "phi": null, "eta": 0.8, "m": 1.0, "u_target": null, "u_realized": null, "method": "v2mlp306", "seed": 306, "twt": 1049.9712, "makespan": 129.59, "mean_flow": 13.196616999999998, "breach_share": 0.0225, "breach_p1": 0.16216216216216217, "breach_p2": 0.07894736842105263, "breach_p3": 0.0, "breach_p4": 0.0, "decisions": 400, "latency_ms_per_decision": 2.9344260680954903, "replans": null, "validator_ok": 1, "runtime_s": 1.1737704272381961},