{"config_id": "c12_replay_150_0132__c12_chain_phi050_eta100_m060", "rows": {"edd": {"instance_id": "c12_replay_150_0132", "campus": 12, "size": 150, "track": "replay", "structure": "chain", "phi": 0.5, "eta": 1.0, "m": 0.6, "u_target": null, "u_realized": null, "method": "edd", "seed": 301, "twt": 80.0, "makespan": 38.7439, "mean_flow": 3.444681333333334, "breach_share": 0.013333333333333334, "breach_p1": 0.13333333333333333, "breach_p2": 0.0, "breach_p3": 0.0, "breach_p4": 0.0, "decisions": 150, "latency_ms_per_decision": 0.028756335377693176, "replans": null, "validator_ok": 1, "runtime_s": 0.0043134503066539764}, "wspt": {"instance_id": "c12_replay_150_0132", "campus": 12, "size": 150, "track": "replay", "structure": "chain", "phi": 0.5, "eta": 1.0, "m": 0.6, "u_target": null, "u_realized": null, "method": "wspt", "seed": 301, "twt": 80.0, "makespan": 38.7439, "mean_flow": 3.434792666666667, "breach_share": 0.013333333333333334, "breach_p1": 0.13333333333333333, "breach_p2": 0.0, "breach_p3": 0.0, "breach_p4": 0.0, "decisions": 150, "latency_ms_per_decision": 0.008897421260674795, "replans": null, "validator_ok": 1, "runtime_s": 0.0013346131891012192}, "atc": {"instance_id": "c12_replay_150_0132", "campus": 12, "size": 150, "track": "replay", "structure": "chain", "phi": 0.5, "eta": 1.0, "m": 0.6, "u_target": null, "u_realized": null, "method": "atc", "seed": 301, "twt": 80.0, "makespan": 38.7439, "mean_flow": 3.4397926666666674, "breach_share": 0.013333333333333334, "breach_p1": 0.13333333333333333, "breach_p2": 0.0, "breach_p3": 0.0, "breach_p4": 0.0, "decisions": 150, "latency_ms_per_decision": 0.05032648021976153, "replans": null, "validator_ok": 1, "runtime_s": 0.00754897203296423}, "pfifo": {"instance_id": "c12_replay_150_0132", "campus": 12, "size": 150, "track": "replay", "structure": "chain", "phi": 0.5, "eta": 1.0, "m": 0.6, "u_target": null, "u_realized": null, "method": "pfifo", "seed": 301, "twt": 80.0, "makespan": 38.7439, "mean_flow": 3.444681333333334, "breach_share": 0.013333333333333334, "breach_p1": 0.13333333333333333, "breach_p2": 0.0, "breach_p3": 0.0, "breach_p4": 0.0, "decisions": 150, "latency_ms_per_decision": 0.029168914382656414, "replans": null, "validator_ok": 1, "runtime_s": 0.004375337157398462}, "mor": {"instance_id": "c12_replay_150_0132", "campus": 12, "size": 150, "track": "replay", "structure": "chain", "phi": 0.5, "eta": 1.0, "m": 0.6, "u_target": null, "u_realized": null, "method": "mor", "seed": 301, "twt": 80.0, "makespan": 38.7439, "mean_flow": 3.4713479999999994, "breach_share": 0.013333333333333334, "breach_p1": 0.13333333333333333, "breach_p2": 0.0, "breach_p3": 0.0, "breach_p4": 0.0, "decisions": 150, "latency_ms_per_decision": 0.00876104769607385, "replans": null, "validator_ok": 1, "runtime_s": 0.0013141571544110775}, "lfj_atc": {"instance_id": "c12_replay_150_0132", "campus": 12, "size": 150, "track": "replay", "structure": "chain", "phi": 0.5, "eta": 1.0, "m": 0.6, "u_target": null, "u_realized": null, "method": "lfj_atc", "seed": 301, "twt": 80.0, "makespan": 38.7439, "mean_flow": 3.4397926666666674, "breach_share": 0.013333333333333334, "breach_p1": 0.13333333333333333, "breach_p2": 0.0, "breach_p3": 0.0, "breach_p4": 0.0, "decisions": 150, "latency_ms_per_decision": 0.03306565495828787, "replans": null, "validator_ok": 1, "runtime_s": 0.004959848243743181}, "atc_eta": {"instance_id": "c12_replay_150_0132", "campus": 12, "size": 150, "track": "replay", "structure": "chain", "phi": 0.5, "eta": 1.0, "m": 0.6, "u_target": null, "u_realized": null, "method": "atc_eta", "seed": 301, "twt": 80.0, "makespan": 38.7439, "mean_flow": 3.4397926666666674, "breach_share": 0.013333333333333334, "breach_p1": 0.13333333333333333, "breach_p2": 0.0, "breach_p3": 0.0, "breach_p4": 0.0, "decisions": 150, "latency_ms_per_decision": 0.05318698473274708, "replans": null, "validator_ok": 1, "runtime_s": 0.007978047709912062}, "random": {"instance_id": "c12_replay_150_0132", "campus": 12, "size": 150, "track": "replay", "structure": "chain", "phi": 0.5, "eta": 1.0, "m": 0.6, "u_target": null, "u_realized": null, "method": "random", "seed": 301, "twt": 80.0, "makespan": 38.7439, "mean_flow": 3.438952, "breach_share": 0.013333333333333334, "breach_p1": 0.13333333333333333, "breach_p2": 0.0, "breach_p3": 0.0, "breach_p4": 0.0, "decisions": 150, "latency_ms_per_decision": 0.008161946510275206, "replans": null, "validator_ok": 1, "runtime_s": 0.0012242919765412807}, "v2mlp301": {"instance_id": "c12_replay_150_0132", "campus": 12, "size": 150, "track": "replay", "structure": "chain", "phi": 0.5, "eta": 1.0, "m": 0.6, "u_target": null, "u_realized": null, "method": "v2mlp301", "seed": 301, "twt": 80.0, "makespan": 38.7439, "mean_flow": 3.4397926666666674, "breach_share": 0.013333333333333334, "breach_p1": 0.13333333333333333, "breach_p2": 0.0, "breach_p3": 0.0, "breach_p4": 0.0, "decisions": 150, "latency_ms_per_decision": 1.5838055250545342, "replans": null, "validator_ok": 1, "runtime_s": 0.23757082875818014}, "v2mlp302": {"instance_id": "c12_replay_150_0132", "campus": 12, "size": 150, "track": "replay", "structure": "chain", "phi": 0.5, "eta": 1.0, "m": 0.6, "u_target": null, "u_realized": null, "method": "v2mlp302", "seed": 302, "twt": 80.0, "makespan": 38.7439, "mean_flow": 3.463014666666666, "breach_share": 0.013333333333333334, "breach_p1": 0.13333333333333333, "breach_p2": 0.0, "breach_p3": 0.0, "breach_p4": 0.0, "decisions": 150, "latency_ms_per_decision": 1.575803980231285, "replans": null, "validator_ok": 1, "runtime_s": 0.23637059703469276}, "v2mlp303": {"instance_id": "c12_replay_150_0132", "campus": 12, "size": 150, "track": "replay", "structure": "chain", "phi": 0.5, "eta": 1.0, "m": 0.6, "u_target": null, "u_realized": null, "method": "v2mlp303", "seed": 303, "twt": 80.0, "makespan": 38.7439, "mean_flow": 3.454792666666667, "breach_share": 0.013333333333333334, "breach_p1": 0.13333333333333333, "breach_p2": 0.0, "breach_p3": 0.0, "breach_p4": 0.0, "decisions": 150, "latency_ms_per_decision": 1.2278605997562408, "replans": null, "validator_ok": 1, "runtime_s": 0.18417908996343613}, "v2mlp304": {"instance_id": "c12_replay_150_0132", "campus": 12, "size": 150, "track": "replay", "structure": "chain", "phi": 0.5, "eta": 1.0, "m": 0.6, "u_target": null, "u_realized": null, "method": "v2mlp304", "seed": 304, "twt": 80.0, "makespan": 38.7439, "mean_flow": 3.4472853333333333, "breach_share": 0.013333333333333334, "breach_p1": 0.13333333333333333, "breach_p2": 0.0, "breach_p3": 0.0, "breach_p4": 0.0, "decisions": 150, "latency_ms_per_decision": 1.273978054523468, "replans": null, "validator_ok": 1, "runtime_s": 0.1910967081785202}, "v2mlp305": {"instance_id": "c12_replay_150_0132", "campus": 12, "size": 150, "track": "replay", "structure": "chain", "phi": 0.5, "eta": 1.0, "m": 0.6, "u_target": null, "u_realized": null, "method": "v2mlp305", "seed": 305, "twt": 80.0, "makespan": 38.7439, "mean_flow": 3.4464593333333338, "breach_share": 0.013333333333333334, "breach_p1": 0.13333333333333333, "breach_p2": 0.0, "breach_p3": 0.0, "breach_p4": 0.0, "decisions": 150, "latency_ms_per_decision": 1.046424073477586, "replans": null, "validator_ok": 1, "runtime_s": 0.15696361102163792}, "v2mlp306": {"instance_id": "c12_replay_150_0132", "campus": 12, "size": 150, "track": "replay", "structure": "chain", "phi": 0.5, "eta": 1.0, "m": 0.6, "u_target": null, "u_realized": null, "method": "v2mlp306", "seed": 306, "twt": 80.0, "makespan": 38.7439, "mean_flow": 3.4722853333333332, "breach_share": 0.013333333333333334, "breach_p1": 0.13333333333333333, "breach_p2": 0.0, "breach_p3": 0.0, "breach_p4": 0.0, "decisions": 150, "latency_ms_per_decision": 0.5288948925832907, "replans": null, "validator_ok": 1, "runtime_s": 0.07933423388749361}, "v2mlp307": {"instance_id": "c12_replay_150_0132", "campus": 12, "size": 150, "track": "replay", "structure": "chain", "phi": 0.5, "eta": 1.0, "m": 0.6, "u_target": null, "u_realized": null,