{"config_id": "c05_replay_150_0128__perm1", "rows": {"edd": {"variant": "perm1", "instance_id": "c05_replay_150_0128", "campus": 5, "size": 150, "track": "replay", "structure": "chain", "phi": 1.0, "eta": 0.8, "m": 0.6, "u_target": null, "u_realized": null, "method": "edd", "seed": 301, "twt": 21.729600000000005, "makespan": 106.8648, "mean_flow": 4.490365333333332, "breach_share": 0.006666666666666667, "breach_p1": null, "breach_p2": null, "breach_p3": 0.006711409395973154, "breach_p4": 0.0, "decisions": 150, "latency_ms_per_decision": 0.12579605914652348, "replans": null, "validator_ok": 1, "runtime_s": 0.01886940887197852}, "wspt": {"variant": "perm1", "instance_id": "c05_replay_150_0128", "campus": 5, "size": 150, "track": "replay", "structure": "chain", "phi": 1.0, "eta": 0.8, "m": 0.6, "u_target": null, "u_realized": null, "method": "wspt", "seed": 301, "twt": 21.729600000000005, "makespan": 106.8648, "mean_flow": 4.494498666666667, "breach_share": 0.006666666666666667, "breach_p1": null, "breach_p2": null, "breach_p3": 0.006711409395973154, "breach_p4": 0.0, "decisions": 150, "latency_ms_per_decision": 0.011172505716482798, "replans": null, "validator_ok": 1, "runtime_s": 0.0016758758574724197}, "atc": {"variant": "perm1", "instance_id": "c05_replay_150_0128", "campus": 5, "size": 150, "track": "replay", "structure": "chain", "phi": 1.0, "eta": 0.8, "m": 0.6, "u_target": null, "u_realized": null, "method": "atc", "seed": 301, "twt": 21.729600000000005, "makespan": 106.8648, "mean_flow": 4.494498666666667, "breach_share": 0.006666666666666667, "breach_p1": null, "breach_p2": null, "breach_p3": 0.006711409395973154, "breach_p4": 0.0, "decisions": 150, "latency_ms_per_decision": 0.014032550776998201, "replans": null, "validator_ok": 1, "runtime_s": 0.0021048826165497303}, "pfifo": {"variant": "perm1", "instance_id": "c05_replay_150_0128", "campus": 5, "size": 150, "track": "replay", "structure": "chain", "phi": 1.0, "eta": 0.8, "m": 0.6, "u_target": null, "u_realized": null, "method": "pfifo", "seed": 301, "twt": 21.729600000000005, "makespan": 106.8648, "mean_flow": 4.490365333333332, "breach_share": 0.006666666666666667, "breach_p1": null, "breach_p2": null, "breach_p3": 0.006711409395973154, "breach_p4": 0.0, "decisions": 150, "latency_ms_per_decision": 0.3626557718962431, "replans": null, "validator_ok": 1, "runtime_s": 0.054398365784436464}, "mor": {"variant": "perm1", "instance_id": "c05_replay_150_0128", "campus": 5, "size": 150, "track": "replay", "structure": "chain", "phi": 1.0, "eta": 0.8, "m": 0.6, "u_target": null, "u_realized": null, "method": "mor", "seed": 301, "twt": 21.729600000000005, "makespan": 106.8648, "mean_flow": 4.490365333333332, "breach_share": 0.006666666666666667, "breach_p1": null, "breach_p2": null, "breach_p3": 0.006711409395973154, "breach_p4": 0.0, "decisions": 150, "latency_ms_per_decision": 0.01127355732023716, "replans": null, "validator_ok": 1, "runtime_s": 0.001691033598035574}, "lfj_atc": {"variant": "perm1", "instance_id": "c05_replay_150_0128", "campus": 5, "size": 150, "track": "replay", "structure": "chain", "phi": 1.0, "eta": 0.8, "m": 0.6, "u_target": null, "u_realized": null, "method": "lfj_atc", "seed": 301, "twt": 21.729600000000005, "makespan": 106.8648, "mean_flow": 4.494498666666667, "breach_share": 0.006666666666666667, "breach_p1": null, "breach_p2": null, "breach_p3": 0.006711409395973154, "breach_p4": 0.0, "decisions": 150, "latency_ms_per_decision": 0.014951719592014948, "replans": null, "validator_ok": 1, "runtime_s": 0.0022427579388022423}, "atc_eta": {"variant": "perm1", "instance_id": "c05_replay_150_0128", "campus": 5, "size": 150, "track": "replay", "structure": "chain", "phi": 1.0, "eta": 0.8, "m": 0.6, "u_target": null, "u_realized": null, "method": "atc_eta", "seed": 301, "twt": 21.729600000000005, "makespan": 106.8648, "mean_flow": 4.494498666666667, "breach_share": 0.006666666666666667, "breach_p1": null, "breach_p2": null, "breach_p3": 0.006711409395973154, "breach_p4": 0.0, "decisions": 150, "latency_ms_per_decision": 0.3791994073738654, "replans": null, "validator_ok": 1, "runtime_s": 0.05687991110607982}, "random": {"variant": "perm1", "instance_id": "c05_replay_150_0128", "campus": 5, "size": 150, "track": "replay", "structure": "chain", "phi": 1.0, "eta": 0.8, "m": 0.6, "u_target": null, "u_realized": null, "method": "random", "seed": 301, "twt": 21.729600000000005, "makespan": 106.8648, "mean_flow": 4.493698666666666, "breach_share": 0.006666666666666667, "breach_p1": null, "breach_p2": null, "breach_p3": 0.006711409395973154, "breach_p4": 0.0, "decisions": 150, "latency_ms_per_decision": 0.011597325404485067, "replans": null, "validator_ok": 1, "runtime_s": 0.00173959881067276}, "v2mlp301": {"variant": "perm1", "instance_id": "c05_replay_150_0128", "campus": 5, "size": 150, "track": "replay", "structure": "chain", "phi": 1.0, "eta": 0.8, "m": 0.6, "u_target": null, "u_realized": null, "method": "v2mlp301", "seed": 301, "twt": 21.729600000000005, "makespan": 106.8648, "mean_flow": 4.494498666666667, "breach_share": 0.006666666666666667, "breach_p1": null, "breach_p2": null, "breach_p3": 0.006711409395973154, "breach_p4": 0.0, "decisions": 150, "latency_ms_per_decision": 0.1667581871151924, "replans": null, "validator_ok": 1, "runtime_s": 0.025013728067278862}, "v2mlp302": {"variant": "perm1", "instance_id": "c05_replay_150_0128", "campus": 5, "size": 150, "track": "replay", "structure": "chain", "phi": 1.0, "eta": 0.8, "m": 0.6, "u_target": null, "u_realized": null, "method": "v2mlp302", "seed": 302, "twt": 21.729600000000005, "makespan": 106.8648, "mean_flow": 4.491165333333333, "breach_share": 0.006666666666666667, "breach_p1": null, "breach_p2": null, "breach_p3": 0.006711409395973154, "breach_p4": 0.0, "decisions": 150, "latency_ms_per_decision": 0.16476365427176157, "replans": null, "validator_ok": 1, "runtime_s": 0.024714548140764236}, "v2mlp303": {"variant": "perm1", "instance_id": "c05_replay_150_0128", "campus": 5, "size": 150, "track": "replay", "structure": "chain", "phi": 1.0, "eta": 0.8, "m": 0.6, "u_target": null, "u_realized": null, "method": "v2mlp303", "seed": 303, "twt": 21.729600000000005, "makespan": 106.8648, "mean_flow": 4.491165333333333, "breach_share": 0.006666666666666667, "breach_p1": null, "breach_p2": null, "breach_p3": 0.006711409395973154, "breach_p4": 0.0, "decisions": 150, "latency_ms_per_decision": 0.17354730516672134, "replans": null, "validator_ok": 1, "runtime_s": 0.0260320957750082}, "v2mlp304": {"variant": "perm1", "instance_id": "c05_replay_150_0128", "campus": 5, "size": 150, "track": "replay", "structure": "chain", "phi": 1.0, "eta": 0.8, "m": 0.6, "u_target": null, "u_realized": null, "method": "v2mlp304", "seed": 304, "twt": 21.729600000000005, "makespan": 106.8648, "mean_flow": 4.490365333333332, "breach_share": 0.006666666666666667, "breach_p1": null, "breach_p2": null, "breach_p3": 0.006711409395973154, "breach_p4": 0.0, "decisions": 150, "latency_ms_per_decision": 0.16548520574967066, "replans": null, "validator_ok": 1, "runtime_s": 0.0248227808624506}, "v2mlp305": {"variant": "perm1", "instance_id": "c05_replay_150_0128", "campus": 5, "size": 150, "track": "replay", "structure": "chain", "phi": 1.0, "eta": 0.8, "m": 0.6, "u_target": null, "u_realized": null, "method": "v2mlp305", "seed": 305, "twt": 21.729600000000005, "makespan": 106.8648, "mean_flow": 4.497898666666667, "breach_share": 0.006666666666666667, "breach_p1": null, "breach_p2": null, "breach_p3": 0.006711409395973154, "breach_p4": 0.0, "decisions": 150, "latency_ms_per_decision": 0.16421100745598474, "replans": null, "validator_ok": 1, "runtime_s": 0.024631651118397713}, "v2mlp306": {"variant": "perm1", "instance_id": "c05_replay_150_0128", "campus": 5, "size": 150, "track": "replay", "structure": "chain", "phi": 1.0, "eta": 0.8, "m": 0.6, "u_target": null, "u_realized": null, "method": "v2mlp306", "seed": 306, "twt": 21.729600000000005, "makespan": 106.8648,