{"config_id": "c09_replay_150_0108__crew075", "rows": {"edd": {"variant": "crew075", "instance_id": "c09_replay_150_0108", "campus": 9, "size": 150, "track": "replay", "structure": "chain", "phi": 1.0, "eta": 0.8, "m": 0.44999999999999996, "u_target": null, "u_realized": null, "method": "edd", "seed": 301, "twt": 10.0, "makespan": 39.25, "mean_flow": 4.150198666666667, "breach_share": 0.006666666666666667, "breach_p1": 0.0, "breach_p2": 0.022222222222222223, "breach_p3": 0.0, "breach_p4": 0.0, "decisions": 150, "latency_ms_per_decision": 0.029097124934196472, "replans": null, "validator_ok": 1, "runtime_s": 0.004364568740129471}, "wspt": {"variant": "crew075", "instance_id": "c09_replay_150_0108", "campus": 9, "size": 150, "track": "replay", "structure": "chain", "phi": 1.0, "eta": 0.8, "m": 0.44999999999999996, "u_target": null, "u_realized": null, "method": "wspt", "seed": 301, "twt": 14.0, "makespan": 40.64, "mean_flow": 3.938155333333334, "breach_share": 0.013333333333333334, "breach_p1": 1.0, "breach_p2": 0.022222222222222223, "breach_p3": 0.0, "breach_p4": 0.0, "decisions": 150, "latency_ms_per_decision": 0.09386254784961541, "replans": null, "validator_ok": 1, "runtime_s": 0.014079382177442312}, "atc": {"variant": "crew075", "instance_id": "c09_replay_150_0108", "campus": 9, "size": 150, "track": "replay", "structure": "chain", "phi": 1.0, "eta": 0.8, "m": 0.44999999999999996, "u_target": null, "u_realized": null, "method": "atc", "seed": 301, "twt": 10.0, "makespan": 40.64, "mean_flow": 3.975976666666667, "breach_share": 0.006666666666666667, "breach_p1": 0.0, "breach_p2": 0.022222222222222223, "breach_p3": 0.0, "breach_p4": 0.0, "decisions": 150, "latency_ms_per_decision": 0.009186786289016405, "replans": null, "validator_ok": 1, "runtime_s": 0.0013780179433524609}, "pfifo": {"variant": "crew075", "instance_id": "c09_replay_150_0108", "campus": 9, "size": 150, "track": "replay", "structure": "chain", "phi": 1.0, "eta": 0.8, "m": 0.44999999999999996, "u_target": null, "u_realized": null, "method": "pfifo", "seed": 301, "twt": 10.0, "makespan": 39.25, "mean_flow": 4.150198666666667, "breach_share": 0.006666666666666667, "breach_p1": 0.0, "breach_p2": 0.022222222222222223, "breach_p3": 0.0, "breach_p4": 0.0, "decisions": 150, "latency_ms_per_decision": 0.10725478641688824, "replans": null, "validator_ok": 1, "runtime_s": 0.016088217962533236}, "mor": {"variant": "crew075", "instance_id": "c09_replay_150_0108", "campus": 9, "size": 150, "track": "replay", "structure": "chain", "phi": 1.0, "eta": 0.8, "m": 0.44999999999999996, "u_target": null, "u_realized": null, "method": "mor", "seed": 301, "twt": 10.0, "makespan": 36.0, "mean_flow": 4.678154, "breach_share": 0.006666666666666667, "breach_p1": 0.0, "breach_p2": 0.022222222222222223, "breach_p3": 0.0, "breach_p4": 0.0, "decisions": 150, "latency_ms_per_decision": 0.006482166548569997, "replans": null, "validator_ok": 1, "runtime_s": 0.0009723249822854996}, "lfj_atc": {"variant": "crew075", "instance_id": "c09_replay_150_0108", "campus": 9, "size": 150, "track": "replay", "structure": "chain", "phi": 1.0, "eta": 0.8, "m": 0.44999999999999996, "u_target": null, "u_realized": null, "method": "lfj_atc", "seed": 301, "twt": 10.0, "makespan": 40.64, "mean_flow": 3.975976666666667, "breach_share": 0.006666666666666667, "breach_p1": 0.0, "breach_p2": 0.022222222222222223, "breach_p3": 0.0, "breach_p4": 0.0, "decisions": 150, "latency_ms_per_decision": 0.08483106270432472, "replans": null, "validator_ok": 1, "runtime_s": 0.012724659405648708}, "atc_eta": {"variant": "crew075", "instance_id": "c09_replay_150_0108", "campus": 9, "size": 150, "track": "replay", "structure": "chain", "phi": 1.0, "eta": 0.8, "m": 0.44999999999999996, "u_target": null, "u_realized": null, "method": "atc_eta", "seed": 301, "twt": 10.0, "makespan": 40.64, "mean_flow": 3.9690213333333335, "breach_share": 0.006666666666666667, "breach_p1": 0.0, "breach_p2": 0.022222222222222223, "breach_p3": 0.0, "breach_p4": 0.0, "decisions": 150, "latency_ms_per_decision": 0.12397701852023602, "replans": null, "validator_ok": 1, "runtime_s": 0.018596552778035402}, "random": {"variant": "crew075", "instance_id": "c09_replay_150_0108", "campus": 9, "size": 150, "track": "replay", "structure": "chain", "phi": 1.0, "eta": 0.8, "m": 0.44999999999999996, "u_target": null, "u_realized": null, "method": "random", "seed": 301, "twt": 10.0, "makespan": 36.0, "mean_flow": 4.2120206666666675, "breach_share": 0.006666666666666667, "breach_p1": 0.0, "breach_p2": 0.022222222222222223, "breach_p3": 0.0, "breach_p4": 0.0, "decisions": 150, "latency_ms_per_decision": 0.005715852603316307, "replans": null, "validator_ok": 1, "runtime_s": 0.0008573778904974461}, "v2mlp301": {"variant": "crew075", "instance_id": "c09_replay_150_0108", "campus": 9, "size": 150, "track": "replay", "structure": "chain", "phi": 1.0, "eta": 0.8, "m": 0.44999999999999996, "u_target": null, "u_realized": null, "method": "v2mlp301", "seed": 301, "twt": 11.519999999999996, "makespan": 37.0667, "mean_flow": 4.085221333333334, "breach_share": 0.013333333333333334, "breach_p1": 0.0, "breach_p2": 0.044444444444444446, "breach_p3": 0.0, "breach_p4": 0.0, "decisions": 150, "latency_ms_per_decision": 0.28173251698414487, "replans": null, "validator_ok": 1, "runtime_s": 0.04225987754762173}, "v2mlp302": {"variant": "crew075", "instance_id": "c09_replay_150_0108", "campus": 9, "size": 150, "track": "replay", "structure": "chain", "phi": 1.0, "eta": 0.8, "m": 0.44999999999999996, "u_target": null, "u_realized": null, "method": "v2mlp302", "seed": 302, "twt": 10.0, "makespan": 38.0, "mean_flow": 4.5442426666666655, "breach_share": 0.006666666666666667, "breach_p1": 0.0, "breach_p2": 0.022222222222222223, "breach_p3": 0.0, "breach_p4": 0.0, "decisions": 150, "latency_ms_per_decision": 0.29203588763872784, "replans": null, "validator_ok": 1, "runtime_s": 0.043805383145809174}, "v2mlp303": {"variant": "crew075", "instance_id": "c09_replay_150_0108", "campus": 9, "size": 150, "track": "replay", "structure": "chain", "phi": 1.0, "eta": 0.8, "m": 0.44999999999999996, "u_target": null, "u_realized": null, "method": "v2mlp303", "seed": 303, "twt": 10.0, "makespan": 38.0, "mean_flow": 4.722398666666666, "breach_share": 0.006666666666666667, "breach_p1": 0.0, "breach_p2": 0.022222222222222223, "breach_p3": 0.0, "breach_p4": 0.0, "decisions": 150, "latency_ms_per_decision": 0.2700897182027499, "replans": null, "validator_ok": 1, "runtime_s": 0.04051345773041248}, "v2mlp304": {"variant": "crew075", "instance_id": "c09_replay_150_0108", "campus": 9, "size": 150, "track": "replay", "structure": "chain", "phi": 1.0, "eta": 0.8, "m": 0.44999999999999996, "u_target": null, "u_realized": null, "method": "v2mlp304", "seed": 304, "twt": 10.0, "makespan": 32.0, "mean_flow": 4.515398, "breach_share": 0.006666666666666667, "breach_p1": 0.0, "breach_p2": 0.022222222222222223, "breach_p3": 0.0, "breach_p4": 0.0, "decisions": 150, "latency_ms_per_decision": 0.2840154618024826, "replans": null, "validator_ok": 1, "runtime_s": 0.04260231927037239}, "v2mlp305": {"variant": "crew075", "instance_id": "c09_replay_150_0108", "campus": 9, "size": 150, "track": "replay", "structure": "chain", "phi": 1.0, "eta": 0.8, "m": 0.44999999999999996, "u_target": null, "u_realized": null, "method": "v2mlp305", "seed": 305, "twt": 10.0, "makespan": 39.25, "mean_flow": 4.2066213333333335, "breach_share": 0.006666666666666667, "breach_p1": 0.0, "breach_p2": 0.022222222222222223, "breach_p3": 0.0, "breach_p4": 0.0, "decisions": 150, "latency_ms_per_decision": 0.2760264215370019, "replans": null, "validator_ok": 1, "runtime_s": 0.04140396323055029}, "v2mlp306": {"variant": "crew075", "instance_id": "c09_replay_150_0108", "campus": 9, "size": 150, "track": "replay", "structure": "chain", "phi": 1.0, "eta": 0.8, "m": 0.44999999999999996, "u_target": null, "u_realized": null, "method": "v2mlp306", "seed": 306, "twt": 10.0, "makespan": 38.0,