{"config_id": "c09_replay_150_0110__sla050", "rows": {"edd": {"variant": "sla050", "instance_id": "c09_replay_150_0110", "campus": 9, "size": 150, "track": "replay", "structure": "chain", "phi": 1.0, "eta": 0.8, "m": 0.6, "u_target": null, "u_realized": null, "method": "edd", "seed": 301, "twt": 154.9332, "makespan": 55.7, "mean_flow": 3.5431333333333335, "breach_share": 0.02666666666666667, "breach_p1": 0.2, "breach_p2": 0.06382978723404255, "breach_p3": 0.0, "breach_p4": 0.0, "decisions": 150, "latency_ms_per_decision": 0.009754039347171783, "replans": null, "validator_ok": 1, "runtime_s": 0.0014631059020757675}, "wspt": {"variant": "sla050", "instance_id": "c09_replay_150_0110", "campus": 9, "size": 150, "track": "replay", "structure": "chain", "phi": 1.0, "eta": 0.8, "m": 0.6, "u_target": null, "u_realized": null, "method": "wspt", "seed": 301, "twt": 175.4932, "makespan": 55.7, "mean_flow": 3.587022, "breach_share": 0.02666666666666667, "breach_p1": 0.2, "breach_p2": 0.06382978723404255, "breach_p3": 0.0, "breach_p4": 0.0, "decisions": 150, "latency_ms_per_decision": 0.010275440290570259, "replans": null, "validator_ok": 1, "runtime_s": 0.0015413160435855389}, "atc": {"variant": "sla050", "instance_id": "c09_replay_150_0110", "campus": 9, "size": 150, "track": "replay", "structure": "chain", "phi": 1.0, "eta": 0.8, "m": 0.6, "u_target": null, "u_realized": null, "method": "atc", "seed": 301, "twt": 156.8668, "makespan": 55.7, "mean_flow": 3.563266666666666, "breach_share": 0.02666666666666667, "breach_p1": 0.2, "breach_p2": 0.06382978723404255, "breach_p3": 0.0, "breach_p4": 0.0, "decisions": 150, "latency_ms_per_decision": 0.013836941992243132, "replans": null, "validator_ok": 1, "runtime_s": 0.0020755412988364697}, "pfifo": {"variant": "sla050", "instance_id": "c09_replay_150_0110", "campus": 9, "size": 150, "track": "replay", "structure": "chain", "phi": 1.0, "eta": 0.8, "m": 0.6, "u_target": null, "u_realized": null, "method": "pfifo", "seed": 301, "twt": 154.9332, "makespan": 55.7, "mean_flow": 3.5431333333333335, "breach_share": 0.02666666666666667, "breach_p1": 0.2, "breach_p2": 0.06382978723404255, "breach_p3": 0.0, "breach_p4": 0.0, "decisions": 150, "latency_ms_per_decision": 0.010168996329108873, "replans": null, "validator_ok": 1, "runtime_s": 0.001525349449366331}, "mor": {"variant": "sla050", "instance_id": "c09_replay_150_0110", "campus": 9, "size": 150, "track": "replay", "structure": "chain", "phi": 1.0, "eta": 0.8, "m": 0.6, "u_target": null, "u_realized": null, "method": "mor", "seed": 301, "twt": 153.0, "makespan": 55.7, "mean_flow": 3.625533333333333, "breach_share": 0.02666666666666667, "breach_p1": 0.2, "breach_p2": 0.06382978723404255, "breach_p3": 0.0, "breach_p4": 0.0, "decisions": 150, "latency_ms_per_decision": 0.009871159369746843, "replans": null, "validator_ok": 1, "runtime_s": 0.0014806739054620266}, "lfj_atc": {"variant": "sla050", "instance_id": "c09_replay_150_0110", "campus": 9, "size": 150, "track": "replay", "structure": "chain", "phi": 1.0, "eta": 0.8, "m": 0.6, "u_target": null, "u_realized": null, "method": "lfj_atc", "seed": 301, "twt": 156.8668, "makespan": 55.7, "mean_flow": 3.563266666666666, "breach_share": 0.02666666666666667, "breach_p1": 0.2, "breach_p2": 0.06382978723404255, "breach_p3": 0.0, "breach_p4": 0.0, "decisions": 150, "latency_ms_per_decision": 0.015183001135786375, "replans": null, "validator_ok": 1, "runtime_s": 0.002277450170367956}, "atc_eta": {"variant": "sla050", "instance_id": "c09_replay_150_0110", "campus": 9, "size": 150, "track": "replay", "structure": "chain", "phi": 1.0, "eta": 0.8, "m": 0.6, "u_target": null, "u_realized": null, "method": "atc_eta", "seed": 301, "twt": 156.8668, "makespan": 55.7, "mean_flow": 3.563266666666666, "breach_share": 0.02666666666666667, "breach_p1": 0.2, "breach_p2": 0.06382978723404255, "breach_p3": 0.0, "breach_p4": 0.0, "decisions": 150, "latency_ms_per_decision": 0.025099006791909535, "replans": null, "validator_ok": 1, "runtime_s": 0.0037648510187864304}, "random": {"variant": "sla050", "instance_id": "c09_replay_150_0110", "campus": 9, "size": 150, "track": "replay", "structure": "chain", "phi": 1.0, "eta": 0.8, "m": 0.6, "u_target": null, "u_realized": null, "method": "random", "seed": 301, "twt": 172.42680000000001, "makespan": 55.7, "mean_flow": 3.5636886666666667, "breach_share": 0.03333333333333333, "breach_p1": 0.2, "breach_p2": 0.0851063829787234, "breach_p3": 0.0, "breach_p4": 0.0, "decisions": 150, "latency_ms_per_decision": 0.008960853641231855, "replans": null, "validator_ok": 1, "runtime_s": 0.0013441280461847782}, "v2mlp301": {"variant": "sla050", "instance_id": "c09_replay_150_0110", "campus": 9, "size": 150, "track": "replay", "structure": "chain", "phi": 1.0, "eta": 0.8, "m": 0.6, "u_target": null, "u_realized": null, "method": "v2mlp301", "seed": 301, "twt": 153.0, "makespan": 55.7, "mean_flow": 3.5529999999999995, "breach_share": 0.02666666666666667, "breach_p1": 0.2, "breach_p2": 0.06382978723404255, "breach_p3": 0.0, "breach_p4": 0.0, "decisions": 150, "latency_ms_per_decision": 0.2605125742654006, "replans": null, "validator_ok": 1, "runtime_s": 0.039076886139810085}, "v2mlp302": {"variant": "sla050", "instance_id": "c09_replay_150_0110", "campus": 9, "size": 150, "track": "replay", "structure": "chain", "phi": 1.0, "eta": 0.8, "m": 0.6, "u_target": null, "u_realized": null, "method": "v2mlp302", "seed": 302, "twt": 156.04000000000002, "makespan": 55.7, "mean_flow": 3.6059113333333332, "breach_share": 0.03333333333333333, "breach_p1": 0.4, "breach_p2": 0.06382978723404255, "breach_p3": 0.0, "breach_p4": 0.0, "decisions": 150, "latency_ms_per_decision": 0.2610054860512416, "replans": null, "validator_ok": 1, "runtime_s": 0.039150822907686234}, "v2mlp303": {"variant": "sla050", "instance_id": "c09_replay_150_0110", "campus": 9, "size": 150, "track": "replay", "structure": "chain", "phi": 1.0, "eta": 0.8, "m": 0.6, "u_target": null, "u_realized": null, "method": "v2mlp303", "seed": 303, "twt": 153.0, "makespan": 55.7, "mean_flow": 3.5681553333333333, "breach_share": 0.02666666666666667, "breach_p1": 0.2, "breach_p2": 0.06382978723404255, "breach_p3": 0.0, "breach_p4": 0.0, "decisions": 150, "latency_ms_per_decision": 0.2664659482737382, "replans": null, "validator_ok": 1, "runtime_s": 0.039969892241060734}, "v2mlp304": {"variant": "sla050", "instance_id": "c09_replay_150_0110", "campus": 9, "size": 150, "track": "replay", "structure": "chain", "phi": 1.0, "eta": 0.8, "m": 0.6, "u_target": null, "u_realized": null, "method": "v2mlp304", "seed": 304, "twt": 166.60000000000002, "makespan": 55.7, "mean_flow": 3.6466, "breach_share": 0.03333333333333333, "breach_p1": 0.4, "breach_p2": 0.06382978723404255, "breach_p3": 0.0, "breach_p4": 0.0, "decisions": 150, "latency_ms_per_decision": 0.2638707061608632, "replans": null, "validator_ok": 1, "runtime_s": 0.039580605924129486}, "v2mlp305": {"variant": "sla050", "instance_id": "c09_replay_150_0110", "campus": 9, "size": 150, "track": "replay", "structure": "chain", "phi": 1.0, "eta": 0.8, "m": 0.6, "u_target": null, "u_realized": null, "method": "v2mlp305", "seed": 305, "twt": 156.04000000000002, "makespan": 55.7, "mean_flow": 3.6028219999999993, "breach_share": 0.03333333333333333, "breach_p1": 0.4, "breach_p2": 0.06382978723404255, "breach_p3": 0.0, "breach_p4": 0.0, "decisions": 150, "latency_ms_per_decision": 0.2619720747073491, "replans": null, "validator_ok": 1, "runtime_s": 0.03929581120610237}, "v2mlp306": {"variant": "sla050", "instance_id": "c09_replay_150_0110", "campus": 9, "size": 150, "track": "replay", "structure": "chain", "phi": 1.0, "eta": 0.8, "m": 0.6, "u_target": null, "u_realized": null, "method": "v2mlp306", "seed": 306, "twt": 153.0, "makespan": 55.7, "mean_flow": 3.590378, "breach_share": 0.02666666666666667, "breach_p1": 0.2, "breach_p2": 0.06382978723404255, "breach_p3": 0.0, "breach_p4": 0.0, "decisions": 150,