{"config_id": "c12_replay_150_0102__perm1", "rows": {"edd": {"variant": "perm1", "instance_id": "c12_replay_150_0102", "campus": 12, "size": 150, "track": "replay", "structure": "chain", "phi": 1.0, "eta": 0.8, "m": 0.6, "u_target": null, "u_realized": null, "method": "edd", "seed": 301, "twt": 548.9295999999999, "makespan": 96.574, "mean_flow": 5.6717933333333335, "breach_share": 0.05333333333333334, "breach_p1": 0.23333333333333334, "breach_p2": 0.0, "breach_p3": 0.02631578947368421, "breach_p4": 0.0, "decisions": 150, "latency_ms_per_decision": 0.012270988275607428, "replans": null, "validator_ok": 1, "runtime_s": 0.001840648241341114}, "wspt": {"variant": "perm1", "instance_id": "c12_replay_150_0102", "campus": 12, "size": 150, "track": "replay", "structure": "chain", "phi": 1.0, "eta": 0.8, "m": 0.6, "u_target": null, "u_realized": null, "method": "wspt", "seed": 301, "twt": 548.9295999999999, "makespan": 96.574, "mean_flow": 5.654593333333333, "breach_share": 0.05333333333333334, "breach_p1": 0.23333333333333334, "breach_p2": 0.0, "breach_p3": 0.02631578947368421, "breach_p4": 0.0, "decisions": 150, "latency_ms_per_decision": 0.01214055965344111, "replans": null, "validator_ok": 1, "runtime_s": 0.0018210839480161667}, "atc": {"variant": "perm1", "instance_id": "c12_replay_150_0102", "campus": 12, "size": 150, "track": "replay", "structure": "chain", "phi": 1.0, "eta": 0.8, "m": 0.6, "u_target": null, "u_realized": null, "method": "atc", "seed": 301, "twt": 548.9295999999999, "makespan": 96.574, "mean_flow": 5.64506, "breach_share": 0.05333333333333334, "breach_p1": 0.23333333333333334, "breach_p2": 0.0, "breach_p3": 0.02631578947368421, "breach_p4": 0.0, "decisions": 150, "latency_ms_per_decision": 0.03707649807135264, "replans": null, "validator_ok": 1, "runtime_s": 0.005561474710702896}, "pfifo": {"variant": "perm1", "instance_id": "c12_replay_150_0102", "campus": 12, "size": 150, "track": "replay", "structure": "chain", "phi": 1.0, "eta": 0.8, "m": 0.6, "u_target": null, "u_realized": null, "method": "pfifo", "seed": 301, "twt": 548.9295999999999, "makespan": 96.574, "mean_flow": 5.6717933333333335, "breach_share": 0.05333333333333334, "breach_p1": 0.23333333333333334, "breach_p2": 0.0, "breach_p3": 0.02631578947368421, "breach_p4": 0.0, "decisions": 150, "latency_ms_per_decision": 0.033279899507761, "replans": null, "validator_ok": 1, "runtime_s": 0.00499198492616415}, "mor": {"variant": "perm1", "instance_id": "c12_replay_150_0102", "campus": 12, "size": 150, "track": "replay", "structure": "chain", "phi": 1.0, "eta": 0.8, "m": 0.6, "u_target": null, "u_realized": null, "method": "mor", "seed": 301, "twt": 548.9295999999999, "makespan": 96.574, "mean_flow": 5.654598666666666, "breach_share": 0.05333333333333334, "breach_p1": 0.23333333333333334, "breach_p2": 0.0, "breach_p3": 0.02631578947368421, "breach_p4": 0.0, "decisions": 150, "latency_ms_per_decision": 0.01177668571472168, "replans": null, "validator_ok": 1, "runtime_s": 0.001766502857208252}, "lfj_atc": {"variant": "perm1", "instance_id": "c12_replay_150_0102", "campus": 12, "size": 150, "track": "replay", "structure": "chain", "phi": 1.0, "eta": 0.8, "m": 0.6, "u_target": null, "u_realized": null, "method": "lfj_atc", "seed": 301, "twt": 548.9295999999999, "makespan": 96.574, "mean_flow": 5.64506, "breach_share": 0.05333333333333334, "breach_p1": 0.23333333333333334, "breach_p2": 0.0, "breach_p3": 0.02631578947368421, "breach_p4": 0.0, "decisions": 150, "latency_ms_per_decision": 0.017300201579928398, "replans": null, "validator_ok": 1, "runtime_s": 0.0025950302369892597}, "atc_eta": {"variant": "perm1", "instance_id": "c12_replay_150_0102", "campus": 12, "size": 150, "track": "replay", "structure": "chain", "phi": 1.0, "eta": 0.8, "m": 0.6, "u_target": null, "u_realized": null, "method": "atc_eta", "seed": 301, "twt": 548.9295999999999, "makespan": 96.574, "mean_flow": 5.64506, "breach_share": 0.05333333333333334, "breach_p1": 0.23333333333333334, "breach_p2": 0.0, "breach_p3": 0.02631578947368421, "breach_p4": 0.0, "decisions": 150, "latency_ms_per_decision": 0.0347388939311107, "replans": null, "validator_ok": 1, "runtime_s": 0.005210834089666605}, "random": {"variant": "perm1", "instance_id": "c12_replay_150_0102", "campus": 12, "size": 150, "track": "replay", "structure": "chain", "phi": 1.0, "eta": 0.8, "m": 0.6, "u_target": null, "u_realized": null, "method": "random", "seed": 301, "twt": 548.9295999999999, "makespan": 96.574, "mean_flow": 5.679998666666666, "breach_share": 0.05333333333333334, "breach_p1": 0.23333333333333334, "breach_p2": 0.0, "breach_p3": 0.02631578947368421, "breach_p4": 0.0, "decisions": 150, "latency_ms_per_decision": 0.01097316232820352, "replans": null, "validator_ok": 1, "runtime_s": 0.0016459743492305279}, "v2mlp301": {"variant": "perm1", "instance_id": "c12_replay_150_0102", "campus": 12, "size": 150, "track": "replay", "structure": "chain", "phi": 1.0, "eta": 0.8, "m": 0.6, "u_target": null, "u_realized": null, "method": "v2mlp301", "seed": 301, "twt": 570.9296, "makespan": 96.574, "mean_flow": 5.660956666666666, "breach_share": 0.05333333333333334, "breach_p1": 0.23333333333333334, "breach_p2": 0.0, "breach_p3": 0.02631578947368421, "breach_p4": 0.0, "decisions": 150, "latency_ms_per_decision": 0.3268568031489849, "replans": null, "validator_ok": 1, "runtime_s": 0.049028520472347736}, "v2mlp302": {"variant": "perm1", "instance_id": "c12_replay_150_0102", "campus": 12, "size": 150, "track": "replay", "structure": "chain", "phi": 1.0, "eta": 0.8, "m": 0.6, "u_target": null, "u_realized": null, "method": "v2mlp302", "seed": 302, "twt": 548.9295999999999, "makespan": 114.59, "mean_flow": 5.843837333333332, "breach_share": 0.05333333333333334, "breach_p1": 0.23333333333333334, "breach_p2": 0.0, "breach_p3": 0.02631578947368421, "breach_p4": 0.0, "decisions": 150, "latency_ms_per_decision": 0.35384253909190494, "replans": null, "validator_ok": 1, "runtime_s": 0.053076380863785744}, "v2mlp303": {"variant": "perm1", "instance_id": "c12_replay_150_0102", "campus": 12, "size": 150, "track": "replay", "structure": "chain", "phi": 1.0, "eta": 0.8, "m": 0.6, "u_target": null, "u_realized": null, "method": "v2mlp303", "seed": 303, "twt": 548.9295999999999, "makespan": 96.574, "mean_flow": 5.726398666666666, "breach_share": 0.05333333333333334, "breach_p1": 0.23333333333333334, "breach_p2": 0.0, "breach_p3": 0.02631578947368421, "breach_p4": 0.0, "decisions": 150, "latency_ms_per_decision": 0.3429952884713809, "replans": null, "validator_ok": 1, "runtime_s": 0.05144929327070713}, "v2mlp304": {"variant": "perm1", "instance_id": "c12_replay_150_0102", "campus": 12, "size": 150, "track": "replay", "structure": "chain", "phi": 1.0, "eta": 0.8, "m": 0.6, "u_target": null, "u_realized": null, "method": "v2mlp304", "seed": 304, "twt": 548.9295999999999, "makespan": 96.574, "mean_flow": 5.749798666666666, "breach_share": 0.05333333333333334, "breach_p1": 0.23333333333333334, "breach_p2": 0.0, "breach_p3": 0.02631578947368421, "breach_p4": 0.0, "decisions": 150, "latency_ms_per_decision": 0.3487357993920644, "replans": null, "validator_ok": 1, "runtime_s": 0.05231036990880966}, "v2mlp305": {"variant": "perm1", "instance_id": "c12_replay_150_0102", "campus": 12, "size": 150, "track": "replay", "structure": "chain", "phi": 1.0, "eta": 0.8, "m": 0.6, "u_target": null, "u_realized": null, "method": "v2mlp305", "seed": 305, "twt": 548.9295999999999, "makespan": 96.574, "mean_flow": 5.731486, "breach_share": 0.05333333333333334, "breach_p1": 0.23333333333333334, "breach_p2": 0.0, "breach_p3": 0.02631578947368421, "breach_p4": 0.0, "decisions": 150, "latency_ms_per_decision": 0.3479077046116193, "replans": null, "validator_ok": 1, "runtime_s": 0.0521861556917429}, "v2mlp306": {"variant": "perm1", "instance_id": "c12_replay_150_0102", "campus": 12, "size": 150, "track": "replay", "structure": "chain", "phi": 1.0, "eta": 0.8, "m": 0.6, "u_target": null, "u_realized": null,