{"config_id": "c12_replay_150_0108__sla150", "rows": {"edd": {"variant": "sla150", "instance_id": "c12_replay_150_0108", "campus": 12, "size": 150, "track": "replay", "structure": "chain", "phi": 1.0, "eta": 0.8, "m": 0.6, "u_target": null, "u_realized": null, "method": "edd", "seed": 301, "twt": 134.0, "makespan": 93.93260000000001, "mean_flow": 5.914832, "breach_share": 0.006666666666666667, "breach_p1": 0.0, "breach_p2": 0.07142857142857142, "breach_p3": 0.0, "breach_p4": 0.0, "decisions": 150, "latency_ms_per_decision": 0.009701761106650034, "replans": null, "validator_ok": 1, "runtime_s": 0.0014552641659975052}, "wspt": {"variant": "sla150", "instance_id": "c12_replay_150_0108", "campus": 12, "size": 150, "track": "replay", "structure": "chain", "phi": 1.0, "eta": 0.8, "m": 0.6, "u_target": null, "u_realized": null, "method": "wspt", "seed": 301, "twt": 134.0, "makespan": 93.93260000000001, "mean_flow": 5.935298666666666, "breach_share": 0.006666666666666667, "breach_p1": 0.0, "breach_p2": 0.07142857142857142, "breach_p3": 0.0, "breach_p4": 0.0, "decisions": 150, "latency_ms_per_decision": 0.009337607771158218, "replans": null, "validator_ok": 1, "runtime_s": 0.0014006411656737328}, "atc": {"variant": "sla150", "instance_id": "c12_replay_150_0108", "campus": 12, "size": 150, "track": "replay", "structure": "chain", "phi": 1.0, "eta": 0.8, "m": 0.6, "u_target": null, "u_realized": null, "method": "atc", "seed": 301, "twt": 134.0, "makespan": 93.93260000000001, "mean_flow": 5.934098666666667, "breach_share": 0.006666666666666667, "breach_p1": 0.0, "breach_p2": 0.07142857142857142, "breach_p3": 0.0, "breach_p4": 0.0, "decisions": 150, "latency_ms_per_decision": 0.011381146808465322, "replans": null, "validator_ok": 1, "runtime_s": 0.0017071720212697983}, "pfifo": {"variant": "sla150", "instance_id": "c12_replay_150_0108", "campus": 12, "size": 150, "track": "replay", "structure": "chain", "phi": 1.0, "eta": 0.8, "m": 0.6, "u_target": null, "u_realized": null, "method": "pfifo", "seed": 301, "twt": 134.0, "makespan": 93.93260000000001, "mean_flow": 5.914832, "breach_share": 0.006666666666666667, "breach_p1": 0.0, "breach_p2": 0.07142857142857142, "breach_p3": 0.0, "breach_p4": 0.0, "decisions": 150, "latency_ms_per_decision": 0.009230651582280794, "replans": null, "validator_ok": 1, "runtime_s": 0.0013845977373421192}, "mor": {"variant": "sla150", "instance_id": "c12_replay_150_0108", "campus": 12, "size": 150, "track": "replay", "structure": "chain", "phi": 1.0, "eta": 0.8, "m": 0.6, "u_target": null, "u_realized": null, "method": "mor", "seed": 301, "twt": 134.0, "makespan": 93.93260000000001, "mean_flow": 5.9294579999999995, "breach_share": 0.006666666666666667, "breach_p1": 0.0, "breach_p2": 0.07142857142857142, "breach_p3": 0.0, "breach_p4": 0.0, "decisions": 150, "latency_ms_per_decision": 0.00896753432850043, "replans": null, "validator_ok": 1, "runtime_s": 0.0013451301492750645}, "lfj_atc": {"variant": "sla150", "instance_id": "c12_replay_150_0108", "campus": 12, "size": 150, "track": "replay", "structure": "chain", "phi": 1.0, "eta": 0.8, "m": 0.6, "u_target": null, "u_realized": null, "method": "lfj_atc", "seed": 301, "twt": 134.0, "makespan": 93.93260000000001, "mean_flow": 5.934098666666667, "breach_share": 0.006666666666666667, "breach_p1": 0.0, "breach_p2": 0.07142857142857142, "breach_p3": 0.0, "breach_p4": 0.0, "decisions": 150, "latency_ms_per_decision": 0.012292352815469107, "replans": null, "validator_ok": 1, "runtime_s": 0.001843852922320366}, "atc_eta": {"variant": "sla150", "instance_id": "c12_replay_150_0108", "campus": 12, "size": 150, "track": "replay", "structure": "chain", "phi": 1.0, "eta": 0.8, "m": 0.6, "u_target": null, "u_realized": null, "method": "atc_eta", "seed": 301, "twt": 134.0, "makespan": 93.93260000000001, "mean_flow": 5.934098666666667, "breach_share": 0.006666666666666667, "breach_p1": 0.0, "breach_p2": 0.07142857142857142, "breach_p3": 0.0, "breach_p4": 0.0, "decisions": 150, "latency_ms_per_decision": 0.02510034789641698, "replans": null, "validator_ok": 1, "runtime_s": 0.0037650521844625473}, "random": {"variant": "sla150", "instance_id": "c12_replay_150_0108", "campus": 12, "size": 150, "track": "replay", "structure": "chain", "phi": 1.0, "eta": 0.8, "m": 0.6, "u_target": null, "u_realized": null, "method": "random", "seed": 301, "twt": 134.0, "makespan": 93.93260000000001, "mean_flow": 5.918565333333333, "breach_share": 0.006666666666666667, "breach_p1": 0.0, "breach_p2": 0.07142857142857142, "breach_p3": 0.0, "breach_p4": 0.0, "decisions": 150, "latency_ms_per_decision": 0.008571865037083626, "replans": null, "validator_ok": 1, "runtime_s": 0.0012857797555625439}, "v2mlp301": {"variant": "sla150", "instance_id": "c12_replay_150_0108", "campus": 12, "size": 150, "track": "replay", "structure": "chain", "phi": 1.0, "eta": 0.8, "m": 0.6, "u_target": null, "u_realized": null, "method": "v2mlp301", "seed": 301, "twt": 134.0, "makespan": 93.93260000000001, "mean_flow": 5.921698666666666, "breach_share": 0.006666666666666667, "breach_p1": 0.0, "breach_p2": 0.07142857142857142, "breach_p3": 0.0, "breach_p4": 0.0, "decisions": 150, "latency_ms_per_decision": 0.21218586713075638, "replans": null, "validator_ok": 1, "runtime_s": 0.03182788006961346}, "v2mlp302": {"variant": "sla150", "instance_id": "c12_replay_150_0108", "campus": 12, "size": 150, "track": "replay", "structure": "chain", "phi": 1.0, "eta": 0.8, "m": 0.6, "u_target": null, "u_realized": null, "method": "v2mlp302", "seed": 302, "twt": 134.0, "makespan": 93.93260000000001, "mean_flow": 5.975565333333332, "breach_share": 0.006666666666666667, "breach_p1": 0.0, "breach_p2": 0.07142857142857142, "breach_p3": 0.0, "breach_p4": 0.0, "decisions": 150, "latency_ms_per_decision": 0.21035302430391312, "replans": null, "validator_ok": 1, "runtime_s": 0.03155295364558697}, "v2mlp303": {"variant": "sla150", "instance_id": "c12_replay_150_0108", "campus": 12, "size": 150, "track": "replay", "structure": "chain", "phi": 1.0, "eta": 0.8, "m": 0.6, "u_target": null, "u_realized": null, "method": "v2mlp303", "seed": 303, "twt": 134.0, "makespan": 93.93260000000001, "mean_flow": 5.962165333333334, "breach_share": 0.006666666666666667, "breach_p1": 0.0, "breach_p2": 0.07142857142857142, "breach_p3": 0.0, "breach_p4": 0.0, "decisions": 150, "latency_ms_per_decision": 0.2082920695344607, "replans": null, "validator_ok": 1, "runtime_s": 0.031243810430169106}, "v2mlp304": {"variant": "sla150", "instance_id": "c12_replay_150_0108", "campus": 12, "size": 150, "track": "replay", "structure": "chain", "phi": 1.0, "eta": 0.8, "m": 0.6, "u_target": null, "u_realized": null, "method": "v2mlp304", "seed": 304, "twt": 134.0, "makespan": 110.6122, "mean_flow": 6.330350666666667, "breach_share": 0.006666666666666667, "breach_p1": 0.0, "breach_p2": 0.07142857142857142, "breach_p3": 0.0, "breach_p4": 0.0, "decisions": 150, "latency_ms_per_decision": 0.2089516632258892, "replans": null, "validator_ok": 1, "runtime_s": 0.03134274948388338}, "v2mlp305": {"variant": "sla150", "instance_id": "c12_replay_150_0108", "campus": 12, "size": 150, "track": "replay", "structure": "chain", "phi": 1.0, "eta": 0.8, "m": 0.6, "u_target": null, "u_realized": null, "method": "v2mlp305", "seed": 305, "twt": 134.0, "makespan": 93.93260000000001, "mean_flow": 5.972765333333333, "breach_share": 0.006666666666666667, "breach_p1": 0.0, "breach_p2": 0.07142857142857142, "breach_p3": 0.0, "breach_p4": 0.0, "decisions": 150, "latency_ms_per_decision": 0.21241009856263796, "replans": null, "validator_ok": 1, "runtime_s": 0.031861514784395695}, "v2mlp306": {"variant": "sla150", "instance_id": "c12_replay_150_0108", "campus": 12, "size": 150, "track": "replay", "structure": "chain", "phi": 1.0, "eta": 0.8, "m": 0.6, "u_target": null, "u_realized": null, "method": "v2mlp306", "seed": 306, "twt": 134.0, "makespan": 93.93260000000001, "mean_flow": 5.983750666666666, "breach_share": 0.006666666666666667,