{"config_id": "c12_replay_150_0108__crew125", "rows": {"edd": {"variant": "crew125", "instance_id": "c12_replay_150_0108", "campus": 12, "size": 150, "track": "replay", "structure": "chain", "phi": 1.0, "eta": 0.8, "m": 0.75, "u_target": null, "u_realized": null, "method": "edd", "seed": 301, "twt": 211.0, "makespan": 93.93260000000001, "mean_flow": 5.899298666666667, "breach_share": 0.02, "breach_p1": 0.05, "breach_p2": 0.07142857142857142, "breach_p3": 0.01818181818181818, "breach_p4": 0.0, "decisions": 150, "latency_ms_per_decision": 0.014571559925874075, "replans": null, "validator_ok": 1, "runtime_s": 0.002185733988881111}, "wspt": {"variant": "crew125", "instance_id": "c12_replay_150_0108", "campus": 12, "size": 150, "track": "replay", "structure": "chain", "phi": 1.0, "eta": 0.8, "m": 0.75, "u_target": null, "u_realized": null, "method": "wspt", "seed": 301, "twt": 211.0, "makespan": 93.93260000000001, "mean_flow": 5.899298666666667, "breach_share": 0.02, "breach_p1": 0.05, "breach_p2": 0.07142857142857142, "breach_p3": 0.01818181818181818, "breach_p4": 0.0, "decisions": 150, "latency_ms_per_decision": 0.015317602083086967, "replans": null, "validator_ok": 1, "runtime_s": 0.002297640312463045}, "atc": {"variant": "crew125", "instance_id": "c12_replay_150_0108", "campus": 12, "size": 150, "track": "replay", "structure": "chain", "phi": 1.0, "eta": 0.8, "m": 0.75, "u_target": null, "u_realized": null, "method": "atc", "seed": 301, "twt": 211.0, "makespan": 93.93260000000001, "mean_flow": 5.899298666666667, "breach_share": 0.02, "breach_p1": 0.05, "breach_p2": 0.07142857142857142, "breach_p3": 0.01818181818181818, "breach_p4": 0.0, "decisions": 150, "latency_ms_per_decision": 0.01807694012920062, "replans": null, "validator_ok": 1, "runtime_s": 0.0027115410193800926}, "pfifo": {"variant": "crew125", "instance_id": "c12_replay_150_0108", "campus": 12, "size": 150, "track": "replay", "structure": "chain", "phi": 1.0, "eta": 0.8, "m": 0.75, "u_target": null, "u_realized": null, "method": "pfifo", "seed": 301, "twt": 211.0, "makespan": 93.93260000000001, "mean_flow": 5.899298666666667, "breach_share": 0.02, "breach_p1": 0.05, "breach_p2": 0.07142857142857142, "breach_p3": 0.01818181818181818, "breach_p4": 0.0, "decisions": 150, "latency_ms_per_decision": 0.014660746480027834, "replans": null, "validator_ok": 1, "runtime_s": 0.002199111972004175}, "mor": {"variant": "crew125", "instance_id": "c12_replay_150_0108", "campus": 12, "size": 150, "track": "replay", "structure": "chain", "phi": 1.0, "eta": 0.8, "m": 0.75, "u_target": null, "u_realized": null, "method": "mor", "seed": 301, "twt": 211.0, "makespan": 93.93260000000001, "mean_flow": 5.899298666666667, "breach_share": 0.02, "breach_p1": 0.05, "breach_p2": 0.07142857142857142, "breach_p3": 0.01818181818181818, "breach_p4": 0.0, "decisions": 150, "latency_ms_per_decision": 0.015076252942283949, "replans": null, "validator_ok": 1, "runtime_s": 0.0022614379413425922}, "lfj_atc": {"variant": "crew125", "instance_id": "c12_replay_150_0108", "campus": 12, "size": 150, "track": "replay", "structure": "chain", "phi": 1.0, "eta": 0.8, "m": 0.75, "u_target": null, "u_realized": null, "method": "lfj_atc", "seed": 301, "twt": 211.0, "makespan": 93.93260000000001, "mean_flow": 5.899298666666667, "breach_share": 0.02, "breach_p1": 0.05, "breach_p2": 0.07142857142857142, "breach_p3": 0.01818181818181818, "breach_p4": 0.0, "decisions": 150, "latency_ms_per_decision": 0.019113806386788685, "replans": null, "validator_ok": 1, "runtime_s": 0.002867070958018303}, "atc_eta": {"variant": "crew125", "instance_id": "c12_replay_150_0108", "campus": 12, "size": 150, "track": "replay", "structure": "chain", "phi": 1.0, "eta": 0.8, "m": 0.75, "u_target": null, "u_realized": null, "method": "atc_eta", "seed": 301, "twt": 211.0, "makespan": 93.93260000000001, "mean_flow": 5.899298666666667, "breach_share": 0.02, "breach_p1": 0.05, "breach_p2": 0.07142857142857142, "breach_p3": 0.01818181818181818, "breach_p4": 0.0, "decisions": 150, "latency_ms_per_decision": 0.042862165719270706, "replans": null, "validator_ok": 1, "runtime_s": 0.006429324857890606}, "random": {"variant": "crew125", "instance_id": "c12_replay_150_0108", "campus": 12, "size": 150, "track": "replay", "structure": "chain", "phi": 1.0, "eta": 0.8, "m": 0.75, "u_target": null, "u_realized": null, "method": "random", "seed": 301, "twt": 211.0, "makespan": 93.93260000000001, "mean_flow": 5.899298666666667, "breach_share": 0.02, "breach_p1": 0.05, "breach_p2": 0.07142857142857142, "breach_p3": 0.01818181818181818, "breach_p4": 0.0, "decisions": 150, "latency_ms_per_decision": 0.014166800926129023, "replans": null, "validator_ok": 1, "runtime_s": 0.0021250201389193535}, "v2mlp301": {"variant": "crew125", "instance_id": "c12_replay_150_0108", "campus": 12, "size": 150, "track": "replay", "structure": "chain", "phi": 1.0, "eta": 0.8, "m": 0.75, "u_target": null, "u_realized": null, "method": "v2mlp301", "seed": 301, "twt": 211.0, "makespan": 93.93260000000001, "mean_flow": 5.914565333333333, "breach_share": 0.02, "breach_p1": 0.05, "breach_p2": 0.07142857142857142, "breach_p3": 0.01818181818181818, "breach_p4": 0.0, "decisions": 150, "latency_ms_per_decision": 0.3176678530871868, "replans": null, "validator_ok": 1, "runtime_s": 0.04765017796307802}, "v2mlp302": {"variant": "crew125", "instance_id": "c12_replay_150_0108", "campus": 12, "size": 150, "track": "replay", "structure": "chain", "phi": 1.0, "eta": 0.8, "m": 0.75, "u_target": null, "u_realized": null, "method": "v2mlp302", "seed": 302, "twt": 211.0, "makespan": 93.93260000000001, "mean_flow": 5.944165333333333, "breach_share": 0.02, "breach_p1": 0.05, "breach_p2": 0.07142857142857142, "breach_p3": 0.01818181818181818, "breach_p4": 0.0, "decisions": 150, "latency_ms_per_decision": 0.3214015873769919, "replans": null, "validator_ok": 1, "runtime_s": 0.048210238106548786}, "v2mlp303": {"variant": "crew125", "instance_id": "c12_replay_150_0108", "campus": 12, "size": 150, "track": "replay", "structure": "chain", "phi": 1.0, "eta": 0.8, "m": 0.75, "u_target": null, "u_realized": null, "method": "v2mlp303", "seed": 303, "twt": 211.0, "makespan": 93.93260000000001, "mean_flow": 5.927698666666667, "breach_share": 0.02, "breach_p1": 0.05, "breach_p2": 0.07142857142857142, "breach_p3": 0.01818181818181818, "breach_p4": 0.0, "decisions": 150, "latency_ms_per_decision": 0.32080693170428276, "replans": null, "validator_ok": 1, "runtime_s": 0.048121039755642414}, "v2mlp304": {"variant": "crew125", "instance_id": "c12_replay_150_0108", "campus": 12, "size": 150, "track": "replay", "structure": "chain", "phi": 1.0, "eta": 0.8, "m": 0.75, "u_target": null, "u_realized": null, "method": "v2mlp304", "seed": 304, "twt": 253.26, "makespan": 110.6122, "mean_flow": 6.130698666666667, "breach_share": 0.02, "breach_p1": 0.05, "breach_p2": 0.07142857142857142, "breach_p3": 0.01818181818181818, "breach_p4": 0.0, "decisions": 150, "latency_ms_per_decision": 0.3208227517704169, "replans": null, "validator_ok": 1, "runtime_s": 0.048123412765562534}, "v2mlp305": {"variant": "crew125", "instance_id": "c12_replay_150_0108", "campus": 12, "size": 150, "track": "replay", "structure": "chain", "phi": 1.0, "eta": 0.8, "m": 0.75, "u_target": null, "u_realized": null, "method": "v2mlp305", "seed": 305, "twt": 217.0, "makespan": 93.93260000000001, "mean_flow": 6.067898666666666, "breach_share": 0.02666666666666667, "breach_p1": 0.1, "breach_p2": 0.07142857142857142, "breach_p3": 0.01818181818181818, "breach_p4": 0.0, "decisions": 150, "latency_ms_per_decision": 0.3130016662180424, "replans": null, "validator_ok": 1, "runtime_s": 0.046950249932706356}, "v2mlp306": {"variant": "crew125", "instance_id": "c12_replay_150_0108", "campus": 12, "size": 150, "track": "replay", "structure": "chain", "phi": 1.0, "eta": 0.8, "m": 0.75, "u_target": null, "u_realized": null, "method": "v2mlp306", "seed": 306, "twt": 211.0, "makespan": 93.93260000000001,