{"config_id": "c12_replay_150_0119__w27931", "rows": {"edd": {"variant": "w27931", "instance_id": "c12_replay_150_0119", "campus": 12, "size": 150, "track": "replay", "structure": "chain", "phi": 1.0, "eta": 0.8, "m": 0.6, "u_target": null, "u_realized": null, "method": "edd", "seed": 301, "twt": 3668.3496, "makespan": 93.19590000000001, "mean_flow": 5.942130666666667, "breach_share": 0.02666666666666667, "breach_p1": 0.19047619047619047, "breach_p2": 0.0, "breach_p3": 0.0, "breach_p4": 0.0, "decisions": 150, "latency_ms_per_decision": 0.013047146300474802, "replans": null, "validator_ok": 1, "runtime_s": 0.0019570719450712204}, "wspt": {"variant": "w27931", "instance_id": "c12_replay_150_0119", "campus": 12, "size": 150, "track": "replay", "structure": "chain", "phi": 1.0, "eta": 0.8, "m": 0.6, "u_target": null, "u_realized": null, "method": "wspt", "seed": 301, "twt": 3668.3496, "makespan": 93.19590000000001, "mean_flow": 5.942130666666667, "breach_share": 0.02666666666666667, "breach_p1": 0.19047619047619047, "breach_p2": 0.0, "breach_p3": 0.0, "breach_p4": 0.0, "decisions": 150, "latency_ms_per_decision": 0.12367587226132552, "replans": null, "validator_ok": 1, "runtime_s": 0.018551380839198828}, "atc": {"variant": "w27931", "instance_id": "c12_replay_150_0119", "campus": 12, "size": 150, "track": "replay", "structure": "chain", "phi": 1.0, "eta": 0.8, "m": 0.6, "u_target": null, "u_realized": null, "method": "atc", "seed": 301, "twt": 3668.3496, "makespan": 93.19590000000001, "mean_flow": 5.942130666666667, "breach_share": 0.02666666666666667, "breach_p1": 0.19047619047619047, "breach_p2": 0.0, "breach_p3": 0.0, "breach_p4": 0.0, "decisions": 150, "latency_ms_per_decision": 0.11593098752200603, "replans": null, "validator_ok": 1, "runtime_s": 0.017389648128300905}, "pfifo": {"variant": "w27931", "instance_id": "c12_replay_150_0119", "campus": 12, "size": 150, "track": "replay", "structure": "chain", "phi": 1.0, "eta": 0.8, "m": 0.6, "u_target": null, "u_realized": null, "method": "pfifo", "seed": 301, "twt": 3668.3496, "makespan": 93.19590000000001, "mean_flow": 5.942130666666667, "breach_share": 0.02666666666666667, "breach_p1": 0.19047619047619047, "breach_p2": 0.0, "breach_p3": 0.0, "breach_p4": 0.0, "decisions": 150, "latency_ms_per_decision": 0.18034709927936396, "replans": null, "validator_ok": 1, "runtime_s": 0.027052064891904593}, "mor": {"variant": "w27931", "instance_id": "c12_replay_150_0119", "campus": 12, "size": 150, "track": "replay", "structure": "chain", "phi": 1.0, "eta": 0.8, "m": 0.6, "u_target": null, "u_realized": null, "method": "mor", "seed": 301, "twt": 3668.3496, "makespan": 93.19590000000001, "mean_flow": 5.942130666666667, "breach_share": 0.02666666666666667, "breach_p1": 0.19047619047619047, "breach_p2": 0.0, "breach_p3": 0.0, "breach_p4": 0.0, "decisions": 150, "latency_ms_per_decision": 0.012560474375883738, "replans": null, "validator_ok": 1, "runtime_s": 0.0018840711563825607}, "lfj_atc": {"variant": "w27931", "instance_id": "c12_replay_150_0119", "campus": 12, "size": 150, "track": "replay", "structure": "chain", "phi": 1.0, "eta": 0.8, "m": 0.6, "u_target": null, "u_realized": null, "method": "lfj_atc", "seed": 301, "twt": 3668.3496, "makespan": 93.19590000000001, "mean_flow": 5.942130666666667, "breach_share": 0.02666666666666667, "breach_p1": 0.19047619047619047, "breach_p2": 0.0, "breach_p3": 0.0, "breach_p4": 0.0, "decisions": 150, "latency_ms_per_decision": 0.016968728353579838, "replans": null, "validator_ok": 1, "runtime_s": 0.002545309253036976}, "atc_eta": {"variant": "w27931", "instance_id": "c12_replay_150_0119", "campus": 12, "size": 150, "track": "replay", "structure": "chain", "phi": 1.0, "eta": 0.8, "m": 0.6, "u_target": null, "u_realized": null, "method": "atc_eta", "seed": 301, "twt": 3668.3496, "makespan": 93.19590000000001, "mean_flow": 5.942130666666667, "breach_share": 0.02666666666666667, "breach_p1": 0.19047619047619047, "breach_p2": 0.0, "breach_p3": 0.0, "breach_p4": 0.0, "decisions": 150, "latency_ms_per_decision": 0.3263761413594087, "replans": null, "validator_ok": 1, "runtime_s": 0.048956421203911304}, "random": {"variant": "w27931", "instance_id": "c12_replay_150_0119", "campus": 12, "size": 150, "track": "replay", "structure": "chain", "phi": 1.0, "eta": 0.8, "m": 0.6, "u_target": null, "u_realized": null, "method": "random", "seed": 301, "twt": 3668.3496, "makespan": 93.19590000000001, "mean_flow": 5.942130666666667, "breach_share": 0.02666666666666667, "breach_p1": 0.19047619047619047, "breach_p2": 0.0, "breach_p3": 0.0, "breach_p4": 0.0, "decisions": 150, "latency_ms_per_decision": 0.15394994678596655, "replans": null, "validator_ok": 1, "runtime_s": 0.023092492017894983}, "v2mlp301": {"variant": "w27931", "instance_id": "c12_replay_150_0119", "campus": 12, "size": 150, "track": "replay", "structure": "chain", "phi": 1.0, "eta": 0.8, "m": 0.6, "u_target": null, "u_realized": null, "method": "v2mlp301", "seed": 301, "twt": 3668.3496, "makespan": 93.19590000000001, "mean_flow": 5.966397333333333, "breach_share": 0.02666666666666667, "breach_p1": 0.19047619047619047, "breach_p2": 0.0, "breach_p3": 0.0, "breach_p4": 0.0, "decisions": 150, "latency_ms_per_decision": 0.28086313356955844, "replans": null, "validator_ok": 1, "runtime_s": 0.04212947003543377}, "v2mlp302": {"variant": "w27931", "instance_id": "c12_replay_150_0119", "campus": 12, "size": 150, "track": "replay", "structure": "chain", "phi": 1.0, "eta": 0.8, "m": 0.6, "u_target": null, "u_realized": null, "method": "v2mlp302", "seed": 302, "twt": 3668.3496, "makespan": 93.19590000000001, "mean_flow": 6.006597333333333, "breach_share": 0.02666666666666667, "breach_p1": 0.19047619047619047, "breach_p2": 0.0, "breach_p3": 0.0, "breach_p4": 0.0, "decisions": 150, "latency_ms_per_decision": 0.28005795553326607, "replans": null, "validator_ok": 1, "runtime_s": 0.04200869332998991}, "v2mlp303": {"variant": "w27931", "instance_id": "c12_replay_150_0119", "campus": 12, "size": 150, "track": "replay", "structure": "chain", "phi": 1.0, "eta": 0.8, "m": 0.6, "u_target": null, "u_realized": null, "method": "v2mlp303", "seed": 303, "twt": 3668.3496, "makespan": 93.19590000000001, "mean_flow": 5.963464, "breach_share": 0.02666666666666667, "breach_p1": 0.19047619047619047, "breach_p2": 0.0, "breach_p3": 0.0, "breach_p4": 0.0, "decisions": 150, "latency_ms_per_decision": 0.28055066242814064, "replans": null, "validator_ok": 1, "runtime_s": 0.042082599364221096}, "v2mlp304": {"variant": "w27931", "instance_id": "c12_replay_150_0119", "campus": 12, "size": 150, "track": "replay", "structure": "chain", "phi": 1.0, "eta": 0.8, "m": 0.6, "u_target": null, "u_realized": null, "method": "v2mlp304", "seed": 304, "twt": 3668.3496, "makespan": 93.19590000000001, "mean_flow": 6.176130666666666, "breach_share": 0.02666666666666667, "breach_p1": 0.19047619047619047, "breach_p2": 0.0, "breach_p3": 0.0, "breach_p4": 0.0, "decisions": 150, "latency_ms_per_decision": 0.5556119916339716, "replans": null, "validator_ok": 1, "runtime_s": 0.08334179874509573}, "v2mlp305": {"variant": "w27931", "instance_id": "c12_replay_150_0119", "campus": 12, "size": 150, "track": "replay", "structure": "chain", "phi": 1.0, "eta": 0.8, "m": 0.6, "u_target": null, "u_realized": null, "method": "v2mlp305", "seed": 305, "twt": 3735.8496, "makespan": 93.19590000000001, "mean_flow": 6.012330666666667, "breach_share": 0.02666666666666667, "breach_p1": 0.19047619047619047, "breach_p2": 0.0, "breach_p3": 0.0, "breach_p4": 0.0, "decisions": 150, "latency_ms_per_decision": 0.2059973031282425, "replans": null, "validator_ok": 1, "runtime_s": 0.030899595469236374}, "v2mlp306": {"variant": "w27931", "instance_id": "c12_replay_150_0119", "campus": 12, "size": 150, "track": "replay", "structure": "chain", "phi": 1.0, "eta": 0.8, "m": 0.6, "u_target": null, "u_realized": null, "method": "v2mlp306", "seed": 306, "twt": 3668.3496, "makespan": 93.19590000000001,