{"config_id": "c09_replay_150_0176__c09_full_eta100_m070", "rows": {"edd": {"instance_id": "c09_replay_150_0176", "campus": 9, "size": 150, "track": "replay", "structure": "full", "phi": null, "eta": 1.0, "m": 0.7, "u_target": null, "u_realized": null, "method": "edd", "seed": 301, "twt": 64.0, "makespan": 96.8481, "mean_flow": 4.980765333333334, "breach_share": 0.013333333333333334, "breach_p1": 0.2222222222222222, "breach_p2": 0.0, "breach_p3": null, "breach_p4": 0.0, "decisions": 150, "latency_ms_per_decision": 0.014905612915754318, "replans": null, "validator_ok": 1, "runtime_s": 0.0022358419373631477}, "wspt": {"instance_id": "c09_replay_150_0176", "campus": 9, "size": 150, "track": "replay", "structure": "full", "phi": null, "eta": 1.0, "m": 0.7, "u_target": null, "u_realized": null, "method": "wspt", "seed": 301, "twt": 64.0, "makespan": 96.8481, "mean_flow": 4.980765333333334, "breach_share": 0.013333333333333334, "breach_p1": 0.2222222222222222, "breach_p2": 0.0, "breach_p3": null, "breach_p4": 0.0, "decisions": 150, "latency_ms_per_decision": 0.014836955815553665, "replans": null, "validator_ok": 1, "runtime_s": 0.0022255433723330498}, "atc": {"instance_id": "c09_replay_150_0176", "campus": 9, "size": 150, "track": "replay", "structure": "full", "phi": null, "eta": 1.0, "m": 0.7, "u_target": null, "u_realized": null, "method": "atc", "seed": 301, "twt": 64.0, "makespan": 96.8481, "mean_flow": 4.980765333333334, "breach_share": 0.013333333333333334, "breach_p1": 0.2222222222222222, "breach_p2": 0.0, "breach_p3": null, "breach_p4": 0.0, "decisions": 150, "latency_ms_per_decision": 0.017964132130146027, "replans": null, "validator_ok": 1, "runtime_s": 0.002694619819521904}, "pfifo": {"instance_id": "c09_replay_150_0176", "campus": 9, "size": 150, "track": "replay", "structure": "full", "phi": null, "eta": 1.0, "m": 0.7, "u_target": null, "u_realized": null, "method": "pfifo", "seed": 301, "twt": 64.0, "makespan": 96.8481, "mean_flow": 4.980765333333334, "breach_share": 0.013333333333333334, "breach_p1": 0.2222222222222222, "breach_p2": 0.0, "breach_p3": null, "breach_p4": 0.0, "decisions": 150, "latency_ms_per_decision": 0.014932341873645782, "replans": null, "validator_ok": 1, "runtime_s": 0.0022398512810468674}, "mor": {"instance_id": "c09_replay_150_0176", "campus": 9, "size": 150, "track": "replay", "structure": "full", "phi": null, "eta": 1.0, "m": 0.7, "u_target": null, "u_realized": null, "method": "mor", "seed": 301, "twt": 64.0, "makespan": 96.8481, "mean_flow": 4.980765333333334, "breach_share": 0.013333333333333334, "breach_p1": 0.2222222222222222, "breach_p2": 0.0, "breach_p3": null, "breach_p4": 0.0, "decisions": 150, "latency_ms_per_decision": 0.014305605242649714, "replans": null, "validator_ok": 1, "runtime_s": 0.002145840786397457}, "lfj_atc": {"instance_id": "c09_replay_150_0176", "campus": 9, "size": 150, "track": "replay", "structure": "full", "phi": null, "eta": 1.0, "m": 0.7, "u_target": null, "u_realized": null, "method": "lfj_atc", "seed": 301, "twt": 64.0, "makespan": 96.8481, "mean_flow": 4.980765333333334, "breach_share": 0.013333333333333334, "breach_p1": 0.2222222222222222, "breach_p2": 0.0, "breach_p3": null, "breach_p4": 0.0, "decisions": 150, "latency_ms_per_decision": 0.01887730633219083, "replans": null, "validator_ok": 1, "runtime_s": 0.0028315959498286247}, "atc_eta": {"instance_id": "c09_replay_150_0176", "campus": 9, "size": 150, "track": "replay", "structure": "full", "phi": null, "eta": 1.0, "m": 0.7, "u_target": null, "u_realized": null, "method": "atc_eta", "seed": 301, "twt": 64.0, "makespan": 96.8481, "mean_flow": 4.980765333333334, "breach_share": 0.013333333333333334, "breach_p1": 0.2222222222222222, "breach_p2": 0.0, "breach_p3": null, "breach_p4": 0.0, "decisions": 150, "latency_ms_per_decision": 0.049530453979969025, "replans": null, "validator_ok": 1, "runtime_s": 0.007429568096995354}, "random": {"instance_id": "c09_replay_150_0176", "campus": 9, "size": 150, "track": "replay", "structure": "full", "phi": null, "eta": 1.0, "m": 0.7, "u_target": null, "u_realized": null, "method": "random", "seed": 301, "twt": 64.0, "makespan": 96.8481, "mean_flow": 4.980765333333334, "breach_share": 0.013333333333333334, "breach_p1": 0.2222222222222222, "breach_p2": 0.0, "breach_p3": null, "breach_p4": 0.0, "decisions": 150, "latency_ms_per_decision": 0.013719884057839712, "replans": null, "validator_ok": 1, "runtime_s": 0.0020579826086759567}, "v2mlp301": {"instance_id": "c09_replay_150_0176", "campus": 9, "size": 150, "track": "replay", "structure": "full", "phi": null, "eta": 1.0, "m": 0.7, "u_target": null, "u_realized": null, "method": "v2mlp301", "seed": 301, "twt": 64.0, "makespan": 96.8481, "mean_flow": 4.980765333333334, "breach_share": 0.013333333333333334, "breach_p1": 0.2222222222222222, "breach_p2": 0.0, "breach_p3": null, "breach_p4": 0.0, "decisions": 150, "latency_ms_per_decision": 0.5393134740491708, "replans": null, "validator_ok": 1, "runtime_s": 0.08089702110737562}, "v2mlp302": {"instance_id": "c09_replay_150_0176", "campus": 9, "size": 150, "track": "replay", "structure": "full", "phi": null, "eta": 1.0, "m": 0.7, "u_target": null, "u_realized": null, "method": "v2mlp302", "seed": 302, "twt": 64.0, "makespan": 96.8481, "mean_flow": 4.980765333333334, "breach_share": 0.013333333333333334, "breach_p1": 0.2222222222222222, "breach_p2": 0.0, "breach_p3": null, "breach_p4": 0.0, "decisions": 150, "latency_ms_per_decision": 0.508370523651441, "replans": null, "validator_ok": 1, "runtime_s": 0.07625557854771614}, "v2mlp303": {"instance_id": "c09_replay_150_0176", "campus": 9, "size": 150, "track": "replay", "structure": "full", "phi": null, "eta": 1.0, "m": 0.7, "u_target": null, "u_realized": null, "method": "v2mlp303", "seed": 303, "twt": 64.0, "makespan": 96.8481, "mean_flow": 4.980765333333334, "breach_share": 0.013333333333333334, "breach_p1": 0.2222222222222222, "breach_p2": 0.0, "breach_p3": null, "breach_p4": 0.0, "decisions": 150, "latency_ms_per_decision": 0.5538610803584257, "replans": null, "validator_ok": 1, "runtime_s": 0.08307916205376387}, "v2mlp304": {"instance_id": "c09_replay_150_0176", "campus": 9, "size": 150, "track": "replay", "structure": "full", "phi": null, "eta": 1.0, "m": 0.7, "u_target": null, "u_realized": null, "method": "v2mlp304", "seed": 304, "twt": 64.0, "makespan": 96.8481, "mean_flow": 4.980765333333334, "breach_share": 0.013333333333333334, "breach_p1": 0.2222222222222222, "breach_p2": 0.0, "breach_p3": null, "breach_p4": 0.0, "decisions": 150, "latency_ms_per_decision": 0.5532721554239591, "replans": null, "validator_ok": 1, "runtime_s": 0.08299082331359386}, "v2mlp305": {"instance_id": "c09_replay_150_0176", "campus": 9, "size": 150, "track": "replay", "structure": "full", "phi": null, "eta": 1.0, "m": 0.7, "u_target": null, "u_realized": null, "method": "v2mlp305", "seed": 305, "twt": 64.0, "makespan": 96.8481, "mean_flow": 4.980765333333334, "breach_share": 0.013333333333333334, "breach_p1": 0.2222222222222222, "breach_p2": 0.0, "breach_p3": null, "breach_p4": 0.0, "decisions": 150, "latency_ms_per_decision": 0.499667264521122, "replans": null, "validator_ok": 1, "runtime_s": 0.0749500896781683}, "v2mlp306": {"instance_id": "c09_replay_150_0176", "campus": 9, "size": 150, "track": "replay", "structure": "full", "phi": null, "eta": 1.0, "m": 0.7, "u_target": null, "u_realized": null, "method": "v2mlp306", "seed": 306, "twt": 64.0, "makespan": 96.8481, "mean_flow": 4.980765333333334, "breach_share": 0.013333333333333334, "breach_p1": 0.2222222222222222, "breach_p2": 0.0, "breach_p3": null, "breach_p4": 0.0, "decisions": 150, "latency_ms_per_decision": 0.5469932096699873, "replans": null, "validator_ok": 1, "runtime_s": 0.0820489814504981}, "v2mlp307": {"instance_id": "c09_replay_150_0176", "campus": 9, "size": 150, "track": "replay", "structure": "full", "phi": null, "eta": 1.0, "m": 0.7, "u_target": null, "u_realized": null, "method": "v2mlp307",