{"config_id": "c09_replay_400_0142__c09_chain_phi100_eta080_m070", "rows": {"edd": {"instance_id": "c09_replay_400_0142", "campus": 9, "size": 400, "track": "replay", "structure": "chain", "phi": 1.0, "eta": 0.8, "m": 0.7, "u_target": null, "u_realized": null, "method": "edd", "seed": 301, "twt": 472.99999999999994, "makespan": 130.7481, "mean_flow": 5.048678249999999, "breach_share": 0.0175, "breach_p1": 0.5, "breach_p2": 0.037383177570093455, "breach_p3": null, "breach_p4": 0.0, "decisions": 400, "latency_ms_per_decision": 0.010914041195064783, "replans": null, "validator_ok": 1, "runtime_s": 0.004365616478025913}, "wspt": {"instance_id": "c09_replay_400_0142", "campus": 9, "size": 400, "track": "replay", "structure": "chain", "phi": 1.0, "eta": 0.8, "m": 0.7, "u_target": null, "u_realized": null, "method": "wspt", "seed": 301, "twt": 472.99999999999994, "makespan": 130.7481, "mean_flow": 5.00498675, "breach_share": 0.0175, "breach_p1": 0.5, "breach_p2": 0.037383177570093455, "breach_p3": null, "breach_p4": 0.0, "decisions": 400, "latency_ms_per_decision": 0.010663089342415333, "replans": null, "validator_ok": 1, "runtime_s": 0.004265235736966133}, "atc": {"instance_id": "c09_replay_400_0142", "campus": 9, "size": 400, "track": "replay", "structure": "chain", "phi": 1.0, "eta": 0.8, "m": 0.7, "u_target": null, "u_realized": null, "method": "atc", "seed": 301, "twt": 472.99999999999994, "makespan": 130.7481, "mean_flow": 5.03032025, "breach_share": 0.0175, "breach_p1": 0.5, "breach_p2": 0.037383177570093455, "breach_p3": null, "breach_p4": 0.0, "decisions": 400, "latency_ms_per_decision": 0.014199796132743359, "replans": null, "validator_ok": 1, "runtime_s": 0.0056799184530973434}, "pfifo": {"instance_id": "c09_replay_400_0142", "campus": 9, "size": 400, "track": "replay", "structure": "chain", "phi": 1.0, "eta": 0.8, "m": 0.7, "u_target": null, "u_realized": null, "method": "pfifo", "seed": 301, "twt": 472.99999999999994, "makespan": 130.7481, "mean_flow": 5.048678249999999, "breach_share": 0.0175, "breach_p1": 0.5, "breach_p2": 0.037383177570093455, "breach_p3": null, "breach_p4": 0.0, "decisions": 400, "latency_ms_per_decision": 0.010823775082826614, "replans": null, "validator_ok": 1, "runtime_s": 0.004329510033130646}, "mor": {"instance_id": "c09_replay_400_0142", "campus": 9, "size": 400, "track": "replay", "structure": "chain", "phi": 1.0, "eta": 0.8, "m": 0.7, "u_target": null, "u_realized": null, "method": "mor", "seed": 301, "twt": 472.99999999999994, "makespan": 130.7481, "mean_flow": 5.2104532500000005, "breach_share": 0.0175, "breach_p1": 0.5, "breach_p2": 0.037383177570093455, "breach_p3": null, "breach_p4": 0.0, "decisions": 400, "latency_ms_per_decision": 0.010528645943850279, "replans": null, "validator_ok": 1, "runtime_s": 0.0042114583775401115}, "lfj_atc": {"instance_id": "c09_replay_400_0142", "campus": 9, "size": 400, "track": "replay", "structure": "chain", "phi": 1.0, "eta": 0.8, "m": 0.7, "u_target": null, "u_realized": null, "method": "lfj_atc", "seed": 301, "twt": 472.99999999999994, "makespan": 130.7481, "mean_flow": 5.03032025, "breach_share": 0.0175, "breach_p1": 0.5, "breach_p2": 0.037383177570093455, "breach_p3": null, "breach_p4": 0.0, "decisions": 400, "latency_ms_per_decision": 0.015607443638145924, "replans": null, "validator_ok": 1, "runtime_s": 0.0062429774552583694}, "atc_eta": {"instance_id": "c09_replay_400_0142", "campus": 9, "size": 400, "track": "replay", "structure": "chain", "phi": 1.0, "eta": 0.8, "m": 0.7, "u_target": null, "u_realized": null, "method": "atc_eta", "seed": 301, "twt": 472.99999999999994, "makespan": 130.7481, "mean_flow": 5.03032025, "breach_share": 0.0175, "breach_p1": 0.5, "breach_p2": 0.037383177570093455, "breach_p3": null, "breach_p4": 0.0, "decisions": 400, "latency_ms_per_decision": 0.02631790703162551, "replans": null, "validator_ok": 1, "runtime_s": 0.010527162812650204}, "random": {"instance_id": "c09_replay_400_0142", "campus": 9, "size": 400, "track": "replay", "structure": "chain", "phi": 1.0, "eta": 0.8, "m": 0.7, "u_target": null, "u_realized": null, "method": "random", "seed": 301, "twt": 472.99999999999994, "makespan": 130.7481, "mean_flow": 5.048386750000001, "breach_share": 0.0175, "breach_p1": 0.5, "breach_p2": 0.037383177570093455, "breach_p3": null, "breach_p4": 0.0, "decisions": 400, "latency_ms_per_decision": 0.010019682813435793, "replans": null, "validator_ok": 1, "runtime_s": 0.004007873125374317}, "v2mlp301": {"instance_id": "c09_replay_400_0142", "campus": 9, "size": 400, "track": "replay", "structure": "chain", "phi": 1.0, "eta": 0.8, "m": 0.7, "u_target": null, "u_realized": null, "method": "v2mlp301", "seed": 301, "twt": 472.99999999999994, "makespan": 130.7481, "mean_flow": 5.121111999999999, "breach_share": 0.0175, "breach_p1": 0.5, "breach_p2": 0.037383177570093455, "breach_p3": null, "breach_p4": 0.0, "decisions": 400, "latency_ms_per_decision": 0.3086824924685061, "replans": null, "validator_ok": 1, "runtime_s": 0.12347299698740244}, "v2mlp302": {"instance_id": "c09_replay_400_0142", "campus": 9, "size": 400, "track": "replay", "structure": "chain", "phi": 1.0, "eta": 0.8, "m": 0.7, "u_target": null, "u_realized": null, "method": "v2mlp302", "seed": 302, "twt": 472.99999999999994, "makespan": 153.4733, "mean_flow": 5.26339125, "breach_share": 0.0175, "breach_p1": 0.5, "breach_p2": 0.037383177570093455, "breach_p3": null, "breach_p4": 0.0, "decisions": 400, "latency_ms_per_decision": 0.31344133662059903, "replans": null, "validator_ok": 1, "runtime_s": 0.1253765346482396}, "v2mlp303": {"instance_id": "c09_replay_400_0142", "campus": 9, "size": 400, "track": "replay", "structure": "chain", "phi": 1.0, "eta": 0.8, "m": 0.7, "u_target": null, "u_realized": null, "method": "v2mlp303", "seed": 303, "twt": 472.99999999999994, "makespan": 130.7481, "mean_flow": 5.206503250000001, "breach_share": 0.0175, "breach_p1": 0.5, "breach_p2": 0.037383177570093455, "breach_p3": null, "breach_p4": 0.0, "decisions": 400, "latency_ms_per_decision": 0.3082004329189658, "replans": null, "validator_ok": 1, "runtime_s": 0.12328017316758633}, "v2mlp304": {"instance_id": "c09_replay_400_0142", "campus": 9, "size": 400, "track": "replay", "structure": "chain", "phi": 1.0, "eta": 0.8, "m": 0.7, "u_target": null, "u_realized": null, "method": "v2mlp304", "seed": 304, "twt": 472.99999999999994, "makespan": 153.4733, "mean_flow": 5.260066500000001, "breach_share": 0.0175, "breach_p1": 0.5, "breach_p2": 0.037383177570093455, "breach_p3": null, "breach_p4": 0.0, "decisions": 400, "latency_ms_per_decision": 0.3128222259692848, "replans": null, "validator_ok": 1, "runtime_s": 0.1251288903877139}, "v2mlp305": {"instance_id": "c09_replay_400_0142", "campus": 9, "size": 400, "track": "replay", "structure": "chain", "phi": 1.0, "eta": 0.8, "m": 0.7, "u_target": null, "u_realized": null, "method": "v2mlp305", "seed": 305, "twt": 472.99999999999994, "makespan": 130.7481, "mean_flow": 5.122220500000001, "breach_share": 0.0175, "breach_p1": 0.5, "breach_p2": 0.037383177570093455, "breach_p3": null, "breach_p4": 0.0, "decisions": 400, "latency_ms_per_decision": 0.30716007808223367, "replans": null, "validator_ok": 1, "runtime_s": 0.12286403123289347}, "v2mlp306": {"instance_id": "c09_replay_400_0142", "campus": 9, "size": 400, "track": "replay", "structure": "chain", "phi": 1.0, "eta": 0.8, "m": 0.7, "u_target": null, "u_realized": null, "method": "v2mlp306", "seed": 306, "twt": 472.99999999999994, "makespan": 130.7481, "mean_flow": 5.23767, "breach_share": 0.0175, "breach_p1": 0.5, "breach_p2": 0.037383177570093455, "breach_p3": null, "breach_p4": 0.0, "decisions": 400, "latency_ms_per_decision": 0.31369762029498816, "replans": null, "validator_ok": 1, "runtime_s": 0.12547904811799526}, "v2mlp307": {"instance_id": "c09_replay_400_0142", "campus": 9, "size": 400, "track": "replay", "structure": "chain", "phi": 1.0, "eta": 0.8, "m": 0.7, "u_target": null, "u_realized": null,