{"config_id": "c09_replay_150_0151__c09_chain_phi100_eta080_m070", "rows": {"edd": {"instance_id": "c09_replay_150_0151", "campus": 9, "size": 150, "track": "replay", "structure": "chain", "phi": 1.0, "eta": 0.8, "m": 0.7, "u_target": null, "u_realized": null, "method": "edd", "seed": 301, "twt": 86.0, "makespan": 70.5, "mean_flow": 4.159224666666667, "breach_share": 0.013333333333333334, "breach_p1": 0.0, "breach_p2": 0.06666666666666667, "breach_p3": null, "breach_p4": 0.0, "decisions": 150, "latency_ms_per_decision": 0.00957004725933075, "replans": null, "validator_ok": 1, "runtime_s": 0.0014355070888996124}, "wspt": {"instance_id": "c09_replay_150_0151", "campus": 9, "size": 150, "track": "replay", "structure": "chain", "phi": 1.0, "eta": 0.8, "m": 0.7, "u_target": null, "u_realized": null, "method": "wspt", "seed": 301, "twt": 119.52000000000001, "makespan": 71.75, "mean_flow": 4.170602666666667, "breach_share": 0.013333333333333334, "breach_p1": 0.0, "breach_p2": 0.06666666666666667, "breach_p3": null, "breach_p4": 0.0, "decisions": 150, "latency_ms_per_decision": 0.009423953791459402, "replans": null, "validator_ok": 1, "runtime_s": 0.0014135930687189102}, "atc": {"instance_id": "c09_replay_150_0151", "campus": 9, "size": 150, "track": "replay", "structure": "chain", "phi": 1.0, "eta": 0.8, "m": 0.7, "u_target": null, "u_realized": null, "method": "atc", "seed": 301, "twt": 86.0, "makespan": 70.5, "mean_flow": 4.128891333333334, "breach_share": 0.013333333333333334, "breach_p1": 0.0, "breach_p2": 0.06666666666666667, "breach_p3": null, "breach_p4": 0.0, "decisions": 150, "latency_ms_per_decision": 0.01339097817738851, "replans": null, "validator_ok": 1, "runtime_s": 0.0020086467266082764}, "pfifo": {"instance_id": "c09_replay_150_0151", "campus": 9, "size": 150, "track": "replay", "structure": "chain", "phi": 1.0, "eta": 0.8, "m": 0.7, "u_target": null, "u_realized": null, "method": "pfifo", "seed": 301, "twt": 86.0, "makespan": 70.5, "mean_flow": 4.159224666666667, "breach_share": 0.013333333333333334, "breach_p1": 0.0, "breach_p2": 0.06666666666666667, "breach_p3": null, "breach_p4": 0.0, "decisions": 150, "latency_ms_per_decision": 0.009627019365628561, "replans": null, "validator_ok": 1, "runtime_s": 0.001444052904844284}, "mor": {"instance_id": "c09_replay_150_0151", "campus": 9, "size": 150, "track": "replay", "structure": "chain", "phi": 1.0, "eta": 0.8, "m": 0.7, "u_target": null, "u_realized": null, "method": "mor", "seed": 301, "twt": 86.0, "makespan": 70.5, "mean_flow": 4.292002666666667, "breach_share": 0.013333333333333334, "breach_p1": 0.0, "breach_p2": 0.06666666666666667, "breach_p3": null, "breach_p4": 0.0, "decisions": 150, "latency_ms_per_decision": 0.008826218545436859, "replans": null, "validator_ok": 1, "runtime_s": 0.0013239327818155289}, "lfj_atc": {"instance_id": "c09_replay_150_0151", "campus": 9, "size": 150, "track": "replay", "structure": "chain", "phi": 1.0, "eta": 0.8, "m": 0.7, "u_target": null, "u_realized": null, "method": "lfj_atc", "seed": 301, "twt": 86.0, "makespan": 70.5, "mean_flow": 4.128891333333334, "breach_share": 0.013333333333333334, "breach_p1": 0.0, "breach_p2": 0.06666666666666667, "breach_p3": null, "breach_p4": 0.0, "decisions": 150, "latency_ms_per_decision": 0.014583300799131393, "replans": null, "validator_ok": 1, "runtime_s": 0.002187495119869709}, "atc_eta": {"instance_id": "c09_replay_150_0151", "campus": 9, "size": 150, "track": "replay", "structure": "chain", "phi": 1.0, "eta": 0.8, "m": 0.7, "u_target": null, "u_realized": null, "method": "atc_eta", "seed": 301, "twt": 86.0, "makespan": 70.5, "mean_flow": 4.128891333333334, "breach_share": 0.013333333333333334, "breach_p1": 0.0, "breach_p2": 0.06666666666666667, "breach_p3": null, "breach_p4": 0.0, "decisions": 150, "latency_ms_per_decision": 0.027054008096456528, "replans": null, "validator_ok": 1, "runtime_s": 0.004058101214468479}, "random": {"instance_id": "c09_replay_150_0151", "campus": 9, "size": 150, "track": "replay", "structure": "chain", "phi": 1.0, "eta": 0.8, "m": 0.7, "u_target": null, "u_realized": null, "method": "random", "seed": 301, "twt": 86.0, "makespan": 70.5, "mean_flow": 4.148536, "breach_share": 0.013333333333333334, "breach_p1": 0.0, "breach_p2": 0.06666666666666667, "breach_p3": null, "breach_p4": 0.0, "decisions": 150, "latency_ms_per_decision": 0.007398041586081187, "replans": null, "validator_ok": 1, "runtime_s": 0.001109706237912178}, "v2mlp301": {"instance_id": "c09_replay_150_0151", "campus": 9, "size": 150, "track": "replay", "structure": "chain", "phi": 1.0, "eta": 0.8, "m": 0.7, "u_target": null, "u_realized": null, "method": "v2mlp301", "seed": 301, "twt": 86.0, "makespan": 71.5, "mean_flow": 4.174802666666666, "breach_share": 0.013333333333333334, "breach_p1": 0.0, "breach_p2": 0.06666666666666667, "breach_p3": null, "breach_p4": 0.0, "decisions": 150, "latency_ms_per_decision": 0.3115764756997426, "replans": null, "validator_ok": 1, "runtime_s": 0.046736471354961395}, "v2mlp302": {"instance_id": "c09_replay_150_0151", "campus": 9, "size": 150, "track": "replay", "structure": "chain", "phi": 1.0, "eta": 0.8, "m": 0.7, "u_target": null, "u_realized": null, "method": "v2mlp302", "seed": 302, "twt": 86.0, "makespan": 88.13, "mean_flow": 4.435536, "breach_share": 0.013333333333333334, "breach_p1": 0.0, "breach_p2": 0.06666666666666667, "breach_p3": null, "breach_p4": 0.0, "decisions": 150, "latency_ms_per_decision": 0.30822380756338436, "replans": null, "validator_ok": 1, "runtime_s": 0.046233571134507656}, "v2mlp303": {"instance_id": "c09_replay_150_0151", "campus": 9, "size": 150, "track": "replay", "structure": "chain", "phi": 1.0, "eta": 0.8, "m": 0.7, "u_target": null, "u_realized": null, "method": "v2mlp303", "seed": 303, "twt": 126.0, "makespan": 72.5, "mean_flow": 4.369447333333333, "breach_share": 0.013333333333333334, "breach_p1": 0.0, "breach_p2": 0.06666666666666667, "breach_p3": null, "breach_p4": 0.0, "decisions": 150, "latency_ms_per_decision": 0.293590718259414, "replans": null, "validator_ok": 1, "runtime_s": 0.044038607738912106}, "v2mlp304": {"instance_id": "c09_replay_150_0151", "campus": 9, "size": 150, "track": "replay", "structure": "chain", "phi": 1.0, "eta": 0.8, "m": 0.7, "u_target": null, "u_realized": null, "method": "v2mlp304", "seed": 304, "twt": 86.0, "makespan": 89.39, "mean_flow": 4.310802666666667, "breach_share": 0.013333333333333334, "breach_p1": 0.0, "breach_p2": 0.06666666666666667, "breach_p3": null, "breach_p4": 0.0, "decisions": 150, "latency_ms_per_decision": 0.31300151720643044, "replans": null, "validator_ok": 1, "runtime_s": 0.046950227580964565}, "v2mlp305": {"instance_id": "c09_replay_150_0151", "campus": 9, "size": 150, "track": "replay", "structure": "chain", "phi": 1.0, "eta": 0.8, "m": 0.7, "u_target": null, "u_realized": null, "method": "v2mlp305", "seed": 305, "twt": 86.0, "makespan": 70.5, "mean_flow": 4.233066666666666, "breach_share": 0.013333333333333334, "breach_p1": 0.0, "breach_p2": 0.06666666666666667, "breach_p3": null, "breach_p4": 0.0, "decisions": 150, "latency_ms_per_decision": 0.3050205235679944, "replans": null, "validator_ok": 1, "runtime_s": 0.045753078535199165}, "v2mlp306": {"instance_id": "c09_replay_150_0151", "campus": 9, "size": 150, "track": "replay", "structure": "chain", "phi": 1.0, "eta": 0.8, "m": 0.7, "u_target": null, "u_realized": null, "method": "v2mlp306", "seed": 306, "twt": 86.0, "makespan": 72.38, "mean_flow": 4.4603806666666665, "breach_share": 0.013333333333333334, "breach_p1": 0.0, "breach_p2": 0.06666666666666667, "breach_p3": null, "breach_p4": 0.0, "decisions": 150, "latency_ms_per_decision": 0.30147503440578777, "replans": null, "validator_ok": 1, "runtime_s": 0.04522125516086817}, "v2mlp307": {"instance_id": "c09_replay_150_0151", "campus": 9, "size": 150, "track": "replay", "structure": "chain", "phi": 1.0, "eta": 0.8, "m": 0.7, "u_target": null, "u_realized": null, "method": "v2mlp307", "seed": 307,