{"config_id": "c09_replay_150_0114__c09_chain_phi100_eta080_m070", "rows": {"edd": {"instance_id": "c09_replay_150_0114", "campus": 9, "size": 150, "track": "replay", "structure": "chain", "phi": 1.0, "eta": 0.8, "m": 0.7, "u_target": null, "u_realized": null, "method": "edd", "seed": 301, "twt": 566.0, "makespan": 59.25, "mean_flow": 8.155666666666667, "breach_share": 0.03333333333333333, "breach_p1": 0.35714285714285715, "breach_p2": 0.0, "breach_p3": null, "breach_p4": 0.0, "decisions": 150, "latency_ms_per_decision": 0.009626305351654688, "replans": null, "validator_ok": 1, "runtime_s": 0.0014439458027482033}, "wspt": {"instance_id": "c09_replay_150_0114", "campus": 9, "size": 150, "track": "replay", "structure": "chain", "phi": 1.0, "eta": 0.8, "m": 0.7, "u_target": null, "u_realized": null, "method": "wspt", "seed": 301, "twt": 566.0, "makespan": 64.5, "mean_flow": 5.696666666666666, "breach_share": 0.03333333333333333, "breach_p1": 0.35714285714285715, "breach_p2": 0.0, "breach_p3": null, "breach_p4": 0.0, "decisions": 150, "latency_ms_per_decision": 0.010538529604673386, "replans": null, "validator_ok": 1, "runtime_s": 0.0015807794407010078}, "atc": {"instance_id": "c09_replay_150_0114", "campus": 9, "size": 150, "track": "replay", "structure": "chain", "phi": 1.0, "eta": 0.8, "m": 0.7, "u_target": null, "u_realized": null, "method": "atc", "seed": 301, "twt": 566.0, "makespan": 65.63, "mean_flow": 5.832133333333333, "breach_share": 0.03333333333333333, "breach_p1": 0.35714285714285715, "breach_p2": 0.0, "breach_p3": null, "breach_p4": 0.0, "decisions": 150, "latency_ms_per_decision": 0.01672436793645223, "replans": null, "validator_ok": 1, "runtime_s": 0.0025086551904678345}, "pfifo": {"instance_id": "c09_replay_150_0114", "campus": 9, "size": 150, "track": "replay", "structure": "chain", "phi": 1.0, "eta": 0.8, "m": 0.7, "u_target": null, "u_realized": null, "method": "pfifo", "seed": 301, "twt": 566.0, "makespan": 59.25, "mean_flow": 8.155666666666667, "breach_share": 0.03333333333333333, "breach_p1": 0.35714285714285715, "breach_p2": 0.0, "breach_p3": null, "breach_p4": 0.0, "decisions": 150, "latency_ms_per_decision": 0.010582761218150457, "replans": null, "validator_ok": 1, "runtime_s": 0.0015874141827225685}, "mor": {"instance_id": "c09_replay_150_0114", "campus": 9, "size": 150, "track": "replay", "structure": "chain", "phi": 1.0, "eta": 0.8, "m": 0.7, "u_target": null, "u_realized": null, "method": "mor", "seed": 301, "twt": 609.6, "makespan": 59.25, "mean_flow": 9.179933333333334, "breach_share": 0.04, "breach_p1": 0.42857142857142855, "breach_p2": 0.0, "breach_p3": null, "breach_p4": 0.0, "decisions": 150, "latency_ms_per_decision": 0.009484986464182535, "replans": null, "validator_ok": 1, "runtime_s": 0.0014227479696273804}, "lfj_atc": {"instance_id": "c09_replay_150_0114", "campus": 9, "size": 150, "track": "replay", "structure": "chain", "phi": 1.0, "eta": 0.8, "m": 0.7, "u_target": null, "u_realized": null, "method": "lfj_atc", "seed": 301, "twt": 566.0, "makespan": 65.63, "mean_flow": 5.832133333333333, "breach_share": 0.03333333333333333, "breach_p1": 0.35714285714285715, "breach_p2": 0.0, "breach_p3": null, "breach_p4": 0.0, "decisions": 150, "latency_ms_per_decision": 0.018677984674771626, "replans": null, "validator_ok": 1, "runtime_s": 0.002801697701215744}, "atc_eta": {"instance_id": "c09_replay_150_0114", "campus": 9, "size": 150, "track": "replay", "structure": "chain", "phi": 1.0, "eta": 0.8, "m": 0.7, "u_target": null, "u_realized": null, "method": "atc_eta", "seed": 301, "twt": 566.0, "makespan": 66.25, "mean_flow": 5.9463333333333335, "breach_share": 0.03333333333333333, "breach_p1": 0.35714285714285715, "breach_p2": 0.0, "breach_p3": null, "breach_p4": 0.0, "decisions": 150, "latency_ms_per_decision": 0.028958631058533985, "replans": null, "validator_ok": 1, "runtime_s": 0.004343794658780098}, "random": {"instance_id": "c09_replay_150_0114", "campus": 9, "size": 150, "track": "replay", "structure": "chain", "phi": 1.0, "eta": 0.8, "m": 0.7, "u_target": null, "u_realized": null, "method": "random", "seed": 301, "twt": 650.0799999999999, "makespan": 59.25, "mean_flow": 7.016066666666667, "breach_share": 0.04, "breach_p1": 0.42857142857142855, "breach_p2": 0.0, "breach_p3": null, "breach_p4": 0.0, "decisions": 150, "latency_ms_per_decision": 0.007104749480883281, "replans": null, "validator_ok": 1, "runtime_s": 0.001065712422132492}, "v2mlp301": {"instance_id": "c09_replay_150_0114", "campus": 9, "size": 150, "track": "replay", "structure": "chain", "phi": 1.0, "eta": 0.8, "m": 0.7, "u_target": null, "u_realized": null, "method": "v2mlp301", "seed": 301, "twt": 628.0, "makespan": 72.38, "mean_flow": 6.044133333333334, "breach_share": 0.04, "breach_p1": 0.42857142857142855, "breach_p2": 0.0, "breach_p3": null, "breach_p4": 0.0, "decisions": 150, "latency_ms_per_decision": 0.46828745553890866, "replans": null, "validator_ok": 1, "runtime_s": 0.0702431183308363}, "v2mlp302": {"instance_id": "c09_replay_150_0114", "campus": 9, "size": 150, "track": "replay", "structure": "chain", "phi": 1.0, "eta": 0.8, "m": 0.7, "u_target": null, "u_realized": null, "method": "v2mlp302", "seed": 302, "twt": 566.0, "makespan": 59.25, "mean_flow": 9.192666666666668, "breach_share": 0.03333333333333333, "breach_p1": 0.35714285714285715, "breach_p2": 0.0, "breach_p3": null, "breach_p4": 0.0, "decisions": 150, "latency_ms_per_decision": 0.4270630826552709, "replans": null, "validator_ok": 1, "runtime_s": 0.06405946239829063}, "v2mlp303": {"instance_id": "c09_replay_150_0114", "campus": 9, "size": 150, "track": "replay", "structure": "chain", "phi": 1.0, "eta": 0.8, "m": 0.7, "u_target": null, "u_realized": null, "method": "v2mlp303", "seed": 303, "twt": 566.0, "makespan": 59.25, "mean_flow": 9.602266666666667, "breach_share": 0.03333333333333333, "breach_p1": 0.35714285714285715, "breach_p2": 0.0, "breach_p3": null, "breach_p4": 0.0, "decisions": 150, "latency_ms_per_decision": 0.40316322818398476, "replans": null, "validator_ok": 1, "runtime_s": 0.060474484227597713}, "v2mlp304": {"instance_id": "c09_replay_150_0114", "campus": 9, "size": 150, "track": "replay", "structure": "chain", "phi": 1.0, "eta": 0.8, "m": 0.7, "u_target": null, "u_realized": null, "method": "v2mlp304", "seed": 304, "twt": 566.0, "makespan": 61.25, "mean_flow": 9.118466666666668, "breach_share": 0.03333333333333333, "breach_p1": 0.35714285714285715, "breach_p2": 0.0, "breach_p3": null, "breach_p4": 0.0, "decisions": 150, "latency_ms_per_decision": 0.4318753443658352, "replans": null, "validator_ok": 1, "runtime_s": 0.06478130165487528}, "v2mlp305": {"instance_id": "c09_replay_150_0114", "campus": 9, "size": 150, "track": "replay", "structure": "chain", "phi": 1.0, "eta": 0.8, "m": 0.7, "u_target": null, "u_realized": null, "method": "v2mlp305", "seed": 305, "twt": 613.04, "makespan": 59.25, "mean_flow": 6.863, "breach_share": 0.03333333333333333, "breach_p1": 0.35714285714285715, "breach_p2": 0.0, "breach_p3": null, "breach_p4": 0.0, "decisions": 150, "latency_ms_per_decision": 0.3907492198050022, "replans": null, "validator_ok": 1, "runtime_s": 0.05861238297075033}, "v2mlp306": {"instance_id": "c09_replay_150_0114", "campus": 9, "size": 150, "track": "replay", "structure": "chain", "phi": 1.0, "eta": 0.8, "m": 0.7, "u_target": null, "u_realized": null, "method": "v2mlp306", "seed": 306, "twt": 566.0, "makespan": 59.25, "mean_flow": 9.254866666666667, "breach_share": 0.03333333333333333, "breach_p1": 0.35714285714285715, "breach_p2": 0.0, "breach_p3": null, "breach_p4": 0.0, "decisions": 150, "latency_ms_per_decision": 0.4099837007621924, "replans": null, "validator_ok": 1, "runtime_s": 0.06149755511432886}, "v2mlp307": {"instance_id": "c09_replay_150_0114", "campus": 9, "size": 150, "track": "replay", "structure": "chain", "phi": 1.0, "eta": 0.8, "m": 0.7, "u_target": null, "u_realized": null, "method": "v2mlp307", "seed": 307, "twt": 566.0, "makespan": 59.25,