{"config_id": "c09_replay_150_0147__c09_l0_eta100_m070", "rows": {"edd": {"instance_id": "c09_replay_150_0147", "campus": 9, "size": 150, "track": "replay", "structure": "dedicated", "phi": null, "eta": 1.0, "m": 0.7, "u_target": null, "u_realized": null, "method": "edd", "seed": 301, "twt": 378.0, "makespan": 70.0667, "mean_flow": 4.205111333333334, "breach_share": 0.02666666666666667, "breach_p1": 0.1111111111111111, "breach_p2": 0.037037037037037035, "breach_p3": null, "breach_p4": 0.0, "decisions": 150, "latency_ms_per_decision": 0.009556636214256287, "replans": null, "validator_ok": 1, "runtime_s": 0.001433495432138443}, "wspt": {"instance_id": "c09_replay_150_0147", "campus": 9, "size": 150, "track": "replay", "structure": "dedicated", "phi": null, "eta": 1.0, "m": 0.7, "u_target": null, "u_realized": null, "method": "wspt", "seed": 301, "twt": 378.0, "makespan": 70.0667, "mean_flow": 4.205111333333334, "breach_share": 0.02666666666666667, "breach_p1": 0.1111111111111111, "breach_p2": 0.037037037037037035, "breach_p3": null, "breach_p4": 0.0, "decisions": 150, "latency_ms_per_decision": 0.009574834257364273, "replans": null, "validator_ok": 1, "runtime_s": 0.001436225138604641}, "atc": {"instance_id": "c09_replay_150_0147", "campus": 9, "size": 150, "track": "replay", "structure": "dedicated", "phi": null, "eta": 1.0, "m": 0.7, "u_target": null, "u_realized": null, "method": "atc", "seed": 301, "twt": 378.0, "makespan": 70.0667, "mean_flow": 4.205111333333334, "breach_share": 0.02666666666666667, "breach_p1": 0.1111111111111111, "breach_p2": 0.037037037037037035, "breach_p3": null, "breach_p4": 0.0, "decisions": 150, "latency_ms_per_decision": 0.01251231258114179, "replans": null, "validator_ok": 1, "runtime_s": 0.0018768468871712685}, "pfifo": {"instance_id": "c09_replay_150_0147", "campus": 9, "size": 150, "track": "replay", "structure": "dedicated", "phi": null, "eta": 1.0, "m": 0.7, "u_target": null, "u_realized": null, "method": "pfifo", "seed": 301, "twt": 378.0, "makespan": 70.0667, "mean_flow": 4.205111333333334, "breach_share": 0.02666666666666667, "breach_p1": 0.1111111111111111, "breach_p2": 0.037037037037037035, "breach_p3": null, "breach_p4": 0.0, "decisions": 150, "latency_ms_per_decision": 0.009642100582520166, "replans": null, "validator_ok": 1, "runtime_s": 0.001446315087378025}, "mor": {"instance_id": "c09_replay_150_0147", "campus": 9, "size": 150, "track": "replay", "structure": "dedicated", "phi": null, "eta": 1.0, "m": 0.7, "u_target": null, "u_realized": null, "method": "mor", "seed": 301, "twt": 378.0, "makespan": 70.0667, "mean_flow": 4.208444666666667, "breach_share": 0.02666666666666667, "breach_p1": 0.1111111111111111, "breach_p2": 0.037037037037037035, "breach_p3": null, "breach_p4": 0.0, "decisions": 150, "latency_ms_per_decision": 0.009312617282072702, "replans": null, "validator_ok": 1, "runtime_s": 0.0013968925923109055}, "lfj_atc": {"instance_id": "c09_replay_150_0147", "campus": 9, "size": 150, "track": "replay", "structure": "dedicated", "phi": null, "eta": 1.0, "m": 0.7, "u_target": null, "u_realized": null, "method": "lfj_atc", "seed": 301, "twt": 378.0, "makespan": 70.0667, "mean_flow": 4.205111333333334, "breach_share": 0.02666666666666667, "breach_p1": 0.1111111111111111, "breach_p2": 0.037037037037037035, "breach_p3": null, "breach_p4": 0.0, "decisions": 150, "latency_ms_per_decision": 0.013695017745097479, "replans": null, "validator_ok": 1, "runtime_s": 0.0020542526617646217}, "atc_eta": {"instance_id": "c09_replay_150_0147", "campus": 9, "size": 150, "track": "replay", "structure": "dedicated", "phi": null, "eta": 1.0, "m": 0.7, "u_target": null, "u_realized": null, "method": "atc_eta", "seed": 301, "twt": 378.0, "makespan": 70.0667, "mean_flow": 4.205111333333334, "breach_share": 0.02666666666666667, "breach_p1": 0.1111111111111111, "breach_p2": 0.037037037037037035, "breach_p3": null, "breach_p4": 0.0, "decisions": 150, "latency_ms_per_decision": 0.022568597147862118, "replans": null, "validator_ok": 1, "runtime_s": 0.0033852895721793175}, "random": {"instance_id": "c09_replay_150_0147", "campus": 9, "size": 150, "track": "replay", "structure": "dedicated", "phi": null, "eta": 1.0, "m": 0.7, "u_target": null, "u_realized": null, "method": "random", "seed": 301, "twt": 378.0, "makespan": 70.0667, "mean_flow": 4.205111333333334, "breach_share": 0.02666666666666667, "breach_p1": 0.1111111111111111, "breach_p2": 0.037037037037037035, "breach_p3": null, "breach_p4": 0.0, "decisions": 150, "latency_ms_per_decision": 0.009125669797261557, "replans": null, "validator_ok": 1, "runtime_s": 0.0013688504695892334}, "v2mlp301": {"instance_id": "c09_replay_150_0147", "campus": 9, "size": 150, "track": "replay", "structure": "dedicated", "phi": null, "eta": 1.0, "m": 0.7, "u_target": null, "u_realized": null, "method": "v2mlp301", "seed": 301, "twt": 378.0, "makespan": 70.0667, "mean_flow": 4.205111333333334, "breach_share": 0.02666666666666667, "breach_p1": 0.1111111111111111, "breach_p2": 0.037037037037037035, "breach_p3": null, "breach_p4": 0.0, "decisions": 150, "latency_ms_per_decision": 0.2221552406748136, "replans": null, "validator_ok": 1, "runtime_s": 0.03332328610122204}, "v2mlp302": {"instance_id": "c09_replay_150_0147", "campus": 9, "size": 150, "track": "replay", "structure": "dedicated", "phi": null, "eta": 1.0, "m": 0.7, "u_target": null, "u_realized": null, "method": "v2mlp302", "seed": 302, "twt": 378.0, "makespan": 70.0667, "mean_flow": 4.208444666666667, "breach_share": 0.02666666666666667, "breach_p1": 0.1111111111111111, "breach_p2": 0.037037037037037035, "breach_p3": null, "breach_p4": 0.0, "decisions": 150, "latency_ms_per_decision": 0.2204036588470141, "replans": null, "validator_ok": 1, "runtime_s": 0.033060548827052116}, "v2mlp303": {"instance_id": "c09_replay_150_0147", "campus": 9, "size": 150, "track": "replay", "structure": "dedicated", "phi": null, "eta": 1.0, "m": 0.7, "u_target": null, "u_realized": null, "method": "v2mlp303", "seed": 303, "twt": 378.0, "makespan": 70.0667, "mean_flow": 4.205111333333334, "breach_share": 0.02666666666666667, "breach_p1": 0.1111111111111111, "breach_p2": 0.037037037037037035, "breach_p3": null, "breach_p4": 0.0, "decisions": 150, "latency_ms_per_decision": 0.22478905195991197, "replans": null, "validator_ok": 1, "runtime_s": 0.0337183577939868}, "v2mlp304": {"instance_id": "c09_replay_150_0147", "campus": 9, "size": 150, "track": "replay", "structure": "dedicated", "phi": null, "eta": 1.0, "m": 0.7, "u_target": null, "u_realized": null, "method": "v2mlp304", "seed": 304, "twt": 378.0, "makespan": 70.0667, "mean_flow": 4.205111333333334, "breach_share": 0.02666666666666667, "breach_p1": 0.1111111111111111, "breach_p2": 0.037037037037037035, "breach_p3": null, "breach_p4": 0.0, "decisions": 150, "latency_ms_per_decision": 0.21434995035330454, "replans": null, "validator_ok": 1, "runtime_s": 0.03215249255299568}, "v2mlp305": {"instance_id": "c09_replay_150_0147", "campus": 9, "size": 150, "track": "replay", "structure": "dedicated", "phi": null, "eta": 1.0, "m": 0.7, "u_target": null, "u_realized": null, "method": "v2mlp305", "seed": 305, "twt": 378.0, "makespan": 70.0667, "mean_flow": 4.205111333333334, "breach_share": 0.02666666666666667, "breach_p1": 0.1111111111111111, "breach_p2": 0.037037037037037035, "breach_p3": null, "breach_p4": 0.0, "decisions": 150, "latency_ms_per_decision": 0.21220325802763304, "replans": null, "validator_ok": 1, "runtime_s": 0.031830488704144955}, "v2mlp306": {"instance_id": "c09_replay_150_0147", "campus": 9, "size": 150, "track": "replay", "structure": "dedicated", "phi": null, "eta": 1.0, "m": 0.7, "u_target": null, "u_realized": null, "method": "v2mlp306", "seed": 306, "twt": 378.0, "makespan": 70.0667, "mean_flow": 4.205111333333334, "breach_share": 0.02666666666666667, "breach_p1": 0.1111111111111111, "breach_p2": 0.037037037037037035, "breach_p3": null, "breach_p4": 0.0, "decisions": 150,