{"config_id": "c10_replay_400_0108__c10_chain_phi100_eta100_m070", "rows": {"edd": {"instance_id": "c10_replay_400_0108", "campus": 10, "size": 400, "track": "replay", "structure": "chain", "phi": 1.0, "eta": 1.0, "m": 0.7, "u_target": null, "u_realized": null, "method": "edd", "seed": 301, "twt": 16.202399999999997, "makespan": 38.17, "mean_flow": 1.470184, "breach_share": 0.0025, "breach_p1": 0.3333333333333333, "breach_p2": 0.0, "breach_p3": 0.0, "breach_p4": 0.0, "decisions": 400, "latency_ms_per_decision": 0.01684920396655798, "replans": null, "validator_ok": 1, "runtime_s": 0.006739681586623192}, "wspt": {"instance_id": "c10_replay_400_0108", "campus": 10, "size": 400, "track": "replay", "structure": "chain", "phi": 1.0, "eta": 1.0, "m": 0.7, "u_target": null, "u_realized": null, "method": "wspt", "seed": 301, "twt": 18.922399999999996, "makespan": 38.06, "mean_flow": 1.1621332500000001, "breach_share": 0.0025, "breach_p1": 0.3333333333333333, "breach_p2": 0.0, "breach_p3": 0.0, "breach_p4": 0.0, "decisions": 400, "latency_ms_per_decision": 0.017316073644906282, "replans": null, "validator_ok": 1, "runtime_s": 0.006926429457962513}, "atc": {"instance_id": "c10_replay_400_0108", "campus": 10, "size": 400, "track": "replay", "structure": "chain", "phi": 1.0, "eta": 1.0, "m": 0.7, "u_target": null, "u_realized": null, "method": "atc", "seed": 301, "twt": 16.0424, "makespan": 37.5, "mean_flow": 1.4765952499999997, "breach_share": 0.0025, "breach_p1": 0.3333333333333333, "breach_p2": 0.0, "breach_p3": 0.0, "breach_p4": 0.0, "decisions": 400, "latency_ms_per_decision": 0.036695790477097034, "replans": null, "validator_ok": 1, "runtime_s": 0.014678316190838814}, "pfifo": {"instance_id": "c10_replay_400_0108", "campus": 10, "size": 400, "track": "replay", "structure": "chain", "phi": 1.0, "eta": 1.0, "m": 0.7, "u_target": null, "u_realized": null, "method": "pfifo", "seed": 301, "twt": 16.202399999999997, "makespan": 38.17, "mean_flow": 1.470184, "breach_share": 0.0025, "breach_p1": 0.3333333333333333, "breach_p2": 0.0, "breach_p3": 0.0, "breach_p4": 0.0, "decisions": 400, "latency_ms_per_decision": 0.020317044109106064, "replans": null, "validator_ok": 1, "runtime_s": 0.008126817643642426}, "mor": {"instance_id": "c10_replay_400_0108", "campus": 10, "size": 400, "track": "replay", "structure": "chain", "phi": 1.0, "eta": 1.0, "m": 0.7, "u_target": null, "u_realized": null, "method": "mor", "seed": 301, "twt": 16.0424, "makespan": 37.5, "mean_flow": 1.46301775, "breach_share": 0.0025, "breach_p1": 0.3333333333333333, "breach_p2": 0.0, "breach_p3": 0.0, "breach_p4": 0.0, "decisions": 400, "latency_ms_per_decision": 0.017641352023929358, "replans": null, "validator_ok": 1, "runtime_s": 0.007056540809571743}, "lfj_atc": {"instance_id": "c10_replay_400_0108", "campus": 10, "size": 400, "track": "replay", "structure": "chain", "phi": 1.0, "eta": 1.0, "m": 0.7, "u_target": null, "u_realized": null, "method": "lfj_atc", "seed": 301, "twt": 16.0424, "makespan": 37.5, "mean_flow": 1.4765952499999997, "breach_share": 0.0025, "breach_p1": 0.3333333333333333, "breach_p2": 0.0, "breach_p3": 0.0, "breach_p4": 0.0, "decisions": 400, "latency_ms_per_decision": 0.0460298266261816, "replans": null, "validator_ok": 1, "runtime_s": 0.01841193065047264}, "atc_eta": {"instance_id": "c10_replay_400_0108", "campus": 10, "size": 400, "track": "replay", "structure": "chain", "phi": 1.0, "eta": 1.0, "m": 0.7, "u_target": null, "u_realized": null, "method": "atc_eta", "seed": 301, "twt": 16.0424, "makespan": 37.5, "mean_flow": 1.4765952499999997, "breach_share": 0.0025, "breach_p1": 0.3333333333333333, "breach_p2": 0.0, "breach_p3": 0.0, "breach_p4": 0.0, "decisions": 400, "latency_ms_per_decision": 0.056707924231886864, "replans": null, "validator_ok": 1, "runtime_s": 0.022683169692754745}, "random": {"instance_id": "c10_replay_400_0108", "campus": 10, "size": 400, "track": "replay", "structure": "chain", "phi": 1.0, "eta": 1.0, "m": 0.7, "u_target": null, "u_realized": null, "method": "random", "seed": 301, "twt": 16.6824, "makespan": 37.83, "mean_flow": 1.2225522500000001, "breach_share": 0.0025, "breach_p1": 0.3333333333333333, "breach_p2": 0.0, "breach_p3": 0.0, "breach_p4": 0.0, "decisions": 400, "latency_ms_per_decision": 0.010013508144766092, "replans": null, "validator_ok": 1, "runtime_s": 0.004005403257906437}, "v2mlp301": {"instance_id": "c10_replay_400_0108", "campus": 10, "size": 400, "track": "replay", "structure": "chain", "phi": 1.0, "eta": 1.0, "m": 0.7, "u_target": null, "u_realized": null, "method": "v2mlp301", "seed": 301, "twt": 16.0, "makespan": 37.58, "mean_flow": 1.24362375, "breach_share": 0.0025, "breach_p1": 0.3333333333333333, "breach_p2": 0.0, "breach_p3": 0.0, "breach_p4": 0.0, "decisions": 400, "latency_ms_per_decision": 0.6743245152756572, "replans": null, "validator_ok": 1, "runtime_s": 0.26972980611026287}, "v2mlp302": {"instance_id": "c10_replay_400_0108", "campus": 10, "size": 400, "track": "replay", "structure": "chain", "phi": 1.0, "eta": 1.0, "m": 0.7, "u_target": null, "u_realized": null, "method": "v2mlp302", "seed": 302, "twt": 16.0, "makespan": 37.5, "mean_flow": 1.24158125, "breach_share": 0.0025, "breach_p1": 0.3333333333333333, "breach_p2": 0.0, "breach_p3": 0.0, "breach_p4": 0.0, "decisions": 400, "latency_ms_per_decision": 0.6508380733430386, "replans": null, "validator_ok": 1, "runtime_s": 0.2603352293372154}, "v2mlp303": {"instance_id": "c10_replay_400_0108", "campus": 10, "size": 400, "track": "replay", "structure": "chain", "phi": 1.0, "eta": 1.0, "m": 0.7, "u_target": null, "u_realized": null, "method": "v2mlp303", "seed": 303, "twt": 16.0, "makespan": 37.61, "mean_flow": 1.2583404999999999, "breach_share": 0.0025, "breach_p1": 0.3333333333333333, "breach_p2": 0.0, "breach_p3": 0.0, "breach_p4": 0.0, "decisions": 400, "latency_ms_per_decision": 0.6720903632231057, "replans": null, "validator_ok": 1, "runtime_s": 0.26883614528924227}, "v2mlp304": {"instance_id": "c10_replay_400_0108", "campus": 10, "size": 400, "track": "replay", "structure": "chain", "phi": 1.0, "eta": 1.0, "m": 0.7, "u_target": null, "u_realized": null, "method": "v2mlp304", "seed": 304, "twt": 16.0, "makespan": 37.5, "mean_flow": 1.27564525, "breach_share": 0.0025, "breach_p1": 0.3333333333333333, "breach_p2": 0.0, "breach_p3": 0.0, "breach_p4": 0.0, "decisions": 400, "latency_ms_per_decision": 0.673213335685432, "replans": null, "validator_ok": 1, "runtime_s": 0.2692853342741728}, "v2mlp305": {"instance_id": "c10_replay_400_0108", "campus": 10, "size": 400, "track": "replay", "structure": "chain", "phi": 1.0, "eta": 1.0, "m": 0.7, "u_target": null, "u_realized": null, "method": "v2mlp305", "seed": 305, "twt": 16.0, "makespan": 37.5, "mean_flow": 1.24509875, "breach_share": 0.0025, "breach_p1": 0.3333333333333333, "breach_p2": 0.0, "breach_p3": 0.0, "breach_p4": 0.0, "decisions": 400, "latency_ms_per_decision": 0.6868140469305217, "replans": null, "validator_ok": 1, "runtime_s": 0.2747256187722087}, "v2mlp306": {"instance_id": "c10_replay_400_0108", "campus": 10, "size": 400, "track": "replay", "structure": "chain", "phi": 1.0, "eta": 1.0, "m": 0.7, "u_target": null, "u_realized": null, "method": "v2mlp306", "seed": 306, "twt": 16.0, "makespan": 37.5, "mean_flow": 1.32612725, "breach_share": 0.0025, "breach_p1": 0.3333333333333333, "breach_p2": 0.0, "breach_p3": 0.0, "breach_p4": 0.0, "decisions": 400, "latency_ms_per_decision": 0.6813079491257668, "replans": null, "validator_ok": 1, "runtime_s": 0.2725231796503067}, "v2mlp307": {"instance_id": "c10_replay_400_0108", "campus": 10, "size": 400, "track": "replay", "structure": "chain", "phi": 1.0, "eta": 1.0, "m": 0.7, "u_target": null, "u_realized": null, "method": "v2mlp307", "seed": 307, "twt": 16.0, "makespan": 37.5, "mean_flow": 1.279829, "breach_share": 0.0025, "breach_p1": 0.3333333333333333, "breach_p2": 0.0, "breach_p3": 0.0, "breach_p4": 0.0, "decisions": 400,