{"config_id": "c10_replay_400_0117__c10_chain_phi100_eta080_m070", "rows": {"edd": {"instance_id": "c10_replay_400_0117", "campus": 10, "size": 400, "track": "replay", "structure": "chain", "phi": 1.0, "eta": 0.8, "m": 0.7, "u_target": null, "u_realized": null, "method": "edd", "seed": 301, "twt": 226.0, "makespan": 117.69720000000001, "mean_flow": 5.6101825, "breach_share": 0.005, "breach_p1": 0.09090909090909091, "breach_p2": 0.034482758620689655, "breach_p3": 0.0, "breach_p4": 0.0, "decisions": 400, "latency_ms_per_decision": 0.011038216762244701, "replans": null, "validator_ok": 1, "runtime_s": 0.0044152867048978806}, "wspt": {"instance_id": "c10_replay_400_0117", "campus": 10, "size": 400, "track": "replay", "structure": "chain", "phi": 1.0, "eta": 0.8, "m": 0.7, "u_target": null, "u_realized": null, "method": "wspt", "seed": 301, "twt": 306.79999999999995, "makespan": 117.69720000000001, "mean_flow": 5.333675, "breach_share": 0.005, "breach_p1": 0.09090909090909091, "breach_p2": 0.034482758620689655, "breach_p3": 0.0, "breach_p4": 0.0, "decisions": 400, "latency_ms_per_decision": 0.012093295808881521, "replans": null, "validator_ok": 1, "runtime_s": 0.0048373183235526085}, "atc": {"instance_id": "c10_replay_400_0117", "campus": 10, "size": 400, "track": "replay", "structure": "chain", "phi": 1.0, "eta": 0.8, "m": 0.7, "u_target": null, "u_realized": null, "method": "atc", "seed": 301, "twt": 226.0, "makespan": 118.28, "mean_flow": 5.53599225, "breach_share": 0.005, "breach_p1": 0.09090909090909091, "breach_p2": 0.034482758620689655, "breach_p3": 0.0, "breach_p4": 0.0, "decisions": 400, "latency_ms_per_decision": 0.02096851821988821, "replans": null, "validator_ok": 1, "runtime_s": 0.008387407287955284}, "pfifo": {"instance_id": "c10_replay_400_0117", "campus": 10, "size": 400, "track": "replay", "structure": "chain", "phi": 1.0, "eta": 0.8, "m": 0.7, "u_target": null, "u_realized": null, "method": "pfifo", "seed": 301, "twt": 226.0, "makespan": 117.69720000000001, "mean_flow": 5.6101825, "breach_share": 0.005, "breach_p1": 0.09090909090909091, "breach_p2": 0.034482758620689655, "breach_p3": 0.0, "breach_p4": 0.0, "decisions": 400, "latency_ms_per_decision": 0.012807638850063086, "replans": null, "validator_ok": 1, "runtime_s": 0.005123055540025234}, "mor": {"instance_id": "c10_replay_400_0117", "campus": 10, "size": 400, "track": "replay", "structure": "chain", "phi": 1.0, "eta": 0.8, "m": 0.7, "u_target": null, "u_realized": null, "method": "mor", "seed": 301, "twt": 227.6488, "makespan": 95.8648, "mean_flow": 6.5047275, "breach_share": 0.01, "breach_p1": 0.2727272727272727, "breach_p2": 0.034482758620689655, "breach_p3": 0.0, "breach_p4": 0.0, "decisions": 400, "latency_ms_per_decision": 0.011377576738595963, "replans": null, "validator_ok": 1, "runtime_s": 0.004551030695438385}, "lfj_atc": {"instance_id": "c10_replay_400_0117", "campus": 10, "size": 400, "track": "replay", "structure": "chain", "phi": 1.0, "eta": 0.8, "m": 0.7, "u_target": null, "u_realized": null, "method": "lfj_atc", "seed": 301, "twt": 226.0, "makespan": 118.28, "mean_flow": 5.53599225, "breach_share": 0.005, "breach_p1": 0.09090909090909091, "breach_p2": 0.034482758620689655, "breach_p3": 0.0, "breach_p4": 0.0, "decisions": 400, "latency_ms_per_decision": 0.023566309828311205, "replans": null, "validator_ok": 1, "runtime_s": 0.009426523931324482}, "atc_eta": {"instance_id": "c10_replay_400_0117", "campus": 10, "size": 400, "track": "replay", "structure": "chain", "phi": 1.0, "eta": 0.8, "m": 0.7, "u_target": null, "u_realized": null, "method": "atc_eta", "seed": 301, "twt": 226.0, "makespan": 118.22, "mean_flow": 5.5328355, "breach_share": 0.005, "breach_p1": 0.09090909090909091, "breach_p2": 0.034482758620689655, "breach_p3": 0.0, "breach_p4": 0.0, "decisions": 400, "latency_ms_per_decision": 0.036183984484523535, "replans": null, "validator_ok": 1, "runtime_s": 0.014473593793809414}, "random": {"instance_id": "c10_replay_400_0117", "campus": 10, "size": 400, "track": "replay", "structure": "chain", "phi": 1.0, "eta": 0.8, "m": 0.7, "u_target": null, "u_realized": null, "method": "random", "seed": 301, "twt": 226.0, "makespan": 117.69720000000001, "mean_flow": 5.63062575, "breach_share": 0.005, "breach_p1": 0.09090909090909091, "breach_p2": 0.034482758620689655, "breach_p3": 0.0, "breach_p4": 0.0, "decisions": 400, "latency_ms_per_decision": 0.007216772064566612, "replans": null, "validator_ok": 1, "runtime_s": 0.002886708825826645}, "v2mlp301": {"instance_id": "c10_replay_400_0117", "campus": 10, "size": 400, "track": "replay", "structure": "chain", "phi": 1.0, "eta": 0.8, "m": 0.7, "u_target": null, "u_realized": null, "method": "v2mlp301", "seed": 301, "twt": 226.0, "makespan": 117.69720000000001, "mean_flow": 5.3521427500000005, "breach_share": 0.005, "breach_p1": 0.09090909090909091, "breach_p2": 0.034482758620689655, "breach_p3": 0.0, "breach_p4": 0.0, "decisions": 400, "latency_ms_per_decision": 0.4327155346982181, "replans": null, "validator_ok": 1, "runtime_s": 0.17308621387928724}, "v2mlp302": {"instance_id": "c10_replay_400_0117", "campus": 10, "size": 400, "track": "replay", "structure": "chain", "phi": 1.0, "eta": 0.8, "m": 0.7, "u_target": null, "u_realized": null, "method": "v2mlp302", "seed": 302, "twt": 226.0, "makespan": 117.79, "mean_flow": 5.830023499999999, "breach_share": 0.005, "breach_p1": 0.09090909090909091, "breach_p2": 0.034482758620689655, "breach_p3": 0.0, "breach_p4": 0.0, "decisions": 400, "latency_ms_per_decision": 0.47983767930418253, "replans": null, "validator_ok": 1, "runtime_s": 0.191935071721673}, "v2mlp303": {"instance_id": "c10_replay_400_0117", "campus": 10, "size": 400, "track": "replay", "structure": "chain", "phi": 1.0, "eta": 0.8, "m": 0.7, "u_target": null, "u_realized": null, "method": "v2mlp303", "seed": 303, "twt": 226.0, "makespan": 118.04, "mean_flow": 6.1184135, "breach_share": 0.005, "breach_p1": 0.09090909090909091, "breach_p2": 0.034482758620689655, "breach_p3": 0.0, "breach_p4": 0.0, "decisions": 400, "latency_ms_per_decision": 0.4914892232045531, "replans": null, "validator_ok": 1, "runtime_s": 0.19659568928182125}, "v2mlp304": {"instance_id": "c10_replay_400_0117", "campus": 10, "size": 400, "track": "replay", "structure": "chain", "phi": 1.0, "eta": 0.8, "m": 0.7, "u_target": null, "u_realized": null, "method": "v2mlp304", "seed": 304, "twt": 226.0, "makespan": 119.22, "mean_flow": 5.7779095, "breach_share": 0.005, "breach_p1": 0.09090909090909091, "breach_p2": 0.034482758620689655, "breach_p3": 0.0, "breach_p4": 0.0, "decisions": 400, "latency_ms_per_decision": 0.48927677096799016, "replans": null, "validator_ok": 1, "runtime_s": 0.19571070838719606}, "v2mlp305": {"instance_id": "c10_replay_400_0117", "campus": 10, "size": 400, "track": "replay", "structure": "chain", "phi": 1.0, "eta": 0.8, "m": 0.7, "u_target": null, "u_realized": null, "method": "v2mlp305", "seed": 305, "twt": 248.0, "makespan": 118.01, "mean_flow": 5.48405475, "breach_share": 0.005, "breach_p1": 0.09090909090909091, "breach_p2": 0.034482758620689655, "breach_p3": 0.0, "breach_p4": 0.0, "decisions": 400, "latency_ms_per_decision": 0.4430790897458792, "replans": null, "validator_ok": 1, "runtime_s": 0.17723163589835167}, "v2mlp306": {"instance_id": "c10_replay_400_0117", "campus": 10, "size": 400, "track": "replay", "structure": "chain", "phi": 1.0, "eta": 0.8, "m": 0.7, "u_target": null, "u_realized": null, "method": "v2mlp306", "seed": 306, "twt": 226.0, "makespan": 118.04, "mean_flow": 6.246433499999999, "breach_share": 0.005, "breach_p1": 0.09090909090909091, "breach_p2": 0.034482758620689655, "breach_p3": 0.0, "breach_p4": 0.0, "decisions": 400, "latency_ms_per_decision": 0.503361385781318, "replans": null, "validator_ok": 1, "runtime_s": 0.20134455431252718}, "v2mlp307": {"instance_id": "c10_replay_400_0117", "campus": 10, "size": 400, "track": "replay", "structure": "chain", "phi": 1.0, "eta": 0.8, "m": 0.7, "u_target": null,