{"config_id": "c10_replay_150_0135__c10_chain_phi100_eta080_m070", "rows": {"edd": {"instance_id": "c10_replay_150_0135", "campus": 10, "size": 150, "track": "replay", "structure": "chain", "phi": 1.0, "eta": 0.8, "m": 0.7, "u_target": null, "u_realized": null, "method": "edd", "seed": 301, "twt": 23.999999999999986, "makespan": 95.6962, "mean_flow": 8.515480666666665, "breach_share": 0.006666666666666667, "breach_p1": 0.0, "breach_p2": 0.02564102564102564, "breach_p3": 0.0, "breach_p4": 0.0, "decisions": 150, "latency_ms_per_decision": 0.010415340463320414, "replans": null, "validator_ok": 1, "runtime_s": 0.0015623010694980621}, "wspt": {"instance_id": "c10_replay_150_0135", "campus": 10, "size": 150, "track": "replay", "structure": "chain", "phi": 1.0, "eta": 0.8, "m": 0.7, "u_target": null, "u_realized": null, "method": "wspt", "seed": 301, "twt": 23.999999999999986, "makespan": 95.6962, "mean_flow": 8.57039, "breach_share": 0.006666666666666667, "breach_p1": 0.0, "breach_p2": 0.02564102564102564, "breach_p3": 0.0, "breach_p4": 0.0, "decisions": 150, "latency_ms_per_decision": 0.010551325976848602, "replans": null, "validator_ok": 1, "runtime_s": 0.0015826988965272903}, "atc": {"instance_id": "c10_replay_150_0135", "campus": 10, "size": 150, "track": "replay", "structure": "chain", "phi": 1.0, "eta": 0.8, "m": 0.7, "u_target": null, "u_realized": null, "method": "atc", "seed": 301, "twt": 23.999999999999986, "makespan": 95.6962, "mean_flow": 8.57039, "breach_share": 0.006666666666666667, "breach_p1": 0.0, "breach_p2": 0.02564102564102564, "breach_p3": 0.0, "breach_p4": 0.0, "decisions": 150, "latency_ms_per_decision": 0.011850713441769281, "replans": null, "validator_ok": 1, "runtime_s": 0.0017776070162653923}, "pfifo": {"instance_id": "c10_replay_150_0135", "campus": 10, "size": 150, "track": "replay", "structure": "chain", "phi": 1.0, "eta": 0.8, "m": 0.7, "u_target": null, "u_realized": null, "method": "pfifo", "seed": 301, "twt": 23.999999999999986, "makespan": 95.6962, "mean_flow": 8.515480666666665, "breach_share": 0.006666666666666667, "breach_p1": 0.0, "breach_p2": 0.02564102564102564, "breach_p3": 0.0, "breach_p4": 0.0, "decisions": 150, "latency_ms_per_decision": 0.010389971236387888, "replans": null, "validator_ok": 1, "runtime_s": 0.0015584956854581833}, "mor": {"instance_id": "c10_replay_150_0135", "campus": 10, "size": 150, "track": "replay", "structure": "chain", "phi": 1.0, "eta": 0.8, "m": 0.7, "u_target": null, "u_realized": null, "method": "mor", "seed": 301, "twt": 23.999999999999986, "makespan": 95.6962, "mean_flow": 8.515480666666667, "breach_share": 0.006666666666666667, "breach_p1": 0.0, "breach_p2": 0.02564102564102564, "breach_p3": 0.0, "breach_p4": 0.0, "decisions": 150, "latency_ms_per_decision": 0.010525242735942205, "replans": null, "validator_ok": 1, "runtime_s": 0.0015787864103913307}, "lfj_atc": {"instance_id": "c10_replay_150_0135", "campus": 10, "size": 150, "track": "replay", "structure": "chain", "phi": 1.0, "eta": 0.8, "m": 0.7, "u_target": null, "u_realized": null, "method": "lfj_atc", "seed": 301, "twt": 23.999999999999986, "makespan": 95.6962, "mean_flow": 8.57039, "breach_share": 0.006666666666666667, "breach_p1": 0.0, "breach_p2": 0.02564102564102564, "breach_p3": 0.0, "breach_p4": 0.0, "decisions": 150, "latency_ms_per_decision": 0.012812564770380655, "replans": null, "validator_ok": 1, "runtime_s": 0.0019218847155570984}, "atc_eta": {"instance_id": "c10_replay_150_0135", "campus": 10, "size": 150, "track": "replay", "structure": "chain", "phi": 1.0, "eta": 0.8, "m": 0.7, "u_target": null, "u_realized": null, "method": "atc_eta", "seed": 301, "twt": 23.999999999999986, "makespan": 95.6962, "mean_flow": 8.57039, "breach_share": 0.006666666666666667, "breach_p1": 0.0, "breach_p2": 0.02564102564102564, "breach_p3": 0.0, "breach_p4": 0.0, "decisions": 150, "latency_ms_per_decision": 0.022296129415432613, "replans": null, "validator_ok": 1, "runtime_s": 0.003344419412314892}, "random": {"instance_id": "c10_replay_150_0135", "campus": 10, "size": 150, "track": "replay", "structure": "chain", "phi": 1.0, "eta": 0.8, "m": 0.7, "u_target": null, "u_realized": null, "method": "random", "seed": 301, "twt": 23.999999999999986, "makespan": 95.6962, "mean_flow": 8.515480666666665, "breach_share": 0.006666666666666667, "breach_p1": 0.0, "breach_p2": 0.02564102564102564, "breach_p3": 0.0, "breach_p4": 0.0, "decisions": 150, "latency_ms_per_decision": 0.01055082306265831, "replans": null, "validator_ok": 1, "runtime_s": 0.0015826234593987465}, "v2mlp301": {"instance_id": "c10_replay_150_0135", "campus": 10, "size": 150, "track": "replay", "structure": "chain", "phi": 1.0, "eta": 0.8, "m": 0.7, "u_target": null, "u_realized": null, "method": "v2mlp301", "seed": 301, "twt": 23.999999999999986, "makespan": 95.6962, "mean_flow": 8.600846, "breach_share": 0.006666666666666667, "breach_p1": 0.0, "breach_p2": 0.02564102564102564, "breach_p3": 0.0, "breach_p4": 0.0, "decisions": 150, "latency_ms_per_decision": 0.19577515001098314, "replans": null, "validator_ok": 1, "runtime_s": 0.029366272501647472}, "v2mlp302": {"instance_id": "c10_replay_150_0135", "campus": 10, "size": 150, "track": "replay", "structure": "chain", "phi": 1.0, "eta": 0.8, "m": 0.7, "u_target": null, "u_realized": null, "method": "v2mlp302", "seed": 302, "twt": 23.999999999999986, "makespan": 95.6962, "mean_flow": 8.537053333333333, "breach_share": 0.006666666666666667, "breach_p1": 0.0, "breach_p2": 0.02564102564102564, "breach_p3": 0.0, "breach_p4": 0.0, "decisions": 150, "latency_ms_per_decision": 0.19438361749053001, "replans": null, "validator_ok": 1, "runtime_s": 0.029157542623579502}, "v2mlp303": {"instance_id": "c10_replay_150_0135", "campus": 10, "size": 150, "track": "replay", "structure": "chain", "phi": 1.0, "eta": 0.8, "m": 0.7, "u_target": null, "u_realized": null, "method": "v2mlp303", "seed": 303, "twt": 23.999999999999986, "makespan": 95.6962, "mean_flow": 8.56659, "breach_share": 0.006666666666666667, "breach_p1": 0.0, "breach_p2": 0.02564102564102564, "breach_p3": 0.0, "breach_p4": 0.0, "decisions": 150, "latency_ms_per_decision": 0.1941788320740064, "replans": null, "validator_ok": 1, "runtime_s": 0.02912682481110096}, "v2mlp304": {"instance_id": "c10_replay_150_0135", "campus": 10, "size": 150, "track": "replay", "structure": "chain", "phi": 1.0, "eta": 0.8, "m": 0.7, "u_target": null, "u_realized": null, "method": "v2mlp304", "seed": 304, "twt": 23.999999999999986, "makespan": 95.6962, "mean_flow": 8.605186, "breach_share": 0.006666666666666667, "breach_p1": 0.0, "breach_p2": 0.02564102564102564, "breach_p3": 0.0, "breach_p4": 0.0, "decisions": 150, "latency_ms_per_decision": 0.19279522821307182, "replans": null, "validator_ok": 1, "runtime_s": 0.028919284231960773}, "v2mlp305": {"instance_id": "c10_replay_150_0135", "campus": 10, "size": 150, "track": "replay", "structure": "chain", "phi": 1.0, "eta": 0.8, "m": 0.7, "u_target": null, "u_realized": null, "method": "v2mlp305", "seed": 305, "twt": 23.999999999999986, "makespan": 95.6962, "mean_flow": 8.583613999999999, "breach_share": 0.006666666666666667, "breach_p1": 0.0, "breach_p2": 0.02564102564102564, "breach_p3": 0.0, "breach_p4": 0.0, "decisions": 150, "latency_ms_per_decision": 0.1928681693971157, "replans": null, "validator_ok": 1, "runtime_s": 0.028930225409567356}, "v2mlp306": {"instance_id": "c10_replay_150_0135", "campus": 10, "size": 150, "track": "replay", "structure": "chain", "phi": 1.0, "eta": 0.8, "m": 0.7, "u_target": null, "u_realized": null, "method": "v2mlp306", "seed": 306, "twt": 23.999999999999986, "makespan": 95.6962, "mean_flow": 8.525947333333333, "breach_share": 0.006666666666666667, "breach_p1": 0.0, "breach_p2": 0.02564102564102564, "breach_p3": 0.0, "breach_p4": 0.0, "decisions": 150, "latency_ms_per_decision": 0.19201399137576422, "replans": null, "validator_ok": 1, "runtime_s": 0.02880209870636463}, "v2mlp307": {"instance_id": "c10_replay_150_0135",