{"config_id": "c12_replay_400_0099__c12_chain_phi100_eta080_m070", "rows": {"edd": {"instance_id": "c12_replay_400_0099", "campus": 12, "size": 400, "track": "replay", "structure": "chain", "phi": 1.0, "eta": 0.8, "m": 0.7, "u_target": null, "u_realized": null, "method": "edd", "seed": 301, "twt": 602.0, "makespan": 107.917, "mean_flow": 6.1642892499999995, "breach_share": 0.0175, "breach_p1": 0.08571428571428572, "breach_p2": 0.027777777777777776, "breach_p3": 0.0, "breach_p4": 0.0, "decisions": 400, "latency_ms_per_decision": 0.00968805979937315, "replans": null, "validator_ok": 1, "runtime_s": 0.00387522391974926}, "wspt": {"instance_id": "c12_replay_400_0099", "campus": 12, "size": 400, "track": "replay", "structure": "chain", "phi": 1.0, "eta": 0.8, "m": 0.7, "u_target": null, "u_realized": null, "method": "wspt", "seed": 301, "twt": 602.0, "makespan": 107.917, "mean_flow": 5.899425750000001, "breach_share": 0.0175, "breach_p1": 0.08571428571428572, "breach_p2": 0.027777777777777776, "breach_p3": 0.0, "breach_p4": 0.0, "decisions": 400, "latency_ms_per_decision": 0.010106945410370827, "replans": null, "validator_ok": 1, "runtime_s": 0.004042778164148331}, "atc": {"instance_id": "c12_replay_400_0099", "campus": 12, "size": 400, "track": "replay", "structure": "chain", "phi": 1.0, "eta": 0.8, "m": 0.7, "u_target": null, "u_realized": null, "method": "atc", "seed": 301, "twt": 602.0, "makespan": 107.917, "mean_flow": 6.401477500000001, "breach_share": 0.0175, "breach_p1": 0.08571428571428572, "breach_p2": 0.027777777777777776, "breach_p3": 0.0, "breach_p4": 0.0, "decisions": 400, "latency_ms_per_decision": 0.013320017606019974, "replans": null, "validator_ok": 1, "runtime_s": 0.0053280070424079895}, "pfifo": {"instance_id": "c12_replay_400_0099", "campus": 12, "size": 400, "track": "replay", "structure": "chain", "phi": 1.0, "eta": 0.8, "m": 0.7, "u_target": null, "u_realized": null, "method": "pfifo", "seed": 301, "twt": 602.0, "makespan": 107.917, "mean_flow": 6.1642892499999995, "breach_share": 0.0175, "breach_p1": 0.08571428571428572, "breach_p2": 0.027777777777777776, "breach_p3": 0.0, "breach_p4": 0.0, "decisions": 400, "latency_ms_per_decision": 0.010353527031838894, "replans": null, "validator_ok": 1, "runtime_s": 0.0041414108127355576}, "mor": {"instance_id": "c12_replay_400_0099", "campus": 12, "size": 400, "track": "replay", "structure": "chain", "phi": 1.0, "eta": 0.8, "m": 0.7, "u_target": null, "u_realized": null, "method": "mor", "seed": 301, "twt": 602.0, "makespan": 107.917, "mean_flow": 6.79594025, "breach_share": 0.0175, "breach_p1": 0.08571428571428572, "breach_p2": 0.027777777777777776, "breach_p3": 0.0, "breach_p4": 0.0, "decisions": 400, "latency_ms_per_decision": 0.010010250844061375, "replans": null, "validator_ok": 1, "runtime_s": 0.00400410033762455}, "lfj_atc": {"instance_id": "c12_replay_400_0099", "campus": 12, "size": 400, "track": "replay", "structure": "chain", "phi": 1.0, "eta": 0.8, "m": 0.7, "u_target": null, "u_realized": null, "method": "lfj_atc", "seed": 301, "twt": 602.0, "makespan": 107.917, "mean_flow": 6.401477500000001, "breach_share": 0.0175, "breach_p1": 0.08571428571428572, "breach_p2": 0.027777777777777776, "breach_p3": 0.0, "breach_p4": 0.0, "decisions": 400, "latency_ms_per_decision": 0.014964304864406586, "replans": null, "validator_ok": 1, "runtime_s": 0.005985721945762634}, "atc_eta": {"instance_id": "c12_replay_400_0099", "campus": 12, "size": 400, "track": "replay", "structure": "chain", "phi": 1.0, "eta": 0.8, "m": 0.7, "u_target": null, "u_realized": null, "method": "atc_eta", "seed": 301, "twt": 602.0, "makespan": 107.917, "mean_flow": 6.383209999999999, "breach_share": 0.0175, "breach_p1": 0.08571428571428572, "breach_p2": 0.027777777777777776, "breach_p3": 0.0, "breach_p4": 0.0, "decisions": 400, "latency_ms_per_decision": 0.025998505298048258, "replans": null, "validator_ok": 1, "runtime_s": 0.010399402119219303}, "random": {"instance_id": "c12_replay_400_0099", "campus": 12, "size": 400, "track": "replay", "structure": "chain", "phi": 1.0, "eta": 0.8, "m": 0.7, "u_target": null, "u_realized": null, "method": "random", "seed": 301, "twt": 602.0, "makespan": 107.917, "mean_flow": 6.25646575, "breach_share": 0.0175, "breach_p1": 0.08571428571428572, "breach_p2": 0.027777777777777776, "breach_p3": 0.0, "breach_p4": 0.0, "decisions": 400, "latency_ms_per_decision": 0.008839927613735199, "replans": null, "validator_ok": 1, "runtime_s": 0.0035359710454940796}, "v2mlp301": {"instance_id": "c12_replay_400_0099", "campus": 12, "size": 400, "track": "replay", "structure": "chain", "phi": 1.0, "eta": 0.8, "m": 0.7, "u_target": null, "u_realized": null, "method": "v2mlp301", "seed": 301, "twt": 602.0, "makespan": 107.917, "mean_flow": 6.236012250000001, "breach_share": 0.0175, "breach_p1": 0.08571428571428572, "breach_p2": 0.027777777777777776, "breach_p3": 0.0, "breach_p4": 0.0, "decisions": 400, "latency_ms_per_decision": 0.34704340156167746, "replans": null, "validator_ok": 1, "runtime_s": 0.13881736062467098}, "v2mlp302": {"instance_id": "c12_replay_400_0099", "campus": 12, "size": 400, "track": "replay", "structure": "chain", "phi": 1.0, "eta": 0.8, "m": 0.7, "u_target": null, "u_realized": null, "method": "v2mlp302", "seed": 302, "twt": 602.0, "makespan": 107.917, "mean_flow": 6.094649999999999, "breach_share": 0.0175, "breach_p1": 0.08571428571428572, "breach_p2": 0.027777777777777776, "breach_p3": 0.0, "breach_p4": 0.0, "decisions": 400, "latency_ms_per_decision": 0.3459486667998135, "replans": null, "validator_ok": 1, "runtime_s": 0.1383794667199254}, "v2mlp303": {"instance_id": "c12_replay_400_0099", "campus": 12, "size": 400, "track": "replay", "structure": "chain", "phi": 1.0, "eta": 0.8, "m": 0.7, "u_target": null, "u_realized": null, "method": "v2mlp303", "seed": 303, "twt": 602.0, "makespan": 107.917, "mean_flow": 6.04636225, "breach_share": 0.0175, "breach_p1": 0.08571428571428572, "breach_p2": 0.027777777777777776, "breach_p3": 0.0, "breach_p4": 0.0, "decisions": 400, "latency_ms_per_decision": 0.33991730073466897, "replans": null, "validator_ok": 1, "runtime_s": 0.1359669202938676}, "v2mlp304": {"instance_id": "c12_replay_400_0099", "campus": 12, "size": 400, "track": "replay", "structure": "chain", "phi": 1.0, "eta": 0.8, "m": 0.7, "u_target": null, "u_realized": null, "method": "v2mlp304", "seed": 304, "twt": 602.0, "makespan": 107.917, "mean_flow": 6.243362250000001, "breach_share": 0.0175, "breach_p1": 0.08571428571428572, "breach_p2": 0.027777777777777776, "breach_p3": 0.0, "breach_p4": 0.0, "decisions": 400, "latency_ms_per_decision": 0.3504222119227052, "replans": null, "validator_ok": 1, "runtime_s": 0.14016888476908207}, "v2mlp305": {"instance_id": "c12_replay_400_0099", "campus": 12, "size": 400, "track": "replay", "structure": "chain", "phi": 1.0, "eta": 0.8, "m": 0.7, "u_target": null, "u_realized": null, "method": "v2mlp305", "seed": 305, "twt": 608.0, "makespan": 107.917, "mean_flow": 6.18759475, "breach_share": 0.02, "breach_p1": 0.1, "breach_p2": 0.027777777777777776, "breach_p3": 0.0, "breach_p4": 0.0, "decisions": 400, "latency_ms_per_decision": 0.35102455178275704, "replans": null, "validator_ok": 1, "runtime_s": 0.14040982071310282}, "v2mlp306": {"instance_id": "c12_replay_400_0099", "campus": 12, "size": 400, "track": "replay", "structure": "chain", "phi": 1.0, "eta": 0.8, "m": 0.7, "u_target": null, "u_realized": null, "method": "v2mlp306", "seed": 306, "twt": 602.0, "makespan": 107.917, "mean_flow": 6.173051249999999, "breach_share": 0.0175, "breach_p1": 0.08571428571428572, "breach_p2": 0.027777777777777776, "breach_p3": 0.0, "breach_p4": 0.0, "decisions": 400, "latency_ms_per_decision": 0.3510219743475318, "replans": null, "validator_ok": 1, "runtime_s": 0.14040878973901272}, "v2mlp307": {"instance_id": "c12_replay_400_0099", "campus": 12, "size": 400, "track": "replay", "structure": "chain", "phi": 1.0, "eta": 0.8, "m": 0.7, "u_target": null,