{"config_id": "c12_replay_400_0065__c12_full_eta080_m070", "rows": {"edd": {"instance_id": "c12_replay_400_0065", "campus": 12, "size": 400, "track": "replay", "structure": "full", "phi": null, "eta": 0.8, "m": 0.7, "u_target": null, "u_realized": null, "method": "edd", "seed": 301, "twt": 1462.3776, "makespan": 106.7467, "mean_flow": 6.3414645, "breach_share": 0.0375, "breach_p1": 0.12903225806451613, "breach_p2": 0.06578947368421052, "breach_p3": 0.023255813953488372, "breach_p4": 0.0, "decisions": 400, "latency_ms_per_decision": 0.02290933858603239, "replans": null, "validator_ok": 1, "runtime_s": 0.009163735434412956}, "wspt": {"instance_id": "c12_replay_400_0065", "campus": 12, "size": 400, "track": "replay", "structure": "full", "phi": null, "eta": 0.8, "m": 0.7, "u_target": null, "u_realized": null, "method": "wspt", "seed": 301, "twt": 1523.4176, "makespan": 106.7467, "mean_flow": 6.4000645, "breach_share": 0.04, "breach_p1": 0.14516129032258066, "breach_p2": 0.06578947368421052, "breach_p3": 0.023255813953488372, "breach_p4": 0.0, "decisions": 400, "latency_ms_per_decision": 0.02367994748055935, "replans": null, "validator_ok": 1, "runtime_s": 0.00947197899222374}, "atc": {"instance_id": "c12_replay_400_0065", "campus": 12, "size": 400, "track": "replay", "structure": "full", "phi": null, "eta": 0.8, "m": 0.7, "u_target": null, "u_realized": null, "method": "atc", "seed": 301, "twt": 1462.3776, "makespan": 106.7467, "mean_flow": 6.345989499999999, "breach_share": 0.0375, "breach_p1": 0.12903225806451613, "breach_p2": 0.06578947368421052, "breach_p3": 0.023255813953488372, "breach_p4": 0.0, "decisions": 400, "latency_ms_per_decision": 0.02696729265153408, "replans": null, "validator_ok": 1, "runtime_s": 0.010786917060613632}, "pfifo": {"instance_id": "c12_replay_400_0065", "campus": 12, "size": 400, "track": "replay", "structure": "full", "phi": null, "eta": 0.8, "m": 0.7, "u_target": null, "u_realized": null, "method": "pfifo", "seed": 301, "twt": 1462.3776, "makespan": 106.7467, "mean_flow": 6.3414645, "breach_share": 0.0375, "breach_p1": 0.12903225806451613, "breach_p2": 0.06578947368421052, "breach_p3": 0.023255813953488372, "breach_p4": 0.0, "decisions": 400, "latency_ms_per_decision": 0.02302541397511959, "replans": null, "validator_ok": 1, "runtime_s": 0.009210165590047836}, "mor": {"instance_id": "c12_replay_400_0065", "campus": 12, "size": 400, "track": "replay", "structure": "full", "phi": null, "eta": 0.8, "m": 0.7, "u_target": null, "u_realized": null, "method": "mor", "seed": 301, "twt": 1462.3776, "makespan": 106.7467, "mean_flow": 6.3666895, "breach_share": 0.0375, "breach_p1": 0.12903225806451613, "breach_p2": 0.06578947368421052, "breach_p3": 0.023255813953488372, "breach_p4": 0.0, "decisions": 400, "latency_ms_per_decision": 0.02283902605995536, "replans": null, "validator_ok": 1, "runtime_s": 0.009135610423982143}, "lfj_atc": {"instance_id": "c12_replay_400_0065", "campus": 12, "size": 400, "track": "replay", "structure": "full", "phi": null, "eta": 0.8, "m": 0.7, "u_target": null, "u_realized": null, "method": "lfj_atc", "seed": 301, "twt": 1462.3776, "makespan": 106.7467, "mean_flow": 6.345989499999999, "breach_share": 0.0375, "breach_p1": 0.12903225806451613, "breach_p2": 0.06578947368421052, "breach_p3": 0.023255813953488372, "breach_p4": 0.0, "decisions": 400, "latency_ms_per_decision": 0.027425610460340977, "replans": null, "validator_ok": 1, "runtime_s": 0.01097024418413639}, "atc_eta": {"instance_id": "c12_replay_400_0065", "campus": 12, "size": 400, "track": "replay", "structure": "full", "phi": null, "eta": 0.8, "m": 0.7, "u_target": null, "u_realized": null, "method": "atc_eta", "seed": 301, "twt": 1462.3776, "makespan": 106.7467, "mean_flow": 6.345989500000001, "breach_share": 0.0375, "breach_p1": 0.12903225806451613, "breach_p2": 0.06578947368421052, "breach_p3": 0.023255813953488372, "breach_p4": 0.0, "decisions": 400, "latency_ms_per_decision": 0.07017398718744516, "replans": null, "validator_ok": 1, "runtime_s": 0.028069594874978065}, "random": {"instance_id": "c12_replay_400_0065", "campus": 12, "size": 400, "track": "replay", "structure": "full", "phi": null, "eta": 0.8, "m": 0.7, "u_target": null, "u_realized": null, "method": "random", "seed": 301, "twt": 1534.4576, "makespan": 106.7467, "mean_flow": 6.366864499999999, "breach_share": 0.0425, "breach_p1": 0.16129032258064516, "breach_p2": 0.06578947368421052, "breach_p3": 0.023255813953488372, "breach_p4": 0.0, "decisions": 400, "latency_ms_per_decision": 0.022417025174945593, "replans": null, "validator_ok": 1, "runtime_s": 0.008966810069978237}, "v2mlp301": {"instance_id": "c12_replay_400_0065", "campus": 12, "size": 400, "track": "replay", "structure": "full", "phi": null, "eta": 0.8, "m": 0.7, "u_target": null, "u_realized": null, "method": "v2mlp301", "seed": 301, "twt": 1534.348, "makespan": 114.8914, "mean_flow": 6.58011925, "breach_share": 0.0375, "breach_p1": 0.12903225806451613, "breach_p2": 0.06578947368421052, "breach_p3": 0.023255813953488372, "breach_p4": 0.0, "decisions": 400, "latency_ms_per_decision": 0.5989910825155675, "replans": null, "validator_ok": 1, "runtime_s": 0.23959643300622702}, "v2mlp302": {"instance_id": "c12_replay_400_0065", "campus": 12, "size": 400, "track": "replay", "structure": "full", "phi": null, "eta": 0.8, "m": 0.7, "u_target": null, "u_realized": null, "method": "v2mlp302", "seed": 302, "twt": 1727.4576, "makespan": 106.7467, "mean_flow": 7.0434312499999985, "breach_share": 0.0425, "breach_p1": 0.16129032258064516, "breach_p2": 0.06578947368421052, "breach_p3": 0.023255813953488372, "breach_p4": 0.0, "decisions": 400, "latency_ms_per_decision": 0.5821737716905773, "replans": null, "validator_ok": 1, "runtime_s": 0.2328695086762309}, "v2mlp303": {"instance_id": "c12_replay_400_0065", "campus": 12, "size": 400, "track": "replay", "structure": "full", "phi": null, "eta": 0.8, "m": 0.7, "u_target": null, "u_realized": null, "method": "v2mlp303", "seed": 303, "twt": 1462.3776, "makespan": 106.7467, "mean_flow": 6.541189499999999, "breach_share": 0.0375, "breach_p1": 0.12903225806451613, "breach_p2": 0.06578947368421052, "breach_p3": 0.023255813953488372, "breach_p4": 0.0, "decisions": 400, "latency_ms_per_decision": 0.6129783298820257, "replans": null, "validator_ok": 1, "runtime_s": 0.2451913319528103}, "v2mlp304": {"instance_id": "c12_replay_400_0065", "campus": 12, "size": 400, "track": "replay", "structure": "full", "phi": null, "eta": 0.8, "m": 0.7, "u_target": null, "u_realized": null, "method": "v2mlp304", "seed": 304, "twt": 1683.9184, "makespan": 114.8914, "mean_flow": 7.21410725, "breach_share": 0.0425, "breach_p1": 0.16129032258064516, "breach_p2": 0.06578947368421052, "breach_p3": 0.023255813953488372, "breach_p4": 0.0, "decisions": 400, "latency_ms_per_decision": 0.5719986301846802, "replans": null, "validator_ok": 1, "runtime_s": 0.2287994520738721}, "v2mlp305": {"instance_id": "c12_replay_400_0065", "campus": 12, "size": 400, "track": "replay", "structure": "full", "phi": null, "eta": 0.8, "m": 0.7, "u_target": null, "u_realized": null, "method": "v2mlp305", "seed": 305, "twt": 1550.4976000000001, "makespan": 106.7467, "mean_flow": 6.85145625, "breach_share": 0.04, "breach_p1": 0.14516129032258066, "breach_p2": 0.06578947368421052, "breach_p3": 0.023255813953488372, "breach_p4": 0.0, "decisions": 400, "latency_ms_per_decision": 0.5818657507188618, "replans": null, "validator_ok": 1, "runtime_s": 0.23274630028754473}, "v2mlp306": {"instance_id": "c12_replay_400_0065", "campus": 12, "size": 400, "track": "replay", "structure": "full", "phi": null, "eta": 0.8, "m": 0.7, "u_target": null, "u_realized": null, "method": "v2mlp306", "seed": 306, "twt": 1605.3184, "makespan": 127.7797, "mean_flow": 6.965211999999999, "breach_share": 0.0375, "breach_p1": 0.12903225806451613, "breach_p2": 0.06578947368421052, "breach_p3": 0.023255813953488372, "breach_p4": 0.0, "decisions": 400,