{"config_id": "c12_replay_150_0194__c12_l0_eta100_m070", "rows": {"edd": {"instance_id": "c12_replay_150_0194", "campus": 12, "size": 150, "track": "replay", "structure": "dedicated", "phi": null, "eta": 1.0, "m": 0.7, "u_target": null, "u_realized": null, "method": "edd", "seed": 301, "twt": 426.0, "makespan": 66.4017, "mean_flow": 4.647666666666667, "breach_share": 0.06, "breach_p1": 0.26666666666666666, "breach_p2": 0.03571428571428571, "breach_p3": 0.0, "breach_p4": 0.0, "decisions": 150, "latency_ms_per_decision": 0.01225937157869339, "replans": null, "validator_ok": 1, "runtime_s": 0.0018389057368040085}, "wspt": {"instance_id": "c12_replay_150_0194", "campus": 12, "size": 150, "track": "replay", "structure": "dedicated", "phi": null, "eta": 1.0, "m": 0.7, "u_target": null, "u_realized": null, "method": "wspt", "seed": 301, "twt": 426.0, "makespan": 66.4017, "mean_flow": 4.647666666666667, "breach_share": 0.06, "breach_p1": 0.26666666666666666, "breach_p2": 0.03571428571428571, "breach_p3": 0.0, "breach_p4": 0.0, "decisions": 150, "latency_ms_per_decision": 0.011916893223921457, "replans": null, "validator_ok": 1, "runtime_s": 0.0017875339835882187}, "atc": {"instance_id": "c12_replay_150_0194", "campus": 12, "size": 150, "track": "replay", "structure": "dedicated", "phi": null, "eta": 1.0, "m": 0.7, "u_target": null, "u_realized": null, "method": "atc", "seed": 301, "twt": 426.0, "makespan": 66.4017, "mean_flow": 4.647666666666667, "breach_share": 0.06, "breach_p1": 0.26666666666666666, "breach_p2": 0.03571428571428571, "breach_p3": 0.0, "breach_p4": 0.0, "decisions": 150, "latency_ms_per_decision": 0.014197379350662231, "replans": null, "validator_ok": 1, "runtime_s": 0.0021296069025993347}, "pfifo": {"instance_id": "c12_replay_150_0194", "campus": 12, "size": 150, "track": "replay", "structure": "dedicated", "phi": null, "eta": 1.0, "m": 0.7, "u_target": null, "u_realized": null, "method": "pfifo", "seed": 301, "twt": 426.0, "makespan": 66.4017, "mean_flow": 4.647666666666667, "breach_share": 0.06, "breach_p1": 0.26666666666666666, "breach_p2": 0.03571428571428571, "breach_p3": 0.0, "breach_p4": 0.0, "decisions": 150, "latency_ms_per_decision": 0.011832031110922495, "replans": null, "validator_ok": 1, "runtime_s": 0.0017748046666383743}, "mor": {"instance_id": "c12_replay_150_0194", "campus": 12, "size": 150, "track": "replay", "structure": "dedicated", "phi": null, "eta": 1.0, "m": 0.7, "u_target": null, "u_realized": null, "method": "mor", "seed": 301, "twt": 426.0, "makespan": 66.4017, "mean_flow": 4.647666666666667, "breach_share": 0.06, "breach_p1": 0.26666666666666666, "breach_p2": 0.03571428571428571, "breach_p3": 0.0, "breach_p4": 0.0, "decisions": 150, "latency_ms_per_decision": 0.011666137725114822, "replans": null, "validator_ok": 1, "runtime_s": 0.0017499206587672234}, "lfj_atc": {"instance_id": "c12_replay_150_0194", "campus": 12, "size": 150, "track": "replay", "structure": "dedicated", "phi": null, "eta": 1.0, "m": 0.7, "u_target": null, "u_realized": null, "method": "lfj_atc", "seed": 301, "twt": 426.0, "makespan": 66.4017, "mean_flow": 4.647666666666667, "breach_share": 0.06, "breach_p1": 0.26666666666666666, "breach_p2": 0.03571428571428571, "breach_p3": 0.0, "breach_p4": 0.0, "decisions": 150, "latency_ms_per_decision": 0.015603999296824137, "replans": null, "validator_ok": 1, "runtime_s": 0.0023405998945236206}, "atc_eta": {"instance_id": "c12_replay_150_0194", "campus": 12, "size": 150, "track": "replay", "structure": "dedicated", "phi": null, "eta": 1.0, "m": 0.7, "u_target": null, "u_realized": null, "method": "atc_eta", "seed": 301, "twt": 426.0, "makespan": 66.4017, "mean_flow": 4.647666666666667, "breach_share": 0.06, "breach_p1": 0.26666666666666666, "breach_p2": 0.03571428571428571, "breach_p3": 0.0, "breach_p4": 0.0, "decisions": 150, "latency_ms_per_decision": 0.028715413063764572, "replans": null, "validator_ok": 1, "runtime_s": 0.004307311959564686}, "random": {"instance_id": "c12_replay_150_0194", "campus": 12, "size": 150, "track": "replay", "structure": "dedicated", "phi": null, "eta": 1.0, "m": 0.7, "u_target": null, "u_realized": null, "method": "random", "seed": 301, "twt": 426.0, "makespan": 66.4017, "mean_flow": 4.647666666666667, "breach_share": 0.06, "breach_p1": 0.26666666666666666, "breach_p2": 0.03571428571428571, "breach_p3": 0.0, "breach_p4": 0.0, "decisions": 150, "latency_ms_per_decision": 0.011663654198249182, "replans": null, "validator_ok": 1, "runtime_s": 0.0017495481297373772}, "v2mlp301": {"instance_id": "c12_replay_150_0194", "campus": 12, "size": 150, "track": "replay", "structure": "dedicated", "phi": null, "eta": 1.0, "m": 0.7, "u_target": null, "u_realized": null, "method": "v2mlp301", "seed": 301, "twt": 426.0, "makespan": 66.4017, "mean_flow": 4.647666666666667, "breach_share": 0.06, "breach_p1": 0.26666666666666666, "breach_p2": 0.03571428571428571, "breach_p3": 0.0, "breach_p4": 0.0, "decisions": 150, "latency_ms_per_decision": 0.2238815277814865, "replans": null, "validator_ok": 1, "runtime_s": 0.03358222916722298}, "v2mlp302": {"instance_id": "c12_replay_150_0194", "campus": 12, "size": 150, "track": "replay", "structure": "dedicated", "phi": null, "eta": 1.0, "m": 0.7, "u_target": null, "u_realized": null, "method": "v2mlp302", "seed": 302, "twt": 426.0, "makespan": 66.4017, "mean_flow": 4.647666666666667, "breach_share": 0.06, "breach_p1": 0.26666666666666666, "breach_p2": 0.03571428571428571, "breach_p3": 0.0, "breach_p4": 0.0, "decisions": 150, "latency_ms_per_decision": 0.2214704267680645, "replans": null, "validator_ok": 1, "runtime_s": 0.033220564015209675}, "v2mlp303": {"instance_id": "c12_replay_150_0194", "campus": 12, "size": 150, "track": "replay", "structure": "dedicated", "phi": null, "eta": 1.0, "m": 0.7, "u_target": null, "u_realized": null, "method": "v2mlp303", "seed": 303, "twt": 426.0, "makespan": 66.4017, "mean_flow": 4.647666666666667, "breach_share": 0.06, "breach_p1": 0.26666666666666666, "breach_p2": 0.03571428571428571, "breach_p3": 0.0, "breach_p4": 0.0, "decisions": 150, "latency_ms_per_decision": 0.22034365062912306, "replans": null, "validator_ok": 1, "runtime_s": 0.03305154759436846}, "v2mlp304": {"instance_id": "c12_replay_150_0194", "campus": 12, "size": 150, "track": "replay", "structure": "dedicated", "phi": null, "eta": 1.0, "m": 0.7, "u_target": null, "u_realized": null, "method": "v2mlp304", "seed": 304, "twt": 426.0, "makespan": 66.4017, "mean_flow": 4.647666666666667, "breach_share": 0.06, "breach_p1": 0.26666666666666666, "breach_p2": 0.03571428571428571, "breach_p3": 0.0, "breach_p4": 0.0, "decisions": 150, "latency_ms_per_decision": 0.22114073236783346, "replans": null, "validator_ok": 1, "runtime_s": 0.03317110985517502}, "v2mlp305": {"instance_id": "c12_replay_150_0194", "campus": 12, "size": 150, "track": "replay", "structure": "dedicated", "phi": null, "eta": 1.0, "m": 0.7, "u_target": null, "u_realized": null, "method": "v2mlp305", "seed": 305, "twt": 426.0, "makespan": 66.4017, "mean_flow": 4.647666666666667, "breach_share": 0.06, "breach_p1": 0.26666666666666666, "breach_p2": 0.03571428571428571, "breach_p3": 0.0, "breach_p4": 0.0, "decisions": 150, "latency_ms_per_decision": 0.22089177121718725, "replans": null, "validator_ok": 1, "runtime_s": 0.03313376568257809}, "v2mlp306": {"instance_id": "c12_replay_150_0194", "campus": 12, "size": 150, "track": "replay", "structure": "dedicated", "phi": null, "eta": 1.0, "m": 0.7, "u_target": null, "u_realized": null, "method": "v2mlp306", "seed": 306, "twt": 426.0, "makespan": 66.4017, "mean_flow": 4.647666666666667, "breach_share": 0.06, "breach_p1": 0.26666666666666666, "breach_p2": 0.03571428571428571, "breach_p3": 0.0, "breach_p4": 0.0, "decisions": 150, "latency_ms_per_decision": 0.22107824683189392, "replans": null, "validator_ok": 1, "runtime_s": 0.03316173702478409}, "v2mlp307": {"instance_id": "c12_replay_150_0194", "campus": 12, "size": 150, "track": "replay",