{"config_id": "c12_replay_150_0190__c12_chain_phi100_eta100_m070", "rows": {"edd": {"instance_id": "c12_replay_150_0190", "campus": 12, "size": 150, "track": "replay", "structure": "chain", "phi": 1.0, "eta": 1.0, "m": 0.7, "u_target": null, "u_realized": null, "method": "edd", "seed": 301, "twt": 704.0, "makespan": 69.5, "mean_flow": 5.9526666666666666, "breach_share": 0.02666666666666667, "breach_p1": 0.13043478260869565, "breach_p2": 0.047619047619047616, "breach_p3": 0.0, "breach_p4": 0.0, "decisions": 150, "latency_ms_per_decision": 0.015194335331519445, "replans": null, "validator_ok": 1, "runtime_s": 0.0022791502997279167}, "wspt": {"instance_id": "c12_replay_150_0190", "campus": 12, "size": 150, "track": "replay", "structure": "chain", "phi": 1.0, "eta": 1.0, "m": 0.7, "u_target": null, "u_realized": null, "method": "wspt", "seed": 301, "twt": 704.0, "makespan": 69.5, "mean_flow": 5.9526666666666666, "breach_share": 0.02666666666666667, "breach_p1": 0.13043478260869565, "breach_p2": 0.047619047619047616, "breach_p3": 0.0, "breach_p4": 0.0, "decisions": 150, "latency_ms_per_decision": 0.014596711844205856, "replans": null, "validator_ok": 1, "runtime_s": 0.0021895067766308784}, "atc": {"instance_id": "c12_replay_150_0190", "campus": 12, "size": 150, "track": "replay", "structure": "chain", "phi": 1.0, "eta": 1.0, "m": 0.7, "u_target": null, "u_realized": null, "method": "atc", "seed": 301, "twt": 704.0, "makespan": 69.5, "mean_flow": 5.9526666666666666, "breach_share": 0.02666666666666667, "breach_p1": 0.13043478260869565, "breach_p2": 0.047619047619047616, "breach_p3": 0.0, "breach_p4": 0.0, "decisions": 150, "latency_ms_per_decision": 0.01731567084789276, "replans": null, "validator_ok": 1, "runtime_s": 0.002597350627183914}, "pfifo": {"instance_id": "c12_replay_150_0190", "campus": 12, "size": 150, "track": "replay", "structure": "chain", "phi": 1.0, "eta": 1.0, "m": 0.7, "u_target": null, "u_realized": null, "method": "pfifo", "seed": 301, "twt": 704.0, "makespan": 69.5, "mean_flow": 5.9526666666666666, "breach_share": 0.02666666666666667, "breach_p1": 0.13043478260869565, "breach_p2": 0.047619047619047616, "breach_p3": 0.0, "breach_p4": 0.0, "decisions": 150, "latency_ms_per_decision": 0.014584281792243322, "replans": null, "validator_ok": 1, "runtime_s": 0.0021876422688364983}, "mor": {"instance_id": "c12_replay_150_0190", "campus": 12, "size": 150, "track": "replay", "structure": "chain", "phi": 1.0, "eta": 1.0, "m": 0.7, "u_target": null, "u_realized": null, "method": "mor", "seed": 301, "twt": 704.0, "makespan": 69.5, "mean_flow": 5.9526666666666666, "breach_share": 0.02666666666666667, "breach_p1": 0.13043478260869565, "breach_p2": 0.047619047619047616, "breach_p3": 0.0, "breach_p4": 0.0, "decisions": 150, "latency_ms_per_decision": 0.014125853776931763, "replans": null, "validator_ok": 1, "runtime_s": 0.0021188780665397644}, "lfj_atc": {"instance_id": "c12_replay_150_0190", "campus": 12, "size": 150, "track": "replay", "structure": "chain", "phi": 1.0, "eta": 1.0, "m": 0.7, "u_target": null, "u_realized": null, "method": "lfj_atc", "seed": 301, "twt": 704.0, "makespan": 69.5, "mean_flow": 5.9526666666666666, "breach_share": 0.02666666666666667, "breach_p1": 0.13043478260869565, "breach_p2": 0.047619047619047616, "breach_p3": 0.0, "breach_p4": 0.0, "decisions": 150, "latency_ms_per_decision": 0.018631331622600555, "replans": null, "validator_ok": 1, "runtime_s": 0.0027946997433900833}, "atc_eta": {"instance_id": "c12_replay_150_0190", "campus": 12, "size": 150, "track": "replay", "structure": "chain", "phi": 1.0, "eta": 1.0, "m": 0.7, "u_target": null, "u_realized": null, "method": "atc_eta", "seed": 301, "twt": 704.0, "makespan": 69.5, "mean_flow": 5.9526666666666666, "breach_share": 0.02666666666666667, "breach_p1": 0.13043478260869565, "breach_p2": 0.047619047619047616, "breach_p3": 0.0, "breach_p4": 0.0, "decisions": 150, "latency_ms_per_decision": 0.039282006522019706, "replans": null, "validator_ok": 1, "runtime_s": 0.005892300978302956}, "random": {"instance_id": "c12_replay_150_0190", "campus": 12, "size": 150, "track": "replay", "structure": "chain", "phi": 1.0, "eta": 1.0, "m": 0.7, "u_target": null, "u_realized": null, "method": "random", "seed": 301, "twt": 704.0, "makespan": 69.5, "mean_flow": 5.952666666666667, "breach_share": 0.02666666666666667, "breach_p1": 0.13043478260869565, "breach_p2": 0.047619047619047616, "breach_p3": 0.0, "breach_p4": 0.0, "decisions": 150, "latency_ms_per_decision": 0.014254935085773468, "replans": null, "validator_ok": 1, "runtime_s": 0.00213824026286602}, "v2mlp301": {"instance_id": "c12_replay_150_0190", "campus": 12, "size": 150, "track": "replay", "structure": "chain", "phi": 1.0, "eta": 1.0, "m": 0.7, "u_target": null, "u_realized": null, "method": "v2mlp301", "seed": 301, "twt": 704.0, "makespan": 69.5, "mean_flow": 5.9526666666666666, "breach_share": 0.02666666666666667, "breach_p1": 0.13043478260869565, "breach_p2": 0.047619047619047616, "breach_p3": 0.0, "breach_p4": 0.0, "decisions": 150, "latency_ms_per_decision": 0.2874790069957574, "replans": null, "validator_ok": 1, "runtime_s": 0.04312185104936361}, "v2mlp302": {"instance_id": "c12_replay_150_0190", "campus": 12, "size": 150, "track": "replay", "structure": "chain", "phi": 1.0, "eta": 1.0, "m": 0.7, "u_target": null, "u_realized": null, "method": "v2mlp302", "seed": 302, "twt": 704.0, "makespan": 69.5, "mean_flow": 5.9526666666666666, "breach_share": 0.02666666666666667, "breach_p1": 0.13043478260869565, "breach_p2": 0.047619047619047616, "breach_p3": 0.0, "breach_p4": 0.0, "decisions": 150, "latency_ms_per_decision": 0.2793271156648795, "replans": null, "validator_ok": 1, "runtime_s": 0.04189906734973192}, "v2mlp303": {"instance_id": "c12_replay_150_0190", "campus": 12, "size": 150, "track": "replay", "structure": "chain", "phi": 1.0, "eta": 1.0, "m": 0.7, "u_target": null, "u_realized": null, "method": "v2mlp303", "seed": 303, "twt": 704.0, "makespan": 69.5, "mean_flow": 5.952666666666667, "breach_share": 0.02666666666666667, "breach_p1": 0.13043478260869565, "breach_p2": 0.047619047619047616, "breach_p3": 0.0, "breach_p4": 0.0, "decisions": 150, "latency_ms_per_decision": 0.2818678009013335, "replans": null, "validator_ok": 1, "runtime_s": 0.042280170135200024}, "v2mlp304": {"instance_id": "c12_replay_150_0190", "campus": 12, "size": 150, "track": "replay", "structure": "chain", "phi": 1.0, "eta": 1.0, "m": 0.7, "u_target": null, "u_realized": null, "method": "v2mlp304", "seed": 304, "twt": 704.0, "makespan": 69.5, "mean_flow": 5.9526666666666666, "breach_share": 0.02666666666666667, "breach_p1": 0.13043478260869565, "breach_p2": 0.047619047619047616, "breach_p3": 0.0, "breach_p4": 0.0, "decisions": 150, "latency_ms_per_decision": 0.27998953436811763, "replans": null, "validator_ok": 1, "runtime_s": 0.04199843015521765}, "v2mlp305": {"instance_id": "c12_replay_150_0190", "campus": 12, "size": 150, "track": "replay", "structure": "chain", "phi": 1.0, "eta": 1.0, "m": 0.7, "u_target": null, "u_realized": null, "method": "v2mlp305", "seed": 305, "twt": 704.0, "makespan": 69.5, "mean_flow": 5.958152000000001, "breach_share": 0.02666666666666667, "breach_p1": 0.13043478260869565, "breach_p2": 0.047619047619047616, "breach_p3": 0.0, "breach_p4": 0.0, "decisions": 150, "latency_ms_per_decision": 0.28988157709439594, "replans": null, "validator_ok": 1, "runtime_s": 0.04348223656415939}, "v2mlp306": {"instance_id": "c12_replay_150_0190", "campus": 12, "size": 150, "track": "replay", "structure": "chain", "phi": 1.0, "eta": 1.0, "m": 0.7, "u_target": null, "u_realized": null, "method": "v2mlp306", "seed": 306, "twt": 704.0, "makespan": 69.5, "mean_flow": 5.9526666666666666, "breach_share": 0.02666666666666667, "breach_p1": 0.13043478260869565, "breach_p2": 0.047619047619047616, "breach_p3": 0.0, "breach_p4": 0.0, "decisions": 150, "latency_ms_per_decision": 0.28635519246260327, "replans": null, "validator_ok": 1,