{"config_id": "c12_replay_150_0195__c12_l0_eta100_m070", "rows": {"edd": {"instance_id": "c12_replay_150_0195", "campus": 12, "size": 150, "track": "replay", "structure": "dedicated", "phi": null, "eta": 1.0, "m": 0.7, "u_target": null, "u_realized": null, "method": "edd", "seed": 301, "twt": 1402.9184, "makespan": 90.8648, "mean_flow": 5.411432, "breach_share": 0.06666666666666667, "breach_p1": 0.17647058823529413, "breach_p2": 0.022222222222222223, "breach_p3": 0.0, "breach_p4": 0.0, "decisions": 150, "latency_ms_per_decision": 0.01265253871679306, "replans": null, "validator_ok": 1, "runtime_s": 0.001897880807518959}, "wspt": {"instance_id": "c12_replay_150_0195", "campus": 12, "size": 150, "track": "replay", "structure": "dedicated", "phi": null, "eta": 1.0, "m": 0.7, "u_target": null, "u_realized": null, "method": "wspt", "seed": 301, "twt": 1402.9184, "makespan": 90.8648, "mean_flow": 5.411432, "breach_share": 0.06666666666666667, "breach_p1": 0.17647058823529413, "breach_p2": 0.022222222222222223, "breach_p3": 0.0, "breach_p4": 0.0, "decisions": 150, "latency_ms_per_decision": 0.012434503684441248, "replans": null, "validator_ok": 1, "runtime_s": 0.0018651755526661873}, "atc": {"instance_id": "c12_replay_150_0195", "campus": 12, "size": 150, "track": "replay", "structure": "dedicated", "phi": null, "eta": 1.0, "m": 0.7, "u_target": null, "u_realized": null, "method": "atc", "seed": 301, "twt": 1402.9184, "makespan": 90.8648, "mean_flow": 5.411432, "breach_share": 0.06666666666666667, "breach_p1": 0.17647058823529413, "breach_p2": 0.022222222222222223, "breach_p3": 0.0, "breach_p4": 0.0, "decisions": 150, "latency_ms_per_decision": 0.016937640806039173, "replans": null, "validator_ok": 1, "runtime_s": 0.002540646120905876}, "pfifo": {"instance_id": "c12_replay_150_0195", "campus": 12, "size": 150, "track": "replay", "structure": "dedicated", "phi": null, "eta": 1.0, "m": 0.7, "u_target": null, "u_realized": null, "method": "pfifo", "seed": 301, "twt": 1402.9184, "makespan": 90.8648, "mean_flow": 5.411432, "breach_share": 0.06666666666666667, "breach_p1": 0.17647058823529413, "breach_p2": 0.022222222222222223, "breach_p3": 0.0, "breach_p4": 0.0, "decisions": 150, "latency_ms_per_decision": 0.012536359330018362, "replans": null, "validator_ok": 1, "runtime_s": 0.0018804538995027542}, "mor": {"instance_id": "c12_replay_150_0195", "campus": 12, "size": 150, "track": "replay", "structure": "dedicated", "phi": null, "eta": 1.0, "m": 0.7, "u_target": null, "u_realized": null, "method": "mor", "seed": 301, "twt": 1402.9184, "makespan": 90.8648, "mean_flow": 5.411432, "breach_share": 0.06666666666666667, "breach_p1": 0.17647058823529413, "breach_p2": 0.022222222222222223, "breach_p3": 0.0, "breach_p4": 0.0, "decisions": 150, "latency_ms_per_decision": 0.012049569437901178, "replans": null, "validator_ok": 1, "runtime_s": 0.0018074354156851768}, "lfj_atc": {"instance_id": "c12_replay_150_0195", "campus": 12, "size": 150, "track": "replay", "structure": "dedicated", "phi": null, "eta": 1.0, "m": 0.7, "u_target": null, "u_realized": null, "method": "lfj_atc", "seed": 301, "twt": 1402.9184, "makespan": 90.8648, "mean_flow": 5.411432, "breach_share": 0.06666666666666667, "breach_p1": 0.17647058823529413, "breach_p2": 0.022222222222222223, "breach_p3": 0.0, "breach_p4": 0.0, "decisions": 150, "latency_ms_per_decision": 0.018241933236519497, "replans": null, "validator_ok": 1, "runtime_s": 0.0027362899854779243}, "atc_eta": {"instance_id": "c12_replay_150_0195", "campus": 12, "size": 150, "track": "replay", "structure": "dedicated", "phi": null, "eta": 1.0, "m": 0.7, "u_target": null, "u_realized": null, "method": "atc_eta", "seed": 301, "twt": 1402.9184, "makespan": 90.8648, "mean_flow": 5.411432, "breach_share": 0.06666666666666667, "breach_p1": 0.17647058823529413, "breach_p2": 0.022222222222222223, "breach_p3": 0.0, "breach_p4": 0.0, "decisions": 150, "latency_ms_per_decision": 0.04143642261624336, "replans": null, "validator_ok": 1, "runtime_s": 0.006215463392436504}, "random": {"instance_id": "c12_replay_150_0195", "campus": 12, "size": 150, "track": "replay", "structure": "dedicated", "phi": null, "eta": 1.0, "m": 0.7, "u_target": null, "u_realized": null, "method": "random", "seed": 301, "twt": 1402.9184, "makespan": 90.8648, "mean_flow": 5.411432, "breach_share": 0.06666666666666667, "breach_p1": 0.17647058823529413, "breach_p2": 0.022222222222222223, "breach_p3": 0.0, "breach_p4": 0.0, "decisions": 150, "latency_ms_per_decision": 0.01140223816037178, "replans": null, "validator_ok": 1, "runtime_s": 0.001710335724055767}, "v2mlp301": {"instance_id": "c12_replay_150_0195", "campus": 12, "size": 150, "track": "replay", "structure": "dedicated", "phi": null, "eta": 1.0, "m": 0.7, "u_target": null, "u_realized": null, "method": "v2mlp301", "seed": 301, "twt": 1402.9184, "makespan": 90.8648, "mean_flow": 5.411432, "breach_share": 0.06666666666666667, "breach_p1": 0.17647058823529413, "breach_p2": 0.022222222222222223, "breach_p3": 0.0, "breach_p4": 0.0, "decisions": 150, "latency_ms_per_decision": 0.2646105115612348, "replans": null, "validator_ok": 1, "runtime_s": 0.03969157673418522}, "v2mlp302": {"instance_id": "c12_replay_150_0195", "campus": 12, "size": 150, "track": "replay", "structure": "dedicated", "phi": null, "eta": 1.0, "m": 0.7, "u_target": null, "u_realized": null, "method": "v2mlp302", "seed": 302, "twt": 1402.9184, "makespan": 90.8648, "mean_flow": 5.411432, "breach_share": 0.06666666666666667, "breach_p1": 0.17647058823529413, "breach_p2": 0.022222222222222223, "breach_p3": 0.0, "breach_p4": 0.0, "decisions": 150, "latency_ms_per_decision": 0.264898668974638, "replans": null, "validator_ok": 1, "runtime_s": 0.0397348003461957}, "v2mlp303": {"instance_id": "c12_replay_150_0195", "campus": 12, "size": 150, "track": "replay", "structure": "dedicated", "phi": null, "eta": 1.0, "m": 0.7, "u_target": null, "u_realized": null, "method": "v2mlp303", "seed": 303, "twt": 1402.9184, "makespan": 90.8648, "mean_flow": 5.411432, "breach_share": 0.06666666666666667, "breach_p1": 0.17647058823529413, "breach_p2": 0.022222222222222223, "breach_p3": 0.0, "breach_p4": 0.0, "decisions": 150, "latency_ms_per_decision": 0.26411300525069237, "replans": null, "validator_ok": 1, "runtime_s": 0.039616950787603855}, "v2mlp304": {"instance_id": "c12_replay_150_0195", "campus": 12, "size": 150, "track": "replay", "structure": "dedicated", "phi": null, "eta": 1.0, "m": 0.7, "u_target": null, "u_realized": null, "method": "v2mlp304", "seed": 304, "twt": 1402.9184, "makespan": 90.8648, "mean_flow": 5.411432, "breach_share": 0.06666666666666667, "breach_p1": 0.17647058823529413, "breach_p2": 0.022222222222222223, "breach_p3": 0.0, "breach_p4": 0.0, "decisions": 150, "latency_ms_per_decision": 0.2667696587741375, "replans": null, "validator_ok": 1, "runtime_s": 0.040015448816120625}, "v2mlp305": {"instance_id": "c12_replay_150_0195", "campus": 12, "size": 150, "track": "replay", "structure": "dedicated", "phi": null, "eta": 1.0, "m": 0.7, "u_target": null, "u_realized": null, "method": "v2mlp305", "seed": 305, "twt": 1402.9184, "makespan": 90.8648, "mean_flow": 5.411432, "breach_share": 0.06666666666666667, "breach_p1": 0.17647058823529413, "breach_p2": 0.022222222222222223, "breach_p3": 0.0, "breach_p4": 0.0, "decisions": 150, "latency_ms_per_decision": 0.2660485543310642, "replans": null, "validator_ok": 1, "runtime_s": 0.039907283149659634}, "v2mlp306": {"instance_id": "c12_replay_150_0195", "campus": 12, "size": 150, "track": "replay", "structure": "dedicated", "phi": null, "eta": 1.0, "m": 0.7, "u_target": null, "u_realized": null, "method": "v2mlp306", "seed": 306, "twt": 1402.9184, "makespan": 90.8648, "mean_flow": 5.411432, "breach_share": 0.06666666666666667, "breach_p1": 0.17647058823529413, "breach_p2": 0.022222222222222223, "breach_p3": 0.0, "breach_p4": 0.0, "decisions": 150, "latency_ms_per_decision": 0.26968997592727345, "replans": null, "validator_ok": 1,