{"config_id": "c12_replay_150_0182__c12_full_eta080_m070", "rows": {"edd": {"instance_id": "c12_replay_150_0182", "campus": 12, "size": 150, "track": "replay", "structure": "full", "phi": null, "eta": 0.8, "m": 0.7, "u_target": null, "u_realized": null, "method": "edd", "seed": 301, "twt": 216.0, "makespan": 63.449400000000004, "mean_flow": 4.792599999999999, "breach_share": 0.006666666666666667, "breach_p1": 0.058823529411764705, "breach_p2": 0.0, "breach_p3": 0.0, "breach_p4": 0.0, "decisions": 150, "latency_ms_per_decision": 0.029381997883319855, "replans": null, "validator_ok": 1, "runtime_s": 0.004407299682497978}, "wspt": {"instance_id": "c12_replay_150_0182", "campus": 12, "size": 150, "track": "replay", "structure": "full", "phi": null, "eta": 0.8, "m": 0.7, "u_target": null, "u_realized": null, "method": "wspt", "seed": 301, "twt": 216.0, "makespan": 63.449400000000004, "mean_flow": 4.820933333333333, "breach_share": 0.006666666666666667, "breach_p1": 0.058823529411764705, "breach_p2": 0.0, "breach_p3": 0.0, "breach_p4": 0.0, "decisions": 150, "latency_ms_per_decision": 0.0286857970058918, "replans": null, "validator_ok": 1, "runtime_s": 0.00430286955088377}, "atc": {"instance_id": "c12_replay_150_0182", "campus": 12, "size": 150, "track": "replay", "structure": "full", "phi": null, "eta": 0.8, "m": 0.7, "u_target": null, "u_realized": null, "method": "atc", "seed": 301, "twt": 216.0, "makespan": 63.449400000000004, "mean_flow": 4.810933333333333, "breach_share": 0.006666666666666667, "breach_p1": 0.058823529411764705, "breach_p2": 0.0, "breach_p3": 0.0, "breach_p4": 0.0, "decisions": 150, "latency_ms_per_decision": 0.031086013962825138, "replans": null, "validator_ok": 1, "runtime_s": 0.004662902094423771}, "pfifo": {"instance_id": "c12_replay_150_0182", "campus": 12, "size": 150, "track": "replay", "structure": "full", "phi": null, "eta": 0.8, "m": 0.7, "u_target": null, "u_realized": null, "method": "pfifo", "seed": 301, "twt": 216.0, "makespan": 63.449400000000004, "mean_flow": 4.792599999999999, "breach_share": 0.006666666666666667, "breach_p1": 0.058823529411764705, "breach_p2": 0.0, "breach_p3": 0.0, "breach_p4": 0.0, "decisions": 150, "latency_ms_per_decision": 0.028905620177586872, "replans": null, "validator_ok": 1, "runtime_s": 0.004335843026638031}, "mor": {"instance_id": "c12_replay_150_0182", "campus": 12, "size": 150, "track": "replay", "structure": "full", "phi": null, "eta": 0.8, "m": 0.7, "u_target": null, "u_realized": null, "method": "mor", "seed": 301, "twt": 216.0, "makespan": 63.449400000000004, "mean_flow": 4.792666666666666, "breach_share": 0.006666666666666667, "breach_p1": 0.058823529411764705, "breach_p2": 0.0, "breach_p3": 0.0, "breach_p4": 0.0, "decisions": 150, "latency_ms_per_decision": 0.028543068716923397, "replans": null, "validator_ok": 1, "runtime_s": 0.004281460307538509}, "lfj_atc": {"instance_id": "c12_replay_150_0182", "campus": 12, "size": 150, "track": "replay", "structure": "full", "phi": null, "eta": 0.8, "m": 0.7, "u_target": null, "u_realized": null, "method": "lfj_atc", "seed": 301, "twt": 216.0, "makespan": 63.449400000000004, "mean_flow": 4.810933333333333, "breach_share": 0.006666666666666667, "breach_p1": 0.058823529411764705, "breach_p2": 0.0, "breach_p3": 0.0, "breach_p4": 0.0, "decisions": 150, "latency_ms_per_decision": 0.032490119338035583, "replans": null, "validator_ok": 1, "runtime_s": 0.0048735179007053375}, "atc_eta": {"instance_id": "c12_replay_150_0182", "campus": 12, "size": 150, "track": "replay", "structure": "full", "phi": null, "eta": 0.8, "m": 0.7, "u_target": null, "u_realized": null, "method": "atc_eta", "seed": 301, "twt": 216.0, "makespan": 63.449400000000004, "mean_flow": 4.810933333333333, "breach_share": 0.006666666666666667, "breach_p1": 0.058823529411764705, "breach_p2": 0.0, "breach_p3": 0.0, "breach_p4": 0.0, "decisions": 150, "latency_ms_per_decision": 0.08305334175626437, "replans": null, "validator_ok": 1, "runtime_s": 0.012458001263439655}, "random": {"instance_id": "c12_replay_150_0182", "campus": 12, "size": 150, "track": "replay", "structure": "full", "phi": null, "eta": 0.8, "m": 0.7, "u_target": null, "u_realized": null, "method": "random", "seed": 301, "twt": 216.0, "makespan": 63.449400000000004, "mean_flow": 4.8014, "breach_share": 0.006666666666666667, "breach_p1": 0.058823529411764705, "breach_p2": 0.0, "breach_p3": 0.0, "breach_p4": 0.0, "decisions": 150, "latency_ms_per_decision": 0.02884480481346448, "replans": null, "validator_ok": 1, "runtime_s": 0.004326720722019672}, "v2mlp301": {"instance_id": "c12_replay_150_0182", "campus": 12, "size": 150, "track": "replay", "structure": "full", "phi": null, "eta": 0.8, "m": 0.7, "u_target": null, "u_realized": null, "method": "v2mlp301", "seed": 301, "twt": 216.0, "makespan": 63.449400000000004, "mean_flow": 4.83, "breach_share": 0.006666666666666667, "breach_p1": 0.058823529411764705, "breach_p2": 0.0, "breach_p3": 0.0, "breach_p4": 0.0, "decisions": 150, "latency_ms_per_decision": 0.5222674210866293, "replans": null, "validator_ok": 1, "runtime_s": 0.07834011316299438}, "v2mlp302": {"instance_id": "c12_replay_150_0182", "campus": 12, "size": 150, "track": "replay", "structure": "full", "phi": null, "eta": 0.8, "m": 0.7, "u_target": null, "u_realized": null, "method": "v2mlp302", "seed": 302, "twt": 232.0, "makespan": 63.449400000000004, "mean_flow": 5.392266666666666, "breach_share": 0.013333333333333334, "breach_p1": 0.11764705882352941, "breach_p2": 0.0, "breach_p3": 0.0, "breach_p4": 0.0, "decisions": 150, "latency_ms_per_decision": 0.5029190331697464, "replans": null, "validator_ok": 1, "runtime_s": 0.07543785497546196}, "v2mlp303": {"instance_id": "c12_replay_150_0182", "campus": 12, "size": 150, "track": "replay", "structure": "full", "phi": null, "eta": 0.8, "m": 0.7, "u_target": null, "u_realized": null, "method": "v2mlp303", "seed": 303, "twt": 232.0, "makespan": 63.449400000000004, "mean_flow": 5.0962000000000005, "breach_share": 0.013333333333333334, "breach_p1": 0.11764705882352941, "breach_p2": 0.0, "breach_p3": 0.0, "breach_p4": 0.0, "decisions": 150, "latency_ms_per_decision": 0.5213313301404318, "replans": null, "validator_ok": 1, "runtime_s": 0.07819969952106476}, "v2mlp304": {"instance_id": "c12_replay_150_0182", "campus": 12, "size": 150, "track": "replay", "structure": "full", "phi": null, "eta": 0.8, "m": 0.7, "u_target": null, "u_realized": null, "method": "v2mlp304", "seed": 304, "twt": 303.04, "makespan": 63.449400000000004, "mean_flow": 5.655333333333333, "breach_share": 0.02, "breach_p1": 0.17647058823529413, "breach_p2": 0.0, "breach_p3": 0.0, "breach_p4": 0.0, "decisions": 150, "latency_ms_per_decision": 0.4958295077085495, "replans": null, "validator_ok": 1, "runtime_s": 0.07437442615628242}, "v2mlp305": {"instance_id": "c12_replay_150_0182", "campus": 12, "size": 150, "track": "replay", "structure": "full", "phi": null, "eta": 0.8, "m": 0.7, "u_target": null, "u_realized": null, "method": "v2mlp305", "seed": 305, "twt": 302.0, "makespan": 51.3194, "mean_flow": 5.185777999999999, "breach_share": 0.013333333333333334, "breach_p1": 0.11764705882352941, "breach_p2": 0.0, "breach_p3": 0.0, "breach_p4": 0.0, "decisions": 150, "latency_ms_per_decision": 0.49695540219545364, "replans": null, "validator_ok": 1, "runtime_s": 0.07454331032931805}, "v2mlp306": {"instance_id": "c12_replay_150_0182", "campus": 12, "size": 150, "track": "replay", "structure": "full", "phi": null, "eta": 0.8, "m": 0.7, "u_target": null, "u_realized": null, "method": "v2mlp306", "seed": 306, "twt": 233.04000000000002, "makespan": 63.449400000000004, "mean_flow": 5.192466666666666, "breach_share": 0.02, "breach_p1": 0.17647058823529413, "breach_p2": 0.0, "breach_p3": 0.0, "breach_p4": 0.0, "decisions": 150, "latency_ms_per_decision": 0.5130908451974392, "replans": null, "validator_ok": 1, "runtime_s": 0.07696362677961588}, "v2mlp307": {"instance_id": "c12_replay_150_0182", "campus": 12, "size": 150,