{"config_id": "c12_replay_150_0172__c12_full_eta080_m070", "rows": {"edd": {"instance_id": "c12_replay_150_0172", "campus": 12, "size": 150, "track": "replay", "structure": "full", "phi": null, "eta": 0.8, "m": 0.7, "u_target": null, "u_realized": null, "method": "edd", "seed": 301, "twt": 260.0, "makespan": 99.654, "mean_flow": 4.954898666666666, "breach_share": 0.03333333333333333, "breach_p1": 0.1724137931034483, "breach_p2": 0.0, "breach_p3": 0.0, "breach_p4": 0.0, "decisions": 150, "latency_ms_per_decision": 0.02392316237092018, "replans": null, "validator_ok": 1, "runtime_s": 0.003588474355638027}, "wspt": {"instance_id": "c12_replay_150_0172", "campus": 12, "size": 150, "track": "replay", "structure": "full", "phi": null, "eta": 0.8, "m": 0.7, "u_target": null, "u_realized": null, "method": "wspt", "seed": 301, "twt": 260.0, "makespan": 99.654, "mean_flow": 4.954898666666666, "breach_share": 0.03333333333333333, "breach_p1": 0.1724137931034483, "breach_p2": 0.0, "breach_p3": 0.0, "breach_p4": 0.0, "decisions": 150, "latency_ms_per_decision": 0.02330861985683441, "replans": null, "validator_ok": 1, "runtime_s": 0.0034962929785251617}, "atc": {"instance_id": "c12_replay_150_0172", "campus": 12, "size": 150, "track": "replay", "structure": "full", "phi": null, "eta": 0.8, "m": 0.7, "u_target": null, "u_realized": null, "method": "atc", "seed": 301, "twt": 260.0, "makespan": 99.654, "mean_flow": 4.954898666666666, "breach_share": 0.03333333333333333, "breach_p1": 0.1724137931034483, "breach_p2": 0.0, "breach_p3": 0.0, "breach_p4": 0.0, "decisions": 150, "latency_ms_per_decision": 0.024994201958179474, "replans": null, "validator_ok": 1, "runtime_s": 0.003749130293726921}, "pfifo": {"instance_id": "c12_replay_150_0172", "campus": 12, "size": 150, "track": "replay", "structure": "full", "phi": null, "eta": 0.8, "m": 0.7, "u_target": null, "u_realized": null, "method": "pfifo", "seed": 301, "twt": 260.0, "makespan": 99.654, "mean_flow": 4.954898666666666, "breach_share": 0.03333333333333333, "breach_p1": 0.1724137931034483, "breach_p2": 0.0, "breach_p3": 0.0, "breach_p4": 0.0, "decisions": 150, "latency_ms_per_decision": 0.023587954541047413, "replans": null, "validator_ok": 1, "runtime_s": 0.003538193181157112}, "mor": {"instance_id": "c12_replay_150_0172", "campus": 12, "size": 150, "track": "replay", "structure": "full", "phi": null, "eta": 0.8, "m": 0.7, "u_target": null, "u_realized": null, "method": "mor", "seed": 301, "twt": 260.0, "makespan": 99.654, "mean_flow": 4.954898666666666, "breach_share": 0.03333333333333333, "breach_p1": 0.1724137931034483, "breach_p2": 0.0, "breach_p3": 0.0, "breach_p4": 0.0, "decisions": 150, "latency_ms_per_decision": 0.023041125386953354, "replans": null, "validator_ok": 1, "runtime_s": 0.003456168808043003}, "lfj_atc": {"instance_id": "c12_replay_150_0172", "campus": 12, "size": 150, "track": "replay", "structure": "full", "phi": null, "eta": 0.8, "m": 0.7, "u_target": null, "u_realized": null, "method": "lfj_atc", "seed": 301, "twt": 260.0, "makespan": 99.654, "mean_flow": 4.954898666666666, "breach_share": 0.03333333333333333, "breach_p1": 0.1724137931034483, "breach_p2": 0.0, "breach_p3": 0.0, "breach_p4": 0.0, "decisions": 150, "latency_ms_per_decision": 0.025921184569597244, "replans": null, "validator_ok": 1, "runtime_s": 0.0038881776854395866}, "atc_eta": {"instance_id": "c12_replay_150_0172", "campus": 12, "size": 150, "track": "replay", "structure": "full", "phi": null, "eta": 0.8, "m": 0.7, "u_target": null, "u_realized": null, "method": "atc_eta", "seed": 301, "twt": 260.0, "makespan": 99.654, "mean_flow": 4.954898666666666, "breach_share": 0.03333333333333333, "breach_p1": 0.1724137931034483, "breach_p2": 0.0, "breach_p3": 0.0, "breach_p4": 0.0, "decisions": 150, "latency_ms_per_decision": 0.06308468679587047, "replans": null, "validator_ok": 1, "runtime_s": 0.00946270301938057}, "random": {"instance_id": "c12_replay_150_0172", "campus": 12, "size": 150, "track": "replay", "structure": "full", "phi": null, "eta": 0.8, "m": 0.7, "u_target": null, "u_realized": null, "method": "random", "seed": 301, "twt": 260.0, "makespan": 99.654, "mean_flow": 4.954898666666666, "breach_share": 0.03333333333333333, "breach_p1": 0.1724137931034483, "breach_p2": 0.0, "breach_p3": 0.0, "breach_p4": 0.0, "decisions": 150, "latency_ms_per_decision": 0.023304224014282227, "replans": null, "validator_ok": 1, "runtime_s": 0.003495633602142334}, "v2mlp301": {"instance_id": "c12_replay_150_0172", "campus": 12, "size": 150, "track": "replay", "structure": "full", "phi": null, "eta": 0.8, "m": 0.7, "u_target": null, "u_realized": null, "method": "v2mlp301", "seed": 301, "twt": 260.0, "makespan": 99.654, "mean_flow": 5.023231999999999, "breach_share": 0.03333333333333333, "breach_p1": 0.1724137931034483, "breach_p2": 0.0, "breach_p3": 0.0, "breach_p4": 0.0, "decisions": 150, "latency_ms_per_decision": 0.3998358982304732, "replans": null, "validator_ok": 1, "runtime_s": 0.05997538473457098}, "v2mlp302": {"instance_id": "c12_replay_150_0172", "campus": 12, "size": 150, "track": "replay", "structure": "full", "phi": null, "eta": 0.8, "m": 0.7, "u_target": null, "u_realized": null, "method": "v2mlp302", "seed": 302, "twt": 314.08, "makespan": 99.654, "mean_flow": 5.570632000000001, "breach_share": 0.05333333333333334, "breach_p1": 0.27586206896551724, "breach_p2": 0.0, "breach_p3": 0.0, "breach_p4": 0.0, "decisions": 150, "latency_ms_per_decision": 0.39032279203335446, "replans": null, "validator_ok": 1, "runtime_s": 0.058548418805003166}, "v2mlp303": {"instance_id": "c12_replay_150_0172", "campus": 12, "size": 150, "track": "replay", "structure": "full", "phi": null, "eta": 0.8, "m": 0.7, "u_target": null, "u_realized": null, "method": "v2mlp303", "seed": 303, "twt": 267.03999999999996, "makespan": 99.654, "mean_flow": 5.183032, "breach_share": 0.04666666666666667, "breach_p1": 0.2413793103448276, "breach_p2": 0.0, "breach_p3": 0.0, "breach_p4": 0.0, "decisions": 150, "latency_ms_per_decision": 0.4015335130194823, "replans": null, "validator_ok": 1, "runtime_s": 0.060230026952922344}, "v2mlp304": {"instance_id": "c12_replay_150_0172", "campus": 12, "size": 150, "track": "replay", "structure": "full", "phi": null, "eta": 0.8, "m": 0.7, "u_target": null, "u_realized": null, "method": "v2mlp304", "seed": 304, "twt": 418.15999999999997, "makespan": 122.3792, "mean_flow": 6.042866666666667, "breach_share": 0.05333333333333334, "breach_p1": 0.27586206896551724, "breach_p2": 0.0, "breach_p3": 0.0, "breach_p4": 0.0, "decisions": 150, "latency_ms_per_decision": 0.3863262323041757, "replans": null, "validator_ok": 1, "runtime_s": 0.057948934845626354}, "v2mlp305": {"instance_id": "c12_replay_150_0172", "campus": 12, "size": 150, "track": "replay", "structure": "full", "phi": null, "eta": 0.8, "m": 0.7, "u_target": null, "u_realized": null, "method": "v2mlp305", "seed": 305, "twt": 418.15999999999997, "makespan": 99.654, "mean_flow": 5.680698666666667, "breach_share": 0.05333333333333334, "breach_p1": 0.27586206896551724, "breach_p2": 0.0, "breach_p3": 0.0, "breach_p4": 0.0, "decisions": 150, "latency_ms_per_decision": 0.3793132118880749, "replans": null, "validator_ok": 1, "runtime_s": 0.05689698178321123}, "v2mlp306": {"instance_id": "c12_replay_150_0172", "campus": 12, "size": 150, "track": "replay", "structure": "full", "phi": null, "eta": 0.8, "m": 0.7, "u_target": null, "u_realized": null, "method": "v2mlp306", "seed": 306, "twt": 294.0, "makespan": 99.654, "mean_flow": 5.400098666666666, "breach_share": 0.03333333333333333, "breach_p1": 0.1724137931034483, "breach_p2": 0.0, "breach_p3": 0.0, "breach_p4": 0.0, "decisions": 150, "latency_ms_per_decision": 0.3949216442803542, "replans": null, "validator_ok": 1, "runtime_s": 0.05923824664205313}, "v2mlp307": {"instance_id": "c12_replay_150_0172", "campus": 12, "size": 150, "track": "replay", "structure": "full", "phi": null, "eta": 0.8, "m": 0.7, "u_target": null, "u_realized": null,