{"config_id": "c12_replay_150_0184__c12_chain_phi100_eta080_m070", "rows": {"edd": {"instance_id": "c12_replay_150_0184", "campus": 12, "size": 150, "track": "replay", "structure": "chain", "phi": 1.0, "eta": 0.8, "m": 0.7, "u_target": null, "u_realized": null, "method": "edd", "seed": 301, "twt": 404.0, "makespan": 71.4606, "mean_flow": 7.909083333333334, "breach_share": 0.02666666666666667, "breach_p1": 0.058823529411764705, "breach_p2": 0.15789473684210525, "breach_p3": 0.0, "breach_p4": 0.0, "decisions": 150, "latency_ms_per_decision": 0.010847318917512894, "replans": null, "validator_ok": 1, "runtime_s": 0.001627097837626934}, "wspt": {"instance_id": "c12_replay_150_0184", "campus": 12, "size": 150, "track": "replay", "structure": "chain", "phi": 1.0, "eta": 0.8, "m": 0.7, "u_target": null, "u_realized": null, "method": "wspt", "seed": 301, "twt": 404.0, "makespan": 71.4606, "mean_flow": 7.927816666666668, "breach_share": 0.02666666666666667, "breach_p1": 0.058823529411764705, "breach_p2": 0.15789473684210525, "breach_p3": 0.0, "breach_p4": 0.0, "decisions": 150, "latency_ms_per_decision": 0.01064621532956759, "replans": null, "validator_ok": 1, "runtime_s": 0.0015969322994351387}, "atc": {"instance_id": "c12_replay_150_0184", "campus": 12, "size": 150, "track": "replay", "structure": "chain", "phi": 1.0, "eta": 0.8, "m": 0.7, "u_target": null, "u_realized": null, "method": "atc", "seed": 301, "twt": 404.0, "makespan": 71.4606, "mean_flow": 7.927816666666668, "breach_share": 0.02666666666666667, "breach_p1": 0.058823529411764705, "breach_p2": 0.15789473684210525, "breach_p3": 0.0, "breach_p4": 0.0, "decisions": 150, "latency_ms_per_decision": 0.012389328330755234, "replans": null, "validator_ok": 1, "runtime_s": 0.001858399249613285}, "pfifo": {"instance_id": "c12_replay_150_0184", "campus": 12, "size": 150, "track": "replay", "structure": "chain", "phi": 1.0, "eta": 0.8, "m": 0.7, "u_target": null, "u_realized": null, "method": "pfifo", "seed": 301, "twt": 404.0, "makespan": 71.4606, "mean_flow": 7.909083333333334, "breach_share": 0.02666666666666667, "breach_p1": 0.058823529411764705, "breach_p2": 0.15789473684210525, "breach_p3": 0.0, "breach_p4": 0.0, "decisions": 150, "latency_ms_per_decision": 0.010640428711970648, "replans": null, "validator_ok": 1, "runtime_s": 0.001596064306795597}, "mor": {"instance_id": "c12_replay_150_0184", "campus": 12, "size": 150, "track": "replay", "structure": "chain", "phi": 1.0, "eta": 0.8, "m": 0.7, "u_target": null, "u_realized": null, "method": "mor", "seed": 301, "twt": 404.0, "makespan": 69.74579999999999, "mean_flow": 7.8503500000000015, "breach_share": 0.02666666666666667, "breach_p1": 0.058823529411764705, "breach_p2": 0.15789473684210525, "breach_p3": 0.0, "breach_p4": 0.0, "decisions": 150, "latency_ms_per_decision": 0.011493961016337076, "replans": null, "validator_ok": 1, "runtime_s": 0.0017240941524505615}, "lfj_atc": {"instance_id": "c12_replay_150_0184", "campus": 12, "size": 150, "track": "replay", "structure": "chain", "phi": 1.0, "eta": 0.8, "m": 0.7, "u_target": null, "u_realized": null, "method": "lfj_atc", "seed": 301, "twt": 404.0, "makespan": 71.4606, "mean_flow": 7.927816666666668, "breach_share": 0.02666666666666667, "breach_p1": 0.058823529411764705, "breach_p2": 0.15789473684210525, "breach_p3": 0.0, "breach_p4": 0.0, "decisions": 150, "latency_ms_per_decision": 0.014374877015749613, "replans": null, "validator_ok": 1, "runtime_s": 0.002156231552362442}, "atc_eta": {"instance_id": "c12_replay_150_0184", "campus": 12, "size": 150, "track": "replay", "structure": "chain", "phi": 1.0, "eta": 0.8, "m": 0.7, "u_target": null, "u_realized": null, "method": "atc_eta", "seed": 301, "twt": 404.0, "makespan": 71.4606, "mean_flow": 7.927816666666668, "breach_share": 0.02666666666666667, "breach_p1": 0.058823529411764705, "breach_p2": 0.15789473684210525, "breach_p3": 0.0, "breach_p4": 0.0, "decisions": 150, "latency_ms_per_decision": 0.0265157346924146, "replans": null, "validator_ok": 1, "runtime_s": 0.00397736020386219}, "random": {"instance_id": "c12_replay_150_0184", "campus": 12, "size": 150, "track": "replay", "structure": "chain", "phi": 1.0, "eta": 0.8, "m": 0.7, "u_target": null, "u_realized": null, "method": "random", "seed": 301, "twt": 404.0, "makespan": 69.74579999999999, "mean_flow": 7.8503500000000015, "breach_share": 0.02666666666666667, "breach_p1": 0.058823529411764705, "breach_p2": 0.15789473684210525, "breach_p3": 0.0, "breach_p4": 0.0, "decisions": 150, "latency_ms_per_decision": 0.010562123109896978, "replans": null, "validator_ok": 1, "runtime_s": 0.0015843184664845467}, "v2mlp301": {"instance_id": "c12_replay_150_0184", "campus": 12, "size": 150, "track": "replay", "structure": "chain", "phi": 1.0, "eta": 0.8, "m": 0.7, "u_target": null, "u_realized": null, "method": "v2mlp301", "seed": 301, "twt": 404.0, "makespan": 71.4606, "mean_flow": 7.886216666666666, "breach_share": 0.02666666666666667, "breach_p1": 0.058823529411764705, "breach_p2": 0.15789473684210525, "breach_p3": 0.0, "breach_p4": 0.0, "decisions": 150, "latency_ms_per_decision": 0.20999775578578314, "replans": null, "validator_ok": 1, "runtime_s": 0.03149966336786747}, "v2mlp302": {"instance_id": "c12_replay_150_0184", "campus": 12, "size": 150, "track": "replay", "structure": "chain", "phi": 1.0, "eta": 0.8, "m": 0.7, "u_target": null, "u_realized": null, "method": "v2mlp302", "seed": 302, "twt": 404.0, "makespan": 71.4606, "mean_flow": 8.078685333333333, "breach_share": 0.02666666666666667, "breach_p1": 0.058823529411764705, "breach_p2": 0.15789473684210525, "breach_p3": 0.0, "breach_p4": 0.0, "decisions": 150, "latency_ms_per_decision": 0.20855219413836798, "replans": null, "validator_ok": 1, "runtime_s": 0.031282829120755196}, "v2mlp303": {"instance_id": "c12_replay_150_0184", "campus": 12, "size": 150, "track": "replay", "structure": "chain", "phi": 1.0, "eta": 0.8, "m": 0.7, "u_target": null, "u_realized": null, "method": "v2mlp303", "seed": 303, "twt": 404.0, "makespan": 69.74579999999999, "mean_flow": 7.855350000000001, "breach_share": 0.02666666666666667, "breach_p1": 0.058823529411764705, "breach_p2": 0.15789473684210525, "breach_p3": 0.0, "breach_p4": 0.0, "decisions": 150, "latency_ms_per_decision": 0.2089568351705869, "replans": null, "validator_ok": 1, "runtime_s": 0.031343525275588036}, "v2mlp304": {"instance_id": "c12_replay_150_0184", "campus": 12, "size": 150, "track": "replay", "structure": "chain", "phi": 1.0, "eta": 0.8, "m": 0.7, "u_target": null, "u_realized": null, "method": "v2mlp304", "seed": 304, "twt": 404.0, "makespan": 86.8958, "mean_flow": 8.430752, "breach_share": 0.02666666666666667, "breach_p1": 0.058823529411764705, "breach_p2": 0.15789473684210525, "breach_p3": 0.0, "breach_p4": 0.0, "decisions": 150, "latency_ms_per_decision": 0.20607784390449524, "replans": null, "validator_ok": 1, "runtime_s": 0.030911676585674286}, "v2mlp305": {"instance_id": "c12_replay_150_0184", "campus": 12, "size": 150, "track": "replay", "structure": "chain", "phi": 1.0, "eta": 0.8, "m": 0.7, "u_target": null, "u_realized": null, "method": "v2mlp305", "seed": 305, "twt": 432.0, "makespan": 71.4606, "mean_flow": 8.189624, "breach_share": 0.02666666666666667, "breach_p1": 0.058823529411764705, "breach_p2": 0.15789473684210525, "breach_p3": 0.0, "breach_p4": 0.0, "decisions": 150, "latency_ms_per_decision": 0.2064598227540652, "replans": null, "validator_ok": 1, "runtime_s": 0.03096897341310978}, "v2mlp306": {"instance_id": "c12_replay_150_0184", "campus": 12, "size": 150, "track": "replay", "structure": "chain", "phi": 1.0, "eta": 0.8, "m": 0.7, "u_target": null, "u_realized": null, "method": "v2mlp306", "seed": 306, "twt": 404.0, "makespan": 69.74579999999999, "mean_flow": 7.948016666666668, "breach_share": 0.02666666666666667, "breach_p1": 0.058823529411764705, "breach_p2": 0.15789473684210525, "breach_p3": 0.0, "breach_p4": 0.0, "decisions": 150, "latency_ms_per_decision": 0.20811655869086584,