{"config_id": "c12_replay_400_0132__c12_full_eta100_m070", "rows": {"edd": {"instance_id": "c12_replay_400_0132", "campus": 12, "size": 400, "track": "replay", "structure": "full", "phi": null, "eta": 1.0, "m": 0.7, "u_target": null, "u_realized": null, "method": "edd", "seed": 301, "twt": 1305.4, "makespan": 116.72290000000001, "mean_flow": 8.403648, "breach_share": 0.05, "breach_p1": 0.16470588235294117, "breach_p2": 0.11320754716981132, "breach_p3": 0.0, "breach_p4": 0.0, "decisions": 400, "latency_ms_per_decision": 0.02375476760789752, "replans": null, "validator_ok": 1, "runtime_s": 0.009501907043159008}, "wspt": {"instance_id": "c12_replay_400_0132", "campus": 12, "size": 400, "track": "replay", "structure": "full", "phi": null, "eta": 1.0, "m": 0.7, "u_target": null, "u_realized": null, "method": "wspt", "seed": 301, "twt": 1305.4, "makespan": 116.72290000000001, "mean_flow": 8.403648, "breach_share": 0.05, "breach_p1": 0.16470588235294117, "breach_p2": 0.11320754716981132, "breach_p3": 0.0, "breach_p4": 0.0, "decisions": 400, "latency_ms_per_decision": 0.023835243191570044, "replans": null, "validator_ok": 1, "runtime_s": 0.009534097276628017}, "atc": {"instance_id": "c12_replay_400_0132", "campus": 12, "size": 400, "track": "replay", "structure": "full", "phi": null, "eta": 1.0, "m": 0.7, "u_target": null, "u_realized": null, "method": "atc", "seed": 301, "twt": 1305.4, "makespan": 116.72290000000001, "mean_flow": 8.403648, "breach_share": 0.05, "breach_p1": 0.16470588235294117, "breach_p2": 0.11320754716981132, "breach_p3": 0.0, "breach_p4": 0.0, "decisions": 400, "latency_ms_per_decision": 0.026195282116532326, "replans": null, "validator_ok": 1, "runtime_s": 0.01047811284661293}, "pfifo": {"instance_id": "c12_replay_400_0132", "campus": 12, "size": 400, "track": "replay", "structure": "full", "phi": null, "eta": 1.0, "m": 0.7, "u_target": null, "u_realized": null, "method": "pfifo", "seed": 301, "twt": 1305.4, "makespan": 116.72290000000001, "mean_flow": 8.403648, "breach_share": 0.05, "breach_p1": 0.16470588235294117, "breach_p2": 0.11320754716981132, "breach_p3": 0.0, "breach_p4": 0.0, "decisions": 400, "latency_ms_per_decision": 0.023788856342434883, "replans": null, "validator_ok": 1, "runtime_s": 0.009515542536973953}, "mor": {"instance_id": "c12_replay_400_0132", "campus": 12, "size": 400, "track": "replay", "structure": "full", "phi": null, "eta": 1.0, "m": 0.7, "u_target": null, "u_realized": null, "method": "mor", "seed": 301, "twt": 1305.4, "makespan": 116.72290000000001, "mean_flow": 8.403648, "breach_share": 0.05, "breach_p1": 0.16470588235294117, "breach_p2": 0.11320754716981132, "breach_p3": 0.0, "breach_p4": 0.0, "decisions": 400, "latency_ms_per_decision": 0.02311584772542119, "replans": null, "validator_ok": 1, "runtime_s": 0.009246339090168476}, "lfj_atc": {"instance_id": "c12_replay_400_0132", "campus": 12, "size": 400, "track": "replay", "structure": "full", "phi": null, "eta": 1.0, "m": 0.7, "u_target": null, "u_realized": null, "method": "lfj_atc", "seed": 301, "twt": 1305.4, "makespan": 116.72290000000001, "mean_flow": 8.403648, "breach_share": 0.05, "breach_p1": 0.16470588235294117, "breach_p2": 0.11320754716981132, "breach_p3": 0.0, "breach_p4": 0.0, "decisions": 400, "latency_ms_per_decision": 0.027275956235826015, "replans": null, "validator_ok": 1, "runtime_s": 0.010910382494330406}, "atc_eta": {"instance_id": "c12_replay_400_0132", "campus": 12, "size": 400, "track": "replay", "structure": "full", "phi": null, "eta": 1.0, "m": 0.7, "u_target": null, "u_realized": null, "method": "atc_eta", "seed": 301, "twt": 1305.4, "makespan": 116.72290000000001, "mean_flow": 8.403648, "breach_share": 0.05, "breach_p1": 0.16470588235294117, "breach_p2": 0.11320754716981132, "breach_p3": 0.0, "breach_p4": 0.0, "decisions": 400, "latency_ms_per_decision": 0.06602542707696557, "replans": null, "validator_ok": 1, "runtime_s": 0.026410170830786228}, "random": {"instance_id": "c12_replay_400_0132", "campus": 12, "size": 400, "track": "replay", "structure": "full", "phi": null, "eta": 1.0, "m": 0.7, "u_target": null, "u_realized": null, "method": "random", "seed": 301, "twt": 1305.4, "makespan": 116.72290000000001, "mean_flow": 8.403648, "breach_share": 0.05, "breach_p1": 0.16470588235294117, "breach_p2": 0.11320754716981132, "breach_p3": 0.0, "breach_p4": 0.0, "decisions": 400, "latency_ms_per_decision": 0.023612077347934246, "replans": null, "validator_ok": 1, "runtime_s": 0.009444830939173698}, "v2mlp301": {"instance_id": "c12_replay_400_0132", "campus": 12, "size": 400, "track": "replay", "structure": "full", "phi": null, "eta": 1.0, "m": 0.7, "u_target": null, "u_realized": null, "method": "v2mlp301", "seed": 301, "twt": 1305.4, "makespan": 116.72290000000001, "mean_flow": 8.403648, "breach_share": 0.05, "breach_p1": 0.16470588235294117, "breach_p2": 0.11320754716981132, "breach_p3": 0.0, "breach_p4": 0.0, "decisions": 400, "latency_ms_per_decision": 0.5244264262728393, "replans": null, "validator_ok": 1, "runtime_s": 0.20977057050913572}, "v2mlp302": {"instance_id": "c12_replay_400_0132", "campus": 12, "size": 400, "track": "replay", "structure": "full", "phi": null, "eta": 1.0, "m": 0.7, "u_target": null, "u_realized": null, "method": "v2mlp302", "seed": 302, "twt": 1305.4, "makespan": 116.72290000000001, "mean_flow": 8.403648, "breach_share": 0.05, "breach_p1": 0.16470588235294117, "breach_p2": 0.11320754716981132, "breach_p3": 0.0, "breach_p4": 0.0, "decisions": 400, "latency_ms_per_decision": 0.5106945149600506, "replans": null, "validator_ok": 1, "runtime_s": 0.20427780598402023}, "v2mlp303": {"instance_id": "c12_replay_400_0132", "campus": 12, "size": 400, "track": "replay", "structure": "full", "phi": null, "eta": 1.0, "m": 0.7, "u_target": null, "u_realized": null, "method": "v2mlp303", "seed": 303, "twt": 1305.4, "makespan": 116.72290000000001, "mean_flow": 8.403648, "breach_share": 0.05, "breach_p1": 0.16470588235294117, "breach_p2": 0.11320754716981132, "breach_p3": 0.0, "breach_p4": 0.0, "decisions": 400, "latency_ms_per_decision": 0.5259444611147046, "replans": null, "validator_ok": 1, "runtime_s": 0.21037778444588184}, "v2mlp304": {"instance_id": "c12_replay_400_0132", "campus": 12, "size": 400, "track": "replay", "structure": "full", "phi": null, "eta": 1.0, "m": 0.7, "u_target": null, "u_realized": null, "method": "v2mlp304", "seed": 304, "twt": 1305.4, "makespan": 116.72290000000001, "mean_flow": 8.403648, "breach_share": 0.05, "breach_p1": 0.16470588235294117, "breach_p2": 0.11320754716981132, "breach_p3": 0.0, "breach_p4": 0.0, "decisions": 400, "latency_ms_per_decision": 0.5165290273725986, "replans": null, "validator_ok": 1, "runtime_s": 0.20661161094903946}, "v2mlp305": {"instance_id": "c12_replay_400_0132", "campus": 12, "size": 400, "track": "replay", "structure": "full", "phi": null, "eta": 1.0, "m": 0.7, "u_target": null, "u_realized": null, "method": "v2mlp305", "seed": 305, "twt": 1305.4, "makespan": 116.72290000000001, "mean_flow": 8.403648, "breach_share": 0.05, "breach_p1": 0.16470588235294117, "breach_p2": 0.11320754716981132, "breach_p3": 0.0, "breach_p4": 0.0, "decisions": 400, "latency_ms_per_decision": 0.5135010997764766, "replans": null, "validator_ok": 1, "runtime_s": 0.20540043991059065}, "v2mlp306": {"instance_id": "c12_replay_400_0132", "campus": 12, "size": 400, "track": "replay", "structure": "full", "phi": null, "eta": 1.0, "m": 0.7, "u_target": null, "u_realized": null, "method": "v2mlp306", "seed": 306, "twt": 1305.4, "makespan": 116.72290000000001, "mean_flow": 8.403648, "breach_share": 0.05, "breach_p1": 0.16470588235294117, "breach_p2": 0.11320754716981132, "breach_p3": 0.0, "breach_p4": 0.0, "decisions": 400, "latency_ms_per_decision": 0.5199125711806118, "replans": null, "validator_ok": 1, "runtime_s": 0.20796502847224474}, "v2mlp307": {"instance_id": "c12_replay_400_0132", "campus": 12, "size": 400, "track": "replay", "structure": "full", "phi": null, "eta": 1.0, "m": 0.7,