{"config_id": "c12_replay_150_0163__c12_chain_phi100_eta100_m070", "rows": {"edd": {"instance_id": "c12_replay_150_0163", "campus": 12, "size": 150, "track": "replay", "structure": "chain", "phi": 1.0, "eta": 1.0, "m": 0.7, "u_target": null, "u_realized": null, "method": "edd", "seed": 301, "twt": 92.0, "makespan": 43.0, "mean_flow": 2.7133333333333334, "breach_share": 0.013333333333333334, "breach_p1": 0.030303030303030304, "breach_p2": 0.03225806451612903, "breach_p3": 0.0, "breach_p4": 0.0, "decisions": 150, "latency_ms_per_decision": 0.016554755469163258, "replans": null, "validator_ok": 1, "runtime_s": 0.002483213320374489}, "wspt": {"instance_id": "c12_replay_150_0163", "campus": 12, "size": 150, "track": "replay", "structure": "chain", "phi": 1.0, "eta": 1.0, "m": 0.7, "u_target": null, "u_realized": null, "method": "wspt", "seed": 301, "twt": 92.0, "makespan": 43.0, "mean_flow": 2.7133333333333334, "breach_share": 0.013333333333333334, "breach_p1": 0.030303030303030304, "breach_p2": 0.03225806451612903, "breach_p3": 0.0, "breach_p4": 0.0, "decisions": 150, "latency_ms_per_decision": 0.01596810296177864, "replans": null, "validator_ok": 1, "runtime_s": 0.002395215444266796}, "atc": {"instance_id": "c12_replay_150_0163", "campus": 12, "size": 150, "track": "replay", "structure": "chain", "phi": 1.0, "eta": 1.0, "m": 0.7, "u_target": null, "u_realized": null, "method": "atc", "seed": 301, "twt": 92.0, "makespan": 43.0, "mean_flow": 2.7133333333333334, "breach_share": 0.013333333333333334, "breach_p1": 0.030303030303030304, "breach_p2": 0.03225806451612903, "breach_p3": 0.0, "breach_p4": 0.0, "decisions": 150, "latency_ms_per_decision": 0.019343886524438858, "replans": null, "validator_ok": 1, "runtime_s": 0.0029015829786658287}, "pfifo": {"instance_id": "c12_replay_150_0163", "campus": 12, "size": 150, "track": "replay", "structure": "chain", "phi": 1.0, "eta": 1.0, "m": 0.7, "u_target": null, "u_realized": null, "method": "pfifo", "seed": 301, "twt": 92.0, "makespan": 43.0, "mean_flow": 2.7133333333333334, "breach_share": 0.013333333333333334, "breach_p1": 0.030303030303030304, "breach_p2": 0.03225806451612903, "breach_p3": 0.0, "breach_p4": 0.0, "decisions": 150, "latency_ms_per_decision": 0.016056100527445476, "replans": null, "validator_ok": 1, "runtime_s": 0.0024084150791168213}, "mor": {"instance_id": "c12_replay_150_0163", "campus": 12, "size": 150, "track": "replay", "structure": "chain", "phi": 1.0, "eta": 1.0, "m": 0.7, "u_target": null, "u_realized": null, "method": "mor", "seed": 301, "twt": 92.0, "makespan": 43.0, "mean_flow": 2.7133333333333334, "breach_share": 0.013333333333333334, "breach_p1": 0.030303030303030304, "breach_p2": 0.03225806451612903, "breach_p3": 0.0, "breach_p4": 0.0, "decisions": 150, "latency_ms_per_decision": 0.015666062633196514, "replans": null, "validator_ok": 1, "runtime_s": 0.002349909394979477}, "lfj_atc": {"instance_id": "c12_replay_150_0163", "campus": 12, "size": 150, "track": "replay", "structure": "chain", "phi": 1.0, "eta": 1.0, "m": 0.7, "u_target": null, "u_realized": null, "method": "lfj_atc", "seed": 301, "twt": 92.0, "makespan": 43.0, "mean_flow": 2.7133333333333334, "breach_share": 0.013333333333333334, "breach_p1": 0.030303030303030304, "breach_p2": 0.03225806451612903, "breach_p3": 0.0, "breach_p4": 0.0, "decisions": 150, "latency_ms_per_decision": 0.020846656213204067, "replans": null, "validator_ok": 1, "runtime_s": 0.00312699843198061}, "atc_eta": {"instance_id": "c12_replay_150_0163", "campus": 12, "size": 150, "track": "replay", "structure": "chain", "phi": 1.0, "eta": 1.0, "m": 0.7, "u_target": null, "u_realized": null, "method": "atc_eta", "seed": 301, "twt": 92.0, "makespan": 43.0, "mean_flow": 2.7133333333333334, "breach_share": 0.013333333333333334, "breach_p1": 0.030303030303030304, "breach_p2": 0.03225806451612903, "breach_p3": 0.0, "breach_p4": 0.0, "decisions": 150, "latency_ms_per_decision": 0.04512845228115717, "replans": null, "validator_ok": 1, "runtime_s": 0.006769267842173576}, "random": {"instance_id": "c12_replay_150_0163", "campus": 12, "size": 150, "track": "replay", "structure": "chain", "phi": 1.0, "eta": 1.0, "m": 0.7, "u_target": null, "u_realized": null, "method": "random", "seed": 301, "twt": 92.0, "makespan": 43.0, "mean_flow": 2.7133333333333334, "breach_share": 0.013333333333333334, "breach_p1": 0.030303030303030304, "breach_p2": 0.03225806451612903, "breach_p3": 0.0, "breach_p4": 0.0, "decisions": 150, "latency_ms_per_decision": 0.015081396947304407, "replans": null, "validator_ok": 1, "runtime_s": 0.002262209542095661}, "v2mlp301": {"instance_id": "c12_replay_150_0163", "campus": 12, "size": 150, "track": "replay", "structure": "chain", "phi": 1.0, "eta": 1.0, "m": 0.7, "u_target": null, "u_realized": null, "method": "v2mlp301", "seed": 301, "twt": 92.0, "makespan": 43.0, "mean_flow": 2.7133333333333334, "breach_share": 0.013333333333333334, "breach_p1": 0.030303030303030304, "breach_p2": 0.03225806451612903, "breach_p3": 0.0, "breach_p4": 0.0, "decisions": 150, "latency_ms_per_decision": 0.3416101386149724, "replans": null, "validator_ok": 1, "runtime_s": 0.051241520792245865}, "v2mlp302": {"instance_id": "c12_replay_150_0163", "campus": 12, "size": 150, "track": "replay", "structure": "chain", "phi": 1.0, "eta": 1.0, "m": 0.7, "u_target": null, "u_realized": null, "method": "v2mlp302", "seed": 302, "twt": 92.0, "makespan": 43.0, "mean_flow": 2.7133333333333334, "breach_share": 0.013333333333333334, "breach_p1": 0.030303030303030304, "breach_p2": 0.03225806451612903, "breach_p3": 0.0, "breach_p4": 0.0, "decisions": 150, "latency_ms_per_decision": 0.3375690182050069, "replans": null, "validator_ok": 1, "runtime_s": 0.05063535273075104}, "v2mlp303": {"instance_id": "c12_replay_150_0163", "campus": 12, "size": 150, "track": "replay", "structure": "chain", "phi": 1.0, "eta": 1.0, "m": 0.7, "u_target": null, "u_realized": null, "method": "v2mlp303", "seed": 303, "twt": 92.0, "makespan": 43.0, "mean_flow": 2.7133333333333334, "breach_share": 0.013333333333333334, "breach_p1": 0.030303030303030304, "breach_p2": 0.03225806451612903, "breach_p3": 0.0, "breach_p4": 0.0, "decisions": 150, "latency_ms_per_decision": 0.33469824741284054, "replans": null, "validator_ok": 1, "runtime_s": 0.05020473711192608}, "v2mlp304": {"instance_id": "c12_replay_150_0163", "campus": 12, "size": 150, "track": "replay", "structure": "chain", "phi": 1.0, "eta": 1.0, "m": 0.7, "u_target": null, "u_realized": null, "method": "v2mlp304", "seed": 304, "twt": 92.0, "makespan": 43.0, "mean_flow": 2.7133333333333334, "breach_share": 0.013333333333333334, "breach_p1": 0.030303030303030304, "breach_p2": 0.03225806451612903, "breach_p3": 0.0, "breach_p4": 0.0, "decisions": 150, "latency_ms_per_decision": 0.33629629760980606, "replans": null, "validator_ok": 1, "runtime_s": 0.05044444464147091}, "v2mlp305": {"instance_id": "c12_replay_150_0163", "campus": 12, "size": 150, "track": "replay", "structure": "chain", "phi": 1.0, "eta": 1.0, "m": 0.7, "u_target": null, "u_realized": null, "method": "v2mlp305", "seed": 305, "twt": 92.0, "makespan": 43.0, "mean_flow": 2.7133333333333334, "breach_share": 0.013333333333333334, "breach_p1": 0.030303030303030304, "breach_p2": 0.03225806451612903, "breach_p3": 0.0, "breach_p4": 0.0, "decisions": 150, "latency_ms_per_decision": 0.3351527328292529, "replans": null, "validator_ok": 1, "runtime_s": 0.05027290992438793}, "v2mlp306": {"instance_id": "c12_replay_150_0163", "campus": 12, "size": 150, "track": "replay", "structure": "chain", "phi": 1.0, "eta": 1.0, "m": 0.7, "u_target": null, "u_realized": null, "method": "v2mlp306", "seed": 306, "twt": 92.0, "makespan": 43.0, "mean_flow": 2.7133333333333334, "breach_share": 0.013333333333333334, "breach_p1": 0.030303030303030304, "breach_p2": 0.03225806451612903, "breach_p3": 0.0, "breach_p4": 0.0, "decisions": 150, "latency_ms_per_decision": 0.32277065018812817, "replans": null, "validator_ok": 1,