{"config_id": "c12_replay_400_0113__c12_chain_phi100_eta080_m070", "rows": {"edd": {"instance_id": "c12_replay_400_0113", "campus": 12, "size": 400, "track": "replay", "structure": "chain", "phi": 1.0, "eta": 0.8, "m": 0.7, "u_target": null, "u_realized": null, "method": "edd", "seed": 301, "twt": 1161.2496, "makespan": 102.577, "mean_flow": 7.174302, "breach_share": 0.025, "breach_p1": 0.125, "breach_p2": 0.02040816326530612, "breach_p3": 0.022727272727272728, "breach_p4": 0.0, "decisions": 400, "latency_ms_per_decision": 0.012868284247815609, "replans": null, "validator_ok": 1, "runtime_s": 0.005147313699126244}, "wspt": {"instance_id": "c12_replay_400_0113", "campus": 12, "size": 400, "track": "replay", "structure": "chain", "phi": 1.0, "eta": 0.8, "m": 0.7, "u_target": null, "u_realized": null, "method": "wspt", "seed": 301, "twt": 1161.2496, "makespan": 102.577, "mean_flow": 7.204622, "breach_share": 0.025, "breach_p1": 0.125, "breach_p2": 0.02040816326530612, "breach_p3": 0.022727272727272728, "breach_p4": 0.0, "decisions": 400, "latency_ms_per_decision": 0.013063421938568354, "replans": null, "validator_ok": 1, "runtime_s": 0.0052253687754273415}, "atc": {"instance_id": "c12_replay_400_0113", "campus": 12, "size": 400, "track": "replay", "structure": "chain", "phi": 1.0, "eta": 0.8, "m": 0.7, "u_target": null, "u_realized": null, "method": "atc", "seed": 301, "twt": 1161.2496, "makespan": 102.577, "mean_flow": 7.204622, "breach_share": 0.025, "breach_p1": 0.125, "breach_p2": 0.02040816326530612, "breach_p3": 0.022727272727272728, "breach_p4": 0.0, "decisions": 400, "latency_ms_per_decision": 0.016101626679301262, "replans": null, "validator_ok": 1, "runtime_s": 0.006440650671720505}, "pfifo": {"instance_id": "c12_replay_400_0113", "campus": 12, "size": 400, "track": "replay", "structure": "chain", "phi": 1.0, "eta": 0.8, "m": 0.7, "u_target": null, "u_realized": null, "method": "pfifo", "seed": 301, "twt": 1161.2496, "makespan": 102.577, "mean_flow": 7.174302, "breach_share": 0.025, "breach_p1": 0.125, "breach_p2": 0.02040816326530612, "breach_p3": 0.022727272727272728, "breach_p4": 0.0, "decisions": 400, "latency_ms_per_decision": 0.01317639835178852, "replans": null, "validator_ok": 1, "runtime_s": 0.005270559340715408}, "mor": {"instance_id": "c12_replay_400_0113", "campus": 12, "size": 400, "track": "replay", "structure": "chain", "phi": 1.0, "eta": 0.8, "m": 0.7, "u_target": null, "u_realized": null, "method": "mor", "seed": 301, "twt": 1161.2496, "makespan": 102.577, "mean_flow": 7.172927, "breach_share": 0.025, "breach_p1": 0.125, "breach_p2": 0.02040816326530612, "breach_p3": 0.022727272727272728, "breach_p4": 0.0, "decisions": 400, "latency_ms_per_decision": 0.012794805224984884, "replans": null, "validator_ok": 1, "runtime_s": 0.005117922089993954}, "lfj_atc": {"instance_id": "c12_replay_400_0113", "campus": 12, "size": 400, "track": "replay", "structure": "chain", "phi": 1.0, "eta": 0.8, "m": 0.7, "u_target": null, "u_realized": null, "method": "lfj_atc", "seed": 301, "twt": 1161.2496, "makespan": 102.577, "mean_flow": 7.204622, "breach_share": 0.025, "breach_p1": 0.125, "breach_p2": 0.02040816326530612, "breach_p3": 0.022727272727272728, "breach_p4": 0.0, "decisions": 400, "latency_ms_per_decision": 0.017708938103169203, "replans": null, "validator_ok": 1, "runtime_s": 0.007083575241267681}, "atc_eta": {"instance_id": "c12_replay_400_0113", "campus": 12, "size": 400, "track": "replay", "structure": "chain", "phi": 1.0, "eta": 0.8, "m": 0.7, "u_target": null, "u_realized": null, "method": "atc_eta", "seed": 301, "twt": 1161.2496, "makespan": 102.577, "mean_flow": 7.204622, "breach_share": 0.025, "breach_p1": 0.125, "breach_p2": 0.02040816326530612, "breach_p3": 0.022727272727272728, "breach_p4": 0.0, "decisions": 400, "latency_ms_per_decision": 0.03407204058021307, "replans": null, "validator_ok": 1, "runtime_s": 0.013628816232085228}, "random": {"instance_id": "c12_replay_400_0113", "campus": 12, "size": 400, "track": "replay", "structure": "chain", "phi": 1.0, "eta": 0.8, "m": 0.7, "u_target": null, "u_realized": null, "method": "random", "seed": 301, "twt": 1161.2496, "makespan": 102.577, "mean_flow": 7.179324750000001, "breach_share": 0.025, "breach_p1": 0.125, "breach_p2": 0.02040816326530612, "breach_p3": 0.022727272727272728, "breach_p4": 0.0, "decisions": 400, "latency_ms_per_decision": 0.012361423578113317, "replans": null, "validator_ok": 1, "runtime_s": 0.004944569431245327}, "v2mlp301": {"instance_id": "c12_replay_400_0113", "campus": 12, "size": 400, "track": "replay", "structure": "chain", "phi": 1.0, "eta": 0.8, "m": 0.7, "u_target": null, "u_realized": null, "method": "v2mlp301", "seed": 301, "twt": 1161.2496, "makespan": 102.577, "mean_flow": 7.295299749999999, "breach_share": 0.025, "breach_p1": 0.125, "breach_p2": 0.02040816326530612, "breach_p3": 0.022727272727272728, "breach_p4": 0.0, "decisions": 400, "latency_ms_per_decision": 0.3134229429997504, "replans": null, "validator_ok": 1, "runtime_s": 0.12536917719990015}, "v2mlp302": {"instance_id": "c12_replay_400_0113", "campus": 12, "size": 400, "track": "replay", "structure": "chain", "phi": 1.0, "eta": 0.8, "m": 0.7, "u_target": null, "u_realized": null, "method": "v2mlp302", "seed": 302, "twt": 1161.2496, "makespan": 102.577, "mean_flow": 7.1885270000000006, "breach_share": 0.025, "breach_p1": 0.125, "breach_p2": 0.02040816326530612, "breach_p3": 0.022727272727272728, "breach_p4": 0.0, "decisions": 400, "latency_ms_per_decision": 0.30967971542850137, "replans": null, "validator_ok": 1, "runtime_s": 0.12387188617140055}, "v2mlp303": {"instance_id": "c12_replay_400_0113", "campus": 12, "size": 400, "track": "replay", "structure": "chain", "phi": 1.0, "eta": 0.8, "m": 0.7, "u_target": null, "u_realized": null, "method": "v2mlp303", "seed": 303, "twt": 1161.2496, "makespan": 102.577, "mean_flow": 7.2617985, "breach_share": 0.025, "breach_p1": 0.125, "breach_p2": 0.02040816326530612, "breach_p3": 0.022727272727272728, "breach_p4": 0.0, "decisions": 400, "latency_ms_per_decision": 0.3116625710390508, "replans": null, "validator_ok": 1, "runtime_s": 0.12466502841562033}, "v2mlp304": {"instance_id": "c12_replay_400_0113", "campus": 12, "size": 400, "track": "replay", "structure": "chain", "phi": 1.0, "eta": 0.8, "m": 0.7, "u_target": null, "u_realized": null, "method": "v2mlp304", "seed": 304, "twt": 1161.2496, "makespan": 102.577, "mean_flow": 7.329473499999999, "breach_share": 0.025, "breach_p1": 0.125, "breach_p2": 0.02040816326530612, "breach_p3": 0.022727272727272728, "breach_p4": 0.0, "decisions": 400, "latency_ms_per_decision": 0.31191878020763397, "replans": null, "validator_ok": 1, "runtime_s": 0.12476751208305359}, "v2mlp305": {"instance_id": "c12_replay_400_0113", "campus": 12, "size": 400, "track": "replay", "structure": "chain", "phi": 1.0, "eta": 0.8, "m": 0.7, "u_target": null, "u_realized": null, "method": "v2mlp305", "seed": 305, "twt": 1193.2496, "makespan": 102.577, "mean_flow": 7.22159975, "breach_share": 0.025, "breach_p1": 0.125, "breach_p2": 0.02040816326530612, "breach_p3": 0.022727272727272728, "breach_p4": 0.0, "decisions": 400, "latency_ms_per_decision": 0.30965700512751937, "replans": null, "validator_ok": 1, "runtime_s": 0.12386280205100775}, "v2mlp306": {"instance_id": "c12_replay_400_0113", "campus": 12, "size": 400, "track": "replay", "structure": "chain", "phi": 1.0, "eta": 0.8, "m": 0.7, "u_target": null, "u_realized": null, "method": "v2mlp306", "seed": 306, "twt": 1161.2496, "makespan": 102.577, "mean_flow": 7.2562235, "breach_share": 0.025, "breach_p1": 0.125, "breach_p2": 0.02040816326530612, "breach_p3": 0.022727272727272728, "breach_p4": 0.0, "decisions": 400, "latency_ms_per_decision": 0.3110248036682606, "replans": null, "validator_ok": 1, "runtime_s": 0.12440992146730423}, "v2mlp307": {"instance_id": "c12_replay_400_0113", "campus": 12, "size": 400, "track": "replay", "structure": "chain", "phi": 1.0, "eta": 0.8, "m": 0.7,