{"config_id": "c09_replay_150_0128__c09_l0_eta100_m060", "rows": {"edd": {"instance_id": "c09_replay_150_0128", "campus": 9, "size": 150, "track": "replay", "structure": "dedicated", "phi": null, "eta": 1.0, "m": 0.6, "u_target": null, "u_realized": null, "method": "edd", "seed": 301, "twt": 379.4592, "makespan": 114.8648, "mean_flow": 5.119630666666666, "breach_share": 0.013333333333333334, "breach_p1": 0.3333333333333333, "breach_p2": 0.02702702702702703, "breach_p3": null, "breach_p4": 0.0, "decisions": 150, "latency_ms_per_decision": 0.029283352196216583, "replans": null, "validator_ok": 1, "runtime_s": 0.0043925028294324875}, "wspt": {"instance_id": "c09_replay_150_0128", "campus": 9, "size": 150, "track": "replay", "structure": "dedicated", "phi": null, "eta": 1.0, "m": 0.6, "u_target": null, "u_realized": null, "method": "wspt", "seed": 301, "twt": 379.4592, "makespan": 114.8648, "mean_flow": 4.9949639999999995, "breach_share": 0.013333333333333334, "breach_p1": 0.3333333333333333, "breach_p2": 0.02702702702702703, "breach_p3": null, "breach_p4": 0.0, "decisions": 150, "latency_ms_per_decision": 0.0089234858751297, "replans": null, "validator_ok": 1, "runtime_s": 0.001338522881269455}, "atc": {"instance_id": "c09_replay_150_0128", "campus": 9, "size": 150, "track": "replay", "structure": "dedicated", "phi": null, "eta": 1.0, "m": 0.6, "u_target": null, "u_realized": null, "method": "atc", "seed": 301, "twt": 379.4592, "makespan": 114.8648, "mean_flow": 5.009964, "breach_share": 0.013333333333333334, "breach_p1": 0.3333333333333333, "breach_p2": 0.02702702702702703, "breach_p3": null, "breach_p4": 0.0, "decisions": 150, "latency_ms_per_decision": 0.05220082588493824, "replans": null, "validator_ok": 1, "runtime_s": 0.007830123882740736}, "pfifo": {"instance_id": "c09_replay_150_0128", "campus": 9, "size": 150, "track": "replay", "structure": "dedicated", "phi": null, "eta": 1.0, "m": 0.6, "u_target": null, "u_realized": null, "method": "pfifo", "seed": 301, "twt": 379.4592, "makespan": 114.8648, "mean_flow": 5.119630666666666, "breach_share": 0.013333333333333334, "breach_p1": 0.3333333333333333, "breach_p2": 0.02702702702702703, "breach_p3": null, "breach_p4": 0.0, "decisions": 150, "latency_ms_per_decision": 0.03666343788305918, "replans": null, "validator_ok": 1, "runtime_s": 0.0054995156824588776}, "mor": {"instance_id": "c09_replay_150_0128", "campus": 9, "size": 150, "track": "replay", "structure": "dedicated", "phi": null, "eta": 1.0, "m": 0.6, "u_target": null, "u_realized": null, "method": "mor", "seed": 301, "twt": 379.4592, "makespan": 114.8648, "mean_flow": 5.206630666666666, "breach_share": 0.013333333333333334, "breach_p1": 0.3333333333333333, "breach_p2": 0.02702702702702703, "breach_p3": null, "breach_p4": 0.0, "decisions": 150, "latency_ms_per_decision": 0.008955573042233786, "replans": null, "validator_ok": 1, "runtime_s": 0.0013433359563350677}, "lfj_atc": {"instance_id": "c09_replay_150_0128", "campus": 9, "size": 150, "track": "replay", "structure": "dedicated", "phi": null, "eta": 1.0, "m": 0.6, "u_target": null, "u_realized": null, "method": "lfj_atc", "seed": 301, "twt": 379.4592, "makespan": 114.8648, "mean_flow": 5.009964, "breach_share": 0.013333333333333334, "breach_p1": 0.3333333333333333, "breach_p2": 0.02702702702702703, "breach_p3": null, "breach_p4": 0.0, "decisions": 150, "latency_ms_per_decision": 0.033542908107241, "replans": null, "validator_ok": 1, "runtime_s": 0.005031436216086149}, "atc_eta": {"instance_id": "c09_replay_150_0128", "campus": 9, "size": 150, "track": "replay", "structure": "dedicated", "phi": null, "eta": 1.0, "m": 0.6, "u_target": null, "u_realized": null, "method": "atc_eta", "seed": 301, "twt": 379.4592, "makespan": 114.8648, "mean_flow": 5.009964, "breach_share": 0.013333333333333334, "breach_p1": 0.3333333333333333, "breach_p2": 0.02702702702702703, "breach_p3": null, "breach_p4": 0.0, "decisions": 150, "latency_ms_per_decision": 0.059855744863549866, "replans": null, "validator_ok": 1, "runtime_s": 0.00897836172953248}, "random": {"instance_id": "c09_replay_150_0128", "campus": 9, "size": 150, "track": "replay", "structure": "dedicated", "phi": null, "eta": 1.0, "m": 0.6, "u_target": null, "u_realized": null, "method": "random", "seed": 301, "twt": 379.4592, "makespan": 114.8648, "mean_flow": 5.029630666666667, "breach_share": 0.013333333333333334, "breach_p1": 0.3333333333333333, "breach_p2": 0.02702702702702703, "breach_p3": null, "breach_p4": 0.0, "decisions": 150, "latency_ms_per_decision": 0.04871381136278311, "replans": null, "validator_ok": 1, "runtime_s": 0.007307071704417467}, "v2mlp301": {"instance_id": "c09_replay_150_0128", "campus": 9, "size": 150, "track": "replay", "structure": "dedicated", "phi": null, "eta": 1.0, "m": 0.6, "u_target": null, "u_realized": null, "method": "v2mlp301", "seed": 301, "twt": 379.4592, "makespan": 114.8648, "mean_flow": 5.018297333333333, "breach_share": 0.013333333333333334, "breach_p1": 0.3333333333333333, "breach_p2": 0.02702702702702703, "breach_p3": null, "breach_p4": 0.0, "decisions": 150, "latency_ms_per_decision": 0.16581772516171137, "replans": null, "validator_ok": 1, "runtime_s": 0.024872658774256706}, "v2mlp302": {"instance_id": "c09_replay_150_0128", "campus": 9, "size": 150, "track": "replay", "structure": "dedicated", "phi": null, "eta": 1.0, "m": 0.6, "u_target": null, "u_realized": null, "method": "v2mlp302", "seed": 302, "twt": 379.4592, "makespan": 114.8648, "mean_flow": 5.193297333333334, "breach_share": 0.013333333333333334, "breach_p1": 0.3333333333333333, "breach_p2": 0.02702702702702703, "breach_p3": null, "breach_p4": 0.0, "decisions": 150, "latency_ms_per_decision": 0.16461126816769442, "replans": null, "validator_ok": 1, "runtime_s": 0.02469169022515416}, "v2mlp303": {"instance_id": "c09_replay_150_0128", "campus": 9, "size": 150, "track": "replay", "structure": "dedicated", "phi": null, "eta": 1.0, "m": 0.6, "u_target": null, "u_realized": null, "method": "v2mlp303", "seed": 303, "twt": 379.4592, "makespan": 114.8648, "mean_flow": 5.151630666666667, "breach_share": 0.013333333333333334, "breach_p1": 0.3333333333333333, "breach_p2": 0.02702702702702703, "breach_p3": null, "breach_p4": 0.0, "decisions": 150, "latency_ms_per_decision": 0.15752545247475305, "replans": null, "validator_ok": 1, "runtime_s": 0.02362881787121296}, "v2mlp304": {"instance_id": "c09_replay_150_0128", "campus": 9, "size": 150, "track": "replay", "structure": "dedicated", "phi": null, "eta": 1.0, "m": 0.6, "u_target": null, "u_realized": null, "method": "v2mlp304", "seed": 304, "twt": 379.4592, "makespan": 114.8648, "mean_flow": 5.151297333333333, "breach_share": 0.013333333333333334, "breach_p1": 0.3333333333333333, "breach_p2": 0.02702702702702703, "breach_p3": null, "breach_p4": 0.0, "decisions": 150, "latency_ms_per_decision": 0.15548471361398697, "replans": null, "validator_ok": 1, "runtime_s": 0.023322707042098045}, "v2mlp305": {"instance_id": "c09_replay_150_0128", "campus": 9, "size": 150, "track": "replay", "structure": "dedicated", "phi": null, "eta": 1.0, "m": 0.6, "u_target": null, "u_realized": null, "method": "v2mlp305", "seed": 305, "twt": 379.4592, "makespan": 114.8648, "mean_flow": 5.009964000000001, "breach_share": 0.013333333333333334, "breach_p1": 0.3333333333333333, "breach_p2": 0.02702702702702703, "breach_p3": null, "breach_p4": 0.0, "decisions": 150, "latency_ms_per_decision": 0.15567132271826267, "replans": null, "validator_ok": 1, "runtime_s": 0.0233506984077394}, "v2mlp306": {"instance_id": "c09_replay_150_0128", "campus": 9, "size": 150, "track": "replay", "structure": "dedicated", "phi": null, "eta": 1.0, "m": 0.6, "u_target": null, "u_realized": null, "method": "v2mlp306", "seed": 306, "twt": 379.4592, "makespan": 114.8648, "mean_flow": 5.156630666666667, "breach_share": 0.013333333333333334, "breach_p1": 0.3333333333333333, "breach_p2": 0.02702702702702703, "breach_p3": null, "breach_p4": 0.0, "decisions": 150,