{"config_id": "c09_replay_150_0134__c09_l0_eta100_m060", "rows": {"edd": {"instance_id": "c09_replay_150_0134", "campus": 9, "size": 150, "track": "replay", "structure": "dedicated", "phi": null, "eta": 1.0, "m": 0.6, "u_target": null, "u_realized": null, "method": "edd", "seed": 301, "twt": 116.73320000000001, "makespan": 61.0, "mean_flow": 4.022332666666666, "breach_share": 0.02, "breach_p1": 0.09090909090909091, "breach_p2": 0.04878048780487805, "breach_p3": null, "breach_p4": 0.0, "decisions": 150, "latency_ms_per_decision": 0.020625305672486622, "replans": null, "validator_ok": 1, "runtime_s": 0.0030937958508729935}, "wspt": {"instance_id": "c09_replay_150_0134", "campus": 9, "size": 150, "track": "replay", "structure": "dedicated", "phi": null, "eta": 1.0, "m": 0.6, "u_target": null, "u_realized": null, "method": "wspt", "seed": 301, "twt": 116.73320000000001, "makespan": 61.0, "mean_flow": 3.9813326666666664, "breach_share": 0.02, "breach_p1": 0.09090909090909091, "breach_p2": 0.04878048780487805, "breach_p3": null, "breach_p4": 0.0, "decisions": 150, "latency_ms_per_decision": 0.006455499678850174, "replans": null, "validator_ok": 1, "runtime_s": 0.0009683249518275261}, "atc": {"instance_id": "c09_replay_150_0134", "campus": 9, "size": 150, "track": "replay", "structure": "dedicated", "phi": null, "eta": 1.0, "m": 0.6, "u_target": null, "u_realized": null, "method": "atc", "seed": 301, "twt": 116.73320000000001, "makespan": 61.0, "mean_flow": 3.9813326666666664, "breach_share": 0.02, "breach_p1": 0.09090909090909091, "breach_p2": 0.04878048780487805, "breach_p3": null, "breach_p4": 0.0, "decisions": 150, "latency_ms_per_decision": 0.09518277831375599, "replans": null, "validator_ok": 1, "runtime_s": 0.014277416747063398}, "pfifo": {"instance_id": "c09_replay_150_0134", "campus": 9, "size": 150, "track": "replay", "structure": "dedicated", "phi": null, "eta": 1.0, "m": 0.6, "u_target": null, "u_realized": null, "method": "pfifo", "seed": 301, "twt": 116.73320000000001, "makespan": 61.0, "mean_flow": 4.022332666666666, "breach_share": 0.02, "breach_p1": 0.09090909090909091, "breach_p2": 0.04878048780487805, "breach_p3": null, "breach_p4": 0.0, "decisions": 150, "latency_ms_per_decision": 0.006707226857542992, "replans": null, "validator_ok": 1, "runtime_s": 0.0010060840286314487}, "mor": {"instance_id": "c09_replay_150_0134", "campus": 9, "size": 150, "track": "replay", "structure": "dedicated", "phi": null, "eta": 1.0, "m": 0.6, "u_target": null, "u_realized": null, "method": "mor", "seed": 301, "twt": 466.7332, "makespan": 61.0, "mean_flow": 4.366887999999999, "breach_share": 0.02666666666666667, "breach_p1": 0.18181818181818182, "breach_p2": 0.04878048780487805, "breach_p3": null, "breach_p4": 0.0, "decisions": 150, "latency_ms_per_decision": 0.00623163456718127, "replans": null, "validator_ok": 1, "runtime_s": 0.0009347451850771904}, "lfj_atc": {"instance_id": "c09_replay_150_0134", "campus": 9, "size": 150, "track": "replay", "structure": "dedicated", "phi": null, "eta": 1.0, "m": 0.6, "u_target": null, "u_realized": null, "method": "lfj_atc", "seed": 301, "twt": 116.73320000000001, "makespan": 61.0, "mean_flow": 3.9813326666666664, "breach_share": 0.02, "breach_p1": 0.09090909090909091, "breach_p2": 0.04878048780487805, "breach_p3": null, "breach_p4": 0.0, "decisions": 150, "latency_ms_per_decision": 0.08955297370751698, "replans": null, "validator_ok": 1, "runtime_s": 0.013432946056127548}, "atc_eta": {"instance_id": "c09_replay_150_0134", "campus": 9, "size": 150, "track": "replay", "structure": "dedicated", "phi": null, "eta": 1.0, "m": 0.6, "u_target": null, "u_realized": null, "method": "atc_eta", "seed": 301, "twt": 116.73320000000001, "makespan": 61.0, "mean_flow": 3.9813326666666664, "breach_share": 0.02, "breach_p1": 0.09090909090909091, "breach_p2": 0.04878048780487805, "breach_p3": null, "breach_p4": 0.0, "decisions": 150, "latency_ms_per_decision": 0.09460533348222573, "replans": null, "validator_ok": 1, "runtime_s": 0.01419080002233386}, "random": {"instance_id": "c09_replay_150_0134", "campus": 9, "size": 150, "track": "replay", "structure": "dedicated", "phi": null, "eta": 1.0, "m": 0.6, "u_target": null, "u_realized": null, "method": "random", "seed": 301, "twt": 456.0, "makespan": 61.0, "mean_flow": 4.295888, "breach_share": 0.02, "breach_p1": 0.18181818181818182, "breach_p2": 0.024390243902439025, "breach_p3": null, "breach_p4": 0.0, "decisions": 150, "latency_ms_per_decision": 0.00621483971675237, "replans": null, "validator_ok": 1, "runtime_s": 0.0009322259575128555}, "v2mlp301": {"instance_id": "c09_replay_150_0134", "campus": 9, "size": 150, "track": "replay", "structure": "dedicated", "phi": null, "eta": 1.0, "m": 0.6, "u_target": null, "u_realized": null, "method": "v2mlp301", "seed": 301, "twt": 464.7332, "makespan": 61.0, "mean_flow": 4.261332666666666, "breach_share": 0.02666666666666667, "breach_p1": 0.18181818181818182, "breach_p2": 0.04878048780487805, "breach_p3": null, "breach_p4": 0.0, "decisions": 150, "latency_ms_per_decision": 0.5208390454451243, "replans": null, "validator_ok": 1, "runtime_s": 0.07812585681676865}, "v2mlp302": {"instance_id": "c09_replay_150_0134", "campus": 9, "size": 150, "track": "replay", "structure": "dedicated", "phi": null, "eta": 1.0, "m": 0.6, "u_target": null, "u_realized": null, "method": "v2mlp302", "seed": 302, "twt": 116.73320000000001, "makespan": 61.0, "mean_flow": 4.002332666666666, "breach_share": 0.02, "breach_p1": 0.09090909090909091, "breach_p2": 0.04878048780487805, "breach_p3": null, "breach_p4": 0.0, "decisions": 150, "latency_ms_per_decision": 0.46891086734831333, "replans": null, "validator_ok": 1, "runtime_s": 0.070336630102247}, "v2mlp303": {"instance_id": "c09_replay_150_0134", "campus": 9, "size": 150, "track": "replay", "structure": "dedicated", "phi": null, "eta": 1.0, "m": 0.6, "u_target": null, "u_realized": null, "method": "v2mlp303", "seed": 303, "twt": 116.73320000000001, "makespan": 61.0, "mean_flow": 4.082332666666666, "breach_share": 0.02, "breach_p1": 0.09090909090909091, "breach_p2": 0.04878048780487805, "breach_p3": null, "breach_p4": 0.0, "decisions": 150, "latency_ms_per_decision": 0.21717900720735392, "replans": null, "validator_ok": 1, "runtime_s": 0.032576851081103086}, "v2mlp304": {"instance_id": "c09_replay_150_0134", "campus": 9, "size": 150, "track": "replay", "structure": "dedicated", "phi": null, "eta": 1.0, "m": 0.6, "u_target": null, "u_realized": null, "method": "v2mlp304", "seed": 304, "twt": 116.73320000000001, "makespan": 61.0, "mean_flow": 4.085666, "breach_share": 0.02, "breach_p1": 0.09090909090909091, "breach_p2": 0.04878048780487805, "breach_p3": null, "breach_p4": 0.0, "decisions": 150, "latency_ms_per_decision": 0.29706861823797226, "replans": null, "validator_ok": 1, "runtime_s": 0.04456029273569584}, "v2mlp305": {"instance_id": "c09_replay_150_0134", "campus": 9, "size": 150, "track": "replay", "structure": "dedicated", "phi": null, "eta": 1.0, "m": 0.6, "u_target": null, "u_realized": null, "method": "v2mlp305", "seed": 305, "twt": 116.73320000000001, "makespan": 61.0, "mean_flow": 3.9813326666666664, "breach_share": 0.02, "breach_p1": 0.09090909090909091, "breach_p2": 0.04878048780487805, "breach_p3": null, "breach_p4": 0.0, "decisions": 150, "latency_ms_per_decision": 0.29404000689586, "replans": null, "validator_ok": 1, "runtime_s": 0.044106001034379005}, "v2mlp306": {"instance_id": "c09_replay_150_0134", "campus": 9, "size": 150, "track": "replay", "structure": "dedicated", "phi": null, "eta": 1.0, "m": 0.6, "u_target": null, "u_realized": null, "method": "v2mlp306", "seed": 306, "twt": 116.73320000000001, "makespan": 61.0, "mean_flow": 4.082332666666666, "breach_share": 0.02, "breach_p1": 0.09090909090909091, "breach_p2": 0.04878048780487805, "breach_p3": null, "breach_p4": 0.0, "decisions": 150, "latency_ms_per_decision": 0.22454654797911644, "replans": null, "validator_ok": 1,