{"config_id": "c10_replay_150_0122__c10_l0_eta100_m100", "rows": {"edd": {"instance_id": "c10_replay_150_0122", "campus": 10, "size": 150, "track": "replay", "structure": "dedicated", "phi": null, "eta": 1.0, "m": 1.0, "u_target": null, "u_realized": null, "method": "edd", "seed": 301, "twt": 23.999999999999986, "makespan": 41.5586, "mean_flow": 2.9261779999999997, "breach_share": 0.006666666666666667, "breach_p1": 0.0, "breach_p2": 0.034482758620689655, "breach_p3": 0.0, "breach_p4": 0.0, "decisions": 150, "latency_ms_per_decision": 0.033114139611522354, "replans": null, "validator_ok": 1, "runtime_s": 0.0049671209417283535}, "wspt": {"instance_id": "c10_replay_150_0122", "campus": 10, "size": 150, "track": "replay", "structure": "dedicated", "phi": null, "eta": 1.0, "m": 1.0, "u_target": null, "u_realized": null, "method": "wspt", "seed": 301, "twt": 23.999999999999986, "makespan": 41.5586, "mean_flow": 2.925352666666667, "breach_share": 0.006666666666666667, "breach_p1": 0.0, "breach_p2": 0.034482758620689655, "breach_p3": 0.0, "breach_p4": 0.0, "decisions": 150, "latency_ms_per_decision": 0.0199685866634051, "replans": null, "validator_ok": 1, "runtime_s": 0.002995287999510765}, "atc": {"instance_id": "c10_replay_150_0122", "campus": 10, "size": 150, "track": "replay", "structure": "dedicated", "phi": null, "eta": 1.0, "m": 1.0, "u_target": null, "u_realized": null, "method": "atc", "seed": 301, "twt": 23.999999999999986, "makespan": 41.5586, "mean_flow": 2.925352666666667, "breach_share": 0.006666666666666667, "breach_p1": 0.0, "breach_p2": 0.034482758620689655, "breach_p3": 0.0, "breach_p4": 0.0, "decisions": 150, "latency_ms_per_decision": 0.04163331973055998, "replans": null, "validator_ok": 1, "runtime_s": 0.006244997959583998}, "pfifo": {"instance_id": "c10_replay_150_0122", "campus": 10, "size": 150, "track": "replay", "structure": "dedicated", "phi": null, "eta": 1.0, "m": 1.0, "u_target": null, "u_realized": null, "method": "pfifo", "seed": 301, "twt": 23.999999999999986, "makespan": 41.5586, "mean_flow": 2.9261779999999997, "breach_share": 0.006666666666666667, "breach_p1": 0.0, "breach_p2": 0.034482758620689655, "breach_p3": 0.0, "breach_p4": 0.0, "decisions": 150, "latency_ms_per_decision": 0.028090672567486763, "replans": null, "validator_ok": 1, "runtime_s": 0.0042136008851230145}, "mor": {"instance_id": "c10_replay_150_0122", "campus": 10, "size": 150, "track": "replay", "structure": "dedicated", "phi": null, "eta": 1.0, "m": 1.0, "u_target": null, "u_realized": null, "method": "mor", "seed": 301, "twt": 23.999999999999986, "makespan": 41.5586, "mean_flow": 2.9261779999999997, "breach_share": 0.006666666666666667, "breach_p1": 0.0, "breach_p2": 0.034482758620689655, "breach_p3": 0.0, "breach_p4": 0.0, "decisions": 150, "latency_ms_per_decision": 0.026041272406776745, "replans": null, "validator_ok": 1, "runtime_s": 0.003906190861016512}, "lfj_atc": {"instance_id": "c10_replay_150_0122", "campus": 10, "size": 150, "track": "replay", "structure": "dedicated", "phi": null, "eta": 1.0, "m": 1.0, "u_target": null, "u_realized": null, "method": "lfj_atc", "seed": 301, "twt": 23.999999999999986, "makespan": 41.5586, "mean_flow": 2.925352666666667, "breach_share": 0.006666666666666667, "breach_p1": 0.0, "breach_p2": 0.034482758620689655, "breach_p3": 0.0, "breach_p4": 0.0, "decisions": 150, "latency_ms_per_decision": 0.029333792626857758, "replans": null, "validator_ok": 1, "runtime_s": 0.004400068894028664}, "atc_eta": {"instance_id": "c10_replay_150_0122", "campus": 10, "size": 150, "track": "replay", "structure": "dedicated", "phi": null, "eta": 1.0, "m": 1.0, "u_target": null, "u_realized": null, "method": "atc_eta", "seed": 301, "twt": 23.999999999999986, "makespan": 41.5586, "mean_flow": 2.925352666666667, "breach_share": 0.006666666666666667, "breach_p1": 0.0, "breach_p2": 0.034482758620689655, "breach_p3": 0.0, "breach_p4": 0.0, "decisions": 150, "latency_ms_per_decision": 0.04826801518599192, "replans": null, "validator_ok": 1, "runtime_s": 0.0072402022778987885}, "random": {"instance_id": "c10_replay_150_0122", "campus": 10, "size": 150, "track": "replay", "structure": "dedicated", "phi": null, "eta": 1.0, "m": 1.0, "u_target": null, "u_realized": null, "method": "random", "seed": 301, "twt": 23.999999999999986, "makespan": 41.5586, "mean_flow": 2.9261779999999997, "breach_share": 0.006666666666666667, "breach_p1": 0.0, "breach_p2": 0.034482758620689655, "breach_p3": 0.0, "breach_p4": 0.0, "decisions": 150, "latency_ms_per_decision": 0.03230012021958828, "replans": null, "validator_ok": 1, "runtime_s": 0.004845018032938242}, "v2mlp301": {"instance_id": "c10_replay_150_0122", "campus": 10, "size": 150, "track": "replay", "structure": "dedicated", "phi": null, "eta": 1.0, "m": 1.0, "u_target": null, "u_realized": null, "method": "v2mlp301", "seed": 301, "twt": 23.999999999999986, "makespan": 41.5586, "mean_flow": 2.925352666666667, "breach_share": 0.006666666666666667, "breach_p1": 0.0, "breach_p2": 0.034482758620689655, "breach_p3": 0.0, "breach_p4": 0.0, "decisions": 150, "latency_ms_per_decision": 0.3595384210348129, "replans": null, "validator_ok": 1, "runtime_s": 0.05393076315522194}, "v2mlp302": {"instance_id": "c10_replay_150_0122", "campus": 10, "size": 150, "track": "replay", "structure": "dedicated", "phi": null, "eta": 1.0, "m": 1.0, "u_target": null, "u_realized": null, "method": "v2mlp302", "seed": 302, "twt": 23.999999999999986, "makespan": 41.5586, "mean_flow": 2.925532, "breach_share": 0.006666666666666667, "breach_p1": 0.0, "breach_p2": 0.034482758620689655, "breach_p3": 0.0, "breach_p4": 0.0, "decisions": 150, "latency_ms_per_decision": 0.22737437238295874, "replans": null, "validator_ok": 1, "runtime_s": 0.03410615585744381}, "v2mlp303": {"instance_id": "c10_replay_150_0122", "campus": 10, "size": 150, "track": "replay", "structure": "dedicated", "phi": null, "eta": 1.0, "m": 1.0, "u_target": null, "u_realized": null, "method": "v2mlp303", "seed": 303, "twt": 23.999999999999986, "makespan": 41.5586, "mean_flow": 2.9261779999999997, "breach_share": 0.006666666666666667, "breach_p1": 0.0, "breach_p2": 0.034482758620689655, "breach_p3": 0.0, "breach_p4": 0.0, "decisions": 150, "latency_ms_per_decision": 0.23492717494567236, "replans": null, "validator_ok": 1, "runtime_s": 0.03523907624185085}, "v2mlp304": {"instance_id": "c10_replay_150_0122", "campus": 10, "size": 150, "track": "replay", "structure": "dedicated", "phi": null, "eta": 1.0, "m": 1.0, "u_target": null, "u_realized": null, "method": "v2mlp304", "seed": 304, "twt": 23.999999999999986, "makespan": 41.5586, "mean_flow": 2.925532, "breach_share": 0.006666666666666667, "breach_p1": 0.0, "breach_p2": 0.034482758620689655, "breach_p3": 0.0, "breach_p4": 0.0, "decisions": 150, "latency_ms_per_decision": 0.26614731177687645, "replans": null, "validator_ok": 1, "runtime_s": 0.03992209676653147}, "v2mlp305": {"instance_id": "c10_replay_150_0122", "campus": 10, "size": 150, "track": "replay", "structure": "dedicated", "phi": null, "eta": 1.0, "m": 1.0, "u_target": null, "u_realized": null, "method": "v2mlp305", "seed": 305, "twt": 23.999999999999986, "makespan": 41.5586, "mean_flow": 2.925532, "breach_share": 0.006666666666666667, "breach_p1": 0.0, "breach_p2": 0.034482758620689655, "breach_p3": 0.0, "breach_p4": 0.0, "decisions": 150, "latency_ms_per_decision": 0.2367616662134727, "replans": null, "validator_ok": 1, "runtime_s": 0.0355142499320209}, "v2mlp306": {"instance_id": "c10_replay_150_0122", "campus": 10, "size": 150, "track": "replay", "structure": "dedicated", "phi": null, "eta": 1.0, "m": 1.0, "u_target": null, "u_realized": null, "method": "v2mlp306", "seed": 306, "twt": 23.999999999999986, "makespan": 41.5586, "mean_flow": 2.9261779999999997, "breach_share": 0.006666666666666667, "breach_p1": 0.0, "breach_p2": 0.034482758620689655, "breach_p3": 0.0, "breach_p4": 0.0, "decisions": 150, "latency_ms_per_decision": 0.23518197859326997, "replans": null,