{"config_id": "c10_replay_400_0116__c10_l0_eta100_m080", "rows": {"edd": {"instance_id": "c10_replay_400_0116", "campus": 10, "size": 400, "track": "replay", "structure": "dedicated", "phi": null, "eta": 1.0, "m": 0.8, "u_target": null, "u_realized": null, "method": "edd", "seed": 301, "twt": 607.0848000000001, "makespan": 112.1858, "mean_flow": 6.92401175, "breach_share": 0.0125, "breach_p1": 0.6666666666666666, "breach_p2": 0.022727272727272728, "breach_p3": 0.0, "breach_p4": 0.0, "decisions": 400, "latency_ms_per_decision": 0.03941926755942404, "replans": null, "validator_ok": 1, "runtime_s": 0.015767707023769617}, "wspt": {"instance_id": "c10_replay_400_0116", "campus": 10, "size": 400, "track": "replay", "structure": "dedicated", "phi": null, "eta": 1.0, "m": 0.8, "u_target": null, "u_realized": null, "method": "wspt", "seed": 301, "twt": 639.9376, "makespan": 120.1858, "mean_flow": 6.26286475, "breach_share": 0.0125, "breach_p1": 0.6666666666666666, "breach_p2": 0.022727272727272728, "breach_p3": 0.0, "breach_p4": 0.0, "decisions": 400, "latency_ms_per_decision": 0.0375851325225085, "replans": null, "validator_ok": 1, "runtime_s": 0.0150340530090034}, "atc": {"instance_id": "c10_replay_400_0116", "campus": 10, "size": 400, "track": "replay", "structure": "dedicated", "phi": null, "eta": 1.0, "m": 0.8, "u_target": null, "u_realized": null, "method": "atc", "seed": 301, "twt": 633.9376, "makespan": 120.1858, "mean_flow": 6.488961000000001, "breach_share": 0.01, "breach_p1": 0.6666666666666666, "breach_p2": 0.0, "breach_p3": 0.0, "breach_p4": 0.0, "decisions": 400, "latency_ms_per_decision": 0.05523002706468105, "replans": null, "validator_ok": 1, "runtime_s": 0.02209201082587242}, "pfifo": {"instance_id": "c10_replay_400_0116", "campus": 10, "size": 400, "track": "replay", "structure": "dedicated", "phi": null, "eta": 1.0, "m": 0.8, "u_target": null, "u_realized": null, "method": "pfifo", "seed": 301, "twt": 607.0848000000001, "makespan": 112.1858, "mean_flow": 6.92401175, "breach_share": 0.0125, "breach_p1": 0.6666666666666666, "breach_p2": 0.022727272727272728, "breach_p3": 0.0, "breach_p4": 0.0, "decisions": 400, "latency_ms_per_decision": 0.04109558998607099, "replans": null, "validator_ok": 1, "runtime_s": 0.016438235994428396}, "mor": {"instance_id": "c10_replay_400_0116", "campus": 10, "size": 400, "track": "replay", "structure": "dedicated", "phi": null, "eta": 1.0, "m": 0.8, "u_target": null, "u_realized": null, "method": "mor", "seed": 301, "twt": 639.0840000000001, "makespan": 109.5504, "mean_flow": 7.9102682500000014, "breach_share": 0.0125, "breach_p1": 0.6666666666666666, "breach_p2": 0.022727272727272728, "breach_p3": 0.0, "breach_p4": 0.0, "decisions": 400, "latency_ms_per_decision": 0.024798907106742263, "replans": null, "validator_ok": 1, "runtime_s": 0.009919562842696905}, "lfj_atc": {"instance_id": "c10_replay_400_0116", "campus": 10, "size": 400, "track": "replay", "structure": "dedicated", "phi": null, "eta": 1.0, "m": 0.8, "u_target": null, "u_realized": null, "method": "lfj_atc", "seed": 301, "twt": 633.9376, "makespan": 120.1858, "mean_flow": 6.488961, "breach_share": 0.01, "breach_p1": 0.6666666666666666, "breach_p2": 0.0, "breach_p3": 0.0, "breach_p4": 0.0, "decisions": 400, "latency_ms_per_decision": 0.04745565005578101, "replans": null, "validator_ok": 1, "runtime_s": 0.018982260022312403}, "atc_eta": {"instance_id": "c10_replay_400_0116", "campus": 10, "size": 400, "track": "replay", "structure": "dedicated", "phi": null, "eta": 1.0, "m": 0.8, "u_target": null, "u_realized": null, "method": "atc_eta", "seed": 301, "twt": 633.9376, "makespan": 120.1858, "mean_flow": 6.488961000000001, "breach_share": 0.01, "breach_p1": 0.6666666666666666, "breach_p2": 0.0, "breach_p3": 0.0, "breach_p4": 0.0, "decisions": 400, "latency_ms_per_decision": 0.07282089092768729, "replans": null, "validator_ok": 1, "runtime_s": 0.029128356371074915}, "random": {"instance_id": "c10_replay_400_0116", "campus": 10, "size": 400, "track": "replay", "structure": "dedicated", "phi": null, "eta": 1.0, "m": 0.8, "u_target": null, "u_realized": null, "method": "random", "seed": 301, "twt": 633.9376, "makespan": 120.1858, "mean_flow": 6.592779499999999, "breach_share": 0.01, "breach_p1": 0.6666666666666666, "breach_p2": 0.0, "breach_p3": 0.0, "breach_p4": 0.0, "decisions": 400, "latency_ms_per_decision": 0.022000925382599235, "replans": null, "validator_ok": 1, "runtime_s": 0.008800370153039694}, "v2mlp301": {"instance_id": "c10_replay_400_0116", "campus": 10, "size": 400, "track": "replay", "structure": "dedicated", "phi": null, "eta": 1.0, "m": 0.8, "u_target": null, "u_realized": null, "method": "v2mlp301", "seed": 301, "twt": 639.0840000000001, "makespan": 120.1858, "mean_flow": 6.41411975, "breach_share": 0.0125, "breach_p1": 0.6666666666666666, "breach_p2": 0.022727272727272728, "breach_p3": 0.0, "breach_p4": 0.0, "decisions": 400, "latency_ms_per_decision": 0.2887611393816769, "replans": null, "validator_ok": 1, "runtime_s": 0.11550445575267076}, "v2mlp302": {"instance_id": "c10_replay_400_0116", "campus": 10, "size": 400, "track": "replay", "structure": "dedicated", "phi": null, "eta": 1.0, "m": 0.8, "u_target": null, "u_realized": null, "method": "v2mlp302", "seed": 302, "twt": 639.0840000000001, "makespan": 109.5504, "mean_flow": 7.144641999999999, "breach_share": 0.0125, "breach_p1": 0.6666666666666666, "breach_p2": 0.022727272727272728, "breach_p3": 0.0, "breach_p4": 0.0, "decisions": 400, "latency_ms_per_decision": 0.3279898897744715, "replans": null, "validator_ok": 1, "runtime_s": 0.1311959559097886}, "v2mlp303": {"instance_id": "c10_replay_400_0116", "campus": 10, "size": 400, "track": "replay", "structure": "dedicated", "phi": null, "eta": 1.0, "m": 0.8, "u_target": null, "u_realized": null, "method": "v2mlp303", "seed": 303, "twt": 639.0840000000001, "makespan": 109.5504, "mean_flow": 7.5000405, "breach_share": 0.0125, "breach_p1": 0.6666666666666666, "breach_p2": 0.022727272727272728, "breach_p3": 0.0, "breach_p4": 0.0, "decisions": 400, "latency_ms_per_decision": 0.30640866491012275, "replans": null, "validator_ok": 1, "runtime_s": 0.1225634659640491}, "v2mlp304": {"instance_id": "c10_replay_400_0116", "campus": 10, "size": 400, "track": "replay", "structure": "dedicated", "phi": null, "eta": 1.0, "m": 0.8, "u_target": null, "u_realized": null, "method": "v2mlp304", "seed": 304, "twt": 639.0840000000001, "makespan": 109.5504, "mean_flow": 7.231159249999999, "breach_share": 0.0125, "breach_p1": 0.6666666666666666, "breach_p2": 0.022727272727272728, "breach_p3": 0.0, "breach_p4": 0.0, "decisions": 400, "latency_ms_per_decision": 0.28793946257792413, "replans": null, "validator_ok": 1, "runtime_s": 0.11517578503116965}, "v2mlp305": {"instance_id": "c10_replay_400_0116", "campus": 10, "size": 400, "track": "replay", "structure": "dedicated", "phi": null, "eta": 1.0, "m": 0.8, "u_target": null, "u_realized": null, "method": "v2mlp305", "seed": 305, "twt": 639.0840000000001, "makespan": 109.5504, "mean_flow": 6.63802775, "breach_share": 0.0125, "breach_p1": 0.6666666666666666, "breach_p2": 0.022727272727272728, "breach_p3": 0.0, "breach_p4": 0.0, "decisions": 400, "latency_ms_per_decision": 0.2741324482485652, "replans": null, "validator_ok": 1, "runtime_s": 0.10965297929942608}, "v2mlp306": {"instance_id": "c10_replay_400_0116", "campus": 10, "size": 400, "track": "replay", "structure": "dedicated", "phi": null, "eta": 1.0, "m": 0.8, "u_target": null, "u_realized": null, "method": "v2mlp306", "seed": 306, "twt": 639.0840000000001, "makespan": 109.5504, "mean_flow": 7.5992904999999995, "breach_share": 0.0125, "breach_p1": 0.6666666666666666, "breach_p2": 0.022727272727272728, "breach_p3": 0.0, "breach_p4": 0.0, "decisions": 400, "latency_ms_per_decision": 0.32833537086844444, "replans": null, "validator_ok": 1, "runtime_s": 0.13133414834737778}, "v2mlp307": {"instance_id": "c10_replay_400_0116", "campus": 10, "size": 400,