{"config_id": "c12_replay_400_0067__c12_l0_eta100_m100", "rows": {"edd": {"instance_id": "c12_replay_400_0067", "campus": 12, "size": 400, "track": "replay", "structure": "dedicated", "phi": null, "eta": 1.0, "m": 1.0, "u_target": null, "u_realized": null, "method": "edd", "seed": 301, "twt": 850.7296, "makespan": 100.3648, "mean_flow": 5.910315250000001, "breach_share": 0.025, "breach_p1": 0.1076923076923077, "breach_p2": 0.016666666666666666, "breach_p3": 0.009900990099009901, "breach_p4": 0.0, "decisions": 400, "latency_ms_per_decision": 0.016525712562724948, "replans": null, "validator_ok": 1, "runtime_s": 0.006610285025089979}, "wspt": {"instance_id": "c12_replay_400_0067", "campus": 12, "size": 400, "track": "replay", "structure": "dedicated", "phi": null, "eta": 1.0, "m": 1.0, "u_target": null, "u_realized": null, "method": "wspt", "seed": 301, "twt": 870.7296, "makespan": 100.3648, "mean_flow": 5.863413250000001, "breach_share": 0.025, "breach_p1": 0.1076923076923077, "breach_p2": 0.016666666666666666, "breach_p3": 0.009900990099009901, "breach_p4": 0.0, "decisions": 400, "latency_ms_per_decision": 0.019244899740442634, "replans": null, "validator_ok": 1, "runtime_s": 0.0076979598961770535}, "atc": {"instance_id": "c12_replay_400_0067", "campus": 12, "size": 400, "track": "replay", "structure": "dedicated", "phi": null, "eta": 1.0, "m": 1.0, "u_target": null, "u_realized": null, "method": "atc", "seed": 301, "twt": 850.7296, "makespan": 100.3648, "mean_flow": 5.905962750000001, "breach_share": 0.025, "breach_p1": 0.1076923076923077, "breach_p2": 0.016666666666666666, "breach_p3": 0.009900990099009901, "breach_p4": 0.0, "decisions": 400, "latency_ms_per_decision": 0.026741413166746497, "replans": null, "validator_ok": 1, "runtime_s": 0.010696565266698599}, "pfifo": {"instance_id": "c12_replay_400_0067", "campus": 12, "size": 400, "track": "replay", "structure": "dedicated", "phi": null, "eta": 1.0, "m": 1.0, "u_target": null, "u_realized": null, "method": "pfifo", "seed": 301, "twt": 850.7296, "makespan": 100.3648, "mean_flow": 5.910315250000001, "breach_share": 0.025, "breach_p1": 0.1076923076923077, "breach_p2": 0.016666666666666666, "breach_p3": 0.009900990099009901, "breach_p4": 0.0, "decisions": 400, "latency_ms_per_decision": 0.016881992341950536, "replans": null, "validator_ok": 1, "runtime_s": 0.006752796936780214}, "mor": {"instance_id": "c12_replay_400_0067", "campus": 12, "size": 400, "track": "replay", "structure": "dedicated", "phi": null, "eta": 1.0, "m": 1.0, "u_target": null, "u_realized": null, "method": "mor", "seed": 301, "twt": 851.692, "makespan": 100.3648, "mean_flow": 5.954017, "breach_share": 0.025, "breach_p1": 0.1076923076923077, "breach_p2": 0.016666666666666666, "breach_p3": 0.009900990099009901, "breach_p4": 0.0, "decisions": 400, "latency_ms_per_decision": 0.016619365196675062, "replans": null, "validator_ok": 1, "runtime_s": 0.006647746078670025}, "lfj_atc": {"instance_id": "c12_replay_400_0067", "campus": 12, "size": 400, "track": "replay", "structure": "dedicated", "phi": null, "eta": 1.0, "m": 1.0, "u_target": null, "u_realized": null, "method": "lfj_atc", "seed": 301, "twt": 850.7296, "makespan": 100.3648, "mean_flow": 5.905962750000001, "breach_share": 0.025, "breach_p1": 0.1076923076923077, "breach_p2": 0.016666666666666666, "breach_p3": 0.009900990099009901, "breach_p4": 0.0, "decisions": 400, "latency_ms_per_decision": 0.027555149281397462, "replans": null, "validator_ok": 1, "runtime_s": 0.011022059712558985}, "atc_eta": {"instance_id": "c12_replay_400_0067", "campus": 12, "size": 400, "track": "replay", "structure": "dedicated", "phi": null, "eta": 1.0, "m": 1.0, "u_target": null, "u_realized": null, "method": "atc_eta", "seed": 301, "twt": 850.7296, "makespan": 100.3648, "mean_flow": 5.905962750000001, "breach_share": 0.025, "breach_p1": 0.1076923076923077, "breach_p2": 0.016666666666666666, "breach_p3": 0.009900990099009901, "breach_p4": 0.0, "decisions": 400, "latency_ms_per_decision": 0.05068624275736511, "replans": null, "validator_ok": 1, "runtime_s": 0.020274497102946043}, "random": {"instance_id": "c12_replay_400_0067", "campus": 12, "size": 400, "track": "replay", "structure": "dedicated", "phi": null, "eta": 1.0, "m": 1.0, "u_target": null, "u_realized": null, "method": "random", "seed": 301, "twt": 858.7296, "makespan": 100.3648, "mean_flow": 5.8817805, "breach_share": 0.025, "breach_p1": 0.1076923076923077, "breach_p2": 0.016666666666666666, "breach_p3": 0.009900990099009901, "breach_p4": 0.0, "decisions": 400, "latency_ms_per_decision": 0.016295569948852062, "replans": null, "validator_ok": 1, "runtime_s": 0.006518227979540825}, "v2mlp301": {"instance_id": "c12_replay_400_0067", "campus": 12, "size": 400, "track": "replay", "structure": "dedicated", "phi": null, "eta": 1.0, "m": 1.0, "u_target": null, "u_realized": null, "method": "v2mlp301", "seed": 301, "twt": 851.692, "makespan": 100.3648, "mean_flow": 5.90910925, "breach_share": 0.025, "breach_p1": 0.1076923076923077, "breach_p2": 0.016666666666666666, "breach_p3": 0.009900990099009901, "breach_p4": 0.0, "decisions": 400, "latency_ms_per_decision": 1.13872931455262, "replans": null, "validator_ok": 1, "runtime_s": 0.455491725821048}, "v2mlp302": {"instance_id": "c12_replay_400_0067", "campus": 12, "size": 400, "track": "replay", "structure": "dedicated", "phi": null, "eta": 1.0, "m": 1.0, "u_target": null, "u_realized": null, "method": "v2mlp302", "seed": 302, "twt": 850.7296, "makespan": 100.3648, "mean_flow": 5.89583175, "breach_share": 0.025, "breach_p1": 0.1076923076923077, "breach_p2": 0.016666666666666666, "breach_p3": 0.009900990099009901, "breach_p4": 0.0, "decisions": 400, "latency_ms_per_decision": 0.3876929695252329, "replans": null, "validator_ok": 1, "runtime_s": 0.15507718781009316}, "v2mlp303": {"instance_id": "c12_replay_400_0067", "campus": 12, "size": 400, "track": "replay", "structure": "dedicated", "phi": null, "eta": 1.0, "m": 1.0, "u_target": null, "u_realized": null, "method": "v2mlp303", "seed": 303, "twt": 850.7296, "makespan": 100.3648, "mean_flow": 5.9019065, "breach_share": 0.025, "breach_p1": 0.1076923076923077, "breach_p2": 0.016666666666666666, "breach_p3": 0.009900990099009901, "breach_p4": 0.0, "decisions": 400, "latency_ms_per_decision": 0.5211964622139931, "replans": null, "validator_ok": 1, "runtime_s": 0.20847858488559723}, "v2mlp304": {"instance_id": "c12_replay_400_0067", "campus": 12, "size": 400, "track": "replay", "structure": "dedicated", "phi": null, "eta": 1.0, "m": 1.0, "u_target": null, "u_realized": null, "method": "v2mlp304", "seed": 304, "twt": 851.692, "makespan": 100.3648, "mean_flow": 5.909104, "breach_share": 0.025, "breach_p1": 0.1076923076923077, "breach_p2": 0.016666666666666666, "breach_p3": 0.009900990099009901, "breach_p4": 0.0, "decisions": 400, "latency_ms_per_decision": 0.4032632801681757, "replans": null, "validator_ok": 1, "runtime_s": 0.16130531206727028}, "v2mlp305": {"instance_id": "c12_replay_400_0067", "campus": 12, "size": 400, "track": "replay", "structure": "dedicated", "phi": null, "eta": 1.0, "m": 1.0, "u_target": null, "u_realized": null, "method": "v2mlp305", "seed": 305, "twt": 851.692, "makespan": 100.3648, "mean_flow": 5.932042, "breach_share": 0.025, "breach_p1": 0.1076923076923077, "breach_p2": 0.016666666666666666, "breach_p3": 0.009900990099009901, "breach_p4": 0.0, "decisions": 400, "latency_ms_per_decision": 0.42843436007387936, "replans": null, "validator_ok": 1, "runtime_s": 0.17137374402955174}, "v2mlp306": {"instance_id": "c12_replay_400_0067", "campus": 12, "size": 400, "track": "replay", "structure": "dedicated", "phi": null, "eta": 1.0, "m": 1.0, "u_target": null, "u_realized": null, "method": "v2mlp306", "seed": 306, "twt": 851.696, "makespan": 100.3648, "mean_flow": 5.917625500000001, "breach_share": 0.025, "breach_p1": 0.1076923076923077, "breach_p2": 0.016666666666666666, "breach_p3": 0.009900990099009901, "breach_p4": 0.0,