{"config_id": "c12_replay_400_0072__c12_l0_eta100_m100", "rows": {"edd": {"instance_id": "c12_replay_400_0072", "campus": 12, "size": 400, "track": "replay", "structure": "dedicated", "phi": null, "eta": 1.0, "m": 1.0, "u_target": null, "u_realized": null, "method": "edd", "seed": 301, "twt": 2229.9046000000003, "makespan": 149.2611, "mean_flow": 13.311866, "breach_share": 0.045, "breach_p1": 0.14084507042253522, "breach_p2": 0.02127659574468085, "breach_p3": 0.046357615894039736, "breach_p4": 0.0, "decisions": 400, "latency_ms_per_decision": 0.013377389404922724, "replans": null, "validator_ok": 1, "runtime_s": 0.0053509557619690895}, "wspt": {"instance_id": "c12_replay_400_0072", "campus": 12, "size": 400, "track": "replay", "structure": "dedicated", "phi": null, "eta": 1.0, "m": 1.0, "u_target": null, "u_realized": null, "method": "wspt", "seed": 301, "twt": 2350.0266, "makespan": 166.2123, "mean_flow": 9.82913475, "breach_share": 0.04, "breach_p1": 0.14084507042253522, "breach_p2": 0.02127659574468085, "breach_p3": 0.033112582781456956, "breach_p4": 0.0, "decisions": 400, "latency_ms_per_decision": 0.013762348098680377, "replans": null, "validator_ok": 1, "runtime_s": 0.005504939239472151}, "atc": {"instance_id": "c12_replay_400_0072", "campus": 12, "size": 400, "track": "replay", "structure": "dedicated", "phi": null, "eta": 1.0, "m": 1.0, "u_target": null, "u_realized": null, "method": "atc", "seed": 301, "twt": 2353.64, "makespan": 167.769, "mean_flow": 9.8342765, "breach_share": 0.04, "breach_p1": 0.14084507042253522, "breach_p2": 0.02127659574468085, "breach_p3": 0.033112582781456956, "breach_p4": 0.0, "decisions": 400, "latency_ms_per_decision": 0.01843986101448536, "replans": null, "validator_ok": 1, "runtime_s": 0.007375944405794144}, "pfifo": {"instance_id": "c12_replay_400_0072", "campus": 12, "size": 400, "track": "replay", "structure": "dedicated", "phi": null, "eta": 1.0, "m": 1.0, "u_target": null, "u_realized": null, "method": "pfifo", "seed": 301, "twt": 2229.9046000000003, "makespan": 149.2611, "mean_flow": 13.311866, "breach_share": 0.045, "breach_p1": 0.14084507042253522, "breach_p2": 0.02127659574468085, "breach_p3": 0.046357615894039736, "breach_p4": 0.0, "decisions": 400, "latency_ms_per_decision": 0.014177237171679735, "replans": null, "validator_ok": 1, "runtime_s": 0.005670894868671894}, "mor": {"instance_id": "c12_replay_400_0072", "campus": 12, "size": 400, "track": "replay", "structure": "dedicated", "phi": null, "eta": 1.0, "m": 1.0, "u_target": null, "u_realized": null, "method": "mor", "seed": 301, "twt": 2850.0378000000014, "makespan": 114.2123, "mean_flow": 20.486930750000003, "breach_share": 0.1525, "breach_p1": 0.14084507042253522, "breach_p2": 0.02127659574468085, "breach_p3": 0.33112582781456956, "breach_p4": 0.0, "decisions": 400, "latency_ms_per_decision": 0.01358086708933115, "replans": null, "validator_ok": 1, "runtime_s": 0.00543234683573246}, "lfj_atc": {"instance_id": "c12_replay_400_0072", "campus": 12, "size": 400, "track": "replay", "structure": "dedicated", "phi": null, "eta": 1.0, "m": 1.0, "u_target": null, "u_realized": null, "method": "lfj_atc", "seed": 301, "twt": 2353.64, "makespan": 167.769, "mean_flow": 9.8342765, "breach_share": 0.04, "breach_p1": 0.14084507042253522, "breach_p2": 0.02127659574468085, "breach_p3": 0.033112582781456956, "breach_p4": 0.0, "decisions": 400, "latency_ms_per_decision": 0.02923245308920741, "replans": null, "validator_ok": 1, "runtime_s": 0.011692981235682964}, "atc_eta": {"instance_id": "c12_replay_400_0072", "campus": 12, "size": 400, "track": "replay", "structure": "dedicated", "phi": null, "eta": 1.0, "m": 1.0, "u_target": null, "u_realized": null, "method": "atc_eta", "seed": 301, "twt": 2353.64, "makespan": 167.769, "mean_flow": 9.8342765, "breach_share": 0.04, "breach_p1": 0.14084507042253522, "breach_p2": 0.02127659574468085, "breach_p3": 0.033112582781456956, "breach_p4": 0.0, "decisions": 400, "latency_ms_per_decision": 0.06195176742039621, "replans": null, "validator_ok": 1, "runtime_s": 0.024780706968158484}, "random": {"instance_id": "c12_replay_400_0072", "campus": 12, "size": 400, "track": "replay", "structure": "dedicated", "phi": null, "eta": 1.0, "m": 1.0, "u_target": null, "u_realized": null, "method": "random", "seed": 301, "twt": 2260.3172000000004, "makespan": 136.9042, "mean_flow": 13.5665335, "breach_share": 0.0425, "breach_p1": 0.14084507042253522, "breach_p2": 0.02127659574468085, "breach_p3": 0.039735099337748346, "breach_p4": 0.0, "decisions": 400, "latency_ms_per_decision": 0.012208530679345131, "replans": null, "validator_ok": 1, "runtime_s": 0.004883412271738052}, "v2mlp301": {"instance_id": "c12_replay_400_0072", "campus": 12, "size": 400, "track": "replay", "structure": "dedicated", "phi": null, "eta": 1.0, "m": 1.0, "u_target": null, "u_realized": null, "method": "v2mlp301", "seed": 301, "twt": 2275.6630000000005, "makespan": 114.2123, "mean_flow": 18.01912775, "breach_share": 0.0825, "breach_p1": 0.14084507042253522, "breach_p2": 0.02127659574468085, "breach_p3": 0.1456953642384106, "breach_p4": 0.0, "decisions": 400, "latency_ms_per_decision": 1.0298791399691254, "replans": null, "validator_ok": 1, "runtime_s": 0.41195165598765016}, "v2mlp302": {"instance_id": "c12_replay_400_0072", "campus": 12, "size": 400, "track": "replay", "structure": "dedicated", "phi": null, "eta": 1.0, "m": 1.0, "u_target": null, "u_realized": null, "method": "v2mlp302", "seed": 302, "twt": 2797.715400000001, "makespan": 114.2123, "mean_flow": 20.419416000000002, "breach_share": 0.155, "breach_p1": 0.14084507042253522, "breach_p2": 0.02127659574468085, "breach_p3": 0.33774834437086093, "breach_p4": 0.0, "decisions": 400, "latency_ms_per_decision": 1.6190552699845284, "replans": null, "validator_ok": 1, "runtime_s": 0.6476221079938114}, "v2mlp303": {"instance_id": "c12_replay_400_0072", "campus": 12, "size": 400, "track": "replay", "structure": "dedicated", "phi": null, "eta": 1.0, "m": 1.0, "u_target": null, "u_realized": null, "method": "v2mlp303", "seed": 303, "twt": 2504.2925999999998, "makespan": 114.2123, "mean_flow": 19.612367499999994, "breach_share": 0.1125, "breach_p1": 0.14084507042253522, "breach_p2": 0.02127659574468085, "breach_p3": 0.2251655629139073, "breach_p4": 0.0, "decisions": 400, "latency_ms_per_decision": 1.7641849850770086, "replans": null, "validator_ok": 1, "runtime_s": 0.7056739940308034}, "v2mlp304": {"instance_id": "c12_replay_400_0072", "campus": 12, "size": 400, "track": "replay", "structure": "dedicated", "phi": null, "eta": 1.0, "m": 1.0, "u_target": null, "u_realized": null, "method": "v2mlp304", "seed": 304, "twt": 2719.3998000000006, "makespan": 114.2123, "mean_flow": 20.233213999999997, "breach_share": 0.1425, "breach_p1": 0.14084507042253522, "breach_p2": 0.02127659574468085, "breach_p3": 0.304635761589404, "breach_p4": 0.0, "decisions": 400, "latency_ms_per_decision": 1.661746910540387, "replans": null, "validator_ok": 1, "runtime_s": 0.6646987642161548}, "v2mlp305": {"instance_id": "c12_replay_400_0072", "campus": 12, "size": 400, "track": "replay", "structure": "dedicated", "phi": null, "eta": 1.0, "m": 1.0, "u_target": null, "u_realized": null, "method": "v2mlp305", "seed": 305, "twt": 2605.8304000000007, "makespan": 114.2123, "mean_flow": 20.170032000000003, "breach_share": 0.15, "breach_p1": 0.14084507042253522, "breach_p2": 0.02127659574468085, "breach_p3": 0.32450331125827814, "breach_p4": 0.0, "decisions": 400, "latency_ms_per_decision": 1.1498890514485538, "replans": null, "validator_ok": 1, "runtime_s": 0.4599556205794215}, "v2mlp306": {"instance_id": "c12_replay_400_0072", "campus": 12, "size": 400, "track": "replay", "structure": "dedicated", "phi": null, "eta": 1.0, "m": 1.0, "u_target": null, "u_realized": null, "method": "v2mlp306", "seed": 306, "twt": 2521.167800000002, "makespan": 114.2123, "mean_flow": 20.018403250000002, "breach_share": 0.115, "breach_p1": 0.14084507042253522,