{"config_id": "c12_replay_150_0185__c12_l0_eta100_m100", "rows": {"edd": {"instance_id": "c12_replay_150_0185", "campus": 12, "size": 150, "track": "replay", "structure": "dedicated", "phi": null, "eta": 1.0, "m": 1.0, "u_target": null, "u_realized": null, "method": "edd", "seed": 301, "twt": 179.2, "makespan": 97.1754, "mean_flow": 11.894054666666669, "breach_share": 0.05333333333333334, "breach_p1": 0.14634146341463414, "breach_p2": 0.125, "breach_p3": 0.0, "breach_p4": 0.0, "decisions": 150, "latency_ms_per_decision": 0.024275854229927063, "replans": null, "validator_ok": 1, "runtime_s": 0.0036413781344890594}, "wspt": {"instance_id": "c12_replay_150_0185", "campus": 12, "size": 150, "track": "replay", "structure": "dedicated", "phi": null, "eta": 1.0, "m": 1.0, "u_target": null, "u_realized": null, "method": "wspt", "seed": 301, "twt": 179.2, "makespan": 97.1754, "mean_flow": 11.324774000000001, "breach_share": 0.05333333333333334, "breach_p1": 0.14634146341463414, "breach_p2": 0.125, "breach_p3": 0.0, "breach_p4": 0.0, "decisions": 150, "latency_ms_per_decision": 0.017473585903644562, "replans": null, "validator_ok": 1, "runtime_s": 0.0026210378855466843}, "atc": {"instance_id": "c12_replay_150_0185", "campus": 12, "size": 150, "track": "replay", "structure": "dedicated", "phi": null, "eta": 1.0, "m": 1.0, "u_target": null, "u_realized": null, "method": "atc", "seed": 301, "twt": 179.2, "makespan": 97.1754, "mean_flow": 11.385272666666667, "breach_share": 0.05333333333333334, "breach_p1": 0.14634146341463414, "breach_p2": 0.125, "breach_p3": 0.0, "breach_p4": 0.0, "decisions": 150, "latency_ms_per_decision": 0.027510924264788628, "replans": null, "validator_ok": 1, "runtime_s": 0.004126638639718294}, "pfifo": {"instance_id": "c12_replay_150_0185", "campus": 12, "size": 150, "track": "replay", "structure": "dedicated", "phi": null, "eta": 1.0, "m": 1.0, "u_target": null, "u_realized": null, "method": "pfifo", "seed": 301, "twt": 179.2, "makespan": 97.1754, "mean_flow": 11.894054666666669, "breach_share": 0.05333333333333334, "breach_p1": 0.14634146341463414, "breach_p2": 0.125, "breach_p3": 0.0, "breach_p4": 0.0, "decisions": 150, "latency_ms_per_decision": 0.024392638976375263, "replans": null, "validator_ok": 1, "runtime_s": 0.0036588958464562893}, "mor": {"instance_id": "c12_replay_150_0185", "campus": 12, "size": 150, "track": "replay", "structure": "dedicated", "phi": null, "eta": 1.0, "m": 1.0, "u_target": null, "u_realized": null, "method": "mor", "seed": 301, "twt": 179.2, "makespan": 97.1754, "mean_flow": 18.41580133333333, "breach_share": 0.05333333333333334, "breach_p1": 0.14634146341463414, "breach_p2": 0.125, "breach_p3": 0.0, "breach_p4": 0.0, "decisions": 150, "latency_ms_per_decision": 0.01740812013546626, "replans": null, "validator_ok": 1, "runtime_s": 0.0026112180203199387}, "lfj_atc": {"instance_id": "c12_replay_150_0185", "campus": 12, "size": 150, "track": "replay", "structure": "dedicated", "phi": null, "eta": 1.0, "m": 1.0, "u_target": null, "u_realized": null, "method": "lfj_atc", "seed": 301, "twt": 179.2, "makespan": 97.1754, "mean_flow": 11.385272666666669, "breach_share": 0.05333333333333334, "breach_p1": 0.14634146341463414, "breach_p2": 0.125, "breach_p3": 0.0, "breach_p4": 0.0, "decisions": 150, "latency_ms_per_decision": 0.02844902065893014, "replans": null, "validator_ok": 1, "runtime_s": 0.004267353098839521}, "atc_eta": {"instance_id": "c12_replay_150_0185", "campus": 12, "size": 150, "track": "replay", "structure": "dedicated", "phi": null, "eta": 1.0, "m": 1.0, "u_target": null, "u_realized": null, "method": "atc_eta", "seed": 301, "twt": 179.2, "makespan": 97.1754, "mean_flow": 11.385272666666667, "breach_share": 0.05333333333333334, "breach_p1": 0.14634146341463414, "breach_p2": 0.125, "breach_p3": 0.0, "breach_p4": 0.0, "decisions": 150, "latency_ms_per_decision": 0.0682804516206185, "replans": null, "validator_ok": 1, "runtime_s": 0.010242067743092775}, "random": {"instance_id": "c12_replay_150_0185", "campus": 12, "size": 150, "track": "replay", "structure": "dedicated", "phi": null, "eta": 1.0, "m": 1.0, "u_target": null, "u_realized": null, "method": "random", "seed": 301, "twt": 179.2, "makespan": 97.1754, "mean_flow": 13.772541999999998, "breach_share": 0.05333333333333334, "breach_p1": 0.14634146341463414, "breach_p2": 0.125, "breach_p3": 0.0, "breach_p4": 0.0, "decisions": 150, "latency_ms_per_decision": 0.016092732548713684, "replans": null, "validator_ok": 1, "runtime_s": 0.0024139098823070526}, "v2mlp301": {"instance_id": "c12_replay_150_0185", "campus": 12, "size": 150, "track": "replay", "structure": "dedicated", "phi": null, "eta": 1.0, "m": 1.0, "u_target": null, "u_realized": null, "method": "v2mlp301", "seed": 301, "twt": 179.2, "makespan": 97.1754, "mean_flow": 16.395367999999998, "breach_share": 0.05333333333333334, "breach_p1": 0.14634146341463414, "breach_p2": 0.125, "breach_p3": 0.0, "breach_p4": 0.0, "decisions": 150, "latency_ms_per_decision": 0.5016762794305881, "replans": null, "validator_ok": 1, "runtime_s": 0.07525144191458821}, "v2mlp302": {"instance_id": "c12_replay_150_0185", "campus": 12, "size": 150, "track": "replay", "structure": "dedicated", "phi": null, "eta": 1.0, "m": 1.0, "u_target": null, "u_realized": null, "method": "v2mlp302", "seed": 302, "twt": 179.2, "makespan": 97.1754, "mean_flow": 12.264570666666666, "breach_share": 0.05333333333333334, "breach_p1": 0.14634146341463414, "breach_p2": 0.125, "breach_p3": 0.0, "breach_p4": 0.0, "decisions": 150, "latency_ms_per_decision": 0.4800183543314536, "replans": null, "validator_ok": 1, "runtime_s": 0.07200275314971805}, "v2mlp303": {"instance_id": "c12_replay_150_0185", "campus": 12, "size": 150, "track": "replay", "structure": "dedicated", "phi": null, "eta": 1.0, "m": 1.0, "u_target": null, "u_realized": null, "method": "v2mlp303", "seed": 303, "twt": 179.2, "makespan": 97.1754, "mean_flow": 12.611160666666665, "breach_share": 0.05333333333333334, "breach_p1": 0.14634146341463414, "breach_p2": 0.125, "breach_p3": 0.0, "breach_p4": 0.0, "decisions": 150, "latency_ms_per_decision": 0.5348992689202229, "replans": null, "validator_ok": 1, "runtime_s": 0.08023489033803344}, "v2mlp304": {"instance_id": "c12_replay_150_0185", "campus": 12, "size": 150, "track": "replay", "structure": "dedicated", "phi": null, "eta": 1.0, "m": 1.0, "u_target": null, "u_realized": null, "method": "v2mlp304", "seed": 304, "twt": 179.2, "makespan": 97.1754, "mean_flow": 15.361298666666668, "breach_share": 0.05333333333333334, "breach_p1": 0.14634146341463414, "breach_p2": 0.125, "breach_p3": 0.0, "breach_p4": 0.0, "decisions": 150, "latency_ms_per_decision": 0.2492817056675752, "replans": null, "validator_ok": 1, "runtime_s": 0.03739225585013628}, "v2mlp305": {"instance_id": "c12_replay_150_0185", "campus": 12, "size": 150, "track": "replay", "structure": "dedicated", "phi": null, "eta": 1.0, "m": 1.0, "u_target": null, "u_realized": null, "method": "v2mlp305", "seed": 305, "twt": 179.2, "makespan": 97.1754, "mean_flow": 15.507252666666666, "breach_share": 0.05333333333333334, "breach_p1": 0.14634146341463414, "breach_p2": 0.125, "breach_p3": 0.0, "breach_p4": 0.0, "decisions": 150, "latency_ms_per_decision": 0.23874121097226939, "replans": null, "validator_ok": 1, "runtime_s": 0.035811181645840406}, "v2mlp306": {"instance_id": "c12_replay_150_0185", "campus": 12, "size": 150, "track": "replay", "structure": "dedicated", "phi": null, "eta": 1.0, "m": 1.0, "u_target": null, "u_realized": null, "method": "v2mlp306", "seed": 306, "twt": 179.2, "makespan": 97.1754, "mean_flow": 13.370730000000002, "breach_share": 0.05333333333333334, "breach_p1": 0.14634146341463414, "breach_p2": 0.125, "breach_p3": 0.0, "breach_p4": 0.0, "decisions": 150, "latency_ms_per_decision": 0.23513083346188068, "replans": null, "validator_ok": 1, "runtime_s": 0.0352696250192821}, "v2mlp307": {"instance_id": "c12_replay_150_0185", "campus": 12, "size": 150,