{"config_id": "c12_replay_150_0113__c12_l0_eta100_m100", "rows": {"edd": {"instance_id": "c12_replay_150_0113", "campus": 12, "size": 150, "track": "replay", "structure": "dedicated", "phi": null, "eta": 1.0, "m": 1.0, "u_target": null, "u_realized": null, "method": "edd", "seed": 301, "twt": 1047.7184, "makespan": 100.6526, "mean_flow": 7.730371333333334, "breach_share": 0.04, "breach_p1": 0.14705882352941177, "breach_p2": 0.07692307692307693, "breach_p3": 0.0, "breach_p4": 0.0, "decisions": 150, "latency_ms_per_decision": 0.014811099196473757, "replans": null, "validator_ok": 1, "runtime_s": 0.0022216648794710636}, "wspt": {"instance_id": "c12_replay_150_0113", "campus": 12, "size": 150, "track": "replay", "structure": "dedicated", "phi": null, "eta": 1.0, "m": 1.0, "u_target": null, "u_realized": null, "method": "wspt", "seed": 301, "twt": 1047.7184, "makespan": 100.6526, "mean_flow": 7.730371333333334, "breach_share": 0.04, "breach_p1": 0.14705882352941177, "breach_p2": 0.07692307692307693, "breach_p3": 0.0, "breach_p4": 0.0, "decisions": 150, "latency_ms_per_decision": 0.01485534943640232, "replans": null, "validator_ok": 1, "runtime_s": 0.002228302415460348}, "atc": {"instance_id": "c12_replay_150_0113", "campus": 12, "size": 150, "track": "replay", "structure": "dedicated", "phi": null, "eta": 1.0, "m": 1.0, "u_target": null, "u_realized": null, "method": "atc", "seed": 301, "twt": 1047.7184, "makespan": 100.6526, "mean_flow": 7.730371333333334, "breach_share": 0.04, "breach_p1": 0.14705882352941177, "breach_p2": 0.07692307692307693, "breach_p3": 0.0, "breach_p4": 0.0, "decisions": 150, "latency_ms_per_decision": 0.019821285580595333, "replans": null, "validator_ok": 1, "runtime_s": 0.0029731928370893}, "pfifo": {"instance_id": "c12_replay_150_0113", "campus": 12, "size": 150, "track": "replay", "structure": "dedicated", "phi": null, "eta": 1.0, "m": 1.0, "u_target": null, "u_realized": null, "method": "pfifo", "seed": 301, "twt": 1047.7184, "makespan": 100.6526, "mean_flow": 7.730371333333334, "breach_share": 0.04, "breach_p1": 0.14705882352941177, "breach_p2": 0.07692307692307693, "breach_p3": 0.0, "breach_p4": 0.0, "decisions": 150, "latency_ms_per_decision": 0.014681033790111542, "replans": null, "validator_ok": 1, "runtime_s": 0.0022021550685167313}, "mor": {"instance_id": "c12_replay_150_0113", "campus": 12, "size": 150, "track": "replay", "structure": "dedicated", "phi": null, "eta": 1.0, "m": 1.0, "u_target": null, "u_realized": null, "method": "mor", "seed": 301, "twt": 1047.7184, "makespan": 100.6526, "mean_flow": 7.730371333333334, "breach_share": 0.04, "breach_p1": 0.14705882352941177, "breach_p2": 0.07692307692307693, "breach_p3": 0.0, "breach_p4": 0.0, "decisions": 150, "latency_ms_per_decision": 0.03573319253822168, "replans": null, "validator_ok": 1, "runtime_s": 0.005359978880733252}, "lfj_atc": {"instance_id": "c12_replay_150_0113", "campus": 12, "size": 150, "track": "replay", "structure": "dedicated", "phi": null, "eta": 1.0, "m": 1.0, "u_target": null, "u_realized": null, "method": "lfj_atc", "seed": 301, "twt": 1047.7184, "makespan": 100.6526, "mean_flow": 7.730371333333334, "breach_share": 0.04, "breach_p1": 0.14705882352941177, "breach_p2": 0.07692307692307693, "breach_p3": 0.0, "breach_p4": 0.0, "decisions": 150, "latency_ms_per_decision": 0.018783655638496082, "replans": null, "validator_ok": 1, "runtime_s": 0.002817548345774412}, "atc_eta": {"instance_id": "c12_replay_150_0113", "campus": 12, "size": 150, "track": "replay", "structure": "dedicated", "phi": null, "eta": 1.0, "m": 1.0, "u_target": null, "u_realized": null, "method": "atc_eta", "seed": 301, "twt": 1047.7184, "makespan": 100.6526, "mean_flow": 7.730371333333334, "breach_share": 0.04, "breach_p1": 0.14705882352941177, "breach_p2": 0.07692307692307693, "breach_p3": 0.0, "breach_p4": 0.0, "decisions": 150, "latency_ms_per_decision": 0.06393784657120705, "replans": null, "validator_ok": 1, "runtime_s": 0.009590676985681057}, "random": {"instance_id": "c12_replay_150_0113", "campus": 12, "size": 150, "track": "replay", "structure": "dedicated", "phi": null, "eta": 1.0, "m": 1.0, "u_target": null, "u_realized": null, "method": "random", "seed": 301, "twt": 1047.7184, "makespan": 100.6526, "mean_flow": 7.730371333333334, "breach_share": 0.04, "breach_p1": 0.14705882352941177, "breach_p2": 0.07692307692307693, "breach_p3": 0.0, "breach_p4": 0.0, "decisions": 150, "latency_ms_per_decision": 0.013959153244892756, "replans": null, "validator_ok": 1, "runtime_s": 0.0020938729867339134}, "v2mlp301": {"instance_id": "c12_replay_150_0113", "campus": 12, "size": 150, "track": "replay", "structure": "dedicated", "phi": null, "eta": 1.0, "m": 1.0, "u_target": null, "u_realized": null, "method": "v2mlp301", "seed": 301, "twt": 1047.7184, "makespan": 100.6526, "mean_flow": 7.730371333333332, "breach_share": 0.04, "breach_p1": 0.14705882352941177, "breach_p2": 0.07692307692307693, "breach_p3": 0.0, "breach_p4": 0.0, "decisions": 150, "latency_ms_per_decision": 1.0521205483625333, "replans": null, "validator_ok": 1, "runtime_s": 0.15781808225438}, "v2mlp302": {"instance_id": "c12_replay_150_0113", "campus": 12, "size": 150, "track": "replay", "structure": "dedicated", "phi": null, "eta": 1.0, "m": 1.0, "u_target": null, "u_realized": null, "method": "v2mlp302", "seed": 302, "twt": 1047.7184, "makespan": 100.6526, "mean_flow": 7.730371333333334, "breach_share": 0.04, "breach_p1": 0.14705882352941177, "breach_p2": 0.07692307692307693, "breach_p3": 0.0, "breach_p4": 0.0, "decisions": 150, "latency_ms_per_decision": 1.1324264543751876, "replans": null, "validator_ok": 1, "runtime_s": 0.16986396815627813}, "v2mlp303": {"instance_id": "c12_replay_150_0113", "campus": 12, "size": 150, "track": "replay", "structure": "dedicated", "phi": null, "eta": 1.0, "m": 1.0, "u_target": null, "u_realized": null, "method": "v2mlp303", "seed": 303, "twt": 1047.7184, "makespan": 100.6526, "mean_flow": 7.730371333333332, "breach_share": 0.04, "breach_p1": 0.14705882352941177, "breach_p2": 0.07692307692307693, "breach_p3": 0.0, "breach_p4": 0.0, "decisions": 150, "latency_ms_per_decision": 0.8891422332574924, "replans": null, "validator_ok": 1, "runtime_s": 0.13337133498862386}, "v2mlp304": {"instance_id": "c12_replay_150_0113", "campus": 12, "size": 150, "track": "replay", "structure": "dedicated", "phi": null, "eta": 1.0, "m": 1.0, "u_target": null, "u_realized": null, "method": "v2mlp304", "seed": 304, "twt": 1047.7184, "makespan": 100.6526, "mean_flow": 7.730371333333334, "breach_share": 0.04, "breach_p1": 0.14705882352941177, "breach_p2": 0.07692307692307693, "breach_p3": 0.0, "breach_p4": 0.0, "decisions": 150, "latency_ms_per_decision": 0.7993265707045794, "replans": null, "validator_ok": 1, "runtime_s": 0.1198989856056869}, "v2mlp305": {"instance_id": "c12_replay_150_0113", "campus": 12, "size": 150, "track": "replay", "structure": "dedicated", "phi": null, "eta": 1.0, "m": 1.0, "u_target": null, "u_realized": null, "method": "v2mlp305", "seed": 305, "twt": 1047.7184, "makespan": 100.6526, "mean_flow": 7.730371333333334, "breach_share": 0.04, "breach_p1": 0.14705882352941177, "breach_p2": 0.07692307692307693, "breach_p3": 0.0, "breach_p4": 0.0, "decisions": 150, "latency_ms_per_decision": 0.7314857747405767, "replans": null, "validator_ok": 1, "runtime_s": 0.10972286621108651}, "v2mlp306": {"instance_id": "c12_replay_150_0113", "campus": 12, "size": 150, "track": "replay", "structure": "dedicated", "phi": null, "eta": 1.0, "m": 1.0, "u_target": null, "u_realized": null, "method": "v2mlp306", "seed": 306, "twt": 1047.7184, "makespan": 100.6526, "mean_flow": 7.730371333333334, "breach_share": 0.04, "breach_p1": 0.14705882352941177, "breach_p2": 0.07692307692307693, "breach_p3": 0.0, "breach_p4": 0.0, "decisions": 150, "latency_ms_per_decision": 0.3390991718818744, "replans": null, "validator_ok": 1, "runtime_s": 0.05086487578228116}, "v2mlp307": {"instance_id": "c12_replay_150_0113",