{"config_id": "c12_replay_400_0158__c12_l0_eta100_m100", "rows": {"edd": {"instance_id": "c12_replay_400_0158", "campus": 12, "size": 400, "track": "replay", "structure": "dedicated", "phi": null, "eta": 1.0, "m": 1.0, "u_target": null, "u_realized": null, "method": "edd", "seed": 301, "twt": 2637.0368, "makespan": 116.694, "mean_flow": 7.47922025, "breach_share": 0.0375, "breach_p1": 0.28888888888888886, "breach_p2": 0.08695652173913043, "breach_p3": 0.0, "breach_p4": 0.0, "decisions": 400, "latency_ms_per_decision": 0.0176120747346431, "replans": null, "validator_ok": 1, "runtime_s": 0.007044829893857241}, "wspt": {"instance_id": "c12_replay_400_0158", "campus": 12, "size": 400, "track": "replay", "structure": "dedicated", "phi": null, "eta": 1.0, "m": 1.0, "u_target": null, "u_realized": null, "method": "wspt", "seed": 301, "twt": 2637.0368, "makespan": 116.694, "mean_flow": 7.283061500000001, "breach_share": 0.0375, "breach_p1": 0.28888888888888886, "breach_p2": 0.08695652173913043, "breach_p3": 0.0, "breach_p4": 0.0, "decisions": 400, "latency_ms_per_decision": 0.02531139529310167, "replans": null, "validator_ok": 1, "runtime_s": 0.010124558117240667}, "atc": {"instance_id": "c12_replay_400_0158", "campus": 12, "size": 400, "track": "replay", "structure": "dedicated", "phi": null, "eta": 1.0, "m": 1.0, "u_target": null, "u_realized": null, "method": "atc", "seed": 301, "twt": 2637.0368, "makespan": 116.694, "mean_flow": 7.286093249999999, "breach_share": 0.0375, "breach_p1": 0.28888888888888886, "breach_p2": 0.08695652173913043, "breach_p3": 0.0, "breach_p4": 0.0, "decisions": 400, "latency_ms_per_decision": 0.042102200677618384, "replans": null, "validator_ok": 1, "runtime_s": 0.016840880271047354}, "pfifo": {"instance_id": "c12_replay_400_0158", "campus": 12, "size": 400, "track": "replay", "structure": "dedicated", "phi": null, "eta": 1.0, "m": 1.0, "u_target": null, "u_realized": null, "method": "pfifo", "seed": 301, "twt": 2637.0368, "makespan": 116.694, "mean_flow": 7.47922025, "breach_share": 0.0375, "breach_p1": 0.28888888888888886, "breach_p2": 0.08695652173913043, "breach_p3": 0.0, "breach_p4": 0.0, "decisions": 400, "latency_ms_per_decision": 0.025562760420143604, "replans": null, "validator_ok": 1, "runtime_s": 0.010225104168057442}, "mor": {"instance_id": "c12_replay_400_0158", "campus": 12, "size": 400, "track": "replay", "structure": "dedicated", "phi": null, "eta": 1.0, "m": 1.0, "u_target": null, "u_realized": null, "method": "mor", "seed": 301, "twt": 2637.0368, "makespan": 116.694, "mean_flow": 8.185194749999999, "breach_share": 0.0375, "breach_p1": 0.28888888888888886, "breach_p2": 0.08695652173913043, "breach_p3": 0.0, "breach_p4": 0.0, "decisions": 400, "latency_ms_per_decision": 0.025634258054196835, "replans": null, "validator_ok": 1, "runtime_s": 0.010253703221678734}, "lfj_atc": {"instance_id": "c12_replay_400_0158", "campus": 12, "size": 400, "track": "replay", "structure": "dedicated", "phi": null, "eta": 1.0, "m": 1.0, "u_target": null, "u_realized": null, "method": "lfj_atc", "seed": 301, "twt": 2637.0368, "makespan": 116.694, "mean_flow": 7.286847250000001, "breach_share": 0.0375, "breach_p1": 0.28888888888888886, "breach_p2": 0.08695652173913043, "breach_p3": 0.0, "breach_p4": 0.0, "decisions": 400, "latency_ms_per_decision": 0.04346565459854901, "replans": null, "validator_ok": 1, "runtime_s": 0.017386261839419603}, "atc_eta": {"instance_id": "c12_replay_400_0158", "campus": 12, "size": 400, "track": "replay", "structure": "dedicated", "phi": null, "eta": 1.0, "m": 1.0, "u_target": null, "u_realized": null, "method": "atc_eta", "seed": 301, "twt": 2637.0368, "makespan": 116.694, "mean_flow": 7.286093249999999, "breach_share": 0.0375, "breach_p1": 0.28888888888888886, "breach_p2": 0.08695652173913043, "breach_p3": 0.0, "breach_p4": 0.0, "decisions": 400, "latency_ms_per_decision": 0.12567651574499905, "replans": null, "validator_ok": 1, "runtime_s": 0.05027060629799962}, "random": {"instance_id": "c12_replay_400_0158", "campus": 12, "size": 400, "track": "replay", "structure": "dedicated", "phi": null, "eta": 1.0, "m": 1.0, "u_target": null, "u_realized": null, "method": "random", "seed": 301, "twt": 2637.0368, "makespan": 116.694, "mean_flow": 7.58061725, "breach_share": 0.0375, "breach_p1": 0.28888888888888886, "breach_p2": 0.08695652173913043, "breach_p3": 0.0, "breach_p4": 0.0, "decisions": 400, "latency_ms_per_decision": 0.056748142233118415, "replans": null, "validator_ok": 1, "runtime_s": 0.022699256893247366}, "v2mlp301": {"instance_id": "c12_replay_400_0158", "campus": 12, "size": 400, "track": "replay", "structure": "dedicated", "phi": null, "eta": 1.0, "m": 1.0, "u_target": null, "u_realized": null, "method": "v2mlp301", "seed": 301, "twt": 2637.0368, "makespan": 116.694, "mean_flow": 7.468155, "breach_share": 0.0375, "breach_p1": 0.28888888888888886, "breach_p2": 0.08695652173913043, "breach_p3": 0.0, "breach_p4": 0.0, "decisions": 400, "latency_ms_per_decision": 0.8149170817341655, "replans": null, "validator_ok": 1, "runtime_s": 0.3259668326936662}, "v2mlp302": {"instance_id": "c12_replay_400_0158", "campus": 12, "size": 400, "track": "replay", "structure": "dedicated", "phi": null, "eta": 1.0, "m": 1.0, "u_target": null, "u_realized": null, "method": "v2mlp302", "seed": 302, "twt": 2637.0368, "makespan": 116.694, "mean_flow": 7.908762749999999, "breach_share": 0.0375, "breach_p1": 0.28888888888888886, "breach_p2": 0.08695652173913043, "breach_p3": 0.0, "breach_p4": 0.0, "decisions": 400, "latency_ms_per_decision": 0.7978168257977813, "replans": null, "validator_ok": 1, "runtime_s": 0.31912673031911254}, "v2mlp303": {"instance_id": "c12_replay_400_0158", "campus": 12, "size": 400, "track": "replay", "structure": "dedicated", "phi": null, "eta": 1.0, "m": 1.0, "u_target": null, "u_realized": null, "method": "v2mlp303", "seed": 303, "twt": 2637.0368, "makespan": 116.694, "mean_flow": 7.947042249999999, "breach_share": 0.0375, "breach_p1": 0.28888888888888886, "breach_p2": 0.08695652173913043, "breach_p3": 0.0, "breach_p4": 0.0, "decisions": 400, "latency_ms_per_decision": 1.3617334479931742, "replans": null, "validator_ok": 1, "runtime_s": 0.5446933791972697}, "v2mlp304": {"instance_id": "c12_replay_400_0158", "campus": 12, "size": 400, "track": "replay", "structure": "dedicated", "phi": null, "eta": 1.0, "m": 1.0, "u_target": null, "u_realized": null, "method": "v2mlp304", "seed": 304, "twt": 2637.0368, "makespan": 116.694, "mean_flow": 7.633640499999999, "breach_share": 0.0375, "breach_p1": 0.28888888888888886, "breach_p2": 0.08695652173913043, "breach_p3": 0.0, "breach_p4": 0.0, "decisions": 400, "latency_ms_per_decision": 1.1846940277609974, "replans": null, "validator_ok": 1, "runtime_s": 0.47387761110439897}, "v2mlp305": {"instance_id": "c12_replay_400_0158", "campus": 12, "size": 400, "track": "replay", "structure": "dedicated", "phi": null, "eta": 1.0, "m": 1.0, "u_target": null, "u_realized": null, "method": "v2mlp305", "seed": 305, "twt": 2637.0368, "makespan": 116.694, "mean_flow": 7.492171000000001, "breach_share": 0.0375, "breach_p1": 0.28888888888888886, "breach_p2": 0.08695652173913043, "breach_p3": 0.0, "breach_p4": 0.0, "decisions": 400, "latency_ms_per_decision": 0.66076849703677, "replans": null, "validator_ok": 1, "runtime_s": 0.264307398814708}, "v2mlp306": {"instance_id": "c12_replay_400_0158", "campus": 12, "size": 400, "track": "replay", "structure": "dedicated", "phi": null, "eta": 1.0, "m": 1.0, "u_target": null, "u_realized": null, "method": "v2mlp306", "seed": 306, "twt": 2637.0368, "makespan": 116.694, "mean_flow": 8.020001, "breach_share": 0.0375, "breach_p1": 0.28888888888888886, "breach_p2": 0.08695652173913043, "breach_p3": 0.0, "breach_p4": 0.0, "decisions": 400, "latency_ms_per_decision": 0.19671594258397818, "replans": null, "validator_ok": 1, "runtime_s": 0.07868637703359127}, "v2mlp307": {"instance_id": "c12_replay_400_0158", "campus": 12, "size": 400,